../Images/Images_Automatic/AMD Part1/AMD (3)/Image (14).png,./Dataset_3x50_Final/AMD/AMD (3)/Image (14).TIFF
../Images/Images_Automatic/AMD Part1/AMD (3)/Image (16).png,./Dataset_3x50_Final/AMD/AMD (3)/Image (16).TIFF
../Images/Images_Automatic/AMD Part1/AMD (3)/Image (18).png,./Dataset_3x50_Final/AMD/AMD (3)/Image (18).TIFF
../Images/Images_Automatic/AMD Part1/AMD (3)/Image (20).png,./Dataset_3x50_Final/AMD/AMD (3)/Image (20).TIFF
../Images/Images_Automatic/AMD Part1/AMD (3)/Image (21).png,./Dataset_3x50_Final/AMD/AMD (3)/Image (21).TIFF
../Images/Images_Automatic/AMD Part1/AMD (3)/Image (26).png,./Dataset_3x50_Final/AMD/AMD (3)/Image (26).TIFF
../Images/Images_Automatic/AMD Part1/AMD (3)/Image (28).png,./Dataset_3x50_Final/AMD/AMD (3)/Image (28).TIFF
../Images/Images_Automatic/AMD Part1/AMD (3)/Image (30).png,./Dataset_3x50_Final/AMD/AMD (3)/Image (30).TIFF
../Images/Images_Automatic/AMD Part1/AMD (3)/Image (35).png,./Dataset_3x50_Final/AMD/AMD (3)/Image (35).TIFF
../Images/Images_Automatic/AMD Part1/AMD (3)/Image (38).png,./Dataset_3x50_Final/AMD/AMD (3)/Image (38).TIFF
../Images/Images_Automatic/AMD Part1/AMD (4).E2E/2- 25- 2017 9- 15- 59 PM/Image 1.png,./Macular-Dataset-R.Rasti_old/AMD Part1/AMD (4).E2E/2- 25- 2017 9- 15- 59 PM/Image 1.TIFF
../Images/Images_Automatic/AMD Part1/AMD (4).E2E/2- 25- 2017 9- 15- 59 PM/Image 2.png,./Macular-Dataset-R.Rasti_old/AMD Part1/AMD (4).E2E/2- 25- 2017 9- 15- 59 PM/Image 2.TIFF
../Images/Images_Automatic/AMD Part1/AMD (4).E2E/2- 25- 2017 9- 15- 59 PM/Image 3.png,./Macular-Dataset-R.Rasti_old/AMD Part1/AMD (4).E2E/2- 25- 2017 9- 15- 59 PM/Image 3.TIFF
../Images/Images_Automatic/AMD Part1/AMD (4).E2E/2- 25- 2017 9- 15- 59 PM/Image 4.png,./Macular-Dataset-R.Rasti_old/AMD Part1/AMD (4).E2E/2- 25- 2017 9- 15- 59 PM/Image 4.TIFF
../Images/Images_Automatic/AMD Part1/AMD (4).E2E/2- 25- 2017 9- 15- 59 PM/Image 5.png,./Macular-Dataset-R.Rasti_old/AMD Part1/AMD (4).E2E/2- 25- 2017 9- 15- 59 PM/Image 5.TIFF
../Images/Images_Automatic/AMD Part1/AMD (4).E2E/2- 25- 2017 9- 15- 59 PM/Image 6.png,./Macular-Dataset-R.Rasti_old/AMD Part1/AMD (4).E2E/2- 25- 2017 9- 15- 59 PM/Image 6.TIFF
../Images/Images_Automatic/AMD Part1/AMD (4).E2E/2- 25- 2017 9- 15- 59 PM/Image 7.png,./Macular-Dataset-R.Rasti_old/AMD Part1/AMD (4).E2E/2- 25- 2017 9- 15- 59 PM/Image 7.TIFF
../Images/Images_Automatic/AMD Part1/AMD (4).E2E/2- 25- 2017 9- 15- 59 PM/Image 8.png,./Macular-Dataset-R.Rasti_old/AMD Part1/AMD (4).E2E/2- 25- 2017 9- 15- 59 PM/Image 8.TIFF
../Images/Images_Automatic/AMD Part1/AMD (4).E2E/2- 25- 2017 9- 15- 59 PM/Image 9.png,./Macular-Dataset-R.Rasti_old/AMD Part1/AMD (4).E2E/2- 25- 2017 9- 15- 59 PM/Image 9.TIFF
../Images/Images_Automatic/AMD Part1/AMD (4).E2E/2- 25- 2017 9- 15- 59 PM/Image 10.png,./Macular-Dataset-R.Rasti_old/AMD Part1/AMD (4).E2E/2- 25- 2017 9- 15- 59 PM/Image 10.TIFF
../Images/Images_Automatic/AMD Part1/AMD (4).E2E/2- 25- 2017 9- 15- 59 PM/Image 11.png,./Macular-Dataset-R.Rasti_old/AMD Part1/AMD (4).E2E/2- 25- 2017 9- 15- 59 PM/Image 11.TIFF
../Images/Images_Automatic/AMD Part1/AMD (4).E2E/2- 25- 2017 9- 15- 59 PM/Image 12.png,./Macular-Dataset-R.Rasti_old/AMD Part1/AMD (4).E2E/2- 25- 2017 9- 15- 59 PM/Image 12.TIFF
../Images/Images_Automatic/AMD Part1/AMD (4).E2E/2- 25- 2017 9- 15- 59 PM/Image 13.png,./Macular-Dataset-R.Rasti_old/AMD Part1/AMD (4).E2E/2- 25- 2017 9- 15- 59 PM/Image 13.TIFF
../Images/Images_Automatic/AMD Part1/AMD (4).E2E/2- 25- 2017 9- 15- 59 PM/Image 14.png,./Macular-Dataset-R.Rasti_old/AMD Part1/AMD (4).E2E/2- 25- 2017 9- 15- 59 PM/Image 14.TIFF
../Images/Images_Automatic/AMD Part1/AMD (4).E2E/2- 25- 2017 9- 15- 59 PM/Image 15.png,./Macular-Dataset-R.Rasti_old/AMD Part1/AMD (4).E2E/2- 25- 2017 9- 15- 59 PM/Image 15.TIFF
../Images/Images_Automatic/AMD Part1/AMD (4).E2E/2- 25- 2017 9- 15- 59 PM/Image 16.png,./Macular-Dataset-R.Rasti_old/AMD Part1/AMD (4).E2E/2- 25- 2017 9- 15- 59 PM/Image 16.TIFF
../Images/Images_Automatic/AMD Part1/AMD (4).E2E/2- 25- 2017 9- 15- 59 PM/Image 17.png,./Macular-Dataset-R.Rasti_old/AMD Part1/AMD (4).E2E/2- 25- 2017 9- 15- 59 PM/Image 17.TIFF
../Images/Images_Automatic/AMD Part1/AMD (4).E2E/2- 25- 2017 9- 15- 59 PM/Image 18.png,./Macular-Dataset-R.Rasti_old/AMD Part1/AMD (4).E2E/2- 25- 2017 9- 15- 59 PM/Image 18.TIFF
../Images/Images_Automatic/AMD Part1/AMD (4).E2E/2- 25- 2017 9- 15- 59 PM/Image 19.png,./Macular-Dataset-R.Rasti_old/AMD Part1/AMD (4).E2E/2- 25- 2017 9- 15- 59 PM/Image 19.TIFF
../Images/Images_Automatic/AMD Part1/AMD (4).E2E/2- 25- 2017 9- 15- 59 PM/Image 20.png,./Macular-Dataset-R.Rasti_old/AMD Part1/AMD (4).E2E/2- 25- 2017 9- 15- 59 PM/Image 20.TIFF
../Images/Images_Automatic/AMD Part1/AMD (4).E2E/2- 25- 2017 9- 15- 59 PM/Image 21.png,./Macular-Dataset-R.Rasti_old/AMD Part1/AMD (4).E2E/2- 25- 2017 9- 15- 59 PM/Image 21.TIFF
../Images/Images_Automatic/AMD Part1/AMD (4).E2E/2- 25- 2017 9- 15- 59 PM/Image 22.png,./Macular-Dataset-R.Rasti_old/AMD Part1/AMD (4).E2E/2- 25- 2017 9- 15- 59 PM/Image 22.TIFF
../Images/Images_Automatic/AMD Part1/AMD (4).E2E/2- 25- 2017 9- 15- 59 PM/Image 23.png,./Macular-Dataset-R.Rasti_old/AMD Part1/AMD (4).E2E/2- 25- 2017 9- 15- 59 PM/Image 23.TIFF
../Images/Images_Automatic/AMD Part1/AMD (4).E2E/2- 25- 2017 9- 15- 59 PM/Image 24.png,./Macular-Dataset-R.Rasti_old/AMD Part1/AMD (4).E2E/2- 25- 2017 9- 15- 59 PM/Image 24.TIFF
../Images/Images_Automatic/AMD Part1/AMD (4).E2E/2- 25- 2017 9- 15- 59 PM/Image 25.png,./Macular-Dataset-R.Rasti_old/AMD Part1/AMD (4).E2E/2- 25- 2017 9- 15- 59 PM/Image 25.TIFF
../Images/Images_Automatic/AMD Part1/AMD (4).E2E/2- 25- 2017 9- 15- 59 PM/Image 26.png,./Macular-Dataset-R.Rasti_old/AMD Part1/AMD (4).E2E/2- 25- 2017 9- 15- 59 PM/Image 26.TIFF
../Images/Images_Automatic/AMD Part1/AMD (4).E2E/2- 25- 2017 9- 15- 59 PM/Image 27.png,./Macular-Dataset-R.Rasti_old/AMD Part1/AMD (4).E2E/2- 25- 2017 9- 15- 59 PM/Image 27.TIFF
../Images/Images_Automatic/AMD Part1/AMD (4).E2E/2- 25- 2017 9- 15- 59 PM/Image 28.png,./Macular-Dataset-R.Rasti_old/AMD Part1/AMD (4).E2E/2- 25- 2017 9- 15- 59 PM/Image 28.TIFF
../Images/Images_Automatic/AMD Part1/AMD (4).E2E/2- 25- 2017 9- 15- 59 PM/Image 29.png,./Macular-Dataset-R.Rasti_old/AMD Part1/AMD (4).E2E/2- 25- 2017 9- 15- 59 PM/Image 29.TIFF
../Images/Images_Automatic/AMD Part1/AMD (4).E2E/2- 25- 2017 9- 15- 59 PM/Image 30.png,./Macular-Dataset-R.Rasti_old/AMD Part1/AMD (4).E2E/2- 25- 2017 9- 15- 59 PM/Image 30.TIFF
../Images/Images_Automatic/AMD Part1/AMD (4).E2E/2- 25- 2017 9- 15- 59 PM/Image 31.png,./Macular-Dataset-R.Rasti_old/AMD Part1/AMD (4).E2E/2- 25- 2017 9- 15- 59 PM/Image 31.TIFF
../Images/Images_Automatic/AMD Part1/AMD (5).E2E/2- 25- 2017 9- 17- 04 PM/Image 1.png,./Macular-Dataset-R.Rasti_old/AMD Part1/AMD (5).E2E/2- 25- 2017 9- 17- 04 PM/Image 1.TIFF
../Images/Images_Automatic/AMD Part1/AMD (5).E2E/2- 25- 2017 9- 17- 04 PM/Image 2.png,./Macular-Dataset-R.Rasti_old/AMD Part1/AMD (5).E2E/2- 25- 2017 9- 17- 04 PM/Image 2.TIFF
../Images/Images_Automatic/AMD Part1/AMD (5).E2E/2- 25- 2017 9- 17- 04 PM/Image 3.png,./Macular-Dataset-R.Rasti_old/AMD Part1/AMD (5).E2E/2- 25- 2017 9- 17- 04 PM/Image 3.TIFF
../Images/Images_Automatic/AMD Part1/AMD (5).E2E/2- 25- 2017 9- 17- 04 PM/Image 4.png,./Macular-Dataset-R.Rasti_old/AMD Part1/AMD (5).E2E/2- 25- 2017 9- 17- 04 PM/Image 4.TIFF
../Images/Images_Automatic/AMD Part1/AMD (5).E2E/2- 25- 2017 9- 17- 04 PM/Image 5.png,./Macular-Dataset-R.Rasti_old/AMD Part1/AMD (5).E2E/2- 25- 2017 9- 17- 04 PM/Image 5.TIFF
../Images/Images_Automatic/AMD Part1/AMD (5).E2E/2- 25- 2017 9- 17- 04 PM/Image 6.png,./Macular-Dataset-R.Rasti_old/AMD Part1/AMD (5).E2E/2- 25- 2017 9- 17- 04 PM/Image 6.TIFF
../Images/Images_Automatic/AMD Part1/AMD (5).E2E/2- 25- 2017 9- 17- 04 PM/Image 7.png,./Macular-Dataset-R.Rasti_old/AMD Part1/AMD (5).E2E/2- 25- 2017 9- 17- 04 PM/Image 7.TIFF
../Images/Images_Automatic/AMD Part1/AMD (5).E2E/2- 25- 2017 9- 17- 04 PM/Image 8.png,./Macular-Dataset-R.Rasti_old/AMD Part1/AMD (5).E2E/2- 25- 2017 9- 17- 04 PM/Image 8.TIFF
../Images/Images_Automatic/AMD Part1/AMD (5).E2E/2- 25- 2017 9- 17- 04 PM/Image 9.png,./Macular-Dataset-R.Rasti_old/AMD Part1/AMD (5).E2E/2- 25- 2017 9- 17- 04 PM/Image 9.TIFF
../Images/Images_Automatic/AMD Part1/AMD (5).E2E/2- 25- 2017 9- 17- 04 PM/Image 10.png,./Macular-Dataset-R.Rasti_old/AMD Part1/AMD (5).E2E/2- 25- 2017 9- 17- 04 PM/Image 10.TIFF
../Images/Images_Automatic/AMD Part1/AMD (5).E2E/2- 25- 2017 9- 17- 04 PM/Image 11.png,./Macular-Dataset-R.Rasti_old/AMD Part1/AMD (5).E2E/2- 25- 2017 9- 17- 04 PM/Image 11.TIFF
../Images/Images_Automatic/AMD Part1/AMD (5).E2E/2- 25- 2017 9- 17- 04 PM/Image 12.png,./Macular-Dataset-R.Rasti_old/AMD Part1/AMD (5).E2E/2- 25- 2017 9- 17- 04 PM/Image 12.TIFF
../Images/Images_Automatic/AMD Part1/AMD (5).E2E/2- 25- 2017 9- 17- 04 PM/Image 13.png,./Macular-Dataset-R.Rasti_old/AMD Part1/AMD (5).E2E/2- 25- 2017 9- 17- 04 PM/Image 13.TIFF
../Images/Images_Automatic/AMD Part1/AMD (5).E2E/2- 25- 2017 9- 17- 04 PM/Image 14.png,./Macular-Dataset-R.Rasti_old/AMD Part1/AMD (5).E2E/2- 25- 2017 9- 17- 04 PM/Image 14.TIFF
../Images/Images_Automatic/AMD Part1/AMD (5).E2E/2- 25- 2017 9- 17- 04 PM/Image 15.png,./Macular-Dataset-R.Rasti_old/AMD Part1/AMD (5).E2E/2- 25- 2017 9- 17- 04 PM/Image 15.TIFF
../Images/Images_Automatic/AMD Part1/AMD (5).E2E/2- 25- 2017 9- 17- 04 PM/Image 16.png,./Macular-Dataset-R.Rasti_old/AMD Part1/AMD (5).E2E/2- 25- 2017 9- 17- 04 PM/Image 16.TIFF
../Images/Images_Automatic/AMD Part1/AMD (5).E2E/2- 25- 2017 9- 17- 04 PM/Image 17.png,./Macular-Dataset-R.Rasti_old/AMD Part1/AMD (5).E2E/2- 25- 2017 9- 17- 04 PM/Image 17.TIFF
../Images/Images_Automatic/AMD Part1/AMD (5).E2E/2- 25- 2017 9- 17- 04 PM/Image 18.png,./Macular-Dataset-R.Rasti_old/AMD Part1/AMD (5).E2E/2- 25- 2017 9- 17- 04 PM/Image 18.TIFF
../Images/Images_Automatic/AMD Part1/AMD (5).E2E/2- 25- 2017 9- 17- 04 PM/Image 19.png,./Macular-Dataset-R.Rasti_old/AMD Part1/AMD (5).E2E/2- 25- 2017 9- 17- 04 PM/Image 19.TIFF
../Images/Images_Automatic/AMD Part1/AMD (5).E2E/2- 25- 2017 9- 17- 04 PM/Image 20.png,./Macular-Dataset-R.Rasti_old/AMD Part1/AMD (5).E2E/2- 25- 2017 9- 17- 04 PM/Image 20.TIFF
../Images/Images_Automatic/AMD Part1/AMD (5).E2E/2- 25- 2017 9- 17- 04 PM/Image 21.png,./Macular-Dataset-R.Rasti_old/AMD Part1/AMD (5).E2E/2- 25- 2017 9- 17- 04 PM/Image 21.TIFF
../Images/Images_Automatic/AMD Part1/AMD (5).E2E/2- 25- 2017 9- 17- 04 PM/Image 22.png,./Macular-Dataset-R.Rasti_old/AMD Part1/AMD (5).E2E/2- 25- 2017 9- 17- 04 PM/Image 22.TIFF
../Images/Images_Automatic/AMD Part1/AMD (5).E2E/2- 25- 2017 9- 17- 04 PM/Image 23.png,./Macular-Dataset-R.Rasti_old/AMD Part1/AMD (5).E2E/2- 25- 2017 9- 17- 04 PM/Image 23.TIFF
../Images/Images_Automatic/AMD Part1/AMD (5).E2E/2- 25- 2017 9- 17- 04 PM/Image 24.png,./Macular-Dataset-R.Rasti_old/AMD Part1/AMD (5).E2E/2- 25- 2017 9- 17- 04 PM/Image 24.TIFF
../Images/Images_Automatic/AMD Part1/AMD (5).E2E/2- 25- 2017 9- 17- 04 PM/Image 25.png,./Macular-Dataset-R.Rasti_old/AMD Part1/AMD (5).E2E/2- 25- 2017 9- 17- 04 PM/Image 25.TIFF
../Images/Images_Automatic/AMD Part1/AMD (5)/Image (20).png,./Dataset_3x50_Final/AMD/AMD (5)/Image (20).TIFF
../Images/Images_Automatic/AMD Part1/AMD (5)/Image (22).png,./Dataset_3x50_Final/AMD/AMD (5)/Image (22).TIFF
../Images/Images_Automatic/AMD Part1/AMD (5)/Image (23).png,./Dataset_3x50_Final/AMD/AMD (5)/Image (23).TIFF
../Images/Images_Automatic/AMD Part1/AMD (5)/Image (25).png,./Dataset_3x50_Final/AMD/AMD (5)/Image (25).TIFF
../Images/Images_Automatic/AMD Part1/AMD (5)/Image (26).png,./Dataset_3x50_Final/AMD/AMD (5)/Image (26).TIFF
../Images/Images_Automatic/AMD Part1/AMD (5)/Image (27).png,./Dataset_3x50_Final/AMD/AMD (5)/Image (27).TIFF
../Images/Images_Automatic/AMD Part1/AMD (5)/Image (28).png,./Dataset_3x50_Final/AMD/AMD (5)/Image (28).TIFF
../Images/Images_Automatic/AMD Part1/AMD (5)/Image (29).png,./Dataset_3x50_Final/AMD/AMD (5)/Image (29).TIFF
../Images/Images_Automatic/AMD Part1/AMD (5)/Image (30).png,./Dataset_3x50_Final/AMD/AMD (5)/Image (30).TIFF
../Images/Images_Automatic/AMD Part1/AMD (6).E2E/2- 25- 2017 9- 19- 11 PM/Image 1.png,./Macular-Dataset-R.Rasti_old/AMD Part1/AMD (6).E2E/2- 25- 2017 9- 19- 11 PM/Image 1.TIFF
../Images/Images_Automatic/AMD Part1/AMD (6).E2E/2- 25- 2017 9- 19- 11 PM/Image 2.png,./Macular-Dataset-R.Rasti_old/AMD Part1/AMD (6).E2E/2- 25- 2017 9- 19- 11 PM/Image 2.TIFF
../Images/Images_Automatic/AMD Part1/AMD (6).E2E/2- 25- 2017 9- 19- 11 PM/Image 3.png,./Macular-Dataset-R.Rasti_old/AMD Part1/AMD (6).E2E/2- 25- 2017 9- 19- 11 PM/Image 3.TIFF
../Images/Images_Automatic/AMD Part1/AMD (6).E2E/2- 25- 2017 9- 19- 11 PM/Image 4.png,./Macular-Dataset-R.Rasti_old/AMD Part1/AMD (6).E2E/2- 25- 2017 9- 19- 11 PM/Image 4.TIFF
../Images/Images_Automatic/AMD Part1/AMD (6).E2E/2- 25- 2017 9- 19- 11 PM/Image 5.png,./Macular-Dataset-R.Rasti_old/AMD Part1/AMD (6).E2E/2- 25- 2017 9- 19- 11 PM/Image 5.TIFF
../Images/Images_Automatic/AMD Part1/AMD (6).E2E/2- 25- 2017 9- 19- 11 PM/Image 6.png,./Macular-Dataset-R.Rasti_old/AMD Part1/AMD (6).E2E/2- 25- 2017 9- 19- 11 PM/Image 6.TIFF
../Images/Images_Automatic/AMD Part1/AMD (6).E2E/2- 25- 2017 9- 19- 11 PM/Image 7.png,./Macular-Dataset-R.Rasti_old/AMD Part1/AMD (6).E2E/2- 25- 2017 9- 19- 11 PM/Image 7.TIFF
../Images/Images_Automatic/AMD Part1/AMD (6).E2E/2- 25- 2017 9- 19- 11 PM/Image 8.png,./Macular-Dataset-R.Rasti_old/AMD Part1/AMD (6).E2E/2- 25- 2017 9- 19- 11 PM/Image 8.TIFF
../Images/Images_Automatic/AMD Part1/AMD (6).E2E/2- 25- 2017 9- 19- 11 PM/Image 9.png,./Macular-Dataset-R.Rasti_old/AMD Part1/AMD (6).E2E/2- 25- 2017 9- 19- 11 PM/Image 9.TIFF
../Images/Images_Automatic/AMD Part1/AMD (6).E2E/2- 25- 2017 9- 19- 11 PM/Image 10.png,./Macular-Dataset-R.Rasti_old/AMD Part1/AMD (6).E2E/2- 25- 2017 9- 19- 11 PM/Image 10.TIFF
../Images/Images_Automatic/AMD Part1/AMD (6).E2E/2- 25- 2017 9- 19- 11 PM/Image 11.png,./Macular-Dataset-R.Rasti_old/AMD Part1/AMD (6).E2E/2- 25- 2017 9- 19- 11 PM/Image 11.TIFF
../Images/Images_Automatic/AMD Part1/AMD (6).E2E/2- 25- 2017 9- 19- 11 PM/Image 12.png,./Macular-Dataset-R.Rasti_old/AMD Part1/AMD (6).E2E/2- 25- 2017 9- 19- 11 PM/Image 12.TIFF
../Images/Images_Automatic/AMD Part1/AMD (6).E2E/2- 25- 2017 9- 19- 11 PM/Image 13.png,./Macular-Dataset-R.Rasti_old/AMD Part1/AMD (6).E2E/2- 25- 2017 9- 19- 11 PM/Image 13.TIFF
../Images/Images_Automatic/AMD Part1/AMD (6).E2E/2- 25- 2017 9- 19- 11 PM/Image 14.png,./Macular-Dataset-R.Rasti_old/AMD Part1/AMD (6).E2E/2- 25- 2017 9- 19- 11 PM/Image 14.TIFF
../Images/Images_Automatic/AMD Part1/AMD (6).E2E/2- 25- 2017 9- 19- 11 PM/Image 15.png,./Macular-Dataset-R.Rasti_old/AMD Part1/AMD (6).E2E/2- 25- 2017 9- 19- 11 PM/Image 15.TIFF
../Images/Images_Automatic/AMD Part1/AMD (6).E2E/2- 25- 2017 9- 19- 11 PM/Image 16.png,./Macular-Dataset-R.Rasti_old/AMD Part1/AMD (6).E2E/2- 25- 2017 9- 19- 11 PM/Image 16.TIFF
../Images/Images_Automatic/AMD Part1/AMD (6).E2E/2- 25- 2017 9- 19- 11 PM/Image 17.png,./Macular-Dataset-R.Rasti_old/AMD Part1/AMD (6).E2E/2- 25- 2017 9- 19- 11 PM/Image 17.TIFF
../Images/Images_Automatic/AMD Part1/AMD (6).E2E/2- 25- 2017 9- 19- 11 PM/Image 18.png,./Macular-Dataset-R.Rasti_old/AMD Part1/AMD (6).E2E/2- 25- 2017 9- 19- 11 PM/Image 18.TIFF
../Images/Images_Automatic/AMD Part1/AMD (6).E2E/2- 25- 2017 9- 19- 11 PM/Image 19.png,./Macular-Dataset-R.Rasti_old/AMD Part1/AMD (6).E2E/2- 25- 2017 9- 19- 11 PM/Image 19.TIFF
../Images/Images_Automatic/AMD Part1/AMD (6)/Image (6).png,./Dataset_3x50_Final/AMD/AMD (6)/Image (6).TIFF
../Images/Images_Automatic/AMD Part1/AMD (6)/Image (8).png,./Dataset_3x50_Final/AMD/AMD (6)/Image (8).TIFF
../Images/Images_Automatic/AMD Part1/AMD (6)/Image (10).png,./Dataset_3x50_Final/AMD/AMD (6)/Image (10).TIFF
../Images/Images_Automatic/AMD Part1/AMD (6)/Image (11).png,./Dataset_3x50_Final/AMD/AMD (6)/Image (11).TIFF
../Images/Images_Automatic/AMD Part1/AMD (6)/Image (13).png,./Dataset_3x50_Final/AMD/AMD (6)/Image (13).TIFF
../Images/Images_Automatic/AMD Part1/AMD (6)/Image (16).png,./Dataset_3x50_Final/AMD/AMD (6)/Image (16).TIFF
../Images/Images_Automatic/AMD Part1/AMD (6)/Image (20).png,./Dataset_3x50_Final/AMD/AMD (6)/Image (20).TIFF
../Images/Images_Automatic/AMD Part1/AMD (6)/Image (23).png,./Dataset_3x50_Final/AMD/AMD (6)/Image (23).TIFF
../Images/Images_Automatic/AMD Part1/AMD (6)/Image (29).png,./Dataset_3x50_Final/AMD/AMD (6)/Image (29).TIFF
../Images/Images_Automatic/AMD Part1/AMD (6)/Image (30).png,./Dataset_3x50_Final/AMD/AMD (6)/Image (30).TIFF
../Images/Images_Automatic/AMD Part1/AMD (6)/Image (31).png,./Dataset_3x50_Final/AMD/AMD (6)/Image (31).TIFF
../Images/Images_Automatic/AMD Part1/AMD (6)/Image (32).png,./Dataset_3x50_Final/AMD/AMD (6)/Image (32).TIFF
../Images/Images_Automatic/AMD Part1/AMD (7).E2E/2- 25- 2017 9- 20- 27 PM/Image 1.png,./Macular-Dataset-R.Rasti_old/AMD Part1/AMD (7).E2E/2- 25- 2017 9- 20- 27 PM/Image 1.TIFF
../Images/Images_Automatic/AMD Part1/AMD (7).E2E/2- 25- 2017 9- 20- 27 PM/Image 2.png,./Macular-Dataset-R.Rasti_old/AMD Part1/AMD (7).E2E/2- 25- 2017 9- 20- 27 PM/Image 2.TIFF
../Images/Images_Automatic/AMD Part1/AMD (7).E2E/2- 25- 2017 9- 20- 27 PM/Image 3.png,./Macular-Dataset-R.Rasti_old/AMD Part1/AMD (7).E2E/2- 25- 2017 9- 20- 27 PM/Image 3.TIFF
../Images/Images_Automatic/AMD Part1/AMD (7).E2E/2- 25- 2017 9- 20- 27 PM/Image 4.png,./Macular-Dataset-R.Rasti_old/AMD Part1/AMD (7).E2E/2- 25- 2017 9- 20- 27 PM/Image 4.TIFF
../Images/Images_Automatic/AMD Part1/AMD (7).E2E/2- 25- 2017 9- 20- 27 PM/Image 5.png,./Macular-Dataset-R.Rasti_old/AMD Part1/AMD (7).E2E/2- 25- 2017 9- 20- 27 PM/Image 5.TIFF
../Images/Images_Automatic/AMD Part1/AMD (7).E2E/2- 25- 2017 9- 20- 27 PM/Image 6.png,./Macular-Dataset-R.Rasti_old/AMD Part1/AMD (7).E2E/2- 25- 2017 9- 20- 27 PM/Image 6.TIFF
../Images/Images_Automatic/AMD Part1/AMD (7).E2E/2- 25- 2017 9- 20- 27 PM/Image 7.png,./Macular-Dataset-R.Rasti_old/AMD Part1/AMD (7).E2E/2- 25- 2017 9- 20- 27 PM/Image 7.TIFF
../Images/Images_Automatic/AMD Part1/AMD (7).E2E/2- 25- 2017 9- 20- 27 PM/Image 8.png,./Macular-Dataset-R.Rasti_old/AMD Part1/AMD (7).E2E/2- 25- 2017 9- 20- 27 PM/Image 8.TIFF
../Images/Images_Automatic/AMD Part1/AMD (7).E2E/2- 25- 2017 9- 20- 27 PM/Image 9.png,./Macular-Dataset-R.Rasti_old/AMD Part1/AMD (7).E2E/2- 25- 2017 9- 20- 27 PM/Image 9.TIFF
../Images/Images_Automatic/AMD Part1/AMD (7).E2E/2- 25- 2017 9- 20- 27 PM/Image 10.png,./Macular-Dataset-R.Rasti_old/AMD Part1/AMD (7).E2E/2- 25- 2017 9- 20- 27 PM/Image 10.TIFF
../Images/Images_Automatic/AMD Part1/AMD (7).E2E/2- 25- 2017 9- 20- 27 PM/Image 11.png,./Macular-Dataset-R.Rasti_old/AMD Part1/AMD (7).E2E/2- 25- 2017 9- 20- 27 PM/Image 11.TIFF
../Images/Images_Automatic/AMD Part1/AMD (7).E2E/2- 25- 2017 9- 20- 27 PM/Image 12.png,./Macular-Dataset-R.Rasti_old/AMD Part1/AMD (7).E2E/2- 25- 2017 9- 20- 27 PM/Image 12.TIFF
../Images/Images_Automatic/AMD Part1/AMD (7).E2E/2- 25- 2017 9- 20- 27 PM/Image 13.png,./Macular-Dataset-R.Rasti_old/AMD Part1/AMD (7).E2E/2- 25- 2017 9- 20- 27 PM/Image 13.TIFF
../Images/Images_Automatic/AMD Part1/AMD (7).E2E/2- 25- 2017 9- 20- 27 PM/Image 14.png,./Macular-Dataset-R.Rasti_old/AMD Part1/AMD (7).E2E/2- 25- 2017 9- 20- 27 PM/Image 14.TIFF
../Images/Images_Automatic/AMD Part1/AMD (7).E2E/2- 25- 2017 9- 20- 27 PM/Image 15.png,./Macular-Dataset-R.Rasti_old/AMD Part1/AMD (7).E2E/2- 25- 2017 9- 20- 27 PM/Image 15.TIFF
../Images/Images_Automatic/AMD Part1/AMD (7).E2E/2- 25- 2017 9- 20- 27 PM/Image 16.png,./Macular-Dataset-R.Rasti_old/AMD Part1/AMD (7).E2E/2- 25- 2017 9- 20- 27 PM/Image 16.TIFF
../Images/Images_Automatic/AMD Part1/AMD (7).E2E/2- 25- 2017 9- 20- 27 PM/Image 17.png,./Macular-Dataset-R.Rasti_old/AMD Part1/AMD (7).E2E/2- 25- 2017 9- 20- 27 PM/Image 17.TIFF
../Images/Images_Automatic/AMD Part1/AMD (7).E2E/2- 25- 2017 9- 20- 27 PM/Image 18.png,./Macular-Dataset-R.Rasti_old/AMD Part1/AMD (7).E2E/2- 25- 2017 9- 20- 27 PM/Image 18.TIFF
../Images/Images_Automatic/AMD Part1/AMD (7).E2E/2- 25- 2017 9- 20- 27 PM/Image 19.png,./Macular-Dataset-R.Rasti_old/AMD Part1/AMD (7).E2E/2- 25- 2017 9- 20- 27 PM/Image 19.TIFF
../Images/Images_Automatic/AMD Part1/AMD (7)/Image (3).png,./Dataset_3x50_Final/AMD/AMD (7)/Image (3).TIFF
../Images/Images_Automatic/AMD Part1/AMD (7)/Image (5).png,./Dataset_3x50_Final/AMD/AMD (7)/Image (5).TIFF
../Images/Images_Automatic/AMD Part1/AMD (7)/Image (7).png,./Dataset_3x50_Final/AMD/AMD (7)/Image (7).TIFF
../Images/Images_Automatic/AMD Part1/AMD (7)/Image (9).png,./Dataset_3x50_Final/AMD/AMD (7)/Image (9).TIFF
../Images/Images_Automatic/AMD Part1/AMD (7)/Image (10).png,./Dataset_3x50_Final/AMD/AMD (7)/Image (10).TIFF
../Images/Images_Automatic/AMD Part1/AMD (7)/Image (12).png,./Dataset_3x50_Final/AMD/AMD (7)/Image (12).TIFF
../Images/Images_Automatic/AMD Part1/AMD (7)/Image (14).png,./Dataset_3x50_Final/AMD/AMD (7)/Image (14).TIFF
../Images/Images_Automatic/AMD Part1/AMD (7)/Image (16).png,./Dataset_3x50_Final/AMD/AMD (7)/Image (16).TIFF
../Images/Images_Automatic/AMD Part1/AMD (7)/Image (17).png,./Dataset_3x50_Final/AMD/AMD (7)/Image (17).TIFF
../Images/Images_Automatic/AMD Part1/AMD (7)/Image (18).png,./Dataset_3x50_Final/AMD/AMD (7)/Image (18).TIFF
../Images/Images_Automatic/AMD Part1/AMD (7)/Image (20).png,./Dataset_3x50_Final/AMD/AMD (7)/Image (20).TIFF
../Images/Images_Automatic/AMD Part1/AMD (7)/Image (22).png,./Dataset_3x50_Final/AMD/AMD (7)/Image (22).TIFF
../Images/Images_Automatic/AMD Part1/AMD (7)/Image (24).png,./Dataset_3x50_Final/AMD/AMD (7)/Image (24).TIFF
../Images/Images_Automatic/AMD Part1/AMD (7)/Image (26).png,./Dataset_3x50_Final/AMD/AMD (7)/Image (26).TIFF
../Images/Images_Automatic/AMD Part1/AMD (7)/Image (27).png,./Dataset_3x50_Final/AMD/AMD (7)/Image (27).TIFF
../Images/Images_Automatic/AMD Part1/AMD (8)/Image (9).png,./Dataset_3x50_Final/AMD/AMD (8)/Image (9).TIFF
../Images/Images_Automatic/AMD Part1/AMD (8)/Image (13).png,./Dataset_3x50_Final/AMD/AMD (8)/Image (13).TIFF
../Images/Images_Automatic/AMD Part1/AMD (8)/Image (14).png,./Dataset_3x50_Final/AMD/AMD (8)/Image (14).TIFF
../Images/Images_Automatic/AMD Part1/AMD (8)/Image (15).png,./Dataset_3x50_Final/AMD/AMD (8)/Image (15).TIFF
../Images/Images_Automatic/AMD Part1/AMD (8)/Image (16).png,./Dataset_3x50_Final/AMD/AMD (8)/Image (16).TIFF
../Images/Images_Automatic/AMD Part1/AMD (8)/Image (17).png,./Dataset_3x50_Final/AMD/AMD (8)/Image (17).TIFF
../Images/Images_Automatic/AMD Part1/AMD (8)/Image (18).png,./Dataset_3x50_Final/AMD/AMD (8)/Image (18).TIFF
../Images/Images_Automatic/AMD Part1/AMD (8)/Image (20).png,./Dataset_3x50_Final/AMD/AMD (8)/Image (20).TIFF
../Images/Images_Automatic/AMD Part1/AMD (8)/Image (22).png,./Dataset_3x50_Final/AMD/AMD (8)/Image (22).TIFF
../Images/Images_Automatic/AMD Part1/AMD (8)/Image (23).png,./Dataset_3x50_Final/AMD/AMD (8)/Image (23).TIFF
../Images/Images_Automatic/AMD Part1/AMD (8)/Image (24).png,./Dataset_3x50_Final/AMD/AMD (8)/Image (24).TIFF
../Images/Images_Automatic/AMD Part1/AMD (8)/Image (25).png,./Dataset_3x50_Final/AMD/AMD (8)/Image (25).TIFF
../Images/Images_Automatic/AMD Part1/AMD (8)/Image (31).png,./Dataset_3x50_Final/AMD/AMD (8)/Image (31).TIFF
../Images/Images_Automatic/AMD Part1/AMD (10)/Image (9).png,./Dataset_3x50_Final/AMD/AMD (10)/Image (9).TIFF
../Images/Images_Automatic/AMD Part1/AMD (10)/Image (10).png,./Dataset_3x50_Final/AMD/AMD (10)/Image (10).TIFF
../Images/Images_Automatic/AMD Part1/AMD (10)/Image (11).png,./Dataset_3x50_Final/AMD/AMD (10)/Image (11).TIFF
../Images/Images_Automatic/AMD Part1/AMD (10)/Image (12).png,./Dataset_3x50_Final/AMD/AMD (10)/Image (12).TIFF
../Images/Images_Automatic/AMD Part1/AMD (10)/Image (14).png,./Dataset_3x50_Final/AMD/AMD (10)/Image (14).TIFF
../Images/Images_Automatic/AMD Part1/AMD (10)/Image (15).png,./Dataset_3x50_Final/AMD/AMD (10)/Image (15).TIFF
../Images/Images_Automatic/AMD Part1/AMD (10)/Image (17).png,./Dataset_3x50_Final/AMD/AMD (10)/Image (17).TIFF
../Images/Images_Automatic/AMD Part1/AMD (10)/Image (18).png,./Dataset_3x50_Final/AMD/AMD (10)/Image (18).TIFF
../Images/Images_Automatic/AMD Part1/AMD (10)/Image (21).png,./Dataset_3x50_Final/AMD/AMD (10)/Image (21).TIFF
../Images/Images_Automatic/AMD Part1/AMD (10)/Image (24).png,./Dataset_3x50_Final/AMD/AMD (10)/Image (24).TIFF
../Images/Images_Automatic/AMD Part1/AMD (10)/Image (26).png,./Dataset_3x50_Final/AMD/AMD (10)/Image (26).TIFF
../Images/Images_Automatic/AMD Part1/AMD (10)/Image (34).png,./Dataset_3x50_Final/AMD/AMD (10)/Image (34).TIFF
../Images/Images_Automatic/AMD Part1/AMD (11)/Image (4).png,./Dataset_3x50_Final/AMD/AMD (11)/Image (4).TIFF
../Images/Images_Automatic/AMD Part1/AMD (11)/Image (5).png,./Dataset_3x50_Final/AMD/AMD (11)/Image (5).TIFF
../Images/Images_Automatic/AMD Part1/AMD (11)/Image (6).png,./Dataset_3x50_Final/AMD/AMD (11)/Image (6).TIFF
../Images/Images_Automatic/AMD Part1/AMD (11)/Image (7).png,./Dataset_3x50_Final/AMD/AMD (11)/Image (7).TIFF
../Images/Images_Automatic/AMD Part1/AMD (11)/Image (9).png,./Dataset_3x50_Final/AMD/AMD (11)/Image (9).TIFF
../Images/Images_Automatic/AMD Part1/AMD (11)/Image (10).png,./Dataset_3x50_Final/AMD/AMD (11)/Image (10).TIFF
../Images/Images_Automatic/AMD Part1/AMD (11)/Image (11).png,./Dataset_3x50_Final/AMD/AMD (11)/Image (11).TIFF
../Images/Images_Automatic/AMD Part1/AMD (11)/Image (12).png,./Dataset_3x50_Final/AMD/AMD (11)/Image (12).TIFF
../Images/Images_Automatic/AMD Part1/AMD (11)/Image (13).png,./Dataset_3x50_Final/AMD/AMD (11)/Image (13).TIFF
../Images/Images_Automatic/AMD Part1/AMD (11)/Image (14).png,./Dataset_3x50_Final/AMD/AMD (11)/Image (14).TIFF
../Images/Images_Automatic/AMD Part1/AMD (11)/Image (15).png,./Dataset_3x50_Final/AMD/AMD (11)/Image (15).TIFF
../Images/Images_Automatic/AMD Part1/AMD (11)/Image (16).png,./Dataset_3x50_Final/AMD/AMD (11)/Image (16).TIFF
../Images/Images_Automatic/AMD Part1/AMD (11)/Image (19).png,./Dataset_3x50_Final/AMD/AMD (11)/Image (19).TIFF
../Images/Images_Automatic/AMD Part1/AMD (11)/Image (23).png,./Dataset_3x50_Final/AMD/AMD (11)/Image (23).TIFF
../Images/Images_Automatic/AMD Part1/AMD (11)/Image (28).png,./Dataset_3x50_Final/AMD/AMD (11)/Image (28).TIFF
../Images/Images_Automatic/AMD Part1/AMD (11)/Image (31).png,./Dataset_3x50_Final/AMD/AMD (11)/Image (31).TIFF
../Images/Images_Automatic/AMD Part1/AMD (12).E2E/2- 25- 2017 4- 45- 26 PM/Image 1.png,./Macular-Dataset-R.Rasti_old/AMD Part1/AMD (12).E2E/2- 25- 2017 4- 45- 26 PM/Image 1.TIFF
../Images/Images_Automatic/AMD Part1/AMD (12).E2E/2- 25- 2017 4- 45- 26 PM/Image 2.png,./Macular-Dataset-R.Rasti_old/AMD Part1/AMD (12).E2E/2- 25- 2017 4- 45- 26 PM/Image 2.TIFF
../Images/Images_Automatic/AMD Part1/AMD (12).E2E/2- 25- 2017 4- 45- 26 PM/Image 3.png,./Macular-Dataset-R.Rasti_old/AMD Part1/AMD (12).E2E/2- 25- 2017 4- 45- 26 PM/Image 3.TIFF
../Images/Images_Automatic/AMD Part1/AMD (12).E2E/2- 25- 2017 4- 45- 26 PM/Image 4.png,./Macular-Dataset-R.Rasti_old/AMD Part1/AMD (12).E2E/2- 25- 2017 4- 45- 26 PM/Image 4.TIFF
../Images/Images_Automatic/AMD Part1/AMD (12).E2E/2- 25- 2017 4- 45- 26 PM/Image 5.png,./Macular-Dataset-R.Rasti_old/AMD Part1/AMD (12).E2E/2- 25- 2017 4- 45- 26 PM/Image 5.TIFF
../Images/Images_Automatic/AMD Part1/AMD (12).E2E/2- 25- 2017 4- 45- 26 PM/Image 6.png,./Macular-Dataset-R.Rasti_old/AMD Part1/AMD (12).E2E/2- 25- 2017 4- 45- 26 PM/Image 6.TIFF
../Images/Images_Automatic/AMD Part1/AMD (12).E2E/2- 25- 2017 4- 45- 26 PM/Image 7.png,./Macular-Dataset-R.Rasti_old/AMD Part1/AMD (12).E2E/2- 25- 2017 4- 45- 26 PM/Image 7.TIFF
../Images/Images_Automatic/AMD Part1/AMD (12).E2E/2- 25- 2017 4- 45- 26 PM/Image 8.png,./Macular-Dataset-R.Rasti_old/AMD Part1/AMD (12).E2E/2- 25- 2017 4- 45- 26 PM/Image 8.TIFF
../Images/Images_Automatic/AMD Part1/AMD (12).E2E/2- 25- 2017 4- 45- 26 PM/Image 9.png,./Macular-Dataset-R.Rasti_old/AMD Part1/AMD (12).E2E/2- 25- 2017 4- 45- 26 PM/Image 9.TIFF
../Images/Images_Automatic/AMD Part1/AMD (12).E2E/2- 25- 2017 4- 45- 26 PM/Image 10.png,./Macular-Dataset-R.Rasti_old/AMD Part1/AMD (12).E2E/2- 25- 2017 4- 45- 26 PM/Image 10.TIFF
../Images/Images_Automatic/AMD Part1/AMD (12).E2E/2- 25- 2017 4- 45- 26 PM/Image 11.png,./Macular-Dataset-R.Rasti_old/AMD Part1/AMD (12).E2E/2- 25- 2017 4- 45- 26 PM/Image 11.TIFF
../Images/Images_Automatic/AMD Part1/AMD (12).E2E/2- 25- 2017 4- 45- 26 PM/Image 12.png,./Macular-Dataset-R.Rasti_old/AMD Part1/AMD (12).E2E/2- 25- 2017 4- 45- 26 PM/Image 12.TIFF
../Images/Images_Automatic/AMD Part1/AMD (12).E2E/2- 25- 2017 4- 45- 26 PM/Image 13.png,./Macular-Dataset-R.Rasti_old/AMD Part1/AMD (12).E2E/2- 25- 2017 4- 45- 26 PM/Image 13.TIFF
../Images/Images_Automatic/AMD Part1/AMD (12).E2E/2- 25- 2017 4- 45- 26 PM/Image 14.png,./Macular-Dataset-R.Rasti_old/AMD Part1/AMD (12).E2E/2- 25- 2017 4- 45- 26 PM/Image 14.TIFF
../Images/Images_Automatic/AMD Part1/AMD (12).E2E/2- 25- 2017 4- 45- 26 PM/Image 15.png,./Macular-Dataset-R.Rasti_old/AMD Part1/AMD (12).E2E/2- 25- 2017 4- 45- 26 PM/Image 15.TIFF
../Images/Images_Automatic/AMD Part1/AMD (12).E2E/2- 25- 2017 4- 45- 26 PM/Image 16.png,./Macular-Dataset-R.Rasti_old/AMD Part1/AMD (12).E2E/2- 25- 2017 4- 45- 26 PM/Image 16.TIFF
../Images/Images_Automatic/AMD Part1/AMD (12).E2E/2- 25- 2017 4- 45- 26 PM/Image 17.png,./Macular-Dataset-R.Rasti_old/AMD Part1/AMD (12).E2E/2- 25- 2017 4- 45- 26 PM/Image 17.TIFF
../Images/Images_Automatic/AMD Part1/AMD (12).E2E/2- 25- 2017 4- 45- 26 PM/Image 18.png,./Macular-Dataset-R.Rasti_old/AMD Part1/AMD (12).E2E/2- 25- 2017 4- 45- 26 PM/Image 18.TIFF
../Images/Images_Automatic/AMD Part1/AMD (12).E2E/2- 25- 2017 4- 45- 26 PM/Image 19.png,./Macular-Dataset-R.Rasti_old/AMD Part1/AMD (12).E2E/2- 25- 2017 4- 45- 26 PM/Image 19.TIFF
../Images/Images_Automatic/AMD Part1/AMD (12).E2E/2- 25- 2017 4- 45- 26 PM/Image 20.png,./Macular-Dataset-R.Rasti_old/AMD Part1/AMD (12).E2E/2- 25- 2017 4- 45- 26 PM/Image 20.TIFF
../Images/Images_Automatic/AMD Part1/AMD (12).E2E/2- 25- 2017 4- 45- 26 PM/Image 21.png,./Macular-Dataset-R.Rasti_old/AMD Part1/AMD (12).E2E/2- 25- 2017 4- 45- 26 PM/Image 21.TIFF
../Images/Images_Automatic/AMD Part1/AMD (12).E2E/2- 25- 2017 4- 45- 26 PM/Image 22.png,./Macular-Dataset-R.Rasti_old/AMD Part1/AMD (12).E2E/2- 25- 2017 4- 45- 26 PM/Image 22.TIFF
../Images/Images_Automatic/AMD Part1/AMD (12).E2E/2- 25- 2017 4- 45- 26 PM/Image 23.png,./Macular-Dataset-R.Rasti_old/AMD Part1/AMD (12).E2E/2- 25- 2017 4- 45- 26 PM/Image 23.TIFF
../Images/Images_Automatic/AMD Part1/AMD (12).E2E/2- 25- 2017 4- 45- 26 PM/Image 24.png,./Macular-Dataset-R.Rasti_old/AMD Part1/AMD (12).E2E/2- 25- 2017 4- 45- 26 PM/Image 24.TIFF
../Images/Images_Automatic/AMD Part1/AMD (12).E2E/2- 25- 2017 4- 45- 26 PM/Image 25.png,./Macular-Dataset-R.Rasti_old/AMD Part1/AMD (12).E2E/2- 25- 2017 4- 45- 26 PM/Image 25.TIFF
../Images/Images_Automatic/AMD Part1/AMD (12).E2E/2- 25- 2017 4- 45- 26 PM/Image 26.png,./Macular-Dataset-R.Rasti_old/AMD Part1/AMD (12).E2E/2- 25- 2017 4- 45- 26 PM/Image 26.TIFF
../Images/Images_Automatic/AMD Part1/AMD (12).E2E/2- 25- 2017 4- 45- 26 PM/Image 27.png,./Macular-Dataset-R.Rasti_old/AMD Part1/AMD (12).E2E/2- 25- 2017 4- 45- 26 PM/Image 27.TIFF
../Images/Images_Automatic/AMD Part1/AMD (12).E2E/2- 25- 2017 4- 45- 26 PM/Image 28.png,./Macular-Dataset-R.Rasti_old/AMD Part1/AMD (12).E2E/2- 25- 2017 4- 45- 26 PM/Image 28.TIFF
../Images/Images_Automatic/AMD Part1/AMD (12).E2E/2- 25- 2017 4- 45- 26 PM/Image 29.png,./Macular-Dataset-R.Rasti_old/AMD Part1/AMD (12).E2E/2- 25- 2017 4- 45- 26 PM/Image 29.TIFF
../Images/Images_Automatic/AMD Part1/AMD (12).E2E/2- 25- 2017 4- 45- 26 PM/Image 30.png,./Macular-Dataset-R.Rasti_old/AMD Part1/AMD (12).E2E/2- 25- 2017 4- 45- 26 PM/Image 30.TIFF
../Images/Images_Automatic/AMD Part1/AMD (12).E2E/2- 25- 2017 4- 45- 26 PM/Image 31.png,./Macular-Dataset-R.Rasti_old/AMD Part1/AMD (12).E2E/2- 25- 2017 4- 45- 26 PM/Image 31.TIFF
../Images/Images_Automatic/AMD Part1/AMD (13)/Image (9).png,./Dataset_3x50_Final/AMD/AMD (13)/Image (9).TIFF
../Images/Images_Automatic/AMD Part1/AMD (13)/Image (11).png,./Dataset_3x50_Final/AMD/AMD (13)/Image (11).TIFF
../Images/Images_Automatic/AMD Part1/AMD (13)/Image (13).png,./Dataset_3x50_Final/AMD/AMD (13)/Image (13).TIFF
../Images/Images_Automatic/AMD Part1/AMD (13)/Image (15).png,./Dataset_3x50_Final/AMD/AMD (13)/Image (15).TIFF
../Images/Images_Automatic/AMD Part1/AMD (13)/Image (16).png,./Dataset_3x50_Final/AMD/AMD (13)/Image (16).TIFF
../Images/Images_Automatic/AMD Part1/AMD (13)/Image (17).png,./Dataset_3x50_Final/AMD/AMD (13)/Image (17).TIFF
../Images/Images_Automatic/AMD Part1/AMD (13)/Image (18).png,./Dataset_3x50_Final/AMD/AMD (13)/Image (18).TIFF
../Images/Images_Automatic/AMD Part1/AMD (13)/Image (19).png,./Dataset_3x50_Final/AMD/AMD (13)/Image (19).TIFF
../Images/Images_Automatic/AMD Part1/AMD (13)/Image (20).png,./Dataset_3x50_Final/AMD/AMD (13)/Image (20).TIFF
../Images/Images_Automatic/AMD Part1/AMD (13)/Image (21).png,./Dataset_3x50_Final/AMD/AMD (13)/Image (21).TIFF
../Images/Images_Automatic/AMD Part1/AMD (13)/Image (22).png,./Dataset_3x50_Final/AMD/AMD (13)/Image (22).TIFF
../Images/Images_Automatic/AMD Part1/AMD (13)/Image (23).png,./Dataset_3x50_Final/AMD/AMD (13)/Image (23).TIFF
../Images/Images_Automatic/AMD Part1/AMD (13)/Image (24).png,./Dataset_3x50_Final/AMD/AMD (13)/Image (24).TIFF
../Images/Images_Automatic/AMD Part1/AMD (13)/Image (25).png,./Dataset_3x50_Final/AMD/AMD (13)/Image (25).TIFF
../Images/Images_Automatic/AMD Part1/AMD (13)/Image (27).png,./Dataset_3x50_Final/AMD/AMD (13)/Image (27).TIFF
../Images/Images_Automatic/AMD Part1/AMD (13)/Image (29).png,./Dataset_3x50_Final/AMD/AMD (13)/Image (29).TIFF
../Images/Images_Automatic/AMD Part1/AMD (14).E2E/2- 25- 2017 4- 50- 16 PM/Image 1.png,./Macular-Dataset-R.Rasti_old/AMD Part1/AMD (14).E2E/2- 25- 2017 4- 50- 16 PM/Image 1.TIFF
../Images/Images_Automatic/AMD Part1/AMD (14).E2E/2- 25- 2017 4- 50- 16 PM/Image 2.png,./Macular-Dataset-R.Rasti_old/AMD Part1/AMD (14).E2E/2- 25- 2017 4- 50- 16 PM/Image 2.TIFF
../Images/Images_Automatic/AMD Part1/AMD (14).E2E/2- 25- 2017 4- 50- 16 PM/Image 3.png,./Macular-Dataset-R.Rasti_old/AMD Part1/AMD (14).E2E/2- 25- 2017 4- 50- 16 PM/Image 3.TIFF
../Images/Images_Automatic/AMD Part1/AMD (14).E2E/2- 25- 2017 4- 50- 16 PM/Image 4.png,./Macular-Dataset-R.Rasti_old/AMD Part1/AMD (14).E2E/2- 25- 2017 4- 50- 16 PM/Image 4.TIFF
../Images/Images_Automatic/AMD Part1/AMD (14).E2E/2- 25- 2017 4- 50- 16 PM/Image 5.png,./Macular-Dataset-R.Rasti_old/AMD Part1/AMD (14).E2E/2- 25- 2017 4- 50- 16 PM/Image 5.TIFF
../Images/Images_Automatic/AMD Part1/AMD (14).E2E/2- 25- 2017 4- 50- 16 PM/Image 6.png,./Macular-Dataset-R.Rasti_old/AMD Part1/AMD (14).E2E/2- 25- 2017 4- 50- 16 PM/Image 6.TIFF
../Images/Images_Automatic/AMD Part1/AMD (14).E2E/2- 25- 2017 4- 50- 16 PM/Image 7.png,./Macular-Dataset-R.Rasti_old/AMD Part1/AMD (14).E2E/2- 25- 2017 4- 50- 16 PM/Image 7.TIFF
../Images/Images_Automatic/AMD Part1/AMD (14).E2E/2- 25- 2017 4- 50- 16 PM/Image 8.png,./Macular-Dataset-R.Rasti_old/AMD Part1/AMD (14).E2E/2- 25- 2017 4- 50- 16 PM/Image 8.TIFF
../Images/Images_Automatic/AMD Part1/AMD (14).E2E/2- 25- 2017 4- 50- 16 PM/Image 9.png,./Macular-Dataset-R.Rasti_old/AMD Part1/AMD (14).E2E/2- 25- 2017 4- 50- 16 PM/Image 9.TIFF
../Images/Images_Automatic/AMD Part1/AMD (14).E2E/2- 25- 2017 4- 50- 16 PM/Image 10.png,./Macular-Dataset-R.Rasti_old/AMD Part1/AMD (14).E2E/2- 25- 2017 4- 50- 16 PM/Image 10.TIFF
../Images/Images_Automatic/AMD Part1/AMD (14).E2E/2- 25- 2017 4- 50- 16 PM/Image 11.png,./Macular-Dataset-R.Rasti_old/AMD Part1/AMD (14).E2E/2- 25- 2017 4- 50- 16 PM/Image 11.TIFF
../Images/Images_Automatic/AMD Part1/AMD (14).E2E/2- 25- 2017 4- 50- 16 PM/Image 12.png,./Macular-Dataset-R.Rasti_old/AMD Part1/AMD (14).E2E/2- 25- 2017 4- 50- 16 PM/Image 12.TIFF
../Images/Images_Automatic/AMD Part1/AMD (14).E2E/2- 25- 2017 4- 50- 16 PM/Image 13.png,./Macular-Dataset-R.Rasti_old/AMD Part1/AMD (14).E2E/2- 25- 2017 4- 50- 16 PM/Image 13.TIFF
../Images/Images_Automatic/AMD Part1/AMD (14).E2E/2- 25- 2017 4- 50- 16 PM/Image 14.png,./Macular-Dataset-R.Rasti_old/AMD Part1/AMD (14).E2E/2- 25- 2017 4- 50- 16 PM/Image 14.TIFF
../Images/Images_Automatic/AMD Part1/AMD (14).E2E/2- 25- 2017 4- 50- 16 PM/Image 15.png,./Macular-Dataset-R.Rasti_old/AMD Part1/AMD (14).E2E/2- 25- 2017 4- 50- 16 PM/Image 15.TIFF
../Images/Images_Automatic/AMD Part1/AMD (14).E2E/2- 25- 2017 4- 50- 16 PM/Image 16.png,./Macular-Dataset-R.Rasti_old/AMD Part1/AMD (14).E2E/2- 25- 2017 4- 50- 16 PM/Image 16.TIFF
../Images/Images_Automatic/AMD Part1/AMD (14).E2E/2- 25- 2017 4- 50- 16 PM/Image 17.png,./Macular-Dataset-R.Rasti_old/AMD Part1/AMD (14).E2E/2- 25- 2017 4- 50- 16 PM/Image 17.TIFF
../Images/Images_Automatic/AMD Part1/AMD (14).E2E/2- 25- 2017 4- 50- 16 PM/Image 18.png,./Macular-Dataset-R.Rasti_old/AMD Part1/AMD (14).E2E/2- 25- 2017 4- 50- 16 PM/Image 18.TIFF
../Images/Images_Automatic/AMD Part1/AMD (14).E2E/2- 25- 2017 4- 50- 16 PM/Image 19.png,./Macular-Dataset-R.Rasti_old/AMD Part1/AMD (14).E2E/2- 25- 2017 4- 50- 16 PM/Image 19.TIFF
../Images/Images_Automatic/AMD Part1/AMD (14)/Image (7).png,./Dataset_3x50_Final/AMD/AMD (14)/Image (7).TIFF
../Images/Images_Automatic/AMD Part1/AMD (14)/Image (9).png,./Dataset_3x50_Final/AMD/AMD (14)/Image (9).TIFF
../Images/Images_Automatic/AMD Part1/AMD (14)/Image (11).png,./Dataset_3x50_Final/AMD/AMD (14)/Image (11).TIFF
../Images/Images_Automatic/AMD Part1/AMD (14)/Image (13).png,./Dataset_3x50_Final/AMD/AMD (14)/Image (13).TIFF
../Images/Images_Automatic/AMD Part1/AMD (14)/Image (15).png,./Dataset_3x50_Final/AMD/AMD (14)/Image (15).TIFF
../Images/Images_Automatic/AMD Part1/AMD (14)/Image (17).png,./Dataset_3x50_Final/AMD/AMD (14)/Image (17).TIFF
../Images/Images_Automatic/AMD Part1/AMD (14)/Image (19).png,./Dataset_3x50_Final/AMD/AMD (14)/Image (19).TIFF
../Images/Images_Automatic/AMD Part1/AMD (14)/Image (21).png,./Dataset_3x50_Final/AMD/AMD (14)/Image (21).TIFF
../Images/Images_Automatic/AMD Part1/AMD (14)/Image (23).png,./Dataset_3x50_Final/AMD/AMD (14)/Image (23).TIFF
../Images/Images_Automatic/AMD Part1/AMD (14)/Image (31).png,./Dataset_3x50_Final/AMD/AMD (14)/Image (31).TIFF
../Images/Images_Automatic/AMD Part1/AMD (14)/Image (33).png,./Dataset_3x50_Final/AMD/AMD (14)/Image (33).TIFF
../Images/Images_Automatic/AMD Part1/AMD (14)/Image (35).png,./Dataset_3x50_Final/AMD/AMD (14)/Image (35).TIFF
../Images/Images_Automatic/AMD Part1/AMD (14)/Image (37).png,./Dataset_3x50_Final/AMD/AMD (14)/Image (37).TIFF
../Images/Images_Automatic/AMD Part1/AMD (14)/Image (41).png,./Dataset_3x50_Final/AMD/AMD (14)/Image (41).TIFF
../Images/Images_Automatic/AMD Part1/AMD (14)/Image (44).png,./Dataset_3x50_Final/AMD/AMD (14)/Image (44).TIFF
../Images/Images_Automatic/AMD Part1/AMD (14)/Image (47).png,./Dataset_3x50_Final/AMD/AMD (14)/Image (47).TIFF
../Images/Images_Automatic/AMD Part1/AMD (14)/Image (50).png,./Dataset_3x50_Final/AMD/AMD (14)/Image (50).TIFF
../Images/Images_Automatic/AMD Part1/AMD (15).E2E/2- 25- 2017 4- 57- 03 PM/Image 1.PNG,./Macular-Dataset-R.Rasti_old/AMD Part1/AMD (15).E2E/2- 25- 2017 4- 57- 03 PM/Image 1.PNG
../Images/Images_Automatic/AMD Part1/AMD (15).E2E/2- 25- 2017 4- 57- 03 PM/Image 2.PNG,./Macular-Dataset-R.Rasti_old/AMD Part1/AMD (15).E2E/2- 25- 2017 4- 57- 03 PM/Image 2.PNG
../Images/Images_Automatic/AMD Part1/AMD (15).E2E/2- 25- 2017 4- 57- 03 PM/Image 3.PNG,./Macular-Dataset-R.Rasti_old/AMD Part1/AMD (15).E2E/2- 25- 2017 4- 57- 03 PM/Image 3.PNG
../Images/Images_Automatic/AMD Part1/AMD (15).E2E/2- 25- 2017 4- 57- 03 PM/Image 4.PNG,./Macular-Dataset-R.Rasti_old/AMD Part1/AMD (15).E2E/2- 25- 2017 4- 57- 03 PM/Image 4.PNG
../Images/Images_Automatic/AMD Part1/AMD (15).E2E/2- 25- 2017 4- 57- 03 PM/Image 5.PNG,./Macular-Dataset-R.Rasti_old/AMD Part1/AMD (15).E2E/2- 25- 2017 4- 57- 03 PM/Image 5.PNG
../Images/Images_Automatic/AMD Part1/AMD (15).E2E/2- 25- 2017 4- 57- 03 PM/Image 6.PNG,./Macular-Dataset-R.Rasti_old/AMD Part1/AMD (15).E2E/2- 25- 2017 4- 57- 03 PM/Image 6.PNG
../Images/Images_Automatic/AMD Part1/AMD (15).E2E/2- 25- 2017 4- 57- 03 PM/Image 7.PNG,./Macular-Dataset-R.Rasti_old/AMD Part1/AMD (15).E2E/2- 25- 2017 4- 57- 03 PM/Image 7.PNG
../Images/Images_Automatic/AMD Part1/AMD (15).E2E/2- 25- 2017 4- 57- 03 PM/Image 8.PNG,./Macular-Dataset-R.Rasti_old/AMD Part1/AMD (15).E2E/2- 25- 2017 4- 57- 03 PM/Image 8.PNG
../Images/Images_Automatic/AMD Part1/AMD (15).E2E/2- 25- 2017 4- 57- 03 PM/Image 9.PNG,./Macular-Dataset-R.Rasti_old/AMD Part1/AMD (15).E2E/2- 25- 2017 4- 57- 03 PM/Image 9.PNG
../Images/Images_Automatic/AMD Part1/AMD (15).E2E/2- 25- 2017 4- 57- 03 PM/Image 10.PNG,./Macular-Dataset-R.Rasti_old/AMD Part1/AMD (15).E2E/2- 25- 2017 4- 57- 03 PM/Image 10.PNG
../Images/Images_Automatic/AMD Part1/AMD (15).E2E/2- 25- 2017 4- 57- 03 PM/Image 11.PNG,./Macular-Dataset-R.Rasti_old/AMD Part1/AMD (15).E2E/2- 25- 2017 4- 57- 03 PM/Image 11.PNG
../Images/Images_Automatic/AMD Part1/AMD (15).E2E/2- 25- 2017 4- 57- 03 PM/Image 12.PNG,./Macular-Dataset-R.Rasti_old/AMD Part1/AMD (15).E2E/2- 25- 2017 4- 57- 03 PM/Image 12.PNG
../Images/Images_Automatic/AMD Part1/AMD (15).E2E/2- 25- 2017 4- 57- 03 PM/Image 13.PNG,./Macular-Dataset-R.Rasti_old/AMD Part1/AMD (15).E2E/2- 25- 2017 4- 57- 03 PM/Image 13.PNG
../Images/Images_Automatic/AMD Part1/AMD (15).E2E/2- 25- 2017 4- 57- 03 PM/Image 14.PNG,./Macular-Dataset-R.Rasti_old/AMD Part1/AMD (15).E2E/2- 25- 2017 4- 57- 03 PM/Image 14.PNG
../Images/Images_Automatic/AMD Part1/AMD (15).E2E/2- 25- 2017 4- 57- 03 PM/Image 15.PNG,./Macular-Dataset-R.Rasti_old/AMD Part1/AMD (15).E2E/2- 25- 2017 4- 57- 03 PM/Image 15.PNG
../Images/Images_Automatic/AMD Part1/AMD (15).E2E/2- 25- 2017 4- 57- 03 PM/Image 16.PNG,./Macular-Dataset-R.Rasti_old/AMD Part1/AMD (15).E2E/2- 25- 2017 4- 57- 03 PM/Image 16.PNG
../Images/Images_Automatic/AMD Part1/AMD (15).E2E/2- 25- 2017 4- 57- 03 PM/Image 17.PNG,./Macular-Dataset-R.Rasti_old/AMD Part1/AMD (15).E2E/2- 25- 2017 4- 57- 03 PM/Image 17.PNG
../Images/Images_Automatic/AMD Part1/AMD (15).E2E/2- 25- 2017 4- 57- 03 PM/Image 18.PNG,./Macular-Dataset-R.Rasti_old/AMD Part1/AMD (15).E2E/2- 25- 2017 4- 57- 03 PM/Image 18.PNG
../Images/Images_Automatic/AMD Part1/AMD (15).E2E/2- 25- 2017 4- 57- 03 PM/Image 19.PNG,./Macular-Dataset-R.Rasti_old/AMD Part1/AMD (15).E2E/2- 25- 2017 4- 57- 03 PM/Image 19.PNG
../Images/Images_Automatic/AMD Part1/AMD (16).E2E/2- 25- 2017 4- 57- 54 PM/Image 1.PNG,./Macular-Dataset-R.Rasti_old/AMD Part1/AMD (16).E2E/2- 25- 2017 4- 57- 54 PM/Image 1.PNG
../Images/Images_Automatic/AMD Part1/AMD (16).E2E/2- 25- 2017 4- 57- 54 PM/Image 2.PNG,./Macular-Dataset-R.Rasti_old/AMD Part1/AMD (16).E2E/2- 25- 2017 4- 57- 54 PM/Image 2.PNG
../Images/Images_Automatic/AMD Part1/AMD (16).E2E/2- 25- 2017 4- 57- 54 PM/Image 3.PNG,./Macular-Dataset-R.Rasti_old/AMD Part1/AMD (16).E2E/2- 25- 2017 4- 57- 54 PM/Image 3.PNG
../Images/Images_Automatic/AMD Part1/AMD (16).E2E/2- 25- 2017 4- 57- 54 PM/Image 4.PNG,./Macular-Dataset-R.Rasti_old/AMD Part1/AMD (16).E2E/2- 25- 2017 4- 57- 54 PM/Image 4.PNG
../Images/Images_Automatic/AMD Part1/AMD (16).E2E/2- 25- 2017 4- 57- 54 PM/Image 5.PNG,./Macular-Dataset-R.Rasti_old/AMD Part1/AMD (16).E2E/2- 25- 2017 4- 57- 54 PM/Image 5.PNG
../Images/Images_Automatic/AMD Part1/AMD (16).E2E/2- 25- 2017 4- 57- 54 PM/Image 6.PNG,./Macular-Dataset-R.Rasti_old/AMD Part1/AMD (16).E2E/2- 25- 2017 4- 57- 54 PM/Image 6.PNG
../Images/Images_Automatic/AMD Part1/AMD (16).E2E/2- 25- 2017 4- 57- 54 PM/Image 7.PNG,./Macular-Dataset-R.Rasti_old/AMD Part1/AMD (16).E2E/2- 25- 2017 4- 57- 54 PM/Image 7.PNG
../Images/Images_Automatic/AMD Part1/AMD (16).E2E/2- 25- 2017 4- 57- 54 PM/Image 8.PNG,./Macular-Dataset-R.Rasti_old/AMD Part1/AMD (16).E2E/2- 25- 2017 4- 57- 54 PM/Image 8.PNG
../Images/Images_Automatic/AMD Part1/AMD (16).E2E/2- 25- 2017 4- 57- 54 PM/Image 9.PNG,./Macular-Dataset-R.Rasti_old/AMD Part1/AMD (16).E2E/2- 25- 2017 4- 57- 54 PM/Image 9.PNG
../Images/Images_Automatic/AMD Part1/AMD (16).E2E/2- 25- 2017 4- 57- 54 PM/Image 10.PNG,./Macular-Dataset-R.Rasti_old/AMD Part1/AMD (16).E2E/2- 25- 2017 4- 57- 54 PM/Image 10.PNG
../Images/Images_Automatic/AMD Part1/AMD (16).E2E/2- 25- 2017 4- 57- 54 PM/Image 11.PNG,./Macular-Dataset-R.Rasti_old/AMD Part1/AMD (16).E2E/2- 25- 2017 4- 57- 54 PM/Image 11.PNG
../Images/Images_Automatic/AMD Part1/AMD (16).E2E/2- 25- 2017 4- 57- 54 PM/Image 12.PNG,./Macular-Dataset-R.Rasti_old/AMD Part1/AMD (16).E2E/2- 25- 2017 4- 57- 54 PM/Image 12.PNG
../Images/Images_Automatic/AMD Part1/AMD (16).E2E/2- 25- 2017 4- 57- 54 PM/Image 13.PNG,./Macular-Dataset-R.Rasti_old/AMD Part1/AMD (16).E2E/2- 25- 2017 4- 57- 54 PM/Image 13.PNG
../Images/Images_Automatic/AMD Part1/AMD (16).E2E/2- 25- 2017 4- 57- 54 PM/Image 14.PNG,./Macular-Dataset-R.Rasti_old/AMD Part1/AMD (16).E2E/2- 25- 2017 4- 57- 54 PM/Image 14.PNG
../Images/Images_Automatic/AMD Part1/AMD (16).E2E/2- 25- 2017 4- 57- 54 PM/Image 15.PNG,./Macular-Dataset-R.Rasti_old/AMD Part1/AMD (16).E2E/2- 25- 2017 4- 57- 54 PM/Image 15.PNG
../Images/Images_Automatic/AMD Part1/AMD (16).E2E/2- 25- 2017 4- 57- 54 PM/Image 16.PNG,./Macular-Dataset-R.Rasti_old/AMD Part1/AMD (16).E2E/2- 25- 2017 4- 57- 54 PM/Image 16.PNG
../Images/Images_Automatic/AMD Part1/AMD (16).E2E/2- 25- 2017 4- 57- 54 PM/Image 17.PNG,./Macular-Dataset-R.Rasti_old/AMD Part1/AMD (16).E2E/2- 25- 2017 4- 57- 54 PM/Image 17.PNG
../Images/Images_Automatic/AMD Part1/AMD (16).E2E/2- 25- 2017 4- 57- 54 PM/Image 18.PNG,./Macular-Dataset-R.Rasti_old/AMD Part1/AMD (16).E2E/2- 25- 2017 4- 57- 54 PM/Image 18.PNG
../Images/Images_Automatic/AMD Part1/AMD (16).E2E/2- 25- 2017 4- 57- 54 PM/Image 19.PNG,./Macular-Dataset-R.Rasti_old/AMD Part1/AMD (16).E2E/2- 25- 2017 4- 57- 54 PM/Image 19.PNG
../Images/Images_Automatic/AMD Part1/AMD (17).E2E/2- 25- 2017 4- 59- 48 PM/Image 1.PNG,./Macular-Dataset-R.Rasti_old/AMD Part1/AMD (17).E2E/2- 25- 2017 4- 59- 48 PM/Image 1.PNG
../Images/Images_Automatic/AMD Part1/AMD (17).E2E/2- 25- 2017 4- 59- 48 PM/Image 2.PNG,./Macular-Dataset-R.Rasti_old/AMD Part1/AMD (17).E2E/2- 25- 2017 4- 59- 48 PM/Image 2.PNG
../Images/Images_Automatic/AMD Part1/AMD (17).E2E/2- 25- 2017 4- 59- 48 PM/Image 3.PNG,./Macular-Dataset-R.Rasti_old/AMD Part1/AMD (17).E2E/2- 25- 2017 4- 59- 48 PM/Image 3.PNG
../Images/Images_Automatic/AMD Part1/AMD (17).E2E/2- 25- 2017 4- 59- 48 PM/Image 4.PNG,./Macular-Dataset-R.Rasti_old/AMD Part1/AMD (17).E2E/2- 25- 2017 4- 59- 48 PM/Image 4.PNG
../Images/Images_Automatic/AMD Part1/AMD (17).E2E/2- 25- 2017 4- 59- 48 PM/Image 5.PNG,./Macular-Dataset-R.Rasti_old/AMD Part1/AMD (17).E2E/2- 25- 2017 4- 59- 48 PM/Image 5.PNG
../Images/Images_Automatic/AMD Part1/AMD (17).E2E/2- 25- 2017 4- 59- 48 PM/Image 6.PNG,./Macular-Dataset-R.Rasti_old/AMD Part1/AMD (17).E2E/2- 25- 2017 4- 59- 48 PM/Image 6.PNG
../Images/Images_Automatic/AMD Part1/AMD (17).E2E/2- 25- 2017 4- 59- 48 PM/Image 7.PNG,./Macular-Dataset-R.Rasti_old/AMD Part1/AMD (17).E2E/2- 25- 2017 4- 59- 48 PM/Image 7.PNG
../Images/Images_Automatic/AMD Part1/AMD (17).E2E/2- 25- 2017 4- 59- 48 PM/Image 8.PNG,./Macular-Dataset-R.Rasti_old/AMD Part1/AMD (17).E2E/2- 25- 2017 4- 59- 48 PM/Image 8.PNG
../Images/Images_Automatic/AMD Part1/AMD (17).E2E/2- 25- 2017 4- 59- 48 PM/Image 9.PNG,./Macular-Dataset-R.Rasti_old/AMD Part1/AMD (17).E2E/2- 25- 2017 4- 59- 48 PM/Image 9.PNG
../Images/Images_Automatic/AMD Part1/AMD (17).E2E/2- 25- 2017 4- 59- 48 PM/Image 10.PNG,./Macular-Dataset-R.Rasti_old/AMD Part1/AMD (17).E2E/2- 25- 2017 4- 59- 48 PM/Image 10.PNG
../Images/Images_Automatic/AMD Part1/AMD (17).E2E/2- 25- 2017 4- 59- 48 PM/Image 11.PNG,./Macular-Dataset-R.Rasti_old/AMD Part1/AMD (17).E2E/2- 25- 2017 4- 59- 48 PM/Image 11.PNG
../Images/Images_Automatic/AMD Part1/AMD (17).E2E/2- 25- 2017 4- 59- 48 PM/Image 12.PNG,./Macular-Dataset-R.Rasti_old/AMD Part1/AMD (17).E2E/2- 25- 2017 4- 59- 48 PM/Image 12.PNG
../Images/Images_Automatic/AMD Part1/AMD (17).E2E/2- 25- 2017 4- 59- 48 PM/Image 13.PNG,./Macular-Dataset-R.Rasti_old/AMD Part1/AMD (17).E2E/2- 25- 2017 4- 59- 48 PM/Image 13.PNG
../Images/Images_Automatic/AMD Part1/AMD (17).E2E/2- 25- 2017 4- 59- 48 PM/Image 14.PNG,./Macular-Dataset-R.Rasti_old/AMD Part1/AMD (17).E2E/2- 25- 2017 4- 59- 48 PM/Image 14.PNG
../Images/Images_Automatic/AMD Part1/AMD (17).E2E/2- 25- 2017 4- 59- 48 PM/Image 15.PNG,./Macular-Dataset-R.Rasti_old/AMD Part1/AMD (17).E2E/2- 25- 2017 4- 59- 48 PM/Image 15.PNG
../Images/Images_Automatic/AMD Part1/AMD (17).E2E/2- 25- 2017 4- 59- 48 PM/Image 16.PNG,./Macular-Dataset-R.Rasti_old/AMD Part1/AMD (17).E2E/2- 25- 2017 4- 59- 48 PM/Image 16.PNG
../Images/Images_Automatic/AMD Part1/AMD (17).E2E/2- 25- 2017 4- 59- 48 PM/Image 17.PNG,./Macular-Dataset-R.Rasti_old/AMD Part1/AMD (17).E2E/2- 25- 2017 4- 59- 48 PM/Image 17.PNG
../Images/Images_Automatic/AMD Part1/AMD (17).E2E/2- 25- 2017 4- 59- 48 PM/Image 18.PNG,./Macular-Dataset-R.Rasti_old/AMD Part1/AMD (17).E2E/2- 25- 2017 4- 59- 48 PM/Image 18.PNG
../Images/Images_Automatic/AMD Part1/AMD (17).E2E/2- 25- 2017 4- 59- 48 PM/Image 19.PNG,./Macular-Dataset-R.Rasti_old/AMD Part1/AMD (17).E2E/2- 25- 2017 4- 59- 48 PM/Image 19.PNG
../Images/Images_Automatic/AMD Part1/AMD (18).E2E/2- 25- 2017 5- 01- 17 PM/Image 1.PNG,./Macular-Dataset-R.Rasti_old/AMD Part1/AMD (18).E2E/2- 25- 2017 5- 01- 17 PM/Image 1.PNG
../Images/Images_Automatic/AMD Part1/AMD (18).E2E/2- 25- 2017 5- 01- 17 PM/Image 2.PNG,./Macular-Dataset-R.Rasti_old/AMD Part1/AMD (18).E2E/2- 25- 2017 5- 01- 17 PM/Image 2.PNG
../Images/Images_Automatic/AMD Part1/AMD (18).E2E/2- 25- 2017 5- 01- 17 PM/Image 3.PNG,./Macular-Dataset-R.Rasti_old/AMD Part1/AMD (18).E2E/2- 25- 2017 5- 01- 17 PM/Image 3.PNG
../Images/Images_Automatic/AMD Part1/AMD (18).E2E/2- 25- 2017 5- 01- 17 PM/Image 4.PNG,./Macular-Dataset-R.Rasti_old/AMD Part1/AMD (18).E2E/2- 25- 2017 5- 01- 17 PM/Image 4.PNG
../Images/Images_Automatic/AMD Part1/AMD (18).E2E/2- 25- 2017 5- 01- 17 PM/Image 5.PNG,./Macular-Dataset-R.Rasti_old/AMD Part1/AMD (18).E2E/2- 25- 2017 5- 01- 17 PM/Image 5.PNG
../Images/Images_Automatic/AMD Part1/AMD (18).E2E/2- 25- 2017 5- 01- 17 PM/Image 6.PNG,./Macular-Dataset-R.Rasti_old/AMD Part1/AMD (18).E2E/2- 25- 2017 5- 01- 17 PM/Image 6.PNG
../Images/Images_Automatic/AMD Part1/AMD (18).E2E/2- 25- 2017 5- 01- 17 PM/Image 7.PNG,./Macular-Dataset-R.Rasti_old/AMD Part1/AMD (18).E2E/2- 25- 2017 5- 01- 17 PM/Image 7.PNG
../Images/Images_Automatic/AMD Part1/AMD (18).E2E/2- 25- 2017 5- 01- 17 PM/Image 8.PNG,./Macular-Dataset-R.Rasti_old/AMD Part1/AMD (18).E2E/2- 25- 2017 5- 01- 17 PM/Image 8.PNG
../Images/Images_Automatic/AMD Part1/AMD (18).E2E/2- 25- 2017 5- 01- 17 PM/Image 9.PNG,./Macular-Dataset-R.Rasti_old/AMD Part1/AMD (18).E2E/2- 25- 2017 5- 01- 17 PM/Image 9.PNG
../Images/Images_Automatic/AMD Part1/AMD (18).E2E/2- 25- 2017 5- 01- 17 PM/Image 10.PNG,./Macular-Dataset-R.Rasti_old/AMD Part1/AMD (18).E2E/2- 25- 2017 5- 01- 17 PM/Image 10.PNG
../Images/Images_Automatic/AMD Part1/AMD (18).E2E/2- 25- 2017 5- 01- 17 PM/Image 11.PNG,./Macular-Dataset-R.Rasti_old/AMD Part1/AMD (18).E2E/2- 25- 2017 5- 01- 17 PM/Image 11.PNG
../Images/Images_Automatic/AMD Part1/AMD (18).E2E/2- 25- 2017 5- 01- 17 PM/Image 12.PNG,./Macular-Dataset-R.Rasti_old/AMD Part1/AMD (18).E2E/2- 25- 2017 5- 01- 17 PM/Image 12.PNG
../Images/Images_Automatic/AMD Part1/AMD (18).E2E/2- 25- 2017 5- 01- 17 PM/Image 13.PNG,./Macular-Dataset-R.Rasti_old/AMD Part1/AMD (18).E2E/2- 25- 2017 5- 01- 17 PM/Image 13.PNG
../Images/Images_Automatic/AMD Part1/AMD (18).E2E/2- 25- 2017 5- 01- 17 PM/Image 14.PNG,./Macular-Dataset-R.Rasti_old/AMD Part1/AMD (18).E2E/2- 25- 2017 5- 01- 17 PM/Image 14.PNG
../Images/Images_Automatic/AMD Part1/AMD (18).E2E/2- 25- 2017 5- 01- 17 PM/Image 15.PNG,./Macular-Dataset-R.Rasti_old/AMD Part1/AMD (18).E2E/2- 25- 2017 5- 01- 17 PM/Image 15.PNG
../Images/Images_Automatic/AMD Part1/AMD (18).E2E/2- 25- 2017 5- 01- 17 PM/Image 16.PNG,./Macular-Dataset-R.Rasti_old/AMD Part1/AMD (18).E2E/2- 25- 2017 5- 01- 17 PM/Image 16.PNG
../Images/Images_Automatic/AMD Part1/AMD (18).E2E/2- 25- 2017 5- 01- 17 PM/Image 17.PNG,./Macular-Dataset-R.Rasti_old/AMD Part1/AMD (18).E2E/2- 25- 2017 5- 01- 17 PM/Image 17.PNG
../Images/Images_Automatic/AMD Part1/AMD (18).E2E/2- 25- 2017 5- 01- 17 PM/Image 18.PNG,./Macular-Dataset-R.Rasti_old/AMD Part1/AMD (18).E2E/2- 25- 2017 5- 01- 17 PM/Image 18.PNG
../Images/Images_Automatic/AMD Part1/AMD (18).E2E/2- 25- 2017 5- 01- 17 PM/Image 19.PNG,./Macular-Dataset-R.Rasti_old/AMD Part1/AMD (18).E2E/2- 25- 2017 5- 01- 17 PM/Image 19.PNG
../Images/Images_Automatic/AMD Part1/AMD (18).E2E/2- 25- 2017 5- 01- 17 PM/Image 20.PNG,./Macular-Dataset-R.Rasti_old/AMD Part1/AMD (18).E2E/2- 25- 2017 5- 01- 17 PM/Image 20.PNG
../Images/Images_Automatic/AMD Part1/AMD (18).E2E/2- 25- 2017 5- 01- 17 PM/Image 21.PNG,./Macular-Dataset-R.Rasti_old/AMD Part1/AMD (18).E2E/2- 25- 2017 5- 01- 17 PM/Image 21.PNG
../Images/Images_Automatic/AMD Part1/AMD (18).E2E/2- 25- 2017 5- 01- 17 PM/Image 22.PNG,./Macular-Dataset-R.Rasti_old/AMD Part1/AMD (18).E2E/2- 25- 2017 5- 01- 17 PM/Image 22.PNG
../Images/Images_Automatic/AMD Part1/AMD (18).E2E/2- 25- 2017 5- 01- 17 PM/Image 23.PNG,./Macular-Dataset-R.Rasti_old/AMD Part1/AMD (18).E2E/2- 25- 2017 5- 01- 17 PM/Image 23.PNG
../Images/Images_Automatic/AMD Part1/AMD (18).E2E/2- 25- 2017 5- 01- 17 PM/Image 24.PNG,./Macular-Dataset-R.Rasti_old/AMD Part1/AMD (18).E2E/2- 25- 2017 5- 01- 17 PM/Image 24.PNG
../Images/Images_Automatic/AMD Part1/AMD (18).E2E/2- 25- 2017 5- 01- 17 PM/Image 25.PNG,./Macular-Dataset-R.Rasti_old/AMD Part1/AMD (18).E2E/2- 25- 2017 5- 01- 17 PM/Image 25.PNG
../Images/Images_Automatic/AMD Part1/AMD (18).E2E/2- 25- 2017 5- 01- 17 PM/Image 26.PNG,./Macular-Dataset-R.Rasti_old/AMD Part1/AMD (18).E2E/2- 25- 2017 5- 01- 17 PM/Image 26.PNG
../Images/Images_Automatic/AMD Part1/AMD (18).E2E/2- 25- 2017 5- 01- 17 PM/Image 27.PNG,./Macular-Dataset-R.Rasti_old/AMD Part1/AMD (18).E2E/2- 25- 2017 5- 01- 17 PM/Image 27.PNG
../Images/Images_Automatic/AMD Part1/AMD (18).E2E/2- 25- 2017 5- 01- 17 PM/Image 28.PNG,./Macular-Dataset-R.Rasti_old/AMD Part1/AMD (18).E2E/2- 25- 2017 5- 01- 17 PM/Image 28.PNG
../Images/Images_Automatic/AMD Part1/AMD (18).E2E/2- 25- 2017 5- 01- 17 PM/Image 29.PNG,./Macular-Dataset-R.Rasti_old/AMD Part1/AMD (18).E2E/2- 25- 2017 5- 01- 17 PM/Image 29.PNG
../Images/Images_Automatic/AMD Part1/AMD (18).E2E/2- 25- 2017 5- 01- 17 PM/Image 30.PNG,./Macular-Dataset-R.Rasti_old/AMD Part1/AMD (18).E2E/2- 25- 2017 5- 01- 17 PM/Image 30.PNG
../Images/Images_Automatic/AMD Part1/AMD (18).E2E/2- 25- 2017 5- 01- 17 PM/Image 31.PNG,./Macular-Dataset-R.Rasti_old/AMD Part1/AMD (18).E2E/2- 25- 2017 5- 01- 17 PM/Image 31.PNG
../Images/Images_Automatic/AMD Part1/AMD (18).E2E/2- 25- 2017 5- 01- 17 PM/Image 32.PNG,./Macular-Dataset-R.Rasti_old/AMD Part1/AMD (18).E2E/2- 25- 2017 5- 01- 17 PM/Image 32.PNG
../Images/Images_Automatic/AMD Part1/AMD (18).E2E/2- 25- 2017 5- 01- 17 PM/Image 33.PNG,./Macular-Dataset-R.Rasti_old/AMD Part1/AMD (18).E2E/2- 25- 2017 5- 01- 17 PM/Image 33.PNG
../Images/Images_Automatic/AMD Part1/AMD (18).E2E/2- 25- 2017 5- 01- 17 PM/Image 34.PNG,./Macular-Dataset-R.Rasti_old/AMD Part1/AMD (18).E2E/2- 25- 2017 5- 01- 17 PM/Image 34.PNG
../Images/Images_Automatic/AMD Part1/AMD (18).E2E/2- 25- 2017 5- 01- 17 PM/Image 35.PNG,./Macular-Dataset-R.Rasti_old/AMD Part1/AMD (18).E2E/2- 25- 2017 5- 01- 17 PM/Image 35.PNG
../Images/Images_Automatic/AMD Part1/AMD (18).E2E/2- 25- 2017 5- 01- 17 PM/Image 36.PNG,./Macular-Dataset-R.Rasti_old/AMD Part1/AMD (18).E2E/2- 25- 2017 5- 01- 17 PM/Image 36.PNG
../Images/Images_Automatic/AMD Part1/AMD (18).E2E/2- 25- 2017 5- 01- 17 PM/Image 37.PNG,./Macular-Dataset-R.Rasti_old/AMD Part1/AMD (18).E2E/2- 25- 2017 5- 01- 17 PM/Image 37.PNG
../Images/Images_Automatic/AMD Part1/AMD (18).E2E/2- 25- 2017 5- 01- 17 PM/Image 38.PNG,./Macular-Dataset-R.Rasti_old/AMD Part1/AMD (18).E2E/2- 25- 2017 5- 01- 17 PM/Image 38.PNG
../Images/Images_Automatic/AMD Part1/AMD (18).E2E/2- 25- 2017 5- 01- 17 PM/Image 39.PNG,./Macular-Dataset-R.Rasti_old/AMD Part1/AMD (18).E2E/2- 25- 2017 5- 01- 17 PM/Image 39.PNG
../Images/Images_Automatic/AMD Part1/AMD (18).E2E/2- 25- 2017 5- 01- 17 PM/Image 40.PNG,./Macular-Dataset-R.Rasti_old/AMD Part1/AMD (18).E2E/2- 25- 2017 5- 01- 17 PM/Image 40.PNG
../Images/Images_Automatic/AMD Part1/AMD (18).E2E/2- 25- 2017 5- 01- 17 PM/Image 41.PNG,./Macular-Dataset-R.Rasti_old/AMD Part1/AMD (18).E2E/2- 25- 2017 5- 01- 17 PM/Image 41.PNG
../Images/Images_Automatic/AMD Part1/AMD (18).E2E/2- 25- 2017 5- 01- 17 PM/Image 42.PNG,./Macular-Dataset-R.Rasti_old/AMD Part1/AMD (18).E2E/2- 25- 2017 5- 01- 17 PM/Image 42.PNG
../Images/Images_Automatic/AMD Part1/AMD (18).E2E/2- 25- 2017 5- 01- 17 PM/Image 43.PNG,./Macular-Dataset-R.Rasti_old/AMD Part1/AMD (18).E2E/2- 25- 2017 5- 01- 17 PM/Image 43.PNG
../Images/Images_Automatic/AMD Part1/AMD (18).E2E/2- 25- 2017 5- 01- 17 PM/Image 44.PNG,./Macular-Dataset-R.Rasti_old/AMD Part1/AMD (18).E2E/2- 25- 2017 5- 01- 17 PM/Image 44.PNG
../Images/Images_Automatic/AMD Part1/AMD (18).E2E/2- 25- 2017 5- 01- 17 PM/Image 45.PNG,./Macular-Dataset-R.Rasti_old/AMD Part1/AMD (18).E2E/2- 25- 2017 5- 01- 17 PM/Image 45.PNG
../Images/Images_Automatic/AMD Part1/AMD (18).E2E/2- 25- 2017 5- 01- 17 PM/Image 46.PNG,./Macular-Dataset-R.Rasti_old/AMD Part1/AMD (18).E2E/2- 25- 2017 5- 01- 17 PM/Image 46.PNG
../Images/Images_Automatic/AMD Part1/AMD (18).E2E/2- 25- 2017 5- 01- 17 PM/Image 47.PNG,./Macular-Dataset-R.Rasti_old/AMD Part1/AMD (18).E2E/2- 25- 2017 5- 01- 17 PM/Image 47.PNG
../Images/Images_Automatic/AMD Part1/AMD (18).E2E/2- 25- 2017 5- 01- 17 PM/Image 48.PNG,./Macular-Dataset-R.Rasti_old/AMD Part1/AMD (18).E2E/2- 25- 2017 5- 01- 17 PM/Image 48.PNG
../Images/Images_Automatic/AMD Part1/AMD (18).E2E/2- 25- 2017 5- 01- 17 PM/Image 49.PNG,./Macular-Dataset-R.Rasti_old/AMD Part1/AMD (18).E2E/2- 25- 2017 5- 01- 17 PM/Image 49.PNG
../Images/Images_Automatic/AMD Part1/AMD (18).E2E/2- 25- 2017 5- 01- 17 PM/Image 50.PNG,./Macular-Dataset-R.Rasti_old/AMD Part1/AMD (18).E2E/2- 25- 2017 5- 01- 17 PM/Image 50.PNG
../Images/Images_Automatic/AMD Part1/AMD (18).E2E/2- 25- 2017 5- 01- 17 PM/Image 51.PNG,./Macular-Dataset-R.Rasti_old/AMD Part1/AMD (18).E2E/2- 25- 2017 5- 01- 17 PM/Image 51.PNG
../Images/Images_Automatic/AMD Part1/AMD (18).E2E/2- 25- 2017 5- 01- 17 PM/Image 52.PNG,./Macular-Dataset-R.Rasti_old/AMD Part1/AMD (18).E2E/2- 25- 2017 5- 01- 17 PM/Image 52.PNG
../Images/Images_Automatic/AMD Part1/AMD (18).E2E/2- 25- 2017 5- 01- 17 PM/Image 53.PNG,./Macular-Dataset-R.Rasti_old/AMD Part1/AMD (18).E2E/2- 25- 2017 5- 01- 17 PM/Image 53.PNG
../Images/Images_Automatic/AMD Part1/AMD (18).E2E/2- 25- 2017 5- 01- 17 PM/Image 54.PNG,./Macular-Dataset-R.Rasti_old/AMD Part1/AMD (18).E2E/2- 25- 2017 5- 01- 17 PM/Image 54.PNG
../Images/Images_Automatic/AMD Part1/AMD (18).E2E/2- 25- 2017 5- 01- 17 PM/Image 55.PNG,./Macular-Dataset-R.Rasti_old/AMD Part1/AMD (18).E2E/2- 25- 2017 5- 01- 17 PM/Image 55.PNG
../Images/Images_Automatic/AMD Part1/AMD (18).E2E/2- 25- 2017 5- 01- 17 PM/Image 56.PNG,./Macular-Dataset-R.Rasti_old/AMD Part1/AMD (18).E2E/2- 25- 2017 5- 01- 17 PM/Image 56.PNG
../Images/Images_Automatic/AMD Part1/AMD (18).E2E/2- 25- 2017 5- 01- 17 PM/Image 57.PNG,./Macular-Dataset-R.Rasti_old/AMD Part1/AMD (18).E2E/2- 25- 2017 5- 01- 17 PM/Image 57.PNG
../Images/Images_Automatic/AMD Part1/AMD (18).E2E/2- 25- 2017 5- 01- 17 PM/Image 58.PNG,./Macular-Dataset-R.Rasti_old/AMD Part1/AMD (18).E2E/2- 25- 2017 5- 01- 17 PM/Image 58.PNG
../Images/Images_Automatic/AMD Part1/AMD (18).E2E/2- 25- 2017 5- 01- 17 PM/Image 59.PNG,./Macular-Dataset-R.Rasti_old/AMD Part1/AMD (18).E2E/2- 25- 2017 5- 01- 17 PM/Image 59.PNG
../Images/Images_Automatic/AMD Part1/AMD (18).E2E/2- 25- 2017 5- 01- 17 PM/Image 60.PNG,./Macular-Dataset-R.Rasti_old/AMD Part1/AMD (18).E2E/2- 25- 2017 5- 01- 17 PM/Image 60.PNG
../Images/Images_Automatic/AMD Part1/AMD (18).E2E/2- 25- 2017 5- 01- 17 PM/Image 61.PNG,./Macular-Dataset-R.Rasti_old/AMD Part1/AMD (18).E2E/2- 25- 2017 5- 01- 17 PM/Image 61.PNG
../Images/Images_Automatic/AMD Part1/AMD (18)/Image (10).png,./Dataset_3x50_Final/AMD/AMD (18)/Image (10).TIFF
../Images/Images_Automatic/AMD Part1/AMD (18)/Image (13).png,./Dataset_3x50_Final/AMD/AMD (18)/Image (13).TIFF
../Images/Images_Automatic/AMD Part1/AMD (18)/Image (16).png,./Dataset_3x50_Final/AMD/AMD (18)/Image (16).TIFF
../Images/Images_Automatic/AMD Part1/AMD (18)/Image (19).png,./Dataset_3x50_Final/AMD/AMD (18)/Image (19).TIFF
../Images/Images_Automatic/AMD Part1/AMD (18)/Image (23).png,./Dataset_3x50_Final/AMD/AMD (18)/Image (23).TIFF
../Images/Images_Automatic/AMD Part1/AMD (18)/Image (27).png,./Dataset_3x50_Final/AMD/AMD (18)/Image (27).TIFF
../Images/Images_Automatic/AMD Part1/AMD (18)/Image (30).png,./Dataset_3x50_Final/AMD/AMD (18)/Image (30).TIFF
../Images/Images_Automatic/AMD Part1/AMD (18)/Image (32).png,./Dataset_3x50_Final/AMD/AMD (18)/Image (32).TIFF
../Images/Images_Automatic/AMD Part1/AMD (19).E2E/2- 25- 2017 5- 02- 38 PM/Image 1.PNG,./Macular-Dataset-R.Rasti_old/AMD Part1/AMD (19).E2E/2- 25- 2017 5- 02- 38 PM/Image 1.PNG
../Images/Images_Automatic/AMD Part1/AMD (19).E2E/2- 25- 2017 5- 02- 38 PM/Image 2.PNG,./Macular-Dataset-R.Rasti_old/AMD Part1/AMD (19).E2E/2- 25- 2017 5- 02- 38 PM/Image 2.PNG
../Images/Images_Automatic/AMD Part1/AMD (19).E2E/2- 25- 2017 5- 02- 38 PM/Image 3.PNG,./Macular-Dataset-R.Rasti_old/AMD Part1/AMD (19).E2E/2- 25- 2017 5- 02- 38 PM/Image 3.PNG
../Images/Images_Automatic/AMD Part1/AMD (19).E2E/2- 25- 2017 5- 02- 38 PM/Image 4.PNG,./Macular-Dataset-R.Rasti_old/AMD Part1/AMD (19).E2E/2- 25- 2017 5- 02- 38 PM/Image 4.PNG
../Images/Images_Automatic/AMD Part1/AMD (19).E2E/2- 25- 2017 5- 02- 38 PM/Image 5.PNG,./Macular-Dataset-R.Rasti_old/AMD Part1/AMD (19).E2E/2- 25- 2017 5- 02- 38 PM/Image 5.PNG
../Images/Images_Automatic/AMD Part1/AMD (19).E2E/2- 25- 2017 5- 02- 38 PM/Image 6.PNG,./Macular-Dataset-R.Rasti_old/AMD Part1/AMD (19).E2E/2- 25- 2017 5- 02- 38 PM/Image 6.PNG
../Images/Images_Automatic/AMD Part1/AMD (19).E2E/2- 25- 2017 5- 02- 38 PM/Image 7.PNG,./Macular-Dataset-R.Rasti_old/AMD Part1/AMD (19).E2E/2- 25- 2017 5- 02- 38 PM/Image 7.PNG
../Images/Images_Automatic/AMD Part1/AMD (19).E2E/2- 25- 2017 5- 02- 38 PM/Image 8.PNG,./Macular-Dataset-R.Rasti_old/AMD Part1/AMD (19).E2E/2- 25- 2017 5- 02- 38 PM/Image 8.PNG
../Images/Images_Automatic/AMD Part1/AMD (19).E2E/2- 25- 2017 5- 02- 38 PM/Image 9.PNG,./Macular-Dataset-R.Rasti_old/AMD Part1/AMD (19).E2E/2- 25- 2017 5- 02- 38 PM/Image 9.PNG
../Images/Images_Automatic/AMD Part1/AMD (19).E2E/2- 25- 2017 5- 02- 38 PM/Image 10.PNG,./Macular-Dataset-R.Rasti_old/AMD Part1/AMD (19).E2E/2- 25- 2017 5- 02- 38 PM/Image 10.PNG
../Images/Images_Automatic/AMD Part1/AMD (19).E2E/2- 25- 2017 5- 02- 38 PM/Image 11.PNG,./Macular-Dataset-R.Rasti_old/AMD Part1/AMD (19).E2E/2- 25- 2017 5- 02- 38 PM/Image 11.PNG
../Images/Images_Automatic/AMD Part1/AMD (19).E2E/2- 25- 2017 5- 02- 38 PM/Image 12.PNG,./Macular-Dataset-R.Rasti_old/AMD Part1/AMD (19).E2E/2- 25- 2017 5- 02- 38 PM/Image 12.PNG
../Images/Images_Automatic/AMD Part1/AMD (19).E2E/2- 25- 2017 5- 02- 38 PM/Image 13.PNG,./Macular-Dataset-R.Rasti_old/AMD Part1/AMD (19).E2E/2- 25- 2017 5- 02- 38 PM/Image 13.PNG
../Images/Images_Automatic/AMD Part1/AMD (19).E2E/2- 25- 2017 5- 02- 38 PM/Image 14.PNG,./Macular-Dataset-R.Rasti_old/AMD Part1/AMD (19).E2E/2- 25- 2017 5- 02- 38 PM/Image 14.PNG
../Images/Images_Automatic/AMD Part1/AMD (19).E2E/2- 25- 2017 5- 02- 38 PM/Image 15.PNG,./Macular-Dataset-R.Rasti_old/AMD Part1/AMD (19).E2E/2- 25- 2017 5- 02- 38 PM/Image 15.PNG
../Images/Images_Automatic/AMD Part1/AMD (19).E2E/2- 25- 2017 5- 02- 38 PM/Image 16.PNG,./Macular-Dataset-R.Rasti_old/AMD Part1/AMD (19).E2E/2- 25- 2017 5- 02- 38 PM/Image 16.PNG
../Images/Images_Automatic/AMD Part1/AMD (19).E2E/2- 25- 2017 5- 02- 38 PM/Image 17.PNG,./Macular-Dataset-R.Rasti_old/AMD Part1/AMD (19).E2E/2- 25- 2017 5- 02- 38 PM/Image 17.PNG
../Images/Images_Automatic/AMD Part1/AMD (19).E2E/2- 25- 2017 5- 02- 38 PM/Image 18.PNG,./Macular-Dataset-R.Rasti_old/AMD Part1/AMD (19).E2E/2- 25- 2017 5- 02- 38 PM/Image 18.PNG
../Images/Images_Automatic/AMD Part1/AMD (19).E2E/2- 25- 2017 5- 02- 38 PM/Image 19.PNG,./Macular-Dataset-R.Rasti_old/AMD Part1/AMD (19).E2E/2- 25- 2017 5- 02- 38 PM/Image 19.PNG
../Images/Images_Automatic/AMD Part1/AMD (19)/Image (9).png,./Dataset_3x50_Final/AMD/AMD (19)/Image (9).TIFF
../Images/Images_Automatic/AMD Part1/AMD (19)/Image (15).png,./Dataset_3x50_Final/AMD/AMD (19)/Image (15).TIFF
../Images/Images_Automatic/AMD Part1/AMD (19)/Image (19).png,./Dataset_3x50_Final/AMD/AMD (19)/Image (19).TIFF
../Images/Images_Automatic/AMD Part1/AMD (19)/Image (23).png,./Dataset_3x50_Final/AMD/AMD (19)/Image (23).TIFF
../Images/Images_Automatic/AMD Part1/AMD (19)/Image (28).png,./Dataset_3x50_Final/AMD/AMD (19)/Image (28).TIFF
../Images/Images_Automatic/AMD Part1/AMD (19)/Image (32).png,./Dataset_3x50_Final/AMD/AMD (19)/Image (32).TIFF
../Images/Images_Automatic/AMD Part1/AMD (19)/Image (36).png,./Dataset_3x50_Final/AMD/AMD (19)/Image (36).TIFF
../Images/Images_Automatic/AMD Part1/AMD (20).E2E/2- 25- 2017 5- 09- 09 PM/Image 1.png,./Macular-Dataset-R.Rasti_old/AMD Part1/AMD (20).E2E/2- 25- 2017 5- 09- 09 PM/Image 1.TIFF
../Images/Images_Automatic/AMD Part1/AMD (20).E2E/2- 25- 2017 5- 09- 09 PM/Image 2.png,./Macular-Dataset-R.Rasti_old/AMD Part1/AMD (20).E2E/2- 25- 2017 5- 09- 09 PM/Image 2.TIFF
../Images/Images_Automatic/AMD Part1/AMD (20).E2E/2- 25- 2017 5- 09- 09 PM/Image 3.png,./Macular-Dataset-R.Rasti_old/AMD Part1/AMD (20).E2E/2- 25- 2017 5- 09- 09 PM/Image 3.TIFF
../Images/Images_Automatic/AMD Part1/AMD (20).E2E/2- 25- 2017 5- 09- 09 PM/Image 4.png,./Macular-Dataset-R.Rasti_old/AMD Part1/AMD (20).E2E/2- 25- 2017 5- 09- 09 PM/Image 4.TIFF
../Images/Images_Automatic/AMD Part1/AMD (20).E2E/2- 25- 2017 5- 09- 09 PM/Image 5.png,./Macular-Dataset-R.Rasti_old/AMD Part1/AMD (20).E2E/2- 25- 2017 5- 09- 09 PM/Image 5.TIFF
../Images/Images_Automatic/AMD Part1/AMD (20).E2E/2- 25- 2017 5- 09- 09 PM/Image 6.png,./Macular-Dataset-R.Rasti_old/AMD Part1/AMD (20).E2E/2- 25- 2017 5- 09- 09 PM/Image 6.TIFF
../Images/Images_Automatic/AMD Part1/AMD (20).E2E/2- 25- 2017 5- 09- 09 PM/Image 7.png,./Macular-Dataset-R.Rasti_old/AMD Part1/AMD (20).E2E/2- 25- 2017 5- 09- 09 PM/Image 7.TIFF
../Images/Images_Automatic/AMD Part1/AMD (20).E2E/2- 25- 2017 5- 09- 09 PM/Image 8.png,./Macular-Dataset-R.Rasti_old/AMD Part1/AMD (20).E2E/2- 25- 2017 5- 09- 09 PM/Image 8.TIFF
../Images/Images_Automatic/AMD Part1/AMD (20).E2E/2- 25- 2017 5- 09- 09 PM/Image 9.png,./Macular-Dataset-R.Rasti_old/AMD Part1/AMD (20).E2E/2- 25- 2017 5- 09- 09 PM/Image 9.TIFF
../Images/Images_Automatic/AMD Part1/AMD (20).E2E/2- 25- 2017 5- 09- 09 PM/Image 10.png,./Macular-Dataset-R.Rasti_old/AMD Part1/AMD (20).E2E/2- 25- 2017 5- 09- 09 PM/Image 10.TIFF
../Images/Images_Automatic/AMD Part1/AMD (20).E2E/2- 25- 2017 5- 09- 09 PM/Image 11.png,./Macular-Dataset-R.Rasti_old/AMD Part1/AMD (20).E2E/2- 25- 2017 5- 09- 09 PM/Image 11.TIFF
../Images/Images_Automatic/AMD Part1/AMD (20).E2E/2- 25- 2017 5- 09- 09 PM/Image 12.png,./Macular-Dataset-R.Rasti_old/AMD Part1/AMD (20).E2E/2- 25- 2017 5- 09- 09 PM/Image 12.TIFF
../Images/Images_Automatic/AMD Part1/AMD (20).E2E/2- 25- 2017 5- 09- 09 PM/Image 13.png,./Macular-Dataset-R.Rasti_old/AMD Part1/AMD (20).E2E/2- 25- 2017 5- 09- 09 PM/Image 13.TIFF
../Images/Images_Automatic/AMD Part1/AMD (20).E2E/2- 25- 2017 5- 09- 09 PM/Image 14.png,./Macular-Dataset-R.Rasti_old/AMD Part1/AMD (20).E2E/2- 25- 2017 5- 09- 09 PM/Image 14.TIFF
../Images/Images_Automatic/AMD Part1/AMD (20).E2E/2- 25- 2017 5- 09- 09 PM/Image 15.png,./Macular-Dataset-R.Rasti_old/AMD Part1/AMD (20).E2E/2- 25- 2017 5- 09- 09 PM/Image 15.TIFF
../Images/Images_Automatic/AMD Part1/AMD (20).E2E/2- 25- 2017 5- 09- 09 PM/Image 16.png,./Macular-Dataset-R.Rasti_old/AMD Part1/AMD (20).E2E/2- 25- 2017 5- 09- 09 PM/Image 16.TIFF
../Images/Images_Automatic/AMD Part1/AMD (20).E2E/2- 25- 2017 5- 09- 09 PM/Image 17.png,./Macular-Dataset-R.Rasti_old/AMD Part1/AMD (20).E2E/2- 25- 2017 5- 09- 09 PM/Image 17.TIFF
../Images/Images_Automatic/AMD Part1/AMD (20).E2E/2- 25- 2017 5- 09- 09 PM/Image 18.png,./Macular-Dataset-R.Rasti_old/AMD Part1/AMD (20).E2E/2- 25- 2017 5- 09- 09 PM/Image 18.TIFF
../Images/Images_Automatic/AMD Part1/AMD (20).E2E/2- 25- 2017 5- 09- 09 PM/Image 19.png,./Macular-Dataset-R.Rasti_old/AMD Part1/AMD (20).E2E/2- 25- 2017 5- 09- 09 PM/Image 19.TIFF
../Images/Images_Automatic/AMD Part1/AMD (21)/Image (8).png,./Dataset_3x50_Final/AMD/AMD (21)/Image (8).TIFF
../Images/Images_Automatic/AMD Part1/AMD (21)/Image (10).png,./Dataset_3x50_Final/AMD/AMD (21)/Image (10).TIFF
../Images/Images_Automatic/AMD Part1/AMD (21)/Image (13).png,./Dataset_3x50_Final/AMD/AMD (21)/Image (13).TIFF
../Images/Images_Automatic/AMD Part1/AMD (21)/Image (17).png,./Dataset_3x50_Final/AMD/AMD (21)/Image (17).TIFF
../Images/Images_Automatic/AMD Part1/AMD (21)/Image (21).png,./Dataset_3x50_Final/AMD/AMD (21)/Image (21).TIFF
../Images/Images_Automatic/AMD Part1/AMD (21)/Image (25).png,./Dataset_3x50_Final/AMD/AMD (21)/Image (25).TIFF
../Images/Images_Automatic/AMD Part1/AMD (21)/Image (31).png,./Dataset_3x50_Final/AMD/AMD (21)/Image (31).TIFF
../Images/Images_Automatic/AMD Part1/AMD (21)/Image (36).png,./Dataset_3x50_Final/AMD/AMD (21)/Image (36).TIFF
../Images/Images_Automatic/AMD Part1/AMD (21)/Image (39).png,./Dataset_3x50_Final/AMD/AMD (21)/Image (39).TIFF
../Images/Images_Automatic/AMD Part1/AMD (21)/Image (49).png,./Dataset_3x50_Final/AMD/AMD (21)/Image (49).TIFF
../Images/Images_Automatic/AMD Part1/AMD (21)/Image (56).png,./Dataset_3x50_Final/AMD/AMD (21)/Image (56).TIFF
../Images/Images_Automatic/AMD Part1/AMD (21)/Image (59).png,./Dataset_3x50_Final/AMD/AMD (21)/Image (59).TIFF
../Images/Images_Automatic/AMD Part1/AMD (21)/Image (61).png,./Dataset_3x50_Final/AMD/AMD (21)/Image (61).TIFF
../Images/Images_Automatic/AMD Part1/AMD (21)/Image (64).png,./Dataset_3x50_Final/AMD/AMD (21)/Image (64).TIFF
../Images/Images_Automatic/AMD Part1/AMD (25).E2E/2- 25- 2017 5- 21- 35 PM/Image 1.png,./Macular-Dataset-R.Rasti_old/AMD Part1/AMD (25).E2E/2- 25- 2017 5- 21- 35 PM/Image 1.TIFF
../Images/Images_Automatic/AMD Part1/AMD (25).E2E/2- 25- 2017 5- 21- 35 PM/Image 2.png,./Macular-Dataset-R.Rasti_old/AMD Part1/AMD (25).E2E/2- 25- 2017 5- 21- 35 PM/Image 2.TIFF
../Images/Images_Automatic/AMD Part1/AMD (25).E2E/2- 25- 2017 5- 21- 35 PM/Image 3.png,./Macular-Dataset-R.Rasti_old/AMD Part1/AMD (25).E2E/2- 25- 2017 5- 21- 35 PM/Image 3.TIFF
../Images/Images_Automatic/AMD Part1/AMD (25).E2E/2- 25- 2017 5- 21- 35 PM/Image 4.png,./Macular-Dataset-R.Rasti_old/AMD Part1/AMD (25).E2E/2- 25- 2017 5- 21- 35 PM/Image 4.TIFF
../Images/Images_Automatic/AMD Part1/AMD (25).E2E/2- 25- 2017 5- 21- 35 PM/Image 5.png,./Macular-Dataset-R.Rasti_old/AMD Part1/AMD (25).E2E/2- 25- 2017 5- 21- 35 PM/Image 5.TIFF
../Images/Images_Automatic/AMD Part1/AMD (25).E2E/2- 25- 2017 5- 21- 35 PM/Image 6.png,./Macular-Dataset-R.Rasti_old/AMD Part1/AMD (25).E2E/2- 25- 2017 5- 21- 35 PM/Image 6.TIFF
../Images/Images_Automatic/AMD Part1/AMD (25).E2E/2- 25- 2017 5- 21- 35 PM/Image 7.png,./Macular-Dataset-R.Rasti_old/AMD Part1/AMD (25).E2E/2- 25- 2017 5- 21- 35 PM/Image 7.TIFF
../Images/Images_Automatic/AMD Part1/AMD (25).E2E/2- 25- 2017 5- 21- 35 PM/Image 8.png,./Macular-Dataset-R.Rasti_old/AMD Part1/AMD (25).E2E/2- 25- 2017 5- 21- 35 PM/Image 8.TIFF
../Images/Images_Automatic/AMD Part1/AMD (25).E2E/2- 25- 2017 5- 21- 35 PM/Image 9.png,./Macular-Dataset-R.Rasti_old/AMD Part1/AMD (25).E2E/2- 25- 2017 5- 21- 35 PM/Image 9.TIFF
../Images/Images_Automatic/AMD Part1/AMD (25).E2E/2- 25- 2017 5- 21- 35 PM/Image 10.png,./Macular-Dataset-R.Rasti_old/AMD Part1/AMD (25).E2E/2- 25- 2017 5- 21- 35 PM/Image 10.TIFF
../Images/Images_Automatic/AMD Part1/AMD (25).E2E/2- 25- 2017 5- 21- 35 PM/Image 11.png,./Macular-Dataset-R.Rasti_old/AMD Part1/AMD (25).E2E/2- 25- 2017 5- 21- 35 PM/Image 11.TIFF
../Images/Images_Automatic/AMD Part1/AMD (25).E2E/2- 25- 2017 5- 21- 35 PM/Image 12.png,./Macular-Dataset-R.Rasti_old/AMD Part1/AMD (25).E2E/2- 25- 2017 5- 21- 35 PM/Image 12.TIFF
../Images/Images_Automatic/AMD Part1/AMD (25).E2E/2- 25- 2017 5- 21- 35 PM/Image 13.png,./Macular-Dataset-R.Rasti_old/AMD Part1/AMD (25).E2E/2- 25- 2017 5- 21- 35 PM/Image 13.TIFF
../Images/Images_Automatic/AMD Part1/AMD (25).E2E/2- 25- 2017 5- 21- 35 PM/Image 14.png,./Macular-Dataset-R.Rasti_old/AMD Part1/AMD (25).E2E/2- 25- 2017 5- 21- 35 PM/Image 14.TIFF
../Images/Images_Automatic/AMD Part1/AMD (25).E2E/2- 25- 2017 5- 21- 35 PM/Image 15.png,./Macular-Dataset-R.Rasti_old/AMD Part1/AMD (25).E2E/2- 25- 2017 5- 21- 35 PM/Image 15.TIFF
../Images/Images_Automatic/AMD Part1/AMD (25).E2E/2- 25- 2017 5- 21- 35 PM/Image 16.png,./Macular-Dataset-R.Rasti_old/AMD Part1/AMD (25).E2E/2- 25- 2017 5- 21- 35 PM/Image 16.TIFF
../Images/Images_Automatic/AMD Part1/AMD (25).E2E/2- 25- 2017 5- 21- 35 PM/Image 17.png,./Macular-Dataset-R.Rasti_old/AMD Part1/AMD (25).E2E/2- 25- 2017 5- 21- 35 PM/Image 17.TIFF
../Images/Images_Automatic/AMD Part1/AMD (25).E2E/2- 25- 2017 5- 21- 35 PM/Image 18.png,./Macular-Dataset-R.Rasti_old/AMD Part1/AMD (25).E2E/2- 25- 2017 5- 21- 35 PM/Image 18.TIFF
../Images/Images_Automatic/AMD Part1/AMD (25).E2E/2- 25- 2017 5- 21- 35 PM/Image 19.png,./Macular-Dataset-R.Rasti_old/AMD Part1/AMD (25).E2E/2- 25- 2017 5- 21- 35 PM/Image 19.TIFF
../Images/Images_Automatic/AMD Part1/AMD (25).E2E/2- 25- 2017 5- 21- 35 PM/Image 20.png,./Macular-Dataset-R.Rasti_old/AMD Part1/AMD (25).E2E/2- 25- 2017 5- 21- 35 PM/Image 20.TIFF
../Images/Images_Automatic/AMD Part1/AMD (25).E2E/2- 25- 2017 5- 21- 35 PM/Image 21.png,./Macular-Dataset-R.Rasti_old/AMD Part1/AMD (25).E2E/2- 25- 2017 5- 21- 35 PM/Image 21.TIFF
../Images/Images_Automatic/AMD Part1/AMD (25).E2E/2- 25- 2017 5- 21- 35 PM/Image 22.png,./Macular-Dataset-R.Rasti_old/AMD Part1/AMD (25).E2E/2- 25- 2017 5- 21- 35 PM/Image 22.TIFF
../Images/Images_Automatic/AMD Part1/AMD (25).E2E/2- 25- 2017 5- 21- 35 PM/Image 23.png,./Macular-Dataset-R.Rasti_old/AMD Part1/AMD (25).E2E/2- 25- 2017 5- 21- 35 PM/Image 23.TIFF
../Images/Images_Automatic/AMD Part1/AMD (25).E2E/2- 25- 2017 5- 21- 35 PM/Image 24.png,./Macular-Dataset-R.Rasti_old/AMD Part1/AMD (25).E2E/2- 25- 2017 5- 21- 35 PM/Image 24.TIFF
../Images/Images_Automatic/AMD Part1/AMD (25).E2E/2- 25- 2017 5- 21- 35 PM/Image 25.png,./Macular-Dataset-R.Rasti_old/AMD Part1/AMD (25).E2E/2- 25- 2017 5- 21- 35 PM/Image 25.TIFF
../Images/Images_Automatic/AMD Part1/AMD (25).E2E/2- 25- 2017 5- 21- 35 PM/Image 26.png,./Macular-Dataset-R.Rasti_old/AMD Part1/AMD (25).E2E/2- 25- 2017 5- 21- 35 PM/Image 26.TIFF
../Images/Images_Automatic/AMD Part1/AMD (25).E2E/2- 25- 2017 5- 21- 35 PM/Image 27.png,./Macular-Dataset-R.Rasti_old/AMD Part1/AMD (25).E2E/2- 25- 2017 5- 21- 35 PM/Image 27.TIFF
../Images/Images_Automatic/AMD Part1/AMD (25).E2E/2- 25- 2017 5- 21- 35 PM/Image 28.png,./Macular-Dataset-R.Rasti_old/AMD Part1/AMD (25).E2E/2- 25- 2017 5- 21- 35 PM/Image 28.TIFF
../Images/Images_Automatic/AMD Part1/AMD (25).E2E/2- 25- 2017 5- 21- 35 PM/Image 29.png,./Macular-Dataset-R.Rasti_old/AMD Part1/AMD (25).E2E/2- 25- 2017 5- 21- 35 PM/Image 29.TIFF
../Images/Images_Automatic/AMD Part1/AMD (25).E2E/2- 25- 2017 5- 21- 35 PM/Image 30.png,./Macular-Dataset-R.Rasti_old/AMD Part1/AMD (25).E2E/2- 25- 2017 5- 21- 35 PM/Image 30.TIFF
../Images/Images_Automatic/AMD Part1/AMD (25).E2E/2- 25- 2017 5- 21- 35 PM/Image 31.png,./Macular-Dataset-R.Rasti_old/AMD Part1/AMD (25).E2E/2- 25- 2017 5- 21- 35 PM/Image 31.TIFF
../Images/Images_Automatic/AMD Part1/AMD (26)/Image (4).png,./Dataset_3x50_Final/AMD/AMD (26)/Image (4).TIFF
../Images/Images_Automatic/AMD Part1/AMD (26)/Image (7).png,./Dataset_3x50_Final/AMD/AMD (26)/Image (7).TIFF
../Images/Images_Automatic/AMD Part1/AMD (26)/Image (10).png,./Dataset_3x50_Final/AMD/AMD (26)/Image (10).TIFF
../Images/Images_Automatic/AMD Part1/AMD (26)/Image (14).png,./Dataset_3x50_Final/AMD/AMD (26)/Image (14).TIFF
../Images/Images_Automatic/AMD Part1/AMD (26)/Image (23).png,./Dataset_3x50_Final/AMD/AMD (26)/Image (23).TIFF
../Images/Images_Automatic/AMD Part1/AMD (26)/Image (28).png,./Dataset_3x50_Final/AMD/AMD (26)/Image (28).TIFF
../Images/Images_Automatic/AMD Part1/AMD (26)/Image (33).png,./Dataset_3x50_Final/AMD/AMD (26)/Image (33).TIFF
../Images/Images_Automatic/AMD Part1/AMD (26)/Image (36).png,./Dataset_3x50_Final/AMD/AMD (26)/Image (36).TIFF
../Images/Images_Automatic/AMD Part1/AMD (29)/Image (1).png,./Dataset_3x50_Final/AMD/AMD (29)/Image (1).TIFF
../Images/Images_Automatic/AMD Part1/AMD (29)/Image (2).png,./Dataset_3x50_Final/AMD/AMD (29)/Image (2).TIFF
../Images/Images_Automatic/AMD Part1/AMD (29)/Image (3).png,./Dataset_3x50_Final/AMD/AMD (29)/Image (3).TIFF
../Images/Images_Automatic/AMD Part1/AMD (29)/Image (4).png,./Dataset_3x50_Final/AMD/AMD (29)/Image (4).TIFF
../Images/Images_Automatic/AMD Part1/AMD (29)/Image (5).png,./Dataset_3x50_Final/AMD/AMD (29)/Image (5).TIFF
../Images/Images_Automatic/AMD Part1/AMD (29)/Image (6).png,./Dataset_3x50_Final/AMD/AMD (29)/Image (6).TIFF
../Images/Images_Automatic/AMD Part1/AMD (29)/Image (7).png,./Dataset_3x50_Final/AMD/AMD (29)/Image (7).TIFF
../Images/Images_Automatic/AMD Part1/AMD (29)/Image (8).png,./Dataset_3x50_Final/AMD/AMD (29)/Image (8).TIFF
../Images/Images_Automatic/AMD Part1/AMD (29)/Image (9).png,./Dataset_3x50_Final/AMD/AMD (29)/Image (9).TIFF
../Images/Images_Automatic/AMD Part1/AMD (29)/Image (10).png,./Dataset_3x50_Final/AMD/AMD (29)/Image (10).TIFF
../Images/Images_Automatic/AMD Part1/AMD (29)/Image (11).png,./Dataset_3x50_Final/AMD/AMD (29)/Image (11).TIFF
../Images/Images_Automatic/AMD Part1/AMD (29)/Image (12).png,./Dataset_3x50_Final/AMD/AMD (29)/Image (12).TIFF
../Images/Images_Automatic/AMD Part1/AMD (29)/Image (13).png,./Dataset_3x50_Final/AMD/AMD (29)/Image (13).TIFF
../Images/Images_Automatic/AMD Part1/AMD (29)/Image (14).png,./Dataset_3x50_Final/AMD/AMD (29)/Image (14).TIFF
../Images/Images_Automatic/AMD Part1/AMD (29)/Image (15).png,./Dataset_3x50_Final/AMD/AMD (29)/Image (15).TIFF
../Images/Images_Automatic/AMD Part1/AMD (29)/Image (16).png,./Dataset_3x50_Final/AMD/AMD (29)/Image (16).TIFF
../Images/Images_Automatic/AMD Part1/AMD (29)/Image (17).png,./Dataset_3x50_Final/AMD/AMD (29)/Image (17).TIFF
../Images/Images_Automatic/AMD Part1/AMD (29)/Image (18).png,./Dataset_3x50_Final/AMD/AMD (29)/Image (18).TIFF
../Images/Images_Automatic/AMD Part1/AMD (29)/Image (19).png,./Dataset_3x50_Final/AMD/AMD (29)/Image (19).TIFF
../Images/Images_Automatic/AMD Part1/AMD (29)/Image (20).png,./Dataset_3x50_Final/AMD/AMD (29)/Image (20).TIFF
../Images/Images_Automatic/AMD Part1/AMD (29)/Image (21).png,./Dataset_3x50_Final/AMD/AMD (29)/Image (21).TIFF
../Images/Images_Automatic/AMD Part1/AMD (29)/Image (22).png,./Dataset_3x50_Final/AMD/AMD (29)/Image (22).TIFF
../Images/Images_Automatic/AMD Part1/AMD (29)/Image (23).png,./Dataset_3x50_Final/AMD/AMD (29)/Image (23).TIFF
../Images/Images_Automatic/AMD Part1/AMD (29)/Image (24).png,./Dataset_3x50_Final/AMD/AMD (29)/Image (24).TIFF
../Images/Images_Automatic/AMD Part1/AMD (29)/Image (25).png,./Dataset_3x50_Final/AMD/AMD (29)/Image (25).TIFF
../Images/Images_Automatic/AMD Part1/AMD (29)/Image (26).png,./Dataset_3x50_Final/AMD/AMD (29)/Image (26).TIFF
../Images/Images_Automatic/AMD Part1/AMD (29)/Image (27).png,./Dataset_3x50_Final/AMD/AMD (29)/Image (27).TIFF
../Images/Images_Automatic/AMD Part1/AMD (29)/Image (28).png,./Dataset_3x50_Final/AMD/AMD (29)/Image (28).TIFF
../Images/Images_Automatic/AMD Part1/AMD (29)/Image (29).png,./Dataset_3x50_Final/AMD/AMD (29)/Image (29).TIFF
../Images/Images_Automatic/AMD Part1/AMD (29)/Image (30).png,./Dataset_3x50_Final/AMD/AMD (29)/Image (30).TIFF
../Images/Images_Automatic/AMD Part1/AMD (29)/Image (31).png,./Dataset_3x50_Final/AMD/AMD (29)/Image (31).TIFF
../Images/Images_Automatic/AMD Part1/AMD (29)/Image (32).png,./Dataset_3x50_Final/AMD/AMD (29)/Image (32).TIFF
../Images/Images_Automatic/AMD Part1/AMD (29)/Image (33).png,./Dataset_3x50_Final/AMD/AMD (29)/Image (33).TIFF
../Images/Images_Automatic/AMD Part1/AMD (29)/Image (34).png,./Dataset_3x50_Final/AMD/AMD (29)/Image (34).TIFF
../Images/Images_Automatic/AMD Part1/AMD (29)/Image (35).png,./Dataset_3x50_Final/AMD/AMD (29)/Image (35).TIFF
../Images/Images_Automatic/AMD Part1/AMD (29)/Image (36).png,./Dataset_3x50_Final/AMD/AMD (29)/Image (36).TIFF
../Images/Images_Automatic/AMD Part1/AMD (29)/Image (37).png,./Dataset_3x50_Final/AMD/AMD (29)/Image (37).TIFF
../Images/Images_Automatic/AMD Part1/AMD (29)/Image (38).png,./Dataset_3x50_Final/AMD/AMD (29)/Image (38).TIFF
../Images/Images_Automatic/AMD Part1/AMD (29)/Image (39).png,./Dataset_3x50_Final/AMD/AMD (29)/Image (39).TIFF
../Images/Images_Automatic/AMD Part1/AMD (29)/Image (40).png,./Dataset_3x50_Final/AMD/AMD (29)/Image (40).TIFF
../Images/Images_Automatic/AMD Part1/AMD (29)/Image (41).png,./Dataset_3x50_Final/AMD/AMD (29)/Image (41).TIFF
../Images/Images_Automatic/AMD Part1/AMD (29)/Image (42).png,./Dataset_3x50_Final/AMD/AMD (29)/Image (42).TIFF
../Images/Images_Automatic/AMD Part1/AMD (29)/Image (43).png,./Dataset_3x50_Final/AMD/AMD (29)/Image (43).TIFF
../Images/Images_Automatic/AMD Part1/AMD (29)/Image (44).png,./Dataset_3x50_Final/AMD/AMD (29)/Image (44).TIFF
../Images/Images_Automatic/AMD Part1/AMD (29)/Image (45).png,./Dataset_3x50_Final/AMD/AMD (29)/Image (45).TIFF
../Images/Images_Automatic/AMD Part1/AMD (29)/Image (46).png,./Dataset_3x50_Final/AMD/AMD (29)/Image (46).TIFF
../Images/Images_Automatic/AMD Part1/AMD (29)/Image (47).png,./Dataset_3x50_Final/AMD/AMD (29)/Image (47).TIFF
../Images/Images_Automatic/AMD Part1/AMD (29)/Image (48).png,./Dataset_3x50_Final/AMD/AMD (29)/Image (48).TIFF
../Images/Images_Automatic/AMD Part1/AMD (29)/Image (49).png,./Dataset_3x50_Final/AMD/AMD (29)/Image (49).TIFF
../Images/Images_Automatic/AMD Part1/AMD (29)/Image (50).png,./Dataset_3x50_Final/AMD/AMD (29)/Image (50).TIFF
../Images/Images_Automatic/AMD Part1/AMD (29)/Image (51).png,./Dataset_3x50_Final/AMD/AMD (29)/Image (51).TIFF
../Images/Images_Automatic/AMD Part1/AMD (29)/Image (52).png,./Dataset_3x50_Final/AMD/AMD (29)/Image (52).TIFF
../Images/Images_Automatic/AMD Part1/AMD (29)/Image (53).png,./Dataset_3x50_Final/AMD/AMD (29)/Image (53).TIFF
../Images/Images_Automatic/AMD Part1/AMD (29)/Image (54).png,./Dataset_3x50_Final/AMD/AMD (29)/Image (54).TIFF
../Images/Images_Automatic/AMD Part1/AMD (29)/Image (55).png,./Dataset_3x50_Final/AMD/AMD (29)/Image (55).TIFF
../Images/Images_Automatic/AMD Part1/AMD (29)/Image (56).png,./Dataset_3x50_Final/AMD/AMD (29)/Image (56).TIFF
../Images/Images_Automatic/AMD Part1/AMD (29)/Image (57).png,./Dataset_3x50_Final/AMD/AMD (29)/Image (57).TIFF
../Images/Images_Automatic/AMD Part1/AMD (29)/Image (58).png,./Dataset_3x50_Final/AMD/AMD (29)/Image (58).TIFF
../Images/Images_Automatic/AMD Part1/AMD (29)/Image (59).png,./Dataset_3x50_Final/AMD/AMD (29)/Image (59).TIFF
../Images/Images_Automatic/AMD Part1/AMD (29)/Image (60).png,./Dataset_3x50_Final/AMD/AMD (29)/Image (60).TIFF
../Images/Images_Automatic/AMD Part1/AMD (29)/Image (61).png,./Dataset_3x50_Final/AMD/AMD (29)/Image (61).TIFF
../Images/Images_Automatic/AMD Part1/AMD (29)/Image (62).png,./Dataset_3x50_Final/AMD/AMD (29)/Image (62).TIFF
../Images/Images_Automatic/AMD Part1/AMD (29)/Image (63).png,./Dataset_3x50_Final/AMD/AMD (29)/Image (63).TIFF
../Images/Images_Automatic/AMD Part1/AMD (29)/Image (64).png,./Dataset_3x50_Final/AMD/AMD (29)/Image (64).TIFF
../Images/Images_Automatic/AMD Part1/AMD (29)/Image (65).png,./Dataset_3x50_Final/AMD/AMD (29)/Image (65).TIFF
../Images/Images_Automatic/AMD Part1/AMD (29)/Image (66).png,./Dataset_3x50_Final/AMD/AMD (29)/Image (66).TIFF
../Images/Images_Automatic/AMD Part1/AMD (29)/Image (67).png,./Dataset_3x50_Final/AMD/AMD (29)/Image (67).TIFF
../Images/Images_Automatic/AMD Part1/AMD (29)/Image (68).png,./Dataset_3x50_Final/AMD/AMD (29)/Image (68).TIFF
../Images/Images_Automatic/AMD Part1/AMD (29)/Image (69).png,./Dataset_3x50_Final/AMD/AMD (29)/Image (69).TIFF
../Images/Images_Automatic/AMD Part1/AMD (29)/Image (70).png,./Dataset_3x50_Final/AMD/AMD (29)/Image (70).TIFF
../Images/Images_Automatic/AMD Part1/AMD (29)/Image (71).png,./Dataset_3x50_Final/AMD/AMD (29)/Image (71).TIFF
../Images/Images_Automatic/AMD Part1/AMD (29)/Image (72).png,./Dataset_3x50_Final/AMD/AMD (29)/Image (72).TIFF
../Images/Images_Automatic/AMD Part1/AMD (29)/Image (73).png,./Dataset_3x50_Final/AMD/AMD (29)/Image (73).TIFF
../Images/Images_Automatic/AMD Part1/AMD (30).E2E/2- 25- 2017 8- 40- 33 PM/Image 2.png,./Macular-Dataset-R.Rasti_old/AMD Part1/AMD (30).E2E/2- 25- 2017 8- 40- 33 PM/Image 2.TIFF
../Images/Images_Automatic/AMD Part1/AMD (30).E2E/2- 25- 2017 8- 40- 33 PM/Image 3.png,./Macular-Dataset-R.Rasti_old/AMD Part1/AMD (30).E2E/2- 25- 2017 8- 40- 33 PM/Image 3.TIFF
../Images/Images_Automatic/AMD Part1/AMD (30).E2E/2- 25- 2017 8- 40- 33 PM/Image 4.png,./Macular-Dataset-R.Rasti_old/AMD Part1/AMD (30).E2E/2- 25- 2017 8- 40- 33 PM/Image 4.TIFF
../Images/Images_Automatic/AMD Part1/AMD (30).E2E/2- 25- 2017 8- 40- 33 PM/Image 5.png,./Macular-Dataset-R.Rasti_old/AMD Part1/AMD (30).E2E/2- 25- 2017 8- 40- 33 PM/Image 5.TIFF
../Images/Images_Automatic/AMD Part1/AMD (30).E2E/2- 25- 2017 8- 40- 33 PM/Image 6.png,./Macular-Dataset-R.Rasti_old/AMD Part1/AMD (30).E2E/2- 25- 2017 8- 40- 33 PM/Image 6.TIFF
../Images/Images_Automatic/AMD Part1/AMD (30).E2E/2- 25- 2017 8- 40- 33 PM/Image 7.png,./Macular-Dataset-R.Rasti_old/AMD Part1/AMD (30).E2E/2- 25- 2017 8- 40- 33 PM/Image 7.TIFF
../Images/Images_Automatic/AMD Part1/AMD (30).E2E/2- 25- 2017 8- 40- 33 PM/Image 8.png,./Macular-Dataset-R.Rasti_old/AMD Part1/AMD (30).E2E/2- 25- 2017 8- 40- 33 PM/Image 8.TIFF
../Images/Images_Automatic/AMD Part1/AMD (30).E2E/2- 25- 2017 8- 40- 33 PM/Image 9.png,./Macular-Dataset-R.Rasti_old/AMD Part1/AMD (30).E2E/2- 25- 2017 8- 40- 33 PM/Image 9.TIFF
../Images/Images_Automatic/AMD Part1/AMD (30).E2E/2- 25- 2017 8- 40- 33 PM/Image 10.png,./Macular-Dataset-R.Rasti_old/AMD Part1/AMD (30).E2E/2- 25- 2017 8- 40- 33 PM/Image 10.TIFF
../Images/Images_Automatic/AMD Part1/AMD (30).E2E/2- 25- 2017 8- 40- 33 PM/Image 11.png,./Macular-Dataset-R.Rasti_old/AMD Part1/AMD (30).E2E/2- 25- 2017 8- 40- 33 PM/Image 11.TIFF
../Images/Images_Automatic/AMD Part1/AMD (30).E2E/2- 25- 2017 8- 40- 33 PM/Image 12.png,./Macular-Dataset-R.Rasti_old/AMD Part1/AMD (30).E2E/2- 25- 2017 8- 40- 33 PM/Image 12.TIFF
../Images/Images_Automatic/AMD Part1/AMD (30).E2E/2- 25- 2017 8- 40- 33 PM/Image 13.png,./Macular-Dataset-R.Rasti_old/AMD Part1/AMD (30).E2E/2- 25- 2017 8- 40- 33 PM/Image 13.TIFF
../Images/Images_Automatic/AMD Part1/AMD (30).E2E/2- 25- 2017 8- 40- 33 PM/Image 14.png,./Macular-Dataset-R.Rasti_old/AMD Part1/AMD (30).E2E/2- 25- 2017 8- 40- 33 PM/Image 14.TIFF
../Images/Images_Automatic/AMD Part1/AMD (30).E2E/2- 25- 2017 8- 40- 33 PM/Image 15.png,./Macular-Dataset-R.Rasti_old/AMD Part1/AMD (30).E2E/2- 25- 2017 8- 40- 33 PM/Image 15.TIFF
../Images/Images_Automatic/AMD Part1/AMD (30).E2E/2- 25- 2017 8- 40- 33 PM/Image 16.png,./Macular-Dataset-R.Rasti_old/AMD Part1/AMD (30).E2E/2- 25- 2017 8- 40- 33 PM/Image 16.TIFF
../Images/Images_Automatic/AMD Part1/AMD (30).E2E/2- 25- 2017 8- 40- 33 PM/Image 17.png,./Macular-Dataset-R.Rasti_old/AMD Part1/AMD (30).E2E/2- 25- 2017 8- 40- 33 PM/Image 17.TIFF
../Images/Images_Automatic/AMD Part1/AMD (30).E2E/2- 25- 2017 8- 40- 33 PM/Image 18.png,./Macular-Dataset-R.Rasti_old/AMD Part1/AMD (30).E2E/2- 25- 2017 8- 40- 33 PM/Image 18.TIFF
../Images/Images_Automatic/AMD Part1/AMD (30).E2E/2- 25- 2017 8- 40- 33 PM/Image 19.png,./Macular-Dataset-R.Rasti_old/AMD Part1/AMD (30).E2E/2- 25- 2017 8- 40- 33 PM/Image 19.TIFF
../Images/Images_Automatic/AMD Part1/AMD (30).E2E/2- 25- 2017 8- 40- 33 PM/Image 20.png,./Macular-Dataset-R.Rasti_old/AMD Part1/AMD (30).E2E/2- 25- 2017 8- 40- 33 PM/Image 20.TIFF
../Images/Images_Automatic/AMD Part1/AMD (30).E2E/2- 25- 2017 8- 40- 33 PM/Image 21.png,./Macular-Dataset-R.Rasti_old/AMD Part1/AMD (30).E2E/2- 25- 2017 8- 40- 33 PM/Image 21.TIFF
../Images/Images_Automatic/AMD Part1/AMD (30).E2E/2- 25- 2017 8- 40- 33 PM/Image 22.png,./Macular-Dataset-R.Rasti_old/AMD Part1/AMD (30).E2E/2- 25- 2017 8- 40- 33 PM/Image 22.TIFF
../Images/Images_Automatic/AMD Part1/AMD (30).E2E/2- 25- 2017 8- 40- 33 PM/Image 23.png,./Macular-Dataset-R.Rasti_old/AMD Part1/AMD (30).E2E/2- 25- 2017 8- 40- 33 PM/Image 23.TIFF
../Images/Images_Automatic/AMD Part1/AMD (30).E2E/2- 25- 2017 8- 40- 33 PM/Image 24.png,./Macular-Dataset-R.Rasti_old/AMD Part1/AMD (30).E2E/2- 25- 2017 8- 40- 33 PM/Image 24.TIFF
../Images/Images_Automatic/AMD Part1/AMD (30).E2E/2- 25- 2017 8- 40- 33 PM/Image 25.png,./Macular-Dataset-R.Rasti_old/AMD Part1/AMD (30).E2E/2- 25- 2017 8- 40- 33 PM/Image 25.TIFF
../Images/Images_Automatic/AMD Part1/AMD (30).E2E/2- 25- 2017 8- 40- 33 PM/Image 26.png,./Macular-Dataset-R.Rasti_old/AMD Part1/AMD (30).E2E/2- 25- 2017 8- 40- 33 PM/Image 26.TIFF
../Images/Images_Automatic/AMD Part1/AMD (30).E2E/2- 25- 2017 8- 40- 33 PM/Image 27.png,./Macular-Dataset-R.Rasti_old/AMD Part1/AMD (30).E2E/2- 25- 2017 8- 40- 33 PM/Image 27.TIFF
../Images/Images_Automatic/AMD Part1/AMD (30).E2E/2- 25- 2017 8- 40- 33 PM/Image 28.png,./Macular-Dataset-R.Rasti_old/AMD Part1/AMD (30).E2E/2- 25- 2017 8- 40- 33 PM/Image 28.TIFF
../Images/Images_Automatic/AMD Part1/AMD (30).E2E/2- 25- 2017 8- 40- 33 PM/Image 29.png,./Macular-Dataset-R.Rasti_old/AMD Part1/AMD (30).E2E/2- 25- 2017 8- 40- 33 PM/Image 29.TIFF
../Images/Images_Automatic/AMD Part1/AMD (30).E2E/2- 25- 2017 8- 40- 33 PM/Image 30.png,./Macular-Dataset-R.Rasti_old/AMD Part1/AMD (30).E2E/2- 25- 2017 8- 40- 33 PM/Image 30.TIFF
../Images/Images_Automatic/AMD Part1/AMD (30).E2E/2- 25- 2017 8- 40- 33 PM/Image 31.png,./Macular-Dataset-R.Rasti_old/AMD Part1/AMD (30).E2E/2- 25- 2017 8- 40- 33 PM/Image 31.TIFF
../Images/Images_Automatic/AMD Part1/AMD (30)/Image (22).png,./Dataset_3x50_Final/AMD/AMD (30)/Image (22).TIFF
../Images/Images_Automatic/AMD Part1/AMD (30)/Image (26).png,./Dataset_3x50_Final/AMD/AMD (30)/Image (26).TIFF
../Images/Images_Automatic/AMD Part1/AMD (30)/Image (29).png,./Dataset_3x50_Final/AMD/AMD (30)/Image (29).TIFF
../Images/Images_Automatic/AMD Part1/AMD (30)/Image (31).png,./Dataset_3x50_Final/AMD/AMD (30)/Image (31).TIFF
../Images/Images_Automatic/AMD Part1/AMD (32).E2E/2- 25- 2017 8- 45- 16 PM/Image 1.png,./Macular-Dataset-R.Rasti_old/AMD Part1/AMD (32).E2E/2- 25- 2017 8- 45- 16 PM/Image 1.TIFF
../Images/Images_Automatic/AMD Part1/AMD (32).E2E/2- 25- 2017 8- 45- 16 PM/Image 2.png,./Macular-Dataset-R.Rasti_old/AMD Part1/AMD (32).E2E/2- 25- 2017 8- 45- 16 PM/Image 2.TIFF
../Images/Images_Automatic/AMD Part1/AMD (32).E2E/2- 25- 2017 8- 45- 16 PM/Image 3.png,./Macular-Dataset-R.Rasti_old/AMD Part1/AMD (32).E2E/2- 25- 2017 8- 45- 16 PM/Image 3.TIFF
../Images/Images_Automatic/AMD Part1/AMD (32).E2E/2- 25- 2017 8- 45- 16 PM/Image 4.png,./Macular-Dataset-R.Rasti_old/AMD Part1/AMD (32).E2E/2- 25- 2017 8- 45- 16 PM/Image 4.TIFF
../Images/Images_Automatic/AMD Part1/AMD (32).E2E/2- 25- 2017 8- 45- 16 PM/Image 5.png,./Macular-Dataset-R.Rasti_old/AMD Part1/AMD (32).E2E/2- 25- 2017 8- 45- 16 PM/Image 5.TIFF
../Images/Images_Automatic/AMD Part1/AMD (32).E2E/2- 25- 2017 8- 45- 16 PM/Image 6.png,./Macular-Dataset-R.Rasti_old/AMD Part1/AMD (32).E2E/2- 25- 2017 8- 45- 16 PM/Image 6.TIFF
../Images/Images_Automatic/AMD Part1/AMD (32).E2E/2- 25- 2017 8- 45- 16 PM/Image 7.png,./Macular-Dataset-R.Rasti_old/AMD Part1/AMD (32).E2E/2- 25- 2017 8- 45- 16 PM/Image 7.TIFF
../Images/Images_Automatic/AMD Part1/AMD (32).E2E/2- 25- 2017 8- 45- 16 PM/Image 8.png,./Macular-Dataset-R.Rasti_old/AMD Part1/AMD (32).E2E/2- 25- 2017 8- 45- 16 PM/Image 8.TIFF
../Images/Images_Automatic/AMD Part1/AMD (32).E2E/2- 25- 2017 8- 45- 16 PM/Image 9.png,./Macular-Dataset-R.Rasti_old/AMD Part1/AMD (32).E2E/2- 25- 2017 8- 45- 16 PM/Image 9.TIFF
../Images/Images_Automatic/AMD Part1/AMD (32).E2E/2- 25- 2017 8- 45- 16 PM/Image 10.png,./Macular-Dataset-R.Rasti_old/AMD Part1/AMD (32).E2E/2- 25- 2017 8- 45- 16 PM/Image 10.TIFF
../Images/Images_Automatic/AMD Part1/AMD (32).E2E/2- 25- 2017 8- 45- 16 PM/Image 11.png,./Macular-Dataset-R.Rasti_old/AMD Part1/AMD (32).E2E/2- 25- 2017 8- 45- 16 PM/Image 11.TIFF
../Images/Images_Automatic/AMD Part1/AMD (32).E2E/2- 25- 2017 8- 45- 16 PM/Image 12.png,./Macular-Dataset-R.Rasti_old/AMD Part1/AMD (32).E2E/2- 25- 2017 8- 45- 16 PM/Image 12.TIFF
../Images/Images_Automatic/AMD Part1/AMD (32).E2E/2- 25- 2017 8- 45- 16 PM/Image 13.png,./Macular-Dataset-R.Rasti_old/AMD Part1/AMD (32).E2E/2- 25- 2017 8- 45- 16 PM/Image 13.TIFF
../Images/Images_Automatic/AMD Part1/AMD (32).E2E/2- 25- 2017 8- 45- 16 PM/Image 14.png,./Macular-Dataset-R.Rasti_old/AMD Part1/AMD (32).E2E/2- 25- 2017 8- 45- 16 PM/Image 14.TIFF
../Images/Images_Automatic/AMD Part1/AMD (32).E2E/2- 25- 2017 8- 45- 16 PM/Image 15.png,./Macular-Dataset-R.Rasti_old/AMD Part1/AMD (32).E2E/2- 25- 2017 8- 45- 16 PM/Image 15.TIFF
../Images/Images_Automatic/AMD Part1/AMD (32).E2E/2- 25- 2017 8- 45- 16 PM/Image 16.png,./Macular-Dataset-R.Rasti_old/AMD Part1/AMD (32).E2E/2- 25- 2017 8- 45- 16 PM/Image 16.TIFF
../Images/Images_Automatic/AMD Part1/AMD (32).E2E/2- 25- 2017 8- 45- 16 PM/Image 17.png,./Macular-Dataset-R.Rasti_old/AMD Part1/AMD (32).E2E/2- 25- 2017 8- 45- 16 PM/Image 17.TIFF
../Images/Images_Automatic/AMD Part1/AMD (32).E2E/2- 25- 2017 8- 45- 16 PM/Image 18.png,./Macular-Dataset-R.Rasti_old/AMD Part1/AMD (32).E2E/2- 25- 2017 8- 45- 16 PM/Image 18.TIFF
../Images/Images_Automatic/AMD Part1/AMD (32).E2E/2- 25- 2017 8- 45- 16 PM/Image 19.png,./Macular-Dataset-R.Rasti_old/AMD Part1/AMD (32).E2E/2- 25- 2017 8- 45- 16 PM/Image 19.TIFF
../Images/Images_Automatic/AMD Part1/AMD (33).E2E/2- 25- 2017 8- 47- 14 PM/Image 1.png,./Macular-Dataset-R.Rasti_old/AMD Part1/AMD (33).E2E/2- 25- 2017 8- 47- 14 PM/Image 1.TIFF
../Images/Images_Automatic/AMD Part1/AMD (33).E2E/2- 25- 2017 8- 47- 14 PM/Image 2.png,./Macular-Dataset-R.Rasti_old/AMD Part1/AMD (33).E2E/2- 25- 2017 8- 47- 14 PM/Image 2.TIFF
../Images/Images_Automatic/AMD Part1/AMD (33).E2E/2- 25- 2017 8- 47- 14 PM/Image 3.png,./Macular-Dataset-R.Rasti_old/AMD Part1/AMD (33).E2E/2- 25- 2017 8- 47- 14 PM/Image 3.TIFF
../Images/Images_Automatic/AMD Part1/AMD (33).E2E/2- 25- 2017 8- 47- 14 PM/Image 4.png,./Macular-Dataset-R.Rasti_old/AMD Part1/AMD (33).E2E/2- 25- 2017 8- 47- 14 PM/Image 4.TIFF
../Images/Images_Automatic/AMD Part1/AMD (33).E2E/2- 25- 2017 8- 47- 14 PM/Image 5.png,./Macular-Dataset-R.Rasti_old/AMD Part1/AMD (33).E2E/2- 25- 2017 8- 47- 14 PM/Image 5.TIFF
../Images/Images_Automatic/AMD Part1/AMD (33).E2E/2- 25- 2017 8- 47- 14 PM/Image 6.png,./Macular-Dataset-R.Rasti_old/AMD Part1/AMD (33).E2E/2- 25- 2017 8- 47- 14 PM/Image 6.TIFF
../Images/Images_Automatic/AMD Part1/AMD (33).E2E/2- 25- 2017 8- 47- 14 PM/Image 7.png,./Macular-Dataset-R.Rasti_old/AMD Part1/AMD (33).E2E/2- 25- 2017 8- 47- 14 PM/Image 7.TIFF
../Images/Images_Automatic/AMD Part1/AMD (33).E2E/2- 25- 2017 8- 47- 14 PM/Image 8.png,./Macular-Dataset-R.Rasti_old/AMD Part1/AMD (33).E2E/2- 25- 2017 8- 47- 14 PM/Image 8.TIFF
../Images/Images_Automatic/AMD Part1/AMD (33).E2E/2- 25- 2017 8- 47- 14 PM/Image 9.png,./Macular-Dataset-R.Rasti_old/AMD Part1/AMD (33).E2E/2- 25- 2017 8- 47- 14 PM/Image 9.TIFF
../Images/Images_Automatic/AMD Part1/AMD (33).E2E/2- 25- 2017 8- 47- 14 PM/Image 10.png,./Macular-Dataset-R.Rasti_old/AMD Part1/AMD (33).E2E/2- 25- 2017 8- 47- 14 PM/Image 10.TIFF
../Images/Images_Automatic/AMD Part1/AMD (33).E2E/2- 25- 2017 8- 47- 14 PM/Image 11.png,./Macular-Dataset-R.Rasti_old/AMD Part1/AMD (33).E2E/2- 25- 2017 8- 47- 14 PM/Image 11.TIFF
../Images/Images_Automatic/AMD Part1/AMD (33).E2E/2- 25- 2017 8- 47- 14 PM/Image 12.png,./Macular-Dataset-R.Rasti_old/AMD Part1/AMD (33).E2E/2- 25- 2017 8- 47- 14 PM/Image 12.TIFF
../Images/Images_Automatic/AMD Part1/AMD (33).E2E/2- 25- 2017 8- 47- 14 PM/Image 13.png,./Macular-Dataset-R.Rasti_old/AMD Part1/AMD (33).E2E/2- 25- 2017 8- 47- 14 PM/Image 13.TIFF
../Images/Images_Automatic/AMD Part1/AMD (33).E2E/2- 25- 2017 8- 47- 14 PM/Image 14.png,./Macular-Dataset-R.Rasti_old/AMD Part1/AMD (33).E2E/2- 25- 2017 8- 47- 14 PM/Image 14.TIFF
../Images/Images_Automatic/AMD Part1/AMD (33).E2E/2- 25- 2017 8- 47- 14 PM/Image 15.png,./Macular-Dataset-R.Rasti_old/AMD Part1/AMD (33).E2E/2- 25- 2017 8- 47- 14 PM/Image 15.TIFF
../Images/Images_Automatic/AMD Part1/AMD (33).E2E/2- 25- 2017 8- 47- 14 PM/Image 16.png,./Macular-Dataset-R.Rasti_old/AMD Part1/AMD (33).E2E/2- 25- 2017 8- 47- 14 PM/Image 16.TIFF
../Images/Images_Automatic/AMD Part1/AMD (33).E2E/2- 25- 2017 8- 47- 14 PM/Image 17.png,./Macular-Dataset-R.Rasti_old/AMD Part1/AMD (33).E2E/2- 25- 2017 8- 47- 14 PM/Image 17.TIFF
../Images/Images_Automatic/AMD Part1/AMD (33).E2E/2- 25- 2017 8- 47- 14 PM/Image 18.png,./Macular-Dataset-R.Rasti_old/AMD Part1/AMD (33).E2E/2- 25- 2017 8- 47- 14 PM/Image 18.TIFF
../Images/Images_Automatic/AMD Part1/AMD (33).E2E/2- 25- 2017 8- 47- 14 PM/Image 19.png,./Macular-Dataset-R.Rasti_old/AMD Part1/AMD (33).E2E/2- 25- 2017 8- 47- 14 PM/Image 19.TIFF
../Images/Images_Automatic/AMD Part1/AMD (33).E2E/2- 25- 2017 8- 47- 14 PM/Image 20.png,./Macular-Dataset-R.Rasti_old/AMD Part1/AMD (33).E2E/2- 25- 2017 8- 47- 14 PM/Image 20.TIFF
../Images/Images_Automatic/AMD Part1/AMD (33).E2E/2- 25- 2017 8- 47- 14 PM/Image 21.png,./Macular-Dataset-R.Rasti_old/AMD Part1/AMD (33).E2E/2- 25- 2017 8- 47- 14 PM/Image 21.TIFF
../Images/Images_Automatic/AMD Part1/AMD (33).E2E/2- 25- 2017 8- 47- 14 PM/Image 22.png,./Macular-Dataset-R.Rasti_old/AMD Part1/AMD (33).E2E/2- 25- 2017 8- 47- 14 PM/Image 22.TIFF
../Images/Images_Automatic/AMD Part1/AMD (33).E2E/2- 25- 2017 8- 47- 14 PM/Image 23.png,./Macular-Dataset-R.Rasti_old/AMD Part1/AMD (33).E2E/2- 25- 2017 8- 47- 14 PM/Image 23.TIFF
../Images/Images_Automatic/AMD Part1/AMD (33).E2E/2- 25- 2017 8- 47- 14 PM/Image 24.png,./Macular-Dataset-R.Rasti_old/AMD Part1/AMD (33).E2E/2- 25- 2017 8- 47- 14 PM/Image 24.TIFF
../Images/Images_Automatic/AMD Part1/AMD (33).E2E/2- 25- 2017 8- 47- 14 PM/Image 25.png,./Macular-Dataset-R.Rasti_old/AMD Part1/AMD (33).E2E/2- 25- 2017 8- 47- 14 PM/Image 25.TIFF
../Images/Images_Automatic/AMD Part1/AMD (33).E2E/2- 25- 2017 8- 47- 14 PM/Image 26.png,./Macular-Dataset-R.Rasti_old/AMD Part1/AMD (33).E2E/2- 25- 2017 8- 47- 14 PM/Image 26.TIFF
../Images/Images_Automatic/AMD Part1/AMD (33).E2E/2- 25- 2017 8- 47- 14 PM/Image 27.png,./Macular-Dataset-R.Rasti_old/AMD Part1/AMD (33).E2E/2- 25- 2017 8- 47- 14 PM/Image 27.TIFF
../Images/Images_Automatic/AMD Part1/AMD (33).E2E/2- 25- 2017 8- 47- 14 PM/Image 28.png,./Macular-Dataset-R.Rasti_old/AMD Part1/AMD (33).E2E/2- 25- 2017 8- 47- 14 PM/Image 28.TIFF
../Images/Images_Automatic/AMD Part1/AMD (33).E2E/2- 25- 2017 8- 47- 14 PM/Image 29.png,./Macular-Dataset-R.Rasti_old/AMD Part1/AMD (33).E2E/2- 25- 2017 8- 47- 14 PM/Image 29.TIFF
../Images/Images_Automatic/AMD Part1/AMD (33).E2E/2- 25- 2017 8- 47- 14 PM/Image 30.png,./Macular-Dataset-R.Rasti_old/AMD Part1/AMD (33).E2E/2- 25- 2017 8- 47- 14 PM/Image 30.TIFF
../Images/Images_Automatic/AMD Part1/AMD (33).E2E/2- 25- 2017 8- 47- 14 PM/Image 31.png,./Macular-Dataset-R.Rasti_old/AMD Part1/AMD (33).E2E/2- 25- 2017 8- 47- 14 PM/Image 31.TIFF
../Images/Images_Automatic/AMD Part2/AMD (36).E2E/2- 25- 2017 9- 02- 29 PM/Image 1.png,./Macular-Dataset-R.Rasti_old/AMD Part2/AMD (36).E2E/2- 25- 2017 9- 02- 29 PM/Image 1.TIFF
../Images/Images_Automatic/AMD Part2/AMD (36).E2E/2- 25- 2017 9- 02- 29 PM/Image 2.png,./Macular-Dataset-R.Rasti_old/AMD Part2/AMD (36).E2E/2- 25- 2017 9- 02- 29 PM/Image 2.TIFF
../Images/Images_Automatic/AMD Part2/AMD (36).E2E/2- 25- 2017 9- 02- 29 PM/Image 3.png,./Macular-Dataset-R.Rasti_old/AMD Part2/AMD (36).E2E/2- 25- 2017 9- 02- 29 PM/Image 3.TIFF
../Images/Images_Automatic/AMD Part2/AMD (36).E2E/2- 25- 2017 9- 02- 29 PM/Image 4.png,./Macular-Dataset-R.Rasti_old/AMD Part2/AMD (36).E2E/2- 25- 2017 9- 02- 29 PM/Image 4.TIFF
../Images/Images_Automatic/AMD Part2/AMD (36).E2E/2- 25- 2017 9- 02- 29 PM/Image 5.png,./Macular-Dataset-R.Rasti_old/AMD Part2/AMD (36).E2E/2- 25- 2017 9- 02- 29 PM/Image 5.TIFF
../Images/Images_Automatic/AMD Part2/AMD (36).E2E/2- 25- 2017 9- 02- 29 PM/Image 6.png,./Macular-Dataset-R.Rasti_old/AMD Part2/AMD (36).E2E/2- 25- 2017 9- 02- 29 PM/Image 6.TIFF
../Images/Images_Automatic/AMD Part2/AMD (36).E2E/2- 25- 2017 9- 02- 29 PM/Image 7.png,./Macular-Dataset-R.Rasti_old/AMD Part2/AMD (36).E2E/2- 25- 2017 9- 02- 29 PM/Image 7.TIFF
../Images/Images_Automatic/AMD Part2/AMD (36).E2E/2- 25- 2017 9- 02- 29 PM/Image 8.png,./Macular-Dataset-R.Rasti_old/AMD Part2/AMD (36).E2E/2- 25- 2017 9- 02- 29 PM/Image 8.TIFF
../Images/Images_Automatic/AMD Part2/AMD (36).E2E/2- 25- 2017 9- 02- 29 PM/Image 9.png,./Macular-Dataset-R.Rasti_old/AMD Part2/AMD (36).E2E/2- 25- 2017 9- 02- 29 PM/Image 9.TIFF
../Images/Images_Automatic/AMD Part2/AMD (36).E2E/2- 25- 2017 9- 02- 29 PM/Image 10.png,./Macular-Dataset-R.Rasti_old/AMD Part2/AMD (36).E2E/2- 25- 2017 9- 02- 29 PM/Image 10.TIFF
../Images/Images_Automatic/AMD Part2/AMD (36).E2E/2- 25- 2017 9- 02- 29 PM/Image 11.png,./Macular-Dataset-R.Rasti_old/AMD Part2/AMD (36).E2E/2- 25- 2017 9- 02- 29 PM/Image 11.TIFF
../Images/Images_Automatic/AMD Part2/AMD (36).E2E/2- 25- 2017 9- 02- 29 PM/Image 12.png,./Macular-Dataset-R.Rasti_old/AMD Part2/AMD (36).E2E/2- 25- 2017 9- 02- 29 PM/Image 12.TIFF
../Images/Images_Automatic/AMD Part2/AMD (36).E2E/2- 25- 2017 9- 02- 29 PM/Image 13.png,./Macular-Dataset-R.Rasti_old/AMD Part2/AMD (36).E2E/2- 25- 2017 9- 02- 29 PM/Image 13.TIFF
../Images/Images_Automatic/AMD Part2/AMD (36).E2E/2- 25- 2017 9- 02- 29 PM/Image 14.png,./Macular-Dataset-R.Rasti_old/AMD Part2/AMD (36).E2E/2- 25- 2017 9- 02- 29 PM/Image 14.TIFF
../Images/Images_Automatic/AMD Part2/AMD (36).E2E/2- 25- 2017 9- 02- 29 PM/Image 15.png,./Macular-Dataset-R.Rasti_old/AMD Part2/AMD (36).E2E/2- 25- 2017 9- 02- 29 PM/Image 15.TIFF
../Images/Images_Automatic/AMD Part2/AMD (36).E2E/2- 25- 2017 9- 02- 29 PM/Image 16.png,./Macular-Dataset-R.Rasti_old/AMD Part2/AMD (36).E2E/2- 25- 2017 9- 02- 29 PM/Image 16.TIFF
../Images/Images_Automatic/AMD Part2/AMD (36).E2E/2- 25- 2017 9- 02- 29 PM/Image 17.png,./Macular-Dataset-R.Rasti_old/AMD Part2/AMD (36).E2E/2- 25- 2017 9- 02- 29 PM/Image 17.TIFF
../Images/Images_Automatic/AMD Part2/AMD (36).E2E/2- 25- 2017 9- 02- 29 PM/Image 18.png,./Macular-Dataset-R.Rasti_old/AMD Part2/AMD (36).E2E/2- 25- 2017 9- 02- 29 PM/Image 18.TIFF
../Images/Images_Automatic/AMD Part2/AMD (36).E2E/2- 25- 2017 9- 02- 29 PM/Image 19.png,./Macular-Dataset-R.Rasti_old/AMD Part2/AMD (36).E2E/2- 25- 2017 9- 02- 29 PM/Image 19.TIFF
../Images/Images_Automatic/AMD Part2/AMD (36).E2E/2- 25- 2017 9- 02- 29 PM/Image 20.png,./Macular-Dataset-R.Rasti_old/AMD Part2/AMD (36).E2E/2- 25- 2017 9- 02- 29 PM/Image 20.TIFF
../Images/Images_Automatic/AMD Part2/AMD (36).E2E/2- 25- 2017 9- 02- 29 PM/Image 21.png,./Macular-Dataset-R.Rasti_old/AMD Part2/AMD (36).E2E/2- 25- 2017 9- 02- 29 PM/Image 21.TIFF
../Images/Images_Automatic/AMD Part2/AMD (36).E2E/2- 25- 2017 9- 02- 29 PM/Image 22.png,./Macular-Dataset-R.Rasti_old/AMD Part2/AMD (36).E2E/2- 25- 2017 9- 02- 29 PM/Image 22.TIFF
../Images/Images_Automatic/AMD Part2/AMD (36).E2E/2- 25- 2017 9- 02- 29 PM/Image 23.png,./Macular-Dataset-R.Rasti_old/AMD Part2/AMD (36).E2E/2- 25- 2017 9- 02- 29 PM/Image 23.TIFF
../Images/Images_Automatic/AMD Part2/AMD (36).E2E/2- 25- 2017 9- 02- 29 PM/Image 24.png,./Macular-Dataset-R.Rasti_old/AMD Part2/AMD (36).E2E/2- 25- 2017 9- 02- 29 PM/Image 24.TIFF
../Images/Images_Automatic/AMD Part2/AMD (36).E2E/2- 25- 2017 9- 02- 29 PM/Image 25.png,./Macular-Dataset-R.Rasti_old/AMD Part2/AMD (36).E2E/2- 25- 2017 9- 02- 29 PM/Image 25.TIFF
../Images/Images_Automatic/AMD Part2/AMD (36).E2E/2- 25- 2017 9- 02- 29 PM/Image 26.png,./Macular-Dataset-R.Rasti_old/AMD Part2/AMD (36).E2E/2- 25- 2017 9- 02- 29 PM/Image 26.TIFF
../Images/Images_Automatic/AMD Part2/AMD (36).E2E/2- 25- 2017 9- 02- 29 PM/Image 27.png,./Macular-Dataset-R.Rasti_old/AMD Part2/AMD (36).E2E/2- 25- 2017 9- 02- 29 PM/Image 27.TIFF
../Images/Images_Automatic/AMD Part2/AMD (36).E2E/2- 25- 2017 9- 02- 29 PM/Image 28.png,./Macular-Dataset-R.Rasti_old/AMD Part2/AMD (36).E2E/2- 25- 2017 9- 02- 29 PM/Image 28.TIFF
../Images/Images_Automatic/AMD Part2/AMD (36).E2E/2- 25- 2017 9- 02- 29 PM/Image 29.png,./Macular-Dataset-R.Rasti_old/AMD Part2/AMD (36).E2E/2- 25- 2017 9- 02- 29 PM/Image 29.TIFF
../Images/Images_Automatic/AMD Part2/AMD (36).E2E/2- 25- 2017 9- 02- 29 PM/Image 30.png,./Macular-Dataset-R.Rasti_old/AMD Part2/AMD (36).E2E/2- 25- 2017 9- 02- 29 PM/Image 30.TIFF
../Images/Images_Automatic/AMD Part2/AMD (36).E2E/2- 25- 2017 9- 02- 29 PM/Image 31.png,./Macular-Dataset-R.Rasti_old/AMD Part2/AMD (36).E2E/2- 25- 2017 9- 02- 29 PM/Image 31.TIFF
../Images/Images_Automatic/AMD Part2/AMD (36).E2E/2- 25- 2017 9- 02- 29 PM/Image 32.png,./Macular-Dataset-R.Rasti_old/AMD Part2/AMD (36).E2E/2- 25- 2017 9- 02- 29 PM/Image 32.TIFF
../Images/Images_Automatic/AMD Part2/AMD (36).E2E/2- 25- 2017 9- 02- 29 PM/Image 33.png,./Macular-Dataset-R.Rasti_old/AMD Part2/AMD (36).E2E/2- 25- 2017 9- 02- 29 PM/Image 33.TIFF
../Images/Images_Automatic/AMD Part2/AMD (36).E2E/2- 25- 2017 9- 02- 29 PM/Image 34.png,./Macular-Dataset-R.Rasti_old/AMD Part2/AMD (36).E2E/2- 25- 2017 9- 02- 29 PM/Image 34.TIFF
../Images/Images_Automatic/AMD Part2/AMD (36).E2E/2- 25- 2017 9- 02- 29 PM/Image 35.png,./Macular-Dataset-R.Rasti_old/AMD Part2/AMD (36).E2E/2- 25- 2017 9- 02- 29 PM/Image 35.TIFF
../Images/Images_Automatic/AMD Part2/AMD (36).E2E/2- 25- 2017 9- 02- 29 PM/Image 36.png,./Macular-Dataset-R.Rasti_old/AMD Part2/AMD (36).E2E/2- 25- 2017 9- 02- 29 PM/Image 36.TIFF
../Images/Images_Automatic/AMD Part2/AMD (36).E2E/2- 25- 2017 9- 02- 29 PM/Image 37.png,./Macular-Dataset-R.Rasti_old/AMD Part2/AMD (36).E2E/2- 25- 2017 9- 02- 29 PM/Image 37.TIFF
../Images/Images_Automatic/AMD Part2/AMD (36).E2E/2- 25- 2017 9- 02- 29 PM/Image 38.png,./Macular-Dataset-R.Rasti_old/AMD Part2/AMD (36).E2E/2- 25- 2017 9- 02- 29 PM/Image 38.TIFF
../Images/Images_Automatic/AMD Part2/AMD (36).E2E/2- 25- 2017 9- 02- 29 PM/Image 39.png,./Macular-Dataset-R.Rasti_old/AMD Part2/AMD (36).E2E/2- 25- 2017 9- 02- 29 PM/Image 39.TIFF
../Images/Images_Automatic/AMD Part2/AMD (36).E2E/2- 25- 2017 9- 02- 29 PM/Image 40.png,./Macular-Dataset-R.Rasti_old/AMD Part2/AMD (36).E2E/2- 25- 2017 9- 02- 29 PM/Image 40.TIFF
../Images/Images_Automatic/AMD Part2/AMD (36).E2E/2- 25- 2017 9- 02- 29 PM/Image 41.png,./Macular-Dataset-R.Rasti_old/AMD Part2/AMD (36).E2E/2- 25- 2017 9- 02- 29 PM/Image 41.TIFF
../Images/Images_Automatic/AMD Part2/AMD (36).E2E/2- 25- 2017 9- 02- 29 PM/Image 42.png,./Macular-Dataset-R.Rasti_old/AMD Part2/AMD (36).E2E/2- 25- 2017 9- 02- 29 PM/Image 42.TIFF
../Images/Images_Automatic/AMD Part2/AMD (36).E2E/2- 25- 2017 9- 02- 29 PM/Image 43.png,./Macular-Dataset-R.Rasti_old/AMD Part2/AMD (36).E2E/2- 25- 2017 9- 02- 29 PM/Image 43.TIFF
../Images/Images_Automatic/AMD Part2/AMD (36).E2E/2- 25- 2017 9- 02- 29 PM/Image 44.png,./Macular-Dataset-R.Rasti_old/AMD Part2/AMD (36).E2E/2- 25- 2017 9- 02- 29 PM/Image 44.TIFF
../Images/Images_Automatic/AMD Part2/AMD (36).E2E/2- 25- 2017 9- 02- 29 PM/Image 45.png,./Macular-Dataset-R.Rasti_old/AMD Part2/AMD (36).E2E/2- 25- 2017 9- 02- 29 PM/Image 45.TIFF
../Images/Images_Automatic/AMD Part2/AMD (36).E2E/2- 25- 2017 9- 02- 29 PM/Image 46.png,./Macular-Dataset-R.Rasti_old/AMD Part2/AMD (36).E2E/2- 25- 2017 9- 02- 29 PM/Image 46.TIFF
../Images/Images_Automatic/AMD Part2/AMD (36).E2E/2- 25- 2017 9- 02- 29 PM/Image 47.png,./Macular-Dataset-R.Rasti_old/AMD Part2/AMD (36).E2E/2- 25- 2017 9- 02- 29 PM/Image 47.TIFF
../Images/Images_Automatic/AMD Part2/AMD (36).E2E/2- 25- 2017 9- 02- 29 PM/Image 48.png,./Macular-Dataset-R.Rasti_old/AMD Part2/AMD (36).E2E/2- 25- 2017 9- 02- 29 PM/Image 48.TIFF
../Images/Images_Automatic/AMD Part2/AMD (36).E2E/2- 25- 2017 9- 02- 29 PM/Image 49.png,./Macular-Dataset-R.Rasti_old/AMD Part2/AMD (36).E2E/2- 25- 2017 9- 02- 29 PM/Image 49.TIFF
../Images/Images_Automatic/AMD Part2/AMD (36).E2E/2- 25- 2017 9- 02- 29 PM/Image 50.png,./Macular-Dataset-R.Rasti_old/AMD Part2/AMD (36).E2E/2- 25- 2017 9- 02- 29 PM/Image 50.TIFF
../Images/Images_Automatic/AMD Part2/AMD (36).E2E/2- 25- 2017 9- 02- 29 PM/Image 51.png,./Macular-Dataset-R.Rasti_old/AMD Part2/AMD (36).E2E/2- 25- 2017 9- 02- 29 PM/Image 51.TIFF
../Images/Images_Automatic/AMD Part2/AMD (36).E2E/2- 25- 2017 9- 02- 29 PM/Image 52.png,./Macular-Dataset-R.Rasti_old/AMD Part2/AMD (36).E2E/2- 25- 2017 9- 02- 29 PM/Image 52.TIFF
../Images/Images_Automatic/AMD Part2/AMD (36).E2E/2- 25- 2017 9- 02- 29 PM/Image 53.png,./Macular-Dataset-R.Rasti_old/AMD Part2/AMD (36).E2E/2- 25- 2017 9- 02- 29 PM/Image 53.TIFF
../Images/Images_Automatic/AMD Part2/AMD (36).E2E/2- 25- 2017 9- 02- 29 PM/Image 54.png,./Macular-Dataset-R.Rasti_old/AMD Part2/AMD (36).E2E/2- 25- 2017 9- 02- 29 PM/Image 54.TIFF
../Images/Images_Automatic/AMD Part2/AMD (36).E2E/2- 25- 2017 9- 02- 29 PM/Image 55.png,./Macular-Dataset-R.Rasti_old/AMD Part2/AMD (36).E2E/2- 25- 2017 9- 02- 29 PM/Image 55.TIFF
../Images/Images_Automatic/AMD Part2/AMD (36).E2E/2- 25- 2017 9- 02- 29 PM/Image 56.png,./Macular-Dataset-R.Rasti_old/AMD Part2/AMD (36).E2E/2- 25- 2017 9- 02- 29 PM/Image 56.TIFF
../Images/Images_Automatic/AMD Part2/AMD (36).E2E/2- 25- 2017 9- 02- 29 PM/Image 57.png,./Macular-Dataset-R.Rasti_old/AMD Part2/AMD (36).E2E/2- 25- 2017 9- 02- 29 PM/Image 57.TIFF
../Images/Images_Automatic/AMD Part2/AMD (36).E2E/2- 25- 2017 9- 02- 29 PM/Image 58.png,./Macular-Dataset-R.Rasti_old/AMD Part2/AMD (36).E2E/2- 25- 2017 9- 02- 29 PM/Image 58.TIFF
../Images/Images_Automatic/AMD Part2/AMD (36).E2E/2- 25- 2017 9- 02- 29 PM/Image 59.png,./Macular-Dataset-R.Rasti_old/AMD Part2/AMD (36).E2E/2- 25- 2017 9- 02- 29 PM/Image 59.TIFF
../Images/Images_Automatic/AMD Part2/AMD (36).E2E/2- 25- 2017 9- 02- 29 PM/Image 60.png,./Macular-Dataset-R.Rasti_old/AMD Part2/AMD (36).E2E/2- 25- 2017 9- 02- 29 PM/Image 60.TIFF
../Images/Images_Automatic/AMD Part2/AMD (36).E2E/2- 25- 2017 9- 02- 29 PM/Image 61.png,./Macular-Dataset-R.Rasti_old/AMD Part2/AMD (36).E2E/2- 25- 2017 9- 02- 29 PM/Image 61.TIFF
../Images/Images_Automatic/AMD Part2/AMD (37).E2E/2- 25- 2017 9- 04- 26 PM/Image 1.png,./Macular-Dataset-R.Rasti_old/AMD Part2/AMD (37).E2E/2- 25- 2017 9- 04- 26 PM/Image 1.TIFF
../Images/Images_Automatic/AMD Part2/AMD (37).E2E/2- 25- 2017 9- 04- 26 PM/Image 2.png,./Macular-Dataset-R.Rasti_old/AMD Part2/AMD (37).E2E/2- 25- 2017 9- 04- 26 PM/Image 2.TIFF
../Images/Images_Automatic/AMD Part2/AMD (37).E2E/2- 25- 2017 9- 04- 26 PM/Image 3.png,./Macular-Dataset-R.Rasti_old/AMD Part2/AMD (37).E2E/2- 25- 2017 9- 04- 26 PM/Image 3.TIFF
../Images/Images_Automatic/AMD Part2/AMD (37).E2E/2- 25- 2017 9- 04- 26 PM/Image 4.png,./Macular-Dataset-R.Rasti_old/AMD Part2/AMD (37).E2E/2- 25- 2017 9- 04- 26 PM/Image 4.TIFF
../Images/Images_Automatic/AMD Part2/AMD (37).E2E/2- 25- 2017 9- 04- 26 PM/Image 5.png,./Macular-Dataset-R.Rasti_old/AMD Part2/AMD (37).E2E/2- 25- 2017 9- 04- 26 PM/Image 5.TIFF
../Images/Images_Automatic/AMD Part2/AMD (37).E2E/2- 25- 2017 9- 04- 26 PM/Image 6.png,./Macular-Dataset-R.Rasti_old/AMD Part2/AMD (37).E2E/2- 25- 2017 9- 04- 26 PM/Image 6.TIFF
../Images/Images_Automatic/AMD Part2/AMD (37).E2E/2- 25- 2017 9- 04- 26 PM/Image 7.png,./Macular-Dataset-R.Rasti_old/AMD Part2/AMD (37).E2E/2- 25- 2017 9- 04- 26 PM/Image 7.TIFF
../Images/Images_Automatic/AMD Part2/AMD (37).E2E/2- 25- 2017 9- 04- 26 PM/Image 8.png,./Macular-Dataset-R.Rasti_old/AMD Part2/AMD (37).E2E/2- 25- 2017 9- 04- 26 PM/Image 8.TIFF
../Images/Images_Automatic/AMD Part2/AMD (37).E2E/2- 25- 2017 9- 04- 26 PM/Image 9.png,./Macular-Dataset-R.Rasti_old/AMD Part2/AMD (37).E2E/2- 25- 2017 9- 04- 26 PM/Image 9.TIFF
../Images/Images_Automatic/AMD Part2/AMD (37).E2E/2- 25- 2017 9- 04- 26 PM/Image 10.png,./Macular-Dataset-R.Rasti_old/AMD Part2/AMD (37).E2E/2- 25- 2017 9- 04- 26 PM/Image 10.TIFF
../Images/Images_Automatic/AMD Part2/AMD (37).E2E/2- 25- 2017 9- 04- 26 PM/Image 11.png,./Macular-Dataset-R.Rasti_old/AMD Part2/AMD (37).E2E/2- 25- 2017 9- 04- 26 PM/Image 11.TIFF
../Images/Images_Automatic/AMD Part2/AMD (37).E2E/2- 25- 2017 9- 04- 26 PM/Image 12.png,./Macular-Dataset-R.Rasti_old/AMD Part2/AMD (37).E2E/2- 25- 2017 9- 04- 26 PM/Image 12.TIFF
../Images/Images_Automatic/AMD Part2/AMD (37).E2E/2- 25- 2017 9- 04- 26 PM/Image 13.png,./Macular-Dataset-R.Rasti_old/AMD Part2/AMD (37).E2E/2- 25- 2017 9- 04- 26 PM/Image 13.TIFF
../Images/Images_Automatic/AMD Part2/AMD (37).E2E/2- 25- 2017 9- 04- 26 PM/Image 14.png,./Macular-Dataset-R.Rasti_old/AMD Part2/AMD (37).E2E/2- 25- 2017 9- 04- 26 PM/Image 14.TIFF
../Images/Images_Automatic/AMD Part2/AMD (37).E2E/2- 25- 2017 9- 04- 26 PM/Image 15.png,./Macular-Dataset-R.Rasti_old/AMD Part2/AMD (37).E2E/2- 25- 2017 9- 04- 26 PM/Image 15.TIFF
../Images/Images_Automatic/AMD Part2/AMD (37).E2E/2- 25- 2017 9- 04- 26 PM/Image 16.png,./Macular-Dataset-R.Rasti_old/AMD Part2/AMD (37).E2E/2- 25- 2017 9- 04- 26 PM/Image 16.TIFF
../Images/Images_Automatic/AMD Part2/AMD (37).E2E/2- 25- 2017 9- 04- 26 PM/Image 17.png,./Macular-Dataset-R.Rasti_old/AMD Part2/AMD (37).E2E/2- 25- 2017 9- 04- 26 PM/Image 17.TIFF
../Images/Images_Automatic/AMD Part2/AMD (37).E2E/2- 25- 2017 9- 04- 26 PM/Image 18.png,./Macular-Dataset-R.Rasti_old/AMD Part2/AMD (37).E2E/2- 25- 2017 9- 04- 26 PM/Image 18.TIFF
../Images/Images_Automatic/AMD Part2/AMD (37).E2E/2- 25- 2017 9- 04- 26 PM/Image 19.png,./Macular-Dataset-R.Rasti_old/AMD Part2/AMD (37).E2E/2- 25- 2017 9- 04- 26 PM/Image 19.TIFF
../Images/Images_Automatic/AMD Part2/AMD (38).E2E/2- 25- 2017 9- 05- 09 PM/Image 1.png,./Macular-Dataset-R.Rasti_old/AMD Part2/AMD (38).E2E/2- 25- 2017 9- 05- 09 PM/Image 1.TIFF
../Images/Images_Automatic/AMD Part2/AMD (38).E2E/2- 25- 2017 9- 05- 09 PM/Image 2.png,./Macular-Dataset-R.Rasti_old/AMD Part2/AMD (38).E2E/2- 25- 2017 9- 05- 09 PM/Image 2.TIFF
../Images/Images_Automatic/AMD Part2/AMD (38).E2E/2- 25- 2017 9- 05- 09 PM/Image 3.png,./Macular-Dataset-R.Rasti_old/AMD Part2/AMD (38).E2E/2- 25- 2017 9- 05- 09 PM/Image 3.TIFF
../Images/Images_Automatic/AMD Part2/AMD (38).E2E/2- 25- 2017 9- 05- 09 PM/Image 4.png,./Macular-Dataset-R.Rasti_old/AMD Part2/AMD (38).E2E/2- 25- 2017 9- 05- 09 PM/Image 4.TIFF
../Images/Images_Automatic/AMD Part2/AMD (38).E2E/2- 25- 2017 9- 05- 09 PM/Image 5.png,./Macular-Dataset-R.Rasti_old/AMD Part2/AMD (38).E2E/2- 25- 2017 9- 05- 09 PM/Image 5.TIFF
../Images/Images_Automatic/AMD Part2/AMD (38).E2E/2- 25- 2017 9- 05- 09 PM/Image 6.png,./Macular-Dataset-R.Rasti_old/AMD Part2/AMD (38).E2E/2- 25- 2017 9- 05- 09 PM/Image 6.TIFF
../Images/Images_Automatic/AMD Part2/AMD (38).E2E/2- 25- 2017 9- 05- 09 PM/Image 7.png,./Macular-Dataset-R.Rasti_old/AMD Part2/AMD (38).E2E/2- 25- 2017 9- 05- 09 PM/Image 7.TIFF
../Images/Images_Automatic/AMD Part2/AMD (38).E2E/2- 25- 2017 9- 05- 09 PM/Image 8.png,./Macular-Dataset-R.Rasti_old/AMD Part2/AMD (38).E2E/2- 25- 2017 9- 05- 09 PM/Image 8.TIFF
../Images/Images_Automatic/AMD Part2/AMD (38).E2E/2- 25- 2017 9- 05- 09 PM/Image 9.png,./Macular-Dataset-R.Rasti_old/AMD Part2/AMD (38).E2E/2- 25- 2017 9- 05- 09 PM/Image 9.TIFF
../Images/Images_Automatic/AMD Part2/AMD (38).E2E/2- 25- 2017 9- 05- 09 PM/Image 10.png,./Macular-Dataset-R.Rasti_old/AMD Part2/AMD (38).E2E/2- 25- 2017 9- 05- 09 PM/Image 10.TIFF
../Images/Images_Automatic/AMD Part2/AMD (38).E2E/2- 25- 2017 9- 05- 09 PM/Image 11.png,./Macular-Dataset-R.Rasti_old/AMD Part2/AMD (38).E2E/2- 25- 2017 9- 05- 09 PM/Image 11.TIFF
../Images/Images_Automatic/AMD Part2/AMD (38).E2E/2- 25- 2017 9- 05- 09 PM/Image 12.png,./Macular-Dataset-R.Rasti_old/AMD Part2/AMD (38).E2E/2- 25- 2017 9- 05- 09 PM/Image 12.TIFF
../Images/Images_Automatic/AMD Part2/AMD (38).E2E/2- 25- 2017 9- 05- 09 PM/Image 13.png,./Macular-Dataset-R.Rasti_old/AMD Part2/AMD (38).E2E/2- 25- 2017 9- 05- 09 PM/Image 13.TIFF
../Images/Images_Automatic/AMD Part2/AMD (38).E2E/2- 25- 2017 9- 05- 09 PM/Image 14.png,./Macular-Dataset-R.Rasti_old/AMD Part2/AMD (38).E2E/2- 25- 2017 9- 05- 09 PM/Image 14.TIFF
../Images/Images_Automatic/AMD Part2/AMD (38).E2E/2- 25- 2017 9- 05- 09 PM/Image 15.png,./Macular-Dataset-R.Rasti_old/AMD Part2/AMD (38).E2E/2- 25- 2017 9- 05- 09 PM/Image 15.TIFF
../Images/Images_Automatic/AMD Part2/AMD (38).E2E/2- 25- 2017 9- 05- 09 PM/Image 16.png,./Macular-Dataset-R.Rasti_old/AMD Part2/AMD (38).E2E/2- 25- 2017 9- 05- 09 PM/Image 16.TIFF
../Images/Images_Automatic/AMD Part2/AMD (38).E2E/2- 25- 2017 9- 05- 09 PM/Image 17.png,./Macular-Dataset-R.Rasti_old/AMD Part2/AMD (38).E2E/2- 25- 2017 9- 05- 09 PM/Image 17.TIFF
../Images/Images_Automatic/AMD Part2/AMD (38).E2E/2- 25- 2017 9- 05- 09 PM/Image 18.png,./Macular-Dataset-R.Rasti_old/AMD Part2/AMD (38).E2E/2- 25- 2017 9- 05- 09 PM/Image 18.TIFF
../Images/Images_Automatic/AMD Part2/AMD (38).E2E/2- 25- 2017 9- 05- 09 PM/Image 19.png,./Macular-Dataset-R.Rasti_old/AMD Part2/AMD (38).E2E/2- 25- 2017 9- 05- 09 PM/Image 19.TIFF
../Images/Images_Automatic/AMD Part2/AMD (38).E2E/2- 25- 2017 9- 05- 09 PM/Image 20.png,./Macular-Dataset-R.Rasti_old/AMD Part2/AMD (38).E2E/2- 25- 2017 9- 05- 09 PM/Image 20.TIFF
../Images/Images_Automatic/AMD Part2/AMD (38).E2E/2- 25- 2017 9- 05- 09 PM/Image 21.png,./Macular-Dataset-R.Rasti_old/AMD Part2/AMD (38).E2E/2- 25- 2017 9- 05- 09 PM/Image 21.TIFF
../Images/Images_Automatic/AMD Part2/AMD (38).E2E/2- 25- 2017 9- 05- 09 PM/Image 22.png,./Macular-Dataset-R.Rasti_old/AMD Part2/AMD (38).E2E/2- 25- 2017 9- 05- 09 PM/Image 22.TIFF
../Images/Images_Automatic/AMD Part2/AMD (38).E2E/2- 25- 2017 9- 05- 09 PM/Image 23.png,./Macular-Dataset-R.Rasti_old/AMD Part2/AMD (38).E2E/2- 25- 2017 9- 05- 09 PM/Image 23.TIFF
../Images/Images_Automatic/AMD Part2/AMD (38).E2E/2- 25- 2017 9- 05- 09 PM/Image 24.png,./Macular-Dataset-R.Rasti_old/AMD Part2/AMD (38).E2E/2- 25- 2017 9- 05- 09 PM/Image 24.TIFF
../Images/Images_Automatic/AMD Part2/AMD (38).E2E/2- 25- 2017 9- 05- 09 PM/Image 25.png,./Macular-Dataset-R.Rasti_old/AMD Part2/AMD (38).E2E/2- 25- 2017 9- 05- 09 PM/Image 25.TIFF
../Images/Images_Automatic/AMD Part2/AMD (39).E2E/2- 25- 2017 9- 05- 56 PM/Image 1.png,./Macular-Dataset-R.Rasti_old/AMD Part2/AMD (39).E2E/2- 25- 2017 9- 05- 56 PM/Image 1.TIFF
../Images/Images_Automatic/AMD Part2/AMD (39).E2E/2- 25- 2017 9- 05- 56 PM/Image 2.png,./Macular-Dataset-R.Rasti_old/AMD Part2/AMD (39).E2E/2- 25- 2017 9- 05- 56 PM/Image 2.TIFF
../Images/Images_Automatic/AMD Part2/AMD (39).E2E/2- 25- 2017 9- 05- 56 PM/Image 3.png,./Macular-Dataset-R.Rasti_old/AMD Part2/AMD (39).E2E/2- 25- 2017 9- 05- 56 PM/Image 3.TIFF
../Images/Images_Automatic/AMD Part2/AMD (39).E2E/2- 25- 2017 9- 05- 56 PM/Image 4.png,./Macular-Dataset-R.Rasti_old/AMD Part2/AMD (39).E2E/2- 25- 2017 9- 05- 56 PM/Image 4.TIFF
../Images/Images_Automatic/AMD Part2/AMD (39).E2E/2- 25- 2017 9- 05- 56 PM/Image 5.png,./Macular-Dataset-R.Rasti_old/AMD Part2/AMD (39).E2E/2- 25- 2017 9- 05- 56 PM/Image 5.TIFF
../Images/Images_Automatic/AMD Part2/AMD (39).E2E/2- 25- 2017 9- 05- 56 PM/Image 6.png,./Macular-Dataset-R.Rasti_old/AMD Part2/AMD (39).E2E/2- 25- 2017 9- 05- 56 PM/Image 6.TIFF
../Images/Images_Automatic/AMD Part2/AMD (39).E2E/2- 25- 2017 9- 05- 56 PM/Image 7.png,./Macular-Dataset-R.Rasti_old/AMD Part2/AMD (39).E2E/2- 25- 2017 9- 05- 56 PM/Image 7.TIFF
../Images/Images_Automatic/AMD Part2/AMD (39).E2E/2- 25- 2017 9- 05- 56 PM/Image 8.png,./Macular-Dataset-R.Rasti_old/AMD Part2/AMD (39).E2E/2- 25- 2017 9- 05- 56 PM/Image 8.TIFF
../Images/Images_Automatic/AMD Part2/AMD (39).E2E/2- 25- 2017 9- 05- 56 PM/Image 9.png,./Macular-Dataset-R.Rasti_old/AMD Part2/AMD (39).E2E/2- 25- 2017 9- 05- 56 PM/Image 9.TIFF
../Images/Images_Automatic/AMD Part2/AMD (39).E2E/2- 25- 2017 9- 05- 56 PM/Image 10.png,./Macular-Dataset-R.Rasti_old/AMD Part2/AMD (39).E2E/2- 25- 2017 9- 05- 56 PM/Image 10.TIFF
../Images/Images_Automatic/AMD Part2/AMD (39).E2E/2- 25- 2017 9- 05- 56 PM/Image 11.png,./Macular-Dataset-R.Rasti_old/AMD Part2/AMD (39).E2E/2- 25- 2017 9- 05- 56 PM/Image 11.TIFF
../Images/Images_Automatic/AMD Part2/AMD (39).E2E/2- 25- 2017 9- 05- 56 PM/Image 12.png,./Macular-Dataset-R.Rasti_old/AMD Part2/AMD (39).E2E/2- 25- 2017 9- 05- 56 PM/Image 12.TIFF
../Images/Images_Automatic/AMD Part2/AMD (39).E2E/2- 25- 2017 9- 05- 56 PM/Image 13.png,./Macular-Dataset-R.Rasti_old/AMD Part2/AMD (39).E2E/2- 25- 2017 9- 05- 56 PM/Image 13.TIFF
../Images/Images_Automatic/AMD Part2/AMD (39).E2E/2- 25- 2017 9- 05- 56 PM/Image 14.png,./Macular-Dataset-R.Rasti_old/AMD Part2/AMD (39).E2E/2- 25- 2017 9- 05- 56 PM/Image 14.TIFF
../Images/Images_Automatic/AMD Part2/AMD (39).E2E/2- 25- 2017 9- 05- 56 PM/Image 15.png,./Macular-Dataset-R.Rasti_old/AMD Part2/AMD (39).E2E/2- 25- 2017 9- 05- 56 PM/Image 15.TIFF
../Images/Images_Automatic/AMD Part2/AMD (39).E2E/2- 25- 2017 9- 05- 56 PM/Image 16.png,./Macular-Dataset-R.Rasti_old/AMD Part2/AMD (39).E2E/2- 25- 2017 9- 05- 56 PM/Image 16.TIFF
../Images/Images_Automatic/AMD Part2/AMD (39).E2E/2- 25- 2017 9- 05- 56 PM/Image 17.png,./Macular-Dataset-R.Rasti_old/AMD Part2/AMD (39).E2E/2- 25- 2017 9- 05- 56 PM/Image 17.TIFF
../Images/Images_Automatic/AMD Part2/AMD (39).E2E/2- 25- 2017 9- 05- 56 PM/Image 18.png,./Macular-Dataset-R.Rasti_old/AMD Part2/AMD (39).E2E/2- 25- 2017 9- 05- 56 PM/Image 18.TIFF
../Images/Images_Automatic/AMD Part2/AMD (39).E2E/2- 25- 2017 9- 05- 56 PM/Image 19.png,./Macular-Dataset-R.Rasti_old/AMD Part2/AMD (39).E2E/2- 25- 2017 9- 05- 56 PM/Image 19.TIFF
../Images/Images_Automatic/AMD Part2/AMD (39).E2E/2- 25- 2017 9- 05- 56 PM/Image 20.png,./Macular-Dataset-R.Rasti_old/AMD Part2/AMD (39).E2E/2- 25- 2017 9- 05- 56 PM/Image 20.TIFF
../Images/Images_Automatic/AMD Part2/AMD (39).E2E/2- 25- 2017 9- 05- 56 PM/Image 21.png,./Macular-Dataset-R.Rasti_old/AMD Part2/AMD (39).E2E/2- 25- 2017 9- 05- 56 PM/Image 21.TIFF
../Images/Images_Automatic/AMD Part2/AMD (39).E2E/2- 25- 2017 9- 05- 56 PM/Image 22.png,./Macular-Dataset-R.Rasti_old/AMD Part2/AMD (39).E2E/2- 25- 2017 9- 05- 56 PM/Image 22.TIFF
../Images/Images_Automatic/AMD Part2/AMD (39).E2E/2- 25- 2017 9- 05- 56 PM/Image 23.png,./Macular-Dataset-R.Rasti_old/AMD Part2/AMD (39).E2E/2- 25- 2017 9- 05- 56 PM/Image 23.TIFF
../Images/Images_Automatic/AMD Part2/AMD (39).E2E/2- 25- 2017 9- 05- 56 PM/Image 24.png,./Macular-Dataset-R.Rasti_old/AMD Part2/AMD (39).E2E/2- 25- 2017 9- 05- 56 PM/Image 24.TIFF
../Images/Images_Automatic/AMD Part2/AMD (39).E2E/2- 25- 2017 9- 05- 56 PM/Image 25.png,./Macular-Dataset-R.Rasti_old/AMD Part2/AMD (39).E2E/2- 25- 2017 9- 05- 56 PM/Image 25.TIFF
../Images/Images_Automatic/AMD Part2/AMD (41).E2E/2- 25- 2017 4- 12- 39 PM/Image 1.png,./Macular-Dataset-R.Rasti_old/AMD Part2/AMD (41).E2E/2- 25- 2017 4- 12- 39 PM/Image 1.TIFF
../Images/Images_Automatic/AMD Part2/AMD (41).E2E/2- 25- 2017 4- 12- 39 PM/Image 2.png,./Macular-Dataset-R.Rasti_old/AMD Part2/AMD (41).E2E/2- 25- 2017 4- 12- 39 PM/Image 2.TIFF
../Images/Images_Automatic/AMD Part2/AMD (41).E2E/2- 25- 2017 4- 12- 39 PM/Image 3.png,./Macular-Dataset-R.Rasti_old/AMD Part2/AMD (41).E2E/2- 25- 2017 4- 12- 39 PM/Image 3.TIFF
../Images/Images_Automatic/AMD Part2/AMD (41).E2E/2- 25- 2017 4- 12- 39 PM/Image 4.png,./Macular-Dataset-R.Rasti_old/AMD Part2/AMD (41).E2E/2- 25- 2017 4- 12- 39 PM/Image 4.TIFF
../Images/Images_Automatic/AMD Part2/AMD (41).E2E/2- 25- 2017 4- 12- 39 PM/Image 5.png,./Macular-Dataset-R.Rasti_old/AMD Part2/AMD (41).E2E/2- 25- 2017 4- 12- 39 PM/Image 5.TIFF
../Images/Images_Automatic/AMD Part2/AMD (41).E2E/2- 25- 2017 4- 12- 39 PM/Image 6.png,./Macular-Dataset-R.Rasti_old/AMD Part2/AMD (41).E2E/2- 25- 2017 4- 12- 39 PM/Image 6.TIFF
../Images/Images_Automatic/AMD Part2/AMD (41).E2E/2- 25- 2017 4- 12- 39 PM/Image 7.png,./Macular-Dataset-R.Rasti_old/AMD Part2/AMD (41).E2E/2- 25- 2017 4- 12- 39 PM/Image 7.TIFF
../Images/Images_Automatic/AMD Part2/AMD (41).E2E/2- 25- 2017 4- 12- 39 PM/Image 8.png,./Macular-Dataset-R.Rasti_old/AMD Part2/AMD (41).E2E/2- 25- 2017 4- 12- 39 PM/Image 8.TIFF
../Images/Images_Automatic/AMD Part2/AMD (41).E2E/2- 25- 2017 4- 12- 39 PM/Image 9.png,./Macular-Dataset-R.Rasti_old/AMD Part2/AMD (41).E2E/2- 25- 2017 4- 12- 39 PM/Image 9.TIFF
../Images/Images_Automatic/AMD Part2/AMD (41).E2E/2- 25- 2017 4- 12- 39 PM/Image 10.png,./Macular-Dataset-R.Rasti_old/AMD Part2/AMD (41).E2E/2- 25- 2017 4- 12- 39 PM/Image 10.TIFF
../Images/Images_Automatic/AMD Part2/AMD (41).E2E/2- 25- 2017 4- 12- 39 PM/Image 11.png,./Macular-Dataset-R.Rasti_old/AMD Part2/AMD (41).E2E/2- 25- 2017 4- 12- 39 PM/Image 11.TIFF
../Images/Images_Automatic/AMD Part2/AMD (41).E2E/2- 25- 2017 4- 12- 39 PM/Image 12.png,./Macular-Dataset-R.Rasti_old/AMD Part2/AMD (41).E2E/2- 25- 2017 4- 12- 39 PM/Image 12.TIFF
../Images/Images_Automatic/AMD Part2/AMD (41).E2E/2- 25- 2017 4- 12- 39 PM/Image 13.png,./Macular-Dataset-R.Rasti_old/AMD Part2/AMD (41).E2E/2- 25- 2017 4- 12- 39 PM/Image 13.TIFF
../Images/Images_Automatic/AMD Part2/AMD (41).E2E/2- 25- 2017 4- 12- 39 PM/Image 14.png,./Macular-Dataset-R.Rasti_old/AMD Part2/AMD (41).E2E/2- 25- 2017 4- 12- 39 PM/Image 14.TIFF
../Images/Images_Automatic/AMD Part2/AMD (41).E2E/2- 25- 2017 4- 12- 39 PM/Image 15.png,./Macular-Dataset-R.Rasti_old/AMD Part2/AMD (41).E2E/2- 25- 2017 4- 12- 39 PM/Image 15.TIFF
../Images/Images_Automatic/AMD Part2/AMD (41).E2E/2- 25- 2017 4- 12- 39 PM/Image 16.png,./Macular-Dataset-R.Rasti_old/AMD Part2/AMD (41).E2E/2- 25- 2017 4- 12- 39 PM/Image 16.TIFF
../Images/Images_Automatic/AMD Part2/AMD (41).E2E/2- 25- 2017 4- 12- 39 PM/Image 17.png,./Macular-Dataset-R.Rasti_old/AMD Part2/AMD (41).E2E/2- 25- 2017 4- 12- 39 PM/Image 17.TIFF
../Images/Images_Automatic/AMD Part2/AMD (41).E2E/2- 25- 2017 4- 12- 39 PM/Image 18.png,./Macular-Dataset-R.Rasti_old/AMD Part2/AMD (41).E2E/2- 25- 2017 4- 12- 39 PM/Image 18.TIFF
../Images/Images_Automatic/AMD Part2/AMD (41).E2E/2- 25- 2017 4- 12- 39 PM/Image 19.png,./Macular-Dataset-R.Rasti_old/AMD Part2/AMD (41).E2E/2- 25- 2017 4- 12- 39 PM/Image 19.TIFF
../Images/Images_Automatic/AMD Part2/AMD (41).E2E/2- 25- 2017 4- 12- 39 PM/Image 20.png,./Macular-Dataset-R.Rasti_old/AMD Part2/AMD (41).E2E/2- 25- 2017 4- 12- 39 PM/Image 20.TIFF
../Images/Images_Automatic/AMD Part2/AMD (41).E2E/2- 25- 2017 4- 12- 39 PM/Image 21.png,./Macular-Dataset-R.Rasti_old/AMD Part2/AMD (41).E2E/2- 25- 2017 4- 12- 39 PM/Image 21.TIFF
../Images/Images_Automatic/AMD Part2/AMD (41).E2E/2- 25- 2017 4- 12- 39 PM/Image 22.png,./Macular-Dataset-R.Rasti_old/AMD Part2/AMD (41).E2E/2- 25- 2017 4- 12- 39 PM/Image 22.TIFF
../Images/Images_Automatic/AMD Part2/AMD (41).E2E/2- 25- 2017 4- 12- 39 PM/Image 23.png,./Macular-Dataset-R.Rasti_old/AMD Part2/AMD (41).E2E/2- 25- 2017 4- 12- 39 PM/Image 23.TIFF
../Images/Images_Automatic/AMD Part2/AMD (41).E2E/2- 25- 2017 4- 12- 39 PM/Image 24.png,./Macular-Dataset-R.Rasti_old/AMD Part2/AMD (41).E2E/2- 25- 2017 4- 12- 39 PM/Image 24.TIFF
../Images/Images_Automatic/AMD Part2/AMD (41).E2E/2- 25- 2017 4- 12- 39 PM/Image 25.png,./Macular-Dataset-R.Rasti_old/AMD Part2/AMD (41).E2E/2- 25- 2017 4- 12- 39 PM/Image 25.TIFF
../Images/Images_Automatic/AMD Part2/AMD (41).E2E/2- 25- 2017 4- 12- 39 PM/Image 26.png,./Macular-Dataset-R.Rasti_old/AMD Part2/AMD (41).E2E/2- 25- 2017 4- 12- 39 PM/Image 26.TIFF
../Images/Images_Automatic/AMD Part2/AMD (41).E2E/2- 25- 2017 4- 12- 39 PM/Image 27.png,./Macular-Dataset-R.Rasti_old/AMD Part2/AMD (41).E2E/2- 25- 2017 4- 12- 39 PM/Image 27.TIFF
../Images/Images_Automatic/AMD Part2/AMD (41).E2E/2- 25- 2017 4- 12- 39 PM/Image 28.png,./Macular-Dataset-R.Rasti_old/AMD Part2/AMD (41).E2E/2- 25- 2017 4- 12- 39 PM/Image 28.TIFF
../Images/Images_Automatic/AMD Part2/AMD (41).E2E/2- 25- 2017 4- 12- 39 PM/Image 29.png,./Macular-Dataset-R.Rasti_old/AMD Part2/AMD (41).E2E/2- 25- 2017 4- 12- 39 PM/Image 29.TIFF
../Images/Images_Automatic/AMD Part2/AMD (41).E2E/2- 25- 2017 4- 12- 39 PM/Image 30.png,./Macular-Dataset-R.Rasti_old/AMD Part2/AMD (41).E2E/2- 25- 2017 4- 12- 39 PM/Image 30.TIFF
../Images/Images_Automatic/AMD Part2/AMD (41).E2E/2- 25- 2017 4- 12- 39 PM/Image 31.png,./Macular-Dataset-R.Rasti_old/AMD Part2/AMD (41).E2E/2- 25- 2017 4- 12- 39 PM/Image 31.TIFF
../Images/Images_Automatic/AMD Part2/AMD (42).E2E/2- 25- 2017 4- 16- 04 PM/Image 1.png,./Macular-Dataset-R.Rasti_old/AMD Part2/AMD (42).E2E/2- 25- 2017 4- 16- 04 PM/Image 1.TIFF
../Images/Images_Automatic/AMD Part2/AMD (42).E2E/2- 25- 2017 4- 16- 04 PM/Image 2.png,./Macular-Dataset-R.Rasti_old/AMD Part2/AMD (42).E2E/2- 25- 2017 4- 16- 04 PM/Image 2.TIFF
../Images/Images_Automatic/AMD Part2/AMD (42).E2E/2- 25- 2017 4- 16- 04 PM/Image 3.png,./Macular-Dataset-R.Rasti_old/AMD Part2/AMD (42).E2E/2- 25- 2017 4- 16- 04 PM/Image 3.TIFF
../Images/Images_Automatic/AMD Part2/AMD (42).E2E/2- 25- 2017 4- 16- 04 PM/Image 4.png,./Macular-Dataset-R.Rasti_old/AMD Part2/AMD (42).E2E/2- 25- 2017 4- 16- 04 PM/Image 4.TIFF
../Images/Images_Automatic/AMD Part2/AMD (42).E2E/2- 25- 2017 4- 16- 04 PM/Image 5.png,./Macular-Dataset-R.Rasti_old/AMD Part2/AMD (42).E2E/2- 25- 2017 4- 16- 04 PM/Image 5.TIFF
../Images/Images_Automatic/AMD Part2/AMD (42).E2E/2- 25- 2017 4- 16- 04 PM/Image 6.png,./Macular-Dataset-R.Rasti_old/AMD Part2/AMD (42).E2E/2- 25- 2017 4- 16- 04 PM/Image 6.TIFF
../Images/Images_Automatic/AMD Part2/AMD (42).E2E/2- 25- 2017 4- 16- 04 PM/Image 7.png,./Macular-Dataset-R.Rasti_old/AMD Part2/AMD (42).E2E/2- 25- 2017 4- 16- 04 PM/Image 7.TIFF
../Images/Images_Automatic/AMD Part2/AMD (42).E2E/2- 25- 2017 4- 16- 04 PM/Image 8.png,./Macular-Dataset-R.Rasti_old/AMD Part2/AMD (42).E2E/2- 25- 2017 4- 16- 04 PM/Image 8.TIFF
../Images/Images_Automatic/AMD Part2/AMD (42).E2E/2- 25- 2017 4- 16- 04 PM/Image 9.png,./Macular-Dataset-R.Rasti_old/AMD Part2/AMD (42).E2E/2- 25- 2017 4- 16- 04 PM/Image 9.TIFF
../Images/Images_Automatic/AMD Part2/AMD (42).E2E/2- 25- 2017 4- 16- 04 PM/Image 10.png,./Macular-Dataset-R.Rasti_old/AMD Part2/AMD (42).E2E/2- 25- 2017 4- 16- 04 PM/Image 10.TIFF
../Images/Images_Automatic/AMD Part2/AMD (42).E2E/2- 25- 2017 4- 16- 04 PM/Image 11.png,./Macular-Dataset-R.Rasti_old/AMD Part2/AMD (42).E2E/2- 25- 2017 4- 16- 04 PM/Image 11.TIFF
../Images/Images_Automatic/AMD Part2/AMD (42).E2E/2- 25- 2017 4- 16- 04 PM/Image 12.png,./Macular-Dataset-R.Rasti_old/AMD Part2/AMD (42).E2E/2- 25- 2017 4- 16- 04 PM/Image 12.TIFF
../Images/Images_Automatic/AMD Part2/AMD (42).E2E/2- 25- 2017 4- 16- 04 PM/Image 13.png,./Macular-Dataset-R.Rasti_old/AMD Part2/AMD (42).E2E/2- 25- 2017 4- 16- 04 PM/Image 13.TIFF
../Images/Images_Automatic/AMD Part2/AMD (42).E2E/2- 25- 2017 4- 16- 04 PM/Image 14.png,./Macular-Dataset-R.Rasti_old/AMD Part2/AMD (42).E2E/2- 25- 2017 4- 16- 04 PM/Image 14.TIFF
../Images/Images_Automatic/AMD Part2/AMD (42).E2E/2- 25- 2017 4- 16- 04 PM/Image 15.png,./Macular-Dataset-R.Rasti_old/AMD Part2/AMD (42).E2E/2- 25- 2017 4- 16- 04 PM/Image 15.TIFF
../Images/Images_Automatic/AMD Part2/AMD (42).E2E/2- 25- 2017 4- 16- 04 PM/Image 16.png,./Macular-Dataset-R.Rasti_old/AMD Part2/AMD (42).E2E/2- 25- 2017 4- 16- 04 PM/Image 16.TIFF
../Images/Images_Automatic/AMD Part2/AMD (42).E2E/2- 25- 2017 4- 16- 04 PM/Image 17.png,./Macular-Dataset-R.Rasti_old/AMD Part2/AMD (42).E2E/2- 25- 2017 4- 16- 04 PM/Image 17.TIFF
../Images/Images_Automatic/AMD Part2/AMD (42).E2E/2- 25- 2017 4- 16- 04 PM/Image 18.png,./Macular-Dataset-R.Rasti_old/AMD Part2/AMD (42).E2E/2- 25- 2017 4- 16- 04 PM/Image 18.TIFF
../Images/Images_Automatic/AMD Part2/AMD (42).E2E/2- 25- 2017 4- 16- 04 PM/Image 19.png,./Macular-Dataset-R.Rasti_old/AMD Part2/AMD (42).E2E/2- 25- 2017 4- 16- 04 PM/Image 19.TIFF
../Images/Images_Automatic/AMD Part2/AMD (42).E2E/2- 25- 2017 4- 16- 04 PM/Image 20.png,./Macular-Dataset-R.Rasti_old/AMD Part2/AMD (42).E2E/2- 25- 2017 4- 16- 04 PM/Image 20.TIFF
../Images/Images_Automatic/AMD Part2/AMD (42).E2E/2- 25- 2017 4- 16- 04 PM/Image 21.png,./Macular-Dataset-R.Rasti_old/AMD Part2/AMD (42).E2E/2- 25- 2017 4- 16- 04 PM/Image 21.TIFF
../Images/Images_Automatic/AMD Part2/AMD (42).E2E/2- 25- 2017 4- 16- 04 PM/Image 22.png,./Macular-Dataset-R.Rasti_old/AMD Part2/AMD (42).E2E/2- 25- 2017 4- 16- 04 PM/Image 22.TIFF
../Images/Images_Automatic/AMD Part2/AMD (42).E2E/2- 25- 2017 4- 16- 04 PM/Image 23.png,./Macular-Dataset-R.Rasti_old/AMD Part2/AMD (42).E2E/2- 25- 2017 4- 16- 04 PM/Image 23.TIFF
../Images/Images_Automatic/AMD Part2/AMD (42).E2E/2- 25- 2017 4- 16- 04 PM/Image 24.png,./Macular-Dataset-R.Rasti_old/AMD Part2/AMD (42).E2E/2- 25- 2017 4- 16- 04 PM/Image 24.TIFF
../Images/Images_Automatic/AMD Part2/AMD (42).E2E/2- 25- 2017 4- 16- 04 PM/Image 25.png,./Macular-Dataset-R.Rasti_old/AMD Part2/AMD (42).E2E/2- 25- 2017 4- 16- 04 PM/Image 25.TIFF
../Images/Images_Automatic/AMD Part2/AMD (43).E2E/2- 25- 2017 4- 18- 36 PM/Image 1.png,./Macular-Dataset-R.Rasti_old/AMD Part2/AMD (43).E2E/2- 25- 2017 4- 18- 36 PM/Image 1.TIFF
../Images/Images_Automatic/AMD Part2/AMD (43).E2E/2- 25- 2017 4- 18- 36 PM/Image 2.png,./Macular-Dataset-R.Rasti_old/AMD Part2/AMD (43).E2E/2- 25- 2017 4- 18- 36 PM/Image 2.TIFF
../Images/Images_Automatic/AMD Part2/AMD (43).E2E/2- 25- 2017 4- 18- 36 PM/Image 3.png,./Macular-Dataset-R.Rasti_old/AMD Part2/AMD (43).E2E/2- 25- 2017 4- 18- 36 PM/Image 3.TIFF
../Images/Images_Automatic/AMD Part2/AMD (43).E2E/2- 25- 2017 4- 18- 36 PM/Image 4.png,./Macular-Dataset-R.Rasti_old/AMD Part2/AMD (43).E2E/2- 25- 2017 4- 18- 36 PM/Image 4.TIFF
../Images/Images_Automatic/AMD Part2/AMD (43).E2E/2- 25- 2017 4- 18- 36 PM/Image 5.png,./Macular-Dataset-R.Rasti_old/AMD Part2/AMD (43).E2E/2- 25- 2017 4- 18- 36 PM/Image 5.TIFF
../Images/Images_Automatic/AMD Part2/AMD (43).E2E/2- 25- 2017 4- 18- 36 PM/Image 6.png,./Macular-Dataset-R.Rasti_old/AMD Part2/AMD (43).E2E/2- 25- 2017 4- 18- 36 PM/Image 6.TIFF
../Images/Images_Automatic/AMD Part2/AMD (43).E2E/2- 25- 2017 4- 18- 36 PM/Image 7.png,./Macular-Dataset-R.Rasti_old/AMD Part2/AMD (43).E2E/2- 25- 2017 4- 18- 36 PM/Image 7.TIFF
../Images/Images_Automatic/AMD Part2/AMD (43).E2E/2- 25- 2017 4- 18- 36 PM/Image 8.png,./Macular-Dataset-R.Rasti_old/AMD Part2/AMD (43).E2E/2- 25- 2017 4- 18- 36 PM/Image 8.TIFF
../Images/Images_Automatic/AMD Part2/AMD (43).E2E/2- 25- 2017 4- 18- 36 PM/Image 9.png,./Macular-Dataset-R.Rasti_old/AMD Part2/AMD (43).E2E/2- 25- 2017 4- 18- 36 PM/Image 9.TIFF
../Images/Images_Automatic/AMD Part2/AMD (43).E2E/2- 25- 2017 4- 18- 36 PM/Image 10.png,./Macular-Dataset-R.Rasti_old/AMD Part2/AMD (43).E2E/2- 25- 2017 4- 18- 36 PM/Image 10.TIFF
../Images/Images_Automatic/AMD Part2/AMD (43).E2E/2- 25- 2017 4- 18- 36 PM/Image 11.png,./Macular-Dataset-R.Rasti_old/AMD Part2/AMD (43).E2E/2- 25- 2017 4- 18- 36 PM/Image 11.TIFF
../Images/Images_Automatic/AMD Part2/AMD (43).E2E/2- 25- 2017 4- 18- 36 PM/Image 12.png,./Macular-Dataset-R.Rasti_old/AMD Part2/AMD (43).E2E/2- 25- 2017 4- 18- 36 PM/Image 12.TIFF
../Images/Images_Automatic/AMD Part2/AMD (43).E2E/2- 25- 2017 4- 18- 36 PM/Image 13.png,./Macular-Dataset-R.Rasti_old/AMD Part2/AMD (43).E2E/2- 25- 2017 4- 18- 36 PM/Image 13.TIFF
../Images/Images_Automatic/AMD Part2/AMD (43).E2E/2- 25- 2017 4- 18- 36 PM/Image 14.png,./Macular-Dataset-R.Rasti_old/AMD Part2/AMD (43).E2E/2- 25- 2017 4- 18- 36 PM/Image 14.TIFF
../Images/Images_Automatic/AMD Part2/AMD (43).E2E/2- 25- 2017 4- 18- 36 PM/Image 15.png,./Macular-Dataset-R.Rasti_old/AMD Part2/AMD (43).E2E/2- 25- 2017 4- 18- 36 PM/Image 15.TIFF
../Images/Images_Automatic/AMD Part2/AMD (43).E2E/2- 25- 2017 4- 18- 36 PM/Image 16.png,./Macular-Dataset-R.Rasti_old/AMD Part2/AMD (43).E2E/2- 25- 2017 4- 18- 36 PM/Image 16.TIFF
../Images/Images_Automatic/AMD Part2/AMD (43).E2E/2- 25- 2017 4- 18- 36 PM/Image 17.png,./Macular-Dataset-R.Rasti_old/AMD Part2/AMD (43).E2E/2- 25- 2017 4- 18- 36 PM/Image 17.TIFF
../Images/Images_Automatic/AMD Part2/AMD (43).E2E/2- 25- 2017 4- 18- 36 PM/Image 18.png,./Macular-Dataset-R.Rasti_old/AMD Part2/AMD (43).E2E/2- 25- 2017 4- 18- 36 PM/Image 18.TIFF
../Images/Images_Automatic/AMD Part2/AMD (43).E2E/2- 25- 2017 4- 18- 36 PM/Image 19.png,./Macular-Dataset-R.Rasti_old/AMD Part2/AMD (43).E2E/2- 25- 2017 4- 18- 36 PM/Image 19.TIFF
../Images/Images_Automatic/AMD Part2/AMD (43).E2E/2- 25- 2017 4- 18- 36 PM/Image 20.png,./Macular-Dataset-R.Rasti_old/AMD Part2/AMD (43).E2E/2- 25- 2017 4- 18- 36 PM/Image 20.TIFF
../Images/Images_Automatic/AMD Part2/AMD (43).E2E/2- 25- 2017 4- 18- 36 PM/Image 21.png,./Macular-Dataset-R.Rasti_old/AMD Part2/AMD (43).E2E/2- 25- 2017 4- 18- 36 PM/Image 21.TIFF
../Images/Images_Automatic/AMD Part2/AMD (43).E2E/2- 25- 2017 4- 18- 36 PM/Image 22.png,./Macular-Dataset-R.Rasti_old/AMD Part2/AMD (43).E2E/2- 25- 2017 4- 18- 36 PM/Image 22.TIFF
../Images/Images_Automatic/AMD Part2/AMD (43).E2E/2- 25- 2017 4- 18- 36 PM/Image 23.png,./Macular-Dataset-R.Rasti_old/AMD Part2/AMD (43).E2E/2- 25- 2017 4- 18- 36 PM/Image 23.TIFF
../Images/Images_Automatic/AMD Part2/AMD (43).E2E/2- 25- 2017 4- 18- 36 PM/Image 24.png,./Macular-Dataset-R.Rasti_old/AMD Part2/AMD (43).E2E/2- 25- 2017 4- 18- 36 PM/Image 24.TIFF
../Images/Images_Automatic/AMD Part2/AMD (43).E2E/2- 25- 2017 4- 18- 36 PM/Image 25.png,./Macular-Dataset-R.Rasti_old/AMD Part2/AMD (43).E2E/2- 25- 2017 4- 18- 36 PM/Image 25.TIFF
../Images/Images_Automatic/AMD Part2/AMD (44).E2E/2- 25- 2017 4- 31- 15 PM/Image 1.png,./Macular-Dataset-R.Rasti_old/AMD Part2/AMD (44).E2E/2- 25- 2017 4- 31- 15 PM/Image 1.TIFF
../Images/Images_Automatic/AMD Part2/AMD (44).E2E/2- 25- 2017 4- 31- 15 PM/Image 2.png,./Macular-Dataset-R.Rasti_old/AMD Part2/AMD (44).E2E/2- 25- 2017 4- 31- 15 PM/Image 2.TIFF
../Images/Images_Automatic/AMD Part2/AMD (44).E2E/2- 25- 2017 4- 31- 15 PM/Image 3.png,./Macular-Dataset-R.Rasti_old/AMD Part2/AMD (44).E2E/2- 25- 2017 4- 31- 15 PM/Image 3.TIFF
../Images/Images_Automatic/AMD Part2/AMD (44).E2E/2- 25- 2017 4- 31- 15 PM/Image 4.png,./Macular-Dataset-R.Rasti_old/AMD Part2/AMD (44).E2E/2- 25- 2017 4- 31- 15 PM/Image 4.TIFF
../Images/Images_Automatic/AMD Part2/AMD (44).E2E/2- 25- 2017 4- 31- 15 PM/Image 5.png,./Macular-Dataset-R.Rasti_old/AMD Part2/AMD (44).E2E/2- 25- 2017 4- 31- 15 PM/Image 5.TIFF
../Images/Images_Automatic/AMD Part2/AMD (44).E2E/2- 25- 2017 4- 31- 15 PM/Image 6.png,./Macular-Dataset-R.Rasti_old/AMD Part2/AMD (44).E2E/2- 25- 2017 4- 31- 15 PM/Image 6.TIFF
../Images/Images_Automatic/AMD Part2/AMD (44).E2E/2- 25- 2017 4- 31- 15 PM/Image 7.png,./Macular-Dataset-R.Rasti_old/AMD Part2/AMD (44).E2E/2- 25- 2017 4- 31- 15 PM/Image 7.TIFF
../Images/Images_Automatic/AMD Part2/AMD (44).E2E/2- 25- 2017 4- 31- 15 PM/Image 8.png,./Macular-Dataset-R.Rasti_old/AMD Part2/AMD (44).E2E/2- 25- 2017 4- 31- 15 PM/Image 8.TIFF
../Images/Images_Automatic/AMD Part2/AMD (44).E2E/2- 25- 2017 4- 31- 15 PM/Image 9.png,./Macular-Dataset-R.Rasti_old/AMD Part2/AMD (44).E2E/2- 25- 2017 4- 31- 15 PM/Image 9.TIFF
../Images/Images_Automatic/AMD Part2/AMD (44).E2E/2- 25- 2017 4- 31- 15 PM/Image 10.png,./Macular-Dataset-R.Rasti_old/AMD Part2/AMD (44).E2E/2- 25- 2017 4- 31- 15 PM/Image 10.TIFF
../Images/Images_Automatic/AMD Part2/AMD (44).E2E/2- 25- 2017 4- 31- 15 PM/Image 11.png,./Macular-Dataset-R.Rasti_old/AMD Part2/AMD (44).E2E/2- 25- 2017 4- 31- 15 PM/Image 11.TIFF
../Images/Images_Automatic/AMD Part2/AMD (44).E2E/2- 25- 2017 4- 31- 15 PM/Image 12.png,./Macular-Dataset-R.Rasti_old/AMD Part2/AMD (44).E2E/2- 25- 2017 4- 31- 15 PM/Image 12.TIFF
../Images/Images_Automatic/AMD Part2/AMD (44).E2E/2- 25- 2017 4- 31- 15 PM/Image 13.png,./Macular-Dataset-R.Rasti_old/AMD Part2/AMD (44).E2E/2- 25- 2017 4- 31- 15 PM/Image 13.TIFF
../Images/Images_Automatic/AMD Part2/AMD (44).E2E/2- 25- 2017 4- 31- 15 PM/Image 14.png,./Macular-Dataset-R.Rasti_old/AMD Part2/AMD (44).E2E/2- 25- 2017 4- 31- 15 PM/Image 14.TIFF
../Images/Images_Automatic/AMD Part2/AMD (44).E2E/2- 25- 2017 4- 31- 15 PM/Image 15.png,./Macular-Dataset-R.Rasti_old/AMD Part2/AMD (44).E2E/2- 25- 2017 4- 31- 15 PM/Image 15.TIFF
../Images/Images_Automatic/AMD Part2/AMD (44).E2E/2- 25- 2017 4- 31- 15 PM/Image 16.png,./Macular-Dataset-R.Rasti_old/AMD Part2/AMD (44).E2E/2- 25- 2017 4- 31- 15 PM/Image 16.TIFF
../Images/Images_Automatic/AMD Part2/AMD (44).E2E/2- 25- 2017 4- 31- 15 PM/Image 17.png,./Macular-Dataset-R.Rasti_old/AMD Part2/AMD (44).E2E/2- 25- 2017 4- 31- 15 PM/Image 17.TIFF
../Images/Images_Automatic/AMD Part2/AMD (44).E2E/2- 25- 2017 4- 31- 15 PM/Image 18.png,./Macular-Dataset-R.Rasti_old/AMD Part2/AMD (44).E2E/2- 25- 2017 4- 31- 15 PM/Image 18.TIFF
../Images/Images_Automatic/AMD Part2/AMD (44).E2E/2- 25- 2017 4- 31- 15 PM/Image 19.png,./Macular-Dataset-R.Rasti_old/AMD Part2/AMD (44).E2E/2- 25- 2017 4- 31- 15 PM/Image 19.TIFF
../Images/Images_Automatic/AMD Part2/AMD (44).E2E/2- 25- 2017 4- 31- 15 PM/Image 20.png,./Macular-Dataset-R.Rasti_old/AMD Part2/AMD (44).E2E/2- 25- 2017 4- 31- 15 PM/Image 20.TIFF
../Images/Images_Automatic/AMD Part2/AMD (44).E2E/2- 25- 2017 4- 31- 15 PM/Image 21.png,./Macular-Dataset-R.Rasti_old/AMD Part2/AMD (44).E2E/2- 25- 2017 4- 31- 15 PM/Image 21.TIFF
../Images/Images_Automatic/AMD Part2/AMD (44).E2E/2- 25- 2017 4- 31- 15 PM/Image 22.png,./Macular-Dataset-R.Rasti_old/AMD Part2/AMD (44).E2E/2- 25- 2017 4- 31- 15 PM/Image 22.TIFF
../Images/Images_Automatic/AMD Part2/AMD (44).E2E/2- 25- 2017 4- 31- 15 PM/Image 23.png,./Macular-Dataset-R.Rasti_old/AMD Part2/AMD (44).E2E/2- 25- 2017 4- 31- 15 PM/Image 23.TIFF
../Images/Images_Automatic/AMD Part2/AMD (44).E2E/2- 25- 2017 4- 31- 15 PM/Image 24.png,./Macular-Dataset-R.Rasti_old/AMD Part2/AMD (44).E2E/2- 25- 2017 4- 31- 15 PM/Image 24.TIFF
../Images/Images_Automatic/AMD Part2/AMD (44).E2E/2- 25- 2017 4- 31- 15 PM/Image 25.png,./Macular-Dataset-R.Rasti_old/AMD Part2/AMD (44).E2E/2- 25- 2017 4- 31- 15 PM/Image 25.TIFF
../Images/Images_Automatic/AMD Part2/AMD (44).E2E/2- 25- 2017 4- 31- 15 PM/Image 26.png,./Macular-Dataset-R.Rasti_old/AMD Part2/AMD (44).E2E/2- 25- 2017 4- 31- 15 PM/Image 26.TIFF
../Images/Images_Automatic/AMD Part2/AMD (44).E2E/2- 25- 2017 4- 31- 15 PM/Image 27.png,./Macular-Dataset-R.Rasti_old/AMD Part2/AMD (44).E2E/2- 25- 2017 4- 31- 15 PM/Image 27.TIFF
../Images/Images_Automatic/AMD Part2/AMD (44).E2E/2- 25- 2017 4- 31- 15 PM/Image 28.png,./Macular-Dataset-R.Rasti_old/AMD Part2/AMD (44).E2E/2- 25- 2017 4- 31- 15 PM/Image 28.TIFF
../Images/Images_Automatic/AMD Part2/AMD (44).E2E/2- 25- 2017 4- 31- 15 PM/Image 29.png,./Macular-Dataset-R.Rasti_old/AMD Part2/AMD (44).E2E/2- 25- 2017 4- 31- 15 PM/Image 29.TIFF
../Images/Images_Automatic/AMD Part2/AMD (44).E2E/2- 25- 2017 4- 31- 15 PM/Image 30.png,./Macular-Dataset-R.Rasti_old/AMD Part2/AMD (44).E2E/2- 25- 2017 4- 31- 15 PM/Image 30.TIFF
../Images/Images_Automatic/AMD Part2/AMD (44).E2E/2- 25- 2017 4- 31- 15 PM/Image 31.png,./Macular-Dataset-R.Rasti_old/AMD Part2/AMD (44).E2E/2- 25- 2017 4- 31- 15 PM/Image 31.TIFF
../Images/Images_Automatic/AMD Part2/AMD (45).E2E/2- 25- 2017 4- 33- 53 PM/Image 1.png,./Macular-Dataset-R.Rasti_old/AMD Part2/AMD (45).E2E/2- 25- 2017 4- 33- 53 PM/Image 1.TIFF
../Images/Images_Automatic/AMD Part2/AMD (45).E2E/2- 25- 2017 4- 33- 53 PM/Image 2.png,./Macular-Dataset-R.Rasti_old/AMD Part2/AMD (45).E2E/2- 25- 2017 4- 33- 53 PM/Image 2.TIFF
../Images/Images_Automatic/AMD Part2/AMD (45).E2E/2- 25- 2017 4- 33- 53 PM/Image 3.png,./Macular-Dataset-R.Rasti_old/AMD Part2/AMD (45).E2E/2- 25- 2017 4- 33- 53 PM/Image 3.TIFF
../Images/Images_Automatic/AMD Part2/AMD (45).E2E/2- 25- 2017 4- 33- 53 PM/Image 4.png,./Macular-Dataset-R.Rasti_old/AMD Part2/AMD (45).E2E/2- 25- 2017 4- 33- 53 PM/Image 4.TIFF
../Images/Images_Automatic/AMD Part2/AMD (45).E2E/2- 25- 2017 4- 33- 53 PM/Image 5.png,./Macular-Dataset-R.Rasti_old/AMD Part2/AMD (45).E2E/2- 25- 2017 4- 33- 53 PM/Image 5.TIFF
../Images/Images_Automatic/AMD Part2/AMD (45).E2E/2- 25- 2017 4- 33- 53 PM/Image 6.png,./Macular-Dataset-R.Rasti_old/AMD Part2/AMD (45).E2E/2- 25- 2017 4- 33- 53 PM/Image 6.TIFF
../Images/Images_Automatic/AMD Part2/AMD (45).E2E/2- 25- 2017 4- 33- 53 PM/Image 7.png,./Macular-Dataset-R.Rasti_old/AMD Part2/AMD (45).E2E/2- 25- 2017 4- 33- 53 PM/Image 7.TIFF
../Images/Images_Automatic/AMD Part2/AMD (45).E2E/2- 25- 2017 4- 33- 53 PM/Image 8.png,./Macular-Dataset-R.Rasti_old/AMD Part2/AMD (45).E2E/2- 25- 2017 4- 33- 53 PM/Image 8.TIFF
../Images/Images_Automatic/AMD Part2/AMD (45).E2E/2- 25- 2017 4- 33- 53 PM/Image 9.png,./Macular-Dataset-R.Rasti_old/AMD Part2/AMD (45).E2E/2- 25- 2017 4- 33- 53 PM/Image 9.TIFF
../Images/Images_Automatic/AMD Part2/AMD (45).E2E/2- 25- 2017 4- 33- 53 PM/Image 10.png,./Macular-Dataset-R.Rasti_old/AMD Part2/AMD (45).E2E/2- 25- 2017 4- 33- 53 PM/Image 10.TIFF
../Images/Images_Automatic/AMD Part2/AMD (45).E2E/2- 25- 2017 4- 33- 53 PM/Image 11.png,./Macular-Dataset-R.Rasti_old/AMD Part2/AMD (45).E2E/2- 25- 2017 4- 33- 53 PM/Image 11.TIFF
../Images/Images_Automatic/AMD Part2/AMD (45).E2E/2- 25- 2017 4- 33- 53 PM/Image 12.png,./Macular-Dataset-R.Rasti_old/AMD Part2/AMD (45).E2E/2- 25- 2017 4- 33- 53 PM/Image 12.TIFF
../Images/Images_Automatic/AMD Part2/AMD (45).E2E/2- 25- 2017 4- 33- 53 PM/Image 13.png,./Macular-Dataset-R.Rasti_old/AMD Part2/AMD (45).E2E/2- 25- 2017 4- 33- 53 PM/Image 13.TIFF
../Images/Images_Automatic/AMD Part2/AMD (45).E2E/2- 25- 2017 4- 33- 53 PM/Image 14.png,./Macular-Dataset-R.Rasti_old/AMD Part2/AMD (45).E2E/2- 25- 2017 4- 33- 53 PM/Image 14.TIFF
../Images/Images_Automatic/AMD Part2/AMD (45).E2E/2- 25- 2017 4- 33- 53 PM/Image 15.png,./Macular-Dataset-R.Rasti_old/AMD Part2/AMD (45).E2E/2- 25- 2017 4- 33- 53 PM/Image 15.TIFF
../Images/Images_Automatic/AMD Part2/AMD (45).E2E/2- 25- 2017 4- 33- 53 PM/Image 16.png,./Macular-Dataset-R.Rasti_old/AMD Part2/AMD (45).E2E/2- 25- 2017 4- 33- 53 PM/Image 16.TIFF
../Images/Images_Automatic/AMD Part2/AMD (45).E2E/2- 25- 2017 4- 33- 53 PM/Image 17.png,./Macular-Dataset-R.Rasti_old/AMD Part2/AMD (45).E2E/2- 25- 2017 4- 33- 53 PM/Image 17.TIFF
../Images/Images_Automatic/AMD Part2/AMD (45).E2E/2- 25- 2017 4- 33- 53 PM/Image 18.png,./Macular-Dataset-R.Rasti_old/AMD Part2/AMD (45).E2E/2- 25- 2017 4- 33- 53 PM/Image 18.TIFF
../Images/Images_Automatic/AMD Part2/AMD (45).E2E/2- 25- 2017 4- 33- 53 PM/Image 19.png,./Macular-Dataset-R.Rasti_old/AMD Part2/AMD (45).E2E/2- 25- 2017 4- 33- 53 PM/Image 19.TIFF
../Images/Images_Automatic/AMD Part2/AMD (46).E2E/2- 25- 2017 4- 37- 14 PM/Image 1.png,./Macular-Dataset-R.Rasti_old/AMD Part2/AMD (46).E2E/2- 25- 2017 4- 37- 14 PM/Image 1.TIFF
../Images/Images_Automatic/AMD Part2/AMD (46).E2E/2- 25- 2017 4- 37- 14 PM/Image 2.png,./Macular-Dataset-R.Rasti_old/AMD Part2/AMD (46).E2E/2- 25- 2017 4- 37- 14 PM/Image 2.TIFF
../Images/Images_Automatic/AMD Part2/AMD (46).E2E/2- 25- 2017 4- 37- 14 PM/Image 3.png,./Macular-Dataset-R.Rasti_old/AMD Part2/AMD (46).E2E/2- 25- 2017 4- 37- 14 PM/Image 3.TIFF
../Images/Images_Automatic/AMD Part2/AMD (46).E2E/2- 25- 2017 4- 37- 14 PM/Image 4.png,./Macular-Dataset-R.Rasti_old/AMD Part2/AMD (46).E2E/2- 25- 2017 4- 37- 14 PM/Image 4.TIFF
../Images/Images_Automatic/AMD Part2/AMD (46).E2E/2- 25- 2017 4- 37- 14 PM/Image 5.png,./Macular-Dataset-R.Rasti_old/AMD Part2/AMD (46).E2E/2- 25- 2017 4- 37- 14 PM/Image 5.TIFF
../Images/Images_Automatic/AMD Part2/AMD (46).E2E/2- 25- 2017 4- 37- 14 PM/Image 6.png,./Macular-Dataset-R.Rasti_old/AMD Part2/AMD (46).E2E/2- 25- 2017 4- 37- 14 PM/Image 6.TIFF
../Images/Images_Automatic/AMD Part2/AMD (46).E2E/2- 25- 2017 4- 37- 14 PM/Image 7.png,./Macular-Dataset-R.Rasti_old/AMD Part2/AMD (46).E2E/2- 25- 2017 4- 37- 14 PM/Image 7.TIFF
../Images/Images_Automatic/AMD Part2/AMD (46).E2E/2- 25- 2017 4- 37- 14 PM/Image 8.png,./Macular-Dataset-R.Rasti_old/AMD Part2/AMD (46).E2E/2- 25- 2017 4- 37- 14 PM/Image 8.TIFF
../Images/Images_Automatic/AMD Part2/AMD (46).E2E/2- 25- 2017 4- 37- 14 PM/Image 9.png,./Macular-Dataset-R.Rasti_old/AMD Part2/AMD (46).E2E/2- 25- 2017 4- 37- 14 PM/Image 9.TIFF
../Images/Images_Automatic/AMD Part2/AMD (46).E2E/2- 25- 2017 4- 37- 14 PM/Image 10.png,./Macular-Dataset-R.Rasti_old/AMD Part2/AMD (46).E2E/2- 25- 2017 4- 37- 14 PM/Image 10.TIFF
../Images/Images_Automatic/AMD Part2/AMD (46).E2E/2- 25- 2017 4- 37- 14 PM/Image 11.png,./Macular-Dataset-R.Rasti_old/AMD Part2/AMD (46).E2E/2- 25- 2017 4- 37- 14 PM/Image 11.TIFF
../Images/Images_Automatic/AMD Part2/AMD (46).E2E/2- 25- 2017 4- 37- 14 PM/Image 12.png,./Macular-Dataset-R.Rasti_old/AMD Part2/AMD (46).E2E/2- 25- 2017 4- 37- 14 PM/Image 12.TIFF
../Images/Images_Automatic/AMD Part2/AMD (46).E2E/2- 25- 2017 4- 37- 14 PM/Image 13.png,./Macular-Dataset-R.Rasti_old/AMD Part2/AMD (46).E2E/2- 25- 2017 4- 37- 14 PM/Image 13.TIFF
../Images/Images_Automatic/AMD Part2/AMD (46).E2E/2- 25- 2017 4- 37- 14 PM/Image 14.png,./Macular-Dataset-R.Rasti_old/AMD Part2/AMD (46).E2E/2- 25- 2017 4- 37- 14 PM/Image 14.TIFF
../Images/Images_Automatic/AMD Part2/AMD (46).E2E/2- 25- 2017 4- 37- 14 PM/Image 15.png,./Macular-Dataset-R.Rasti_old/AMD Part2/AMD (46).E2E/2- 25- 2017 4- 37- 14 PM/Image 15.TIFF
../Images/Images_Automatic/AMD Part2/AMD (46).E2E/2- 25- 2017 4- 37- 14 PM/Image 16.png,./Macular-Dataset-R.Rasti_old/AMD Part2/AMD (46).E2E/2- 25- 2017 4- 37- 14 PM/Image 16.TIFF
../Images/Images_Automatic/AMD Part2/AMD (46).E2E/2- 25- 2017 4- 37- 14 PM/Image 17.png,./Macular-Dataset-R.Rasti_old/AMD Part2/AMD (46).E2E/2- 25- 2017 4- 37- 14 PM/Image 17.TIFF
../Images/Images_Automatic/AMD Part2/AMD (46).E2E/2- 25- 2017 4- 37- 14 PM/Image 18.png,./Macular-Dataset-R.Rasti_old/AMD Part2/AMD (46).E2E/2- 25- 2017 4- 37- 14 PM/Image 18.TIFF
../Images/Images_Automatic/AMD Part2/AMD (46).E2E/2- 25- 2017 4- 37- 14 PM/Image 19.png,./Macular-Dataset-R.Rasti_old/AMD Part2/AMD (46).E2E/2- 25- 2017 4- 37- 14 PM/Image 19.TIFF
../Images/Images_Automatic/AMD Part2/AMD (46).E2E/2- 25- 2017 4- 37- 14 PM/Image 20.png,./Macular-Dataset-R.Rasti_old/AMD Part2/AMD (46).E2E/2- 25- 2017 4- 37- 14 PM/Image 20.TIFF
../Images/Images_Automatic/AMD Part2/AMD (46).E2E/2- 25- 2017 4- 37- 14 PM/Image 21.png,./Macular-Dataset-R.Rasti_old/AMD Part2/AMD (46).E2E/2- 25- 2017 4- 37- 14 PM/Image 21.TIFF
../Images/Images_Automatic/AMD Part2/AMD (46).E2E/2- 25- 2017 4- 37- 14 PM/Image 22.png,./Macular-Dataset-R.Rasti_old/AMD Part2/AMD (46).E2E/2- 25- 2017 4- 37- 14 PM/Image 22.TIFF
../Images/Images_Automatic/AMD Part2/AMD (46).E2E/2- 25- 2017 4- 37- 14 PM/Image 23.png,./Macular-Dataset-R.Rasti_old/AMD Part2/AMD (46).E2E/2- 25- 2017 4- 37- 14 PM/Image 23.TIFF
../Images/Images_Automatic/AMD Part2/AMD (46).E2E/2- 25- 2017 4- 37- 14 PM/Image 24.png,./Macular-Dataset-R.Rasti_old/AMD Part2/AMD (46).E2E/2- 25- 2017 4- 37- 14 PM/Image 24.TIFF
../Images/Images_Automatic/AMD Part2/AMD (46).E2E/2- 25- 2017 4- 37- 14 PM/Image 25.png,./Macular-Dataset-R.Rasti_old/AMD Part2/AMD (46).E2E/2- 25- 2017 4- 37- 14 PM/Image 25.TIFF
../Images/Images_Automatic/AMD Part2/AMD (46).E2E/2- 25- 2017 4- 37- 14 PM/Image 26.png,./Macular-Dataset-R.Rasti_old/AMD Part2/AMD (46).E2E/2- 25- 2017 4- 37- 14 PM/Image 26.TIFF
../Images/Images_Automatic/AMD Part2/AMD (46).E2E/2- 25- 2017 4- 37- 14 PM/Image 27.png,./Macular-Dataset-R.Rasti_old/AMD Part2/AMD (46).E2E/2- 25- 2017 4- 37- 14 PM/Image 27.TIFF
../Images/Images_Automatic/AMD Part2/AMD (46).E2E/2- 25- 2017 4- 37- 14 PM/Image 28.png,./Macular-Dataset-R.Rasti_old/AMD Part2/AMD (46).E2E/2- 25- 2017 4- 37- 14 PM/Image 28.TIFF
../Images/Images_Automatic/AMD Part2/AMD (46).E2E/2- 25- 2017 4- 37- 14 PM/Image 29.png,./Macular-Dataset-R.Rasti_old/AMD Part2/AMD (46).E2E/2- 25- 2017 4- 37- 14 PM/Image 29.TIFF
../Images/Images_Automatic/AMD Part2/AMD (46).E2E/2- 25- 2017 4- 37- 14 PM/Image 30.png,./Macular-Dataset-R.Rasti_old/AMD Part2/AMD (46).E2E/2- 25- 2017 4- 37- 14 PM/Image 30.TIFF
../Images/Images_Automatic/AMD Part2/AMD (46).E2E/2- 25- 2017 4- 37- 14 PM/Image 31.png,./Macular-Dataset-R.Rasti_old/AMD Part2/AMD (46).E2E/2- 25- 2017 4- 37- 14 PM/Image 31.TIFF
../Images/Images_Automatic/AMD Part2/AMD (47).E2E/2- 25- 2017 4- 40- 57 PM/Image 1.png,./Macular-Dataset-R.Rasti_old/AMD Part2/AMD (47).E2E/2- 25- 2017 4- 40- 57 PM/Image 1.TIFF
../Images/Images_Automatic/AMD Part2/AMD (47).E2E/2- 25- 2017 4- 40- 57 PM/Image 2.png,./Macular-Dataset-R.Rasti_old/AMD Part2/AMD (47).E2E/2- 25- 2017 4- 40- 57 PM/Image 2.TIFF
../Images/Images_Automatic/AMD Part2/AMD (47).E2E/2- 25- 2017 4- 40- 57 PM/Image 3.png,./Macular-Dataset-R.Rasti_old/AMD Part2/AMD (47).E2E/2- 25- 2017 4- 40- 57 PM/Image 3.TIFF
../Images/Images_Automatic/AMD Part2/AMD (47).E2E/2- 25- 2017 4- 40- 57 PM/Image 4.png,./Macular-Dataset-R.Rasti_old/AMD Part2/AMD (47).E2E/2- 25- 2017 4- 40- 57 PM/Image 4.TIFF
../Images/Images_Automatic/AMD Part2/AMD (47).E2E/2- 25- 2017 4- 40- 57 PM/Image 5.png,./Macular-Dataset-R.Rasti_old/AMD Part2/AMD (47).E2E/2- 25- 2017 4- 40- 57 PM/Image 5.TIFF
../Images/Images_Automatic/AMD Part2/AMD (47).E2E/2- 25- 2017 4- 40- 57 PM/Image 6.png,./Macular-Dataset-R.Rasti_old/AMD Part2/AMD (47).E2E/2- 25- 2017 4- 40- 57 PM/Image 6.TIFF
../Images/Images_Automatic/AMD Part2/AMD (47).E2E/2- 25- 2017 4- 40- 57 PM/Image 7.png,./Macular-Dataset-R.Rasti_old/AMD Part2/AMD (47).E2E/2- 25- 2017 4- 40- 57 PM/Image 7.TIFF
../Images/Images_Automatic/AMD Part2/AMD (47).E2E/2- 25- 2017 4- 40- 57 PM/Image 8.png,./Macular-Dataset-R.Rasti_old/AMD Part2/AMD (47).E2E/2- 25- 2017 4- 40- 57 PM/Image 8.TIFF
../Images/Images_Automatic/AMD Part2/AMD (47).E2E/2- 25- 2017 4- 40- 57 PM/Image 9.png,./Macular-Dataset-R.Rasti_old/AMD Part2/AMD (47).E2E/2- 25- 2017 4- 40- 57 PM/Image 9.TIFF
../Images/Images_Automatic/AMD Part2/AMD (47).E2E/2- 25- 2017 4- 40- 57 PM/Image 10.png,./Macular-Dataset-R.Rasti_old/AMD Part2/AMD (47).E2E/2- 25- 2017 4- 40- 57 PM/Image 10.TIFF
../Images/Images_Automatic/AMD Part2/AMD (47).E2E/2- 25- 2017 4- 40- 57 PM/Image 11.png,./Macular-Dataset-R.Rasti_old/AMD Part2/AMD (47).E2E/2- 25- 2017 4- 40- 57 PM/Image 11.TIFF
../Images/Images_Automatic/AMD Part2/AMD (47).E2E/2- 25- 2017 4- 40- 57 PM/Image 12.png,./Macular-Dataset-R.Rasti_old/AMD Part2/AMD (47).E2E/2- 25- 2017 4- 40- 57 PM/Image 12.TIFF
../Images/Images_Automatic/AMD Part2/AMD (47).E2E/2- 25- 2017 4- 40- 57 PM/Image 13.png,./Macular-Dataset-R.Rasti_old/AMD Part2/AMD (47).E2E/2- 25- 2017 4- 40- 57 PM/Image 13.TIFF
../Images/Images_Automatic/AMD Part2/AMD (47).E2E/2- 25- 2017 4- 40- 57 PM/Image 14.png,./Macular-Dataset-R.Rasti_old/AMD Part2/AMD (47).E2E/2- 25- 2017 4- 40- 57 PM/Image 14.TIFF
../Images/Images_Automatic/AMD Part2/AMD (47).E2E/2- 25- 2017 4- 40- 57 PM/Image 15.png,./Macular-Dataset-R.Rasti_old/AMD Part2/AMD (47).E2E/2- 25- 2017 4- 40- 57 PM/Image 15.TIFF
../Images/Images_Automatic/AMD Part2/AMD (47).E2E/2- 25- 2017 4- 40- 57 PM/Image 16.png,./Macular-Dataset-R.Rasti_old/AMD Part2/AMD (47).E2E/2- 25- 2017 4- 40- 57 PM/Image 16.TIFF
../Images/Images_Automatic/AMD Part2/AMD (47).E2E/2- 25- 2017 4- 40- 57 PM/Image 17.png,./Macular-Dataset-R.Rasti_old/AMD Part2/AMD (47).E2E/2- 25- 2017 4- 40- 57 PM/Image 17.TIFF
../Images/Images_Automatic/AMD Part2/AMD (47).E2E/2- 25- 2017 4- 40- 57 PM/Image 18.png,./Macular-Dataset-R.Rasti_old/AMD Part2/AMD (47).E2E/2- 25- 2017 4- 40- 57 PM/Image 18.TIFF
../Images/Images_Automatic/AMD Part2/AMD (47).E2E/2- 25- 2017 4- 40- 57 PM/Image 19.png,./Macular-Dataset-R.Rasti_old/AMD Part2/AMD (47).E2E/2- 25- 2017 4- 40- 57 PM/Image 19.TIFF
../Images/Images_Automatic/AMD Part2/AMD (47).E2E/2- 25- 2017 4- 40- 57 PM/Image 20.png,./Macular-Dataset-R.Rasti_old/AMD Part2/AMD (47).E2E/2- 25- 2017 4- 40- 57 PM/Image 20.TIFF
../Images/Images_Automatic/AMD Part2/AMD (47).E2E/2- 25- 2017 4- 40- 57 PM/Image 21.png,./Macular-Dataset-R.Rasti_old/AMD Part2/AMD (47).E2E/2- 25- 2017 4- 40- 57 PM/Image 21.TIFF
../Images/Images_Automatic/AMD Part2/AMD (47).E2E/2- 25- 2017 4- 40- 57 PM/Image 22.png,./Macular-Dataset-R.Rasti_old/AMD Part2/AMD (47).E2E/2- 25- 2017 4- 40- 57 PM/Image 22.TIFF
../Images/Images_Automatic/AMD Part2/AMD (47).E2E/2- 25- 2017 4- 40- 57 PM/Image 23.png,./Macular-Dataset-R.Rasti_old/AMD Part2/AMD (47).E2E/2- 25- 2017 4- 40- 57 PM/Image 23.TIFF
../Images/Images_Automatic/AMD Part2/AMD (47).E2E/2- 25- 2017 4- 40- 57 PM/Image 24.png,./Macular-Dataset-R.Rasti_old/AMD Part2/AMD (47).E2E/2- 25- 2017 4- 40- 57 PM/Image 24.TIFF
../Images/Images_Automatic/AMD Part2/AMD (47).E2E/2- 25- 2017 4- 40- 57 PM/Image 25.png,./Macular-Dataset-R.Rasti_old/AMD Part2/AMD (47).E2E/2- 25- 2017 4- 40- 57 PM/Image 25.TIFF
../Images/Images_Automatic/AMD Part2/AMD (47).E2E/2- 25- 2017 4- 40- 57 PM/Image 26.png,./Macular-Dataset-R.Rasti_old/AMD Part2/AMD (47).E2E/2- 25- 2017 4- 40- 57 PM/Image 26.TIFF
../Images/Images_Automatic/AMD Part2/AMD (47).E2E/2- 25- 2017 4- 40- 57 PM/Image 27.png,./Macular-Dataset-R.Rasti_old/AMD Part2/AMD (47).E2E/2- 25- 2017 4- 40- 57 PM/Image 27.TIFF
../Images/Images_Automatic/AMD Part2/AMD (47).E2E/2- 25- 2017 4- 40- 57 PM/Image 28.png,./Macular-Dataset-R.Rasti_old/AMD Part2/AMD (47).E2E/2- 25- 2017 4- 40- 57 PM/Image 28.TIFF
../Images/Images_Automatic/AMD Part2/AMD (47).E2E/2- 25- 2017 4- 40- 57 PM/Image 29.png,./Macular-Dataset-R.Rasti_old/AMD Part2/AMD (47).E2E/2- 25- 2017 4- 40- 57 PM/Image 29.TIFF
../Images/Images_Automatic/AMD Part2/AMD (47).E2E/2- 25- 2017 4- 40- 57 PM/Image 30.png,./Macular-Dataset-R.Rasti_old/AMD Part2/AMD (47).E2E/2- 25- 2017 4- 40- 57 PM/Image 30.TIFF
../Images/Images_Automatic/AMD Part2/AMD (47).E2E/2- 25- 2017 4- 40- 57 PM/Image 31.png,./Macular-Dataset-R.Rasti_old/AMD Part2/AMD (47).E2E/2- 25- 2017 4- 40- 57 PM/Image 31.TIFF
../Images/Images_Automatic/DME/DME (1).E2E/2- 25- 2017 9- 33- 23 PM/Image 1.png,./Macular-Dataset-R.Rasti_old/DME/DME (1).E2E/2- 25- 2017 9- 33- 23 PM/Image 1.TIFF
../Images/Images_Automatic/DME/DME (1).E2E/2- 25- 2017 9- 33- 23 PM/Image 2.png,./Macular-Dataset-R.Rasti_old/DME/DME (1).E2E/2- 25- 2017 9- 33- 23 PM/Image 2.TIFF
../Images/Images_Automatic/DME/DME (1).E2E/2- 25- 2017 9- 33- 23 PM/Image 3.png,./Macular-Dataset-R.Rasti_old/DME/DME (1).E2E/2- 25- 2017 9- 33- 23 PM/Image 3.TIFF
../Images/Images_Automatic/DME/DME (1).E2E/2- 25- 2017 9- 33- 23 PM/Image 4.png,./Macular-Dataset-R.Rasti_old/DME/DME (1).E2E/2- 25- 2017 9- 33- 23 PM/Image 4.TIFF
../Images/Images_Automatic/DME/DME (1).E2E/2- 25- 2017 9- 33- 23 PM/Image 5.png,./Macular-Dataset-R.Rasti_old/DME/DME (1).E2E/2- 25- 2017 9- 33- 23 PM/Image 5.TIFF
../Images/Images_Automatic/DME/DME (1).E2E/2- 25- 2017 9- 33- 23 PM/Image 6.png,./Macular-Dataset-R.Rasti_old/DME/DME (1).E2E/2- 25- 2017 9- 33- 23 PM/Image 6.TIFF
../Images/Images_Automatic/DME/DME (1).E2E/2- 25- 2017 9- 33- 23 PM/Image 7.png,./Macular-Dataset-R.Rasti_old/DME/DME (1).E2E/2- 25- 2017 9- 33- 23 PM/Image 7.TIFF
../Images/Images_Automatic/DME/DME (1).E2E/2- 25- 2017 9- 33- 23 PM/Image 8.png,./Macular-Dataset-R.Rasti_old/DME/DME (1).E2E/2- 25- 2017 9- 33- 23 PM/Image 8.TIFF
../Images/Images_Automatic/DME/DME (1).E2E/2- 25- 2017 9- 33- 23 PM/Image 9.png,./Macular-Dataset-R.Rasti_old/DME/DME (1).E2E/2- 25- 2017 9- 33- 23 PM/Image 9.TIFF
../Images/Images_Automatic/DME/DME (1).E2E/2- 25- 2017 9- 33- 23 PM/Image 10.png,./Macular-Dataset-R.Rasti_old/DME/DME (1).E2E/2- 25- 2017 9- 33- 23 PM/Image 10.TIFF
../Images/Images_Automatic/DME/DME (1).E2E/2- 25- 2017 9- 33- 23 PM/Image 11.png,./Macular-Dataset-R.Rasti_old/DME/DME (1).E2E/2- 25- 2017 9- 33- 23 PM/Image 11.TIFF
../Images/Images_Automatic/DME/DME (1).E2E/2- 25- 2017 9- 33- 23 PM/Image 12.png,./Macular-Dataset-R.Rasti_old/DME/DME (1).E2E/2- 25- 2017 9- 33- 23 PM/Image 12.TIFF
../Images/Images_Automatic/DME/DME (1).E2E/2- 25- 2017 9- 33- 23 PM/Image 13.png,./Macular-Dataset-R.Rasti_old/DME/DME (1).E2E/2- 25- 2017 9- 33- 23 PM/Image 13.TIFF
../Images/Images_Automatic/DME/DME (1).E2E/2- 25- 2017 9- 33- 23 PM/Image 14.png,./Macular-Dataset-R.Rasti_old/DME/DME (1).E2E/2- 25- 2017 9- 33- 23 PM/Image 14.TIFF
../Images/Images_Automatic/DME/DME (1).E2E/2- 25- 2017 9- 33- 23 PM/Image 15.png,./Macular-Dataset-R.Rasti_old/DME/DME (1).E2E/2- 25- 2017 9- 33- 23 PM/Image 15.TIFF
../Images/Images_Automatic/DME/DME (1).E2E/2- 25- 2017 9- 33- 23 PM/Image 16.png,./Macular-Dataset-R.Rasti_old/DME/DME (1).E2E/2- 25- 2017 9- 33- 23 PM/Image 16.TIFF
../Images/Images_Automatic/DME/DME (1).E2E/2- 25- 2017 9- 33- 23 PM/Image 17.png,./Macular-Dataset-R.Rasti_old/DME/DME (1).E2E/2- 25- 2017 9- 33- 23 PM/Image 17.TIFF
../Images/Images_Automatic/DME/DME (1).E2E/2- 25- 2017 9- 33- 23 PM/Image 18.png,./Macular-Dataset-R.Rasti_old/DME/DME (1).E2E/2- 25- 2017 9- 33- 23 PM/Image 18.TIFF
../Images/Images_Automatic/DME/DME (1).E2E/2- 25- 2017 9- 33- 23 PM/Image 19.png,./Macular-Dataset-R.Rasti_old/DME/DME (1).E2E/2- 25- 2017 9- 33- 23 PM/Image 19.TIFF
../Images/Images_Automatic/DME/DME (2).E2E/2- 25- 2017 9- 36- 04 PM/Image 1.png,./Macular-Dataset-R.Rasti_old/DME/DME (2).E2E/2- 25- 2017 9- 36- 04 PM/Image 1.TIFF
../Images/Images_Automatic/DME/DME (2).E2E/2- 25- 2017 9- 36- 04 PM/Image 2.png,./Macular-Dataset-R.Rasti_old/DME/DME (2).E2E/2- 25- 2017 9- 36- 04 PM/Image 2.TIFF
../Images/Images_Automatic/DME/DME (2).E2E/2- 25- 2017 9- 36- 04 PM/Image 3.png,./Macular-Dataset-R.Rasti_old/DME/DME (2).E2E/2- 25- 2017 9- 36- 04 PM/Image 3.TIFF
../Images/Images_Automatic/DME/DME (2).E2E/2- 25- 2017 9- 36- 04 PM/Image 4.png,./Macular-Dataset-R.Rasti_old/DME/DME (2).E2E/2- 25- 2017 9- 36- 04 PM/Image 4.TIFF
../Images/Images_Automatic/DME/DME (2).E2E/2- 25- 2017 9- 36- 04 PM/Image 5.png,./Macular-Dataset-R.Rasti_old/DME/DME (2).E2E/2- 25- 2017 9- 36- 04 PM/Image 5.TIFF
../Images/Images_Automatic/DME/DME (2).E2E/2- 25- 2017 9- 36- 04 PM/Image 6.png,./Macular-Dataset-R.Rasti_old/DME/DME (2).E2E/2- 25- 2017 9- 36- 04 PM/Image 6.TIFF
../Images/Images_Automatic/DME/DME (2).E2E/2- 25- 2017 9- 36- 04 PM/Image 7.png,./Macular-Dataset-R.Rasti_old/DME/DME (2).E2E/2- 25- 2017 9- 36- 04 PM/Image 7.TIFF
../Images/Images_Automatic/DME/DME (2).E2E/2- 25- 2017 9- 36- 04 PM/Image 8.png,./Macular-Dataset-R.Rasti_old/DME/DME (2).E2E/2- 25- 2017 9- 36- 04 PM/Image 8.TIFF
../Images/Images_Automatic/DME/DME (2).E2E/2- 25- 2017 9- 36- 04 PM/Image 9.png,./Macular-Dataset-R.Rasti_old/DME/DME (2).E2E/2- 25- 2017 9- 36- 04 PM/Image 9.TIFF
../Images/Images_Automatic/DME/DME (2).E2E/2- 25- 2017 9- 36- 04 PM/Image 10.png,./Macular-Dataset-R.Rasti_old/DME/DME (2).E2E/2- 25- 2017 9- 36- 04 PM/Image 10.TIFF
../Images/Images_Automatic/DME/DME (2).E2E/2- 25- 2017 9- 36- 04 PM/Image 11.png,./Macular-Dataset-R.Rasti_old/DME/DME (2).E2E/2- 25- 2017 9- 36- 04 PM/Image 11.TIFF
../Images/Images_Automatic/DME/DME (2).E2E/2- 25- 2017 9- 36- 04 PM/Image 12.png,./Macular-Dataset-R.Rasti_old/DME/DME (2).E2E/2- 25- 2017 9- 36- 04 PM/Image 12.TIFF
../Images/Images_Automatic/DME/DME (2).E2E/2- 25- 2017 9- 36- 04 PM/Image 13.png,./Macular-Dataset-R.Rasti_old/DME/DME (2).E2E/2- 25- 2017 9- 36- 04 PM/Image 13.TIFF
../Images/Images_Automatic/DME/DME (2).E2E/2- 25- 2017 9- 36- 04 PM/Image 14.png,./Macular-Dataset-R.Rasti_old/DME/DME (2).E2E/2- 25- 2017 9- 36- 04 PM/Image 14.TIFF
../Images/Images_Automatic/DME/DME (2).E2E/2- 25- 2017 9- 36- 04 PM/Image 15.png,./Macular-Dataset-R.Rasti_old/DME/DME (2).E2E/2- 25- 2017 9- 36- 04 PM/Image 15.TIFF
../Images/Images_Automatic/DME/DME (2).E2E/2- 25- 2017 9- 36- 04 PM/Image 16.png,./Macular-Dataset-R.Rasti_old/DME/DME (2).E2E/2- 25- 2017 9- 36- 04 PM/Image 16.TIFF
../Images/Images_Automatic/DME/DME (2).E2E/2- 25- 2017 9- 36- 04 PM/Image 17.png,./Macular-Dataset-R.Rasti_old/DME/DME (2).E2E/2- 25- 2017 9- 36- 04 PM/Image 17.TIFF
../Images/Images_Automatic/DME/DME (2).E2E/2- 25- 2017 9- 36- 04 PM/Image 18.png,./Macular-Dataset-R.Rasti_old/DME/DME (2).E2E/2- 25- 2017 9- 36- 04 PM/Image 18.TIFF
../Images/Images_Automatic/DME/DME (2).E2E/2- 25- 2017 9- 36- 04 PM/Image 19.png,./Macular-Dataset-R.Rasti_old/DME/DME (2).E2E/2- 25- 2017 9- 36- 04 PM/Image 19.TIFF
../Images/Images_Automatic/DME/DME (3).E2E/2- 25- 2017 9- 36- 38 PM/Image 1.png,./Macular-Dataset-R.Rasti_old/DME/DME (3).E2E/2- 25- 2017 9- 36- 38 PM/Image 1.TIFF
../Images/Images_Automatic/DME/DME (3).E2E/2- 25- 2017 9- 36- 38 PM/Image 2.png,./Macular-Dataset-R.Rasti_old/DME/DME (3).E2E/2- 25- 2017 9- 36- 38 PM/Image 2.TIFF
../Images/Images_Automatic/DME/DME (3).E2E/2- 25- 2017 9- 36- 38 PM/Image 3.png,./Macular-Dataset-R.Rasti_old/DME/DME (3).E2E/2- 25- 2017 9- 36- 38 PM/Image 3.TIFF
../Images/Images_Automatic/DME/DME (3).E2E/2- 25- 2017 9- 36- 38 PM/Image 4.png,./Macular-Dataset-R.Rasti_old/DME/DME (3).E2E/2- 25- 2017 9- 36- 38 PM/Image 4.TIFF
../Images/Images_Automatic/DME/DME (3).E2E/2- 25- 2017 9- 36- 38 PM/Image 5.png,./Macular-Dataset-R.Rasti_old/DME/DME (3).E2E/2- 25- 2017 9- 36- 38 PM/Image 5.TIFF
../Images/Images_Automatic/DME/DME (3).E2E/2- 25- 2017 9- 36- 38 PM/Image 6.png,./Macular-Dataset-R.Rasti_old/DME/DME (3).E2E/2- 25- 2017 9- 36- 38 PM/Image 6.TIFF
../Images/Images_Automatic/DME/DME (3).E2E/2- 25- 2017 9- 36- 38 PM/Image 7.png,./Macular-Dataset-R.Rasti_old/DME/DME (3).E2E/2- 25- 2017 9- 36- 38 PM/Image 7.TIFF
../Images/Images_Automatic/DME/DME (3).E2E/2- 25- 2017 9- 36- 38 PM/Image 8.png,./Macular-Dataset-R.Rasti_old/DME/DME (3).E2E/2- 25- 2017 9- 36- 38 PM/Image 8.TIFF
../Images/Images_Automatic/DME/DME (3).E2E/2- 25- 2017 9- 36- 38 PM/Image 9.png,./Macular-Dataset-R.Rasti_old/DME/DME (3).E2E/2- 25- 2017 9- 36- 38 PM/Image 9.TIFF
../Images/Images_Automatic/DME/DME (3).E2E/2- 25- 2017 9- 36- 38 PM/Image 10.png,./Macular-Dataset-R.Rasti_old/DME/DME (3).E2E/2- 25- 2017 9- 36- 38 PM/Image 10.TIFF
../Images/Images_Automatic/DME/DME (3).E2E/2- 25- 2017 9- 36- 38 PM/Image 11.png,./Macular-Dataset-R.Rasti_old/DME/DME (3).E2E/2- 25- 2017 9- 36- 38 PM/Image 11.TIFF
../Images/Images_Automatic/DME/DME (3).E2E/2- 25- 2017 9- 36- 38 PM/Image 12.png,./Macular-Dataset-R.Rasti_old/DME/DME (3).E2E/2- 25- 2017 9- 36- 38 PM/Image 12.TIFF
../Images/Images_Automatic/DME/DME (3).E2E/2- 25- 2017 9- 36- 38 PM/Image 13.png,./Macular-Dataset-R.Rasti_old/DME/DME (3).E2E/2- 25- 2017 9- 36- 38 PM/Image 13.TIFF
../Images/Images_Automatic/DME/DME (3).E2E/2- 25- 2017 9- 36- 38 PM/Image 14.png,./Macular-Dataset-R.Rasti_old/DME/DME (3).E2E/2- 25- 2017 9- 36- 38 PM/Image 14.TIFF
../Images/Images_Automatic/DME/DME (3).E2E/2- 25- 2017 9- 36- 38 PM/Image 15.png,./Macular-Dataset-R.Rasti_old/DME/DME (3).E2E/2- 25- 2017 9- 36- 38 PM/Image 15.TIFF
../Images/Images_Automatic/DME/DME (3).E2E/2- 25- 2017 9- 36- 38 PM/Image 16.png,./Macular-Dataset-R.Rasti_old/DME/DME (3).E2E/2- 25- 2017 9- 36- 38 PM/Image 16.TIFF
../Images/Images_Automatic/DME/DME (3).E2E/2- 25- 2017 9- 36- 38 PM/Image 17.png,./Macular-Dataset-R.Rasti_old/DME/DME (3).E2E/2- 25- 2017 9- 36- 38 PM/Image 17.TIFF
../Images/Images_Automatic/DME/DME (3).E2E/2- 25- 2017 9- 36- 38 PM/Image 18.png,./Macular-Dataset-R.Rasti_old/DME/DME (3).E2E/2- 25- 2017 9- 36- 38 PM/Image 18.TIFF
../Images/Images_Automatic/DME/DME (3).E2E/2- 25- 2017 9- 36- 38 PM/Image 19.png,./Macular-Dataset-R.Rasti_old/DME/DME (3).E2E/2- 25- 2017 9- 36- 38 PM/Image 19.TIFF
../Images/Images_Automatic/DME/DME (5).E2E/2- 25- 2017 9- 39- 34 PM/Image 1.png,./Macular-Dataset-R.Rasti_old/DME/DME (5).E2E/2- 25- 2017 9- 39- 34 PM/Image 1.TIFF
../Images/Images_Automatic/DME/DME (5).E2E/2- 25- 2017 9- 39- 34 PM/Image 2.png,./Macular-Dataset-R.Rasti_old/DME/DME (5).E2E/2- 25- 2017 9- 39- 34 PM/Image 2.TIFF
../Images/Images_Automatic/DME/DME (5).E2E/2- 25- 2017 9- 39- 34 PM/Image 3.png,./Macular-Dataset-R.Rasti_old/DME/DME (5).E2E/2- 25- 2017 9- 39- 34 PM/Image 3.TIFF
../Images/Images_Automatic/DME/DME (5).E2E/2- 25- 2017 9- 39- 34 PM/Image 4.png,./Macular-Dataset-R.Rasti_old/DME/DME (5).E2E/2- 25- 2017 9- 39- 34 PM/Image 4.TIFF
../Images/Images_Automatic/DME/DME (5).E2E/2- 25- 2017 9- 39- 34 PM/Image 5.png,./Macular-Dataset-R.Rasti_old/DME/DME (5).E2E/2- 25- 2017 9- 39- 34 PM/Image 5.TIFF
../Images/Images_Automatic/DME/DME (5).E2E/2- 25- 2017 9- 39- 34 PM/Image 6.png,./Macular-Dataset-R.Rasti_old/DME/DME (5).E2E/2- 25- 2017 9- 39- 34 PM/Image 6.TIFF
../Images/Images_Automatic/DME/DME (5).E2E/2- 25- 2017 9- 39- 34 PM/Image 7.png,./Macular-Dataset-R.Rasti_old/DME/DME (5).E2E/2- 25- 2017 9- 39- 34 PM/Image 7.TIFF
../Images/Images_Automatic/DME/DME (5).E2E/2- 25- 2017 9- 39- 34 PM/Image 8.png,./Macular-Dataset-R.Rasti_old/DME/DME (5).E2E/2- 25- 2017 9- 39- 34 PM/Image 8.TIFF
../Images/Images_Automatic/DME/DME (5).E2E/2- 25- 2017 9- 39- 34 PM/Image 9.png,./Macular-Dataset-R.Rasti_old/DME/DME (5).E2E/2- 25- 2017 9- 39- 34 PM/Image 9.TIFF
../Images/Images_Automatic/DME/DME (5).E2E/2- 25- 2017 9- 39- 34 PM/Image 10.png,./Macular-Dataset-R.Rasti_old/DME/DME (5).E2E/2- 25- 2017 9- 39- 34 PM/Image 10.TIFF
../Images/Images_Automatic/DME/DME (5).E2E/2- 25- 2017 9- 39- 34 PM/Image 11.png,./Macular-Dataset-R.Rasti_old/DME/DME (5).E2E/2- 25- 2017 9- 39- 34 PM/Image 11.TIFF
../Images/Images_Automatic/DME/DME (5).E2E/2- 25- 2017 9- 39- 34 PM/Image 12.png,./Macular-Dataset-R.Rasti_old/DME/DME (5).E2E/2- 25- 2017 9- 39- 34 PM/Image 12.TIFF
../Images/Images_Automatic/DME/DME (5).E2E/2- 25- 2017 9- 39- 34 PM/Image 13.png,./Macular-Dataset-R.Rasti_old/DME/DME (5).E2E/2- 25- 2017 9- 39- 34 PM/Image 13.TIFF
../Images/Images_Automatic/DME/DME (5).E2E/2- 25- 2017 9- 39- 34 PM/Image 14.png,./Macular-Dataset-R.Rasti_old/DME/DME (5).E2E/2- 25- 2017 9- 39- 34 PM/Image 14.TIFF
../Images/Images_Automatic/DME/DME (5).E2E/2- 25- 2017 9- 39- 34 PM/Image 15.png,./Macular-Dataset-R.Rasti_old/DME/DME (5).E2E/2- 25- 2017 9- 39- 34 PM/Image 15.TIFF
../Images/Images_Automatic/DME/DME (5).E2E/2- 25- 2017 9- 39- 34 PM/Image 16.png,./Macular-Dataset-R.Rasti_old/DME/DME (5).E2E/2- 25- 2017 9- 39- 34 PM/Image 16.TIFF
../Images/Images_Automatic/DME/DME (5).E2E/2- 25- 2017 9- 39- 34 PM/Image 17.png,./Macular-Dataset-R.Rasti_old/DME/DME (5).E2E/2- 25- 2017 9- 39- 34 PM/Image 17.TIFF
../Images/Images_Automatic/DME/DME (5).E2E/2- 25- 2017 9- 39- 34 PM/Image 18.png,./Macular-Dataset-R.Rasti_old/DME/DME (5).E2E/2- 25- 2017 9- 39- 34 PM/Image 18.TIFF
../Images/Images_Automatic/DME/DME (5).E2E/2- 25- 2017 9- 39- 34 PM/Image 19.png,./Macular-Dataset-R.Rasti_old/DME/DME (5).E2E/2- 25- 2017 9- 39- 34 PM/Image 19.TIFF
../Images/Images_Automatic/DME/DME (8).E2E/2- 25- 2017 9- 44- 34 PM/Image 1.png,./Macular-Dataset-R.Rasti_old/DME/DME (8).E2E/2- 25- 2017 9- 44- 34 PM/Image 1.TIFF
../Images/Images_Automatic/DME/DME (8).E2E/2- 25- 2017 9- 44- 34 PM/Image 2.png,./Macular-Dataset-R.Rasti_old/DME/DME (8).E2E/2- 25- 2017 9- 44- 34 PM/Image 2.TIFF
../Images/Images_Automatic/DME/DME (8).E2E/2- 25- 2017 9- 44- 34 PM/Image 3.png,./Macular-Dataset-R.Rasti_old/DME/DME (8).E2E/2- 25- 2017 9- 44- 34 PM/Image 3.TIFF
../Images/Images_Automatic/DME/DME (8).E2E/2- 25- 2017 9- 44- 34 PM/Image 4.png,./Macular-Dataset-R.Rasti_old/DME/DME (8).E2E/2- 25- 2017 9- 44- 34 PM/Image 4.TIFF
../Images/Images_Automatic/DME/DME (8).E2E/2- 25- 2017 9- 44- 34 PM/Image 5.png,./Macular-Dataset-R.Rasti_old/DME/DME (8).E2E/2- 25- 2017 9- 44- 34 PM/Image 5.TIFF
../Images/Images_Automatic/DME/DME (8).E2E/2- 25- 2017 9- 44- 34 PM/Image 6.png,./Macular-Dataset-R.Rasti_old/DME/DME (8).E2E/2- 25- 2017 9- 44- 34 PM/Image 6.TIFF
../Images/Images_Automatic/DME/DME (8).E2E/2- 25- 2017 9- 44- 34 PM/Image 7.png,./Macular-Dataset-R.Rasti_old/DME/DME (8).E2E/2- 25- 2017 9- 44- 34 PM/Image 7.TIFF
../Images/Images_Automatic/DME/DME (8).E2E/2- 25- 2017 9- 44- 34 PM/Image 8.png,./Macular-Dataset-R.Rasti_old/DME/DME (8).E2E/2- 25- 2017 9- 44- 34 PM/Image 8.TIFF
../Images/Images_Automatic/DME/DME (8).E2E/2- 25- 2017 9- 44- 34 PM/Image 9.png,./Macular-Dataset-R.Rasti_old/DME/DME (8).E2E/2- 25- 2017 9- 44- 34 PM/Image 9.TIFF
../Images/Images_Automatic/DME/DME (8).E2E/2- 25- 2017 9- 44- 34 PM/Image 10.png,./Macular-Dataset-R.Rasti_old/DME/DME (8).E2E/2- 25- 2017 9- 44- 34 PM/Image 10.TIFF
../Images/Images_Automatic/DME/DME (8).E2E/2- 25- 2017 9- 44- 34 PM/Image 11.png,./Macular-Dataset-R.Rasti_old/DME/DME (8).E2E/2- 25- 2017 9- 44- 34 PM/Image 11.TIFF
../Images/Images_Automatic/DME/DME (8).E2E/2- 25- 2017 9- 44- 34 PM/Image 12.png,./Macular-Dataset-R.Rasti_old/DME/DME (8).E2E/2- 25- 2017 9- 44- 34 PM/Image 12.TIFF
../Images/Images_Automatic/DME/DME (8).E2E/2- 25- 2017 9- 44- 34 PM/Image 13.png,./Macular-Dataset-R.Rasti_old/DME/DME (8).E2E/2- 25- 2017 9- 44- 34 PM/Image 13.TIFF
../Images/Images_Automatic/DME/DME (8).E2E/2- 25- 2017 9- 44- 34 PM/Image 14.png,./Macular-Dataset-R.Rasti_old/DME/DME (8).E2E/2- 25- 2017 9- 44- 34 PM/Image 14.TIFF
../Images/Images_Automatic/DME/DME (8).E2E/2- 25- 2017 9- 44- 34 PM/Image 15.png,./Macular-Dataset-R.Rasti_old/DME/DME (8).E2E/2- 25- 2017 9- 44- 34 PM/Image 15.TIFF
../Images/Images_Automatic/DME/DME (8).E2E/2- 25- 2017 9- 44- 34 PM/Image 16.png,./Macular-Dataset-R.Rasti_old/DME/DME (8).E2E/2- 25- 2017 9- 44- 34 PM/Image 16.TIFF
../Images/Images_Automatic/DME/DME (8).E2E/2- 25- 2017 9- 44- 34 PM/Image 17.png,./Macular-Dataset-R.Rasti_old/DME/DME (8).E2E/2- 25- 2017 9- 44- 34 PM/Image 17.TIFF
../Images/Images_Automatic/DME/DME (8).E2E/2- 25- 2017 9- 44- 34 PM/Image 18.png,./Macular-Dataset-R.Rasti_old/DME/DME (8).E2E/2- 25- 2017 9- 44- 34 PM/Image 18.TIFF
../Images/Images_Automatic/DME/DME (8).E2E/2- 25- 2017 9- 44- 34 PM/Image 19.png,./Macular-Dataset-R.Rasti_old/DME/DME (8).E2E/2- 25- 2017 9- 44- 34 PM/Image 19.TIFF
../Images/Images_Automatic/DME/DME (10).E2E/2- 25- 2017 9- 46- 18 PM/Image 1.png,./Macular-Dataset-R.Rasti_old/DME/DME (10).E2E/2- 25- 2017 9- 46- 18 PM/Image 1.TIFF
../Images/Images_Automatic/DME/DME (10).E2E/2- 25- 2017 9- 46- 18 PM/Image 2.png,./Macular-Dataset-R.Rasti_old/DME/DME (10).E2E/2- 25- 2017 9- 46- 18 PM/Image 2.TIFF
../Images/Images_Automatic/DME/DME (10).E2E/2- 25- 2017 9- 46- 18 PM/Image 3.png,./Macular-Dataset-R.Rasti_old/DME/DME (10).E2E/2- 25- 2017 9- 46- 18 PM/Image 3.TIFF
../Images/Images_Automatic/DME/DME (10).E2E/2- 25- 2017 9- 46- 18 PM/Image 4.png,./Macular-Dataset-R.Rasti_old/DME/DME (10).E2E/2- 25- 2017 9- 46- 18 PM/Image 4.TIFF
../Images/Images_Automatic/DME/DME (10).E2E/2- 25- 2017 9- 46- 18 PM/Image 5.png,./Macular-Dataset-R.Rasti_old/DME/DME (10).E2E/2- 25- 2017 9- 46- 18 PM/Image 5.TIFF
../Images/Images_Automatic/DME/DME (10).E2E/2- 25- 2017 9- 46- 18 PM/Image 6.png,./Macular-Dataset-R.Rasti_old/DME/DME (10).E2E/2- 25- 2017 9- 46- 18 PM/Image 6.TIFF
../Images/Images_Automatic/DME/DME (10).E2E/2- 25- 2017 9- 46- 18 PM/Image 7.png,./Macular-Dataset-R.Rasti_old/DME/DME (10).E2E/2- 25- 2017 9- 46- 18 PM/Image 7.TIFF
../Images/Images_Automatic/DME/DME (10).E2E/2- 25- 2017 9- 46- 18 PM/Image 8.png,./Macular-Dataset-R.Rasti_old/DME/DME (10).E2E/2- 25- 2017 9- 46- 18 PM/Image 8.TIFF
../Images/Images_Automatic/DME/DME (10).E2E/2- 25- 2017 9- 46- 18 PM/Image 9.png,./Macular-Dataset-R.Rasti_old/DME/DME (10).E2E/2- 25- 2017 9- 46- 18 PM/Image 9.TIFF
../Images/Images_Automatic/DME/DME (10).E2E/2- 25- 2017 9- 46- 18 PM/Image 10.png,./Macular-Dataset-R.Rasti_old/DME/DME (10).E2E/2- 25- 2017 9- 46- 18 PM/Image 10.TIFF
../Images/Images_Automatic/DME/DME (10).E2E/2- 25- 2017 9- 46- 18 PM/Image 11.png,./Macular-Dataset-R.Rasti_old/DME/DME (10).E2E/2- 25- 2017 9- 46- 18 PM/Image 11.TIFF
../Images/Images_Automatic/DME/DME (10).E2E/2- 25- 2017 9- 46- 18 PM/Image 12.png,./Macular-Dataset-R.Rasti_old/DME/DME (10).E2E/2- 25- 2017 9- 46- 18 PM/Image 12.TIFF
../Images/Images_Automatic/DME/DME (10).E2E/2- 25- 2017 9- 46- 18 PM/Image 13.png,./Macular-Dataset-R.Rasti_old/DME/DME (10).E2E/2- 25- 2017 9- 46- 18 PM/Image 13.TIFF
../Images/Images_Automatic/DME/DME (10).E2E/2- 25- 2017 9- 46- 18 PM/Image 14.png,./Macular-Dataset-R.Rasti_old/DME/DME (10).E2E/2- 25- 2017 9- 46- 18 PM/Image 14.TIFF
../Images/Images_Automatic/DME/DME (10).E2E/2- 25- 2017 9- 46- 18 PM/Image 15.png,./Macular-Dataset-R.Rasti_old/DME/DME (10).E2E/2- 25- 2017 9- 46- 18 PM/Image 15.TIFF
../Images/Images_Automatic/DME/DME (10).E2E/2- 25- 2017 9- 46- 18 PM/Image 16.png,./Macular-Dataset-R.Rasti_old/DME/DME (10).E2E/2- 25- 2017 9- 46- 18 PM/Image 16.TIFF
../Images/Images_Automatic/DME/DME (10).E2E/2- 25- 2017 9- 46- 18 PM/Image 17.png,./Macular-Dataset-R.Rasti_old/DME/DME (10).E2E/2- 25- 2017 9- 46- 18 PM/Image 17.TIFF
../Images/Images_Automatic/DME/DME (10).E2E/2- 25- 2017 9- 46- 18 PM/Image 18.png,./Macular-Dataset-R.Rasti_old/DME/DME (10).E2E/2- 25- 2017 9- 46- 18 PM/Image 18.TIFF
../Images/Images_Automatic/DME/DME (10).E2E/2- 25- 2017 9- 46- 18 PM/Image 19.png,./Macular-Dataset-R.Rasti_old/DME/DME (10).E2E/2- 25- 2017 9- 46- 18 PM/Image 19.TIFF
../Images/Images_Automatic/DME/DME (10).E2E/2- 25- 2017 9- 46- 18 PM/Image 20.png,./Macular-Dataset-R.Rasti_old/DME/DME (10).E2E/2- 25- 2017 9- 46- 18 PM/Image 20.TIFF
../Images/Images_Automatic/DME/DME (10).E2E/2- 25- 2017 9- 46- 18 PM/Image 21.png,./Macular-Dataset-R.Rasti_old/DME/DME (10).E2E/2- 25- 2017 9- 46- 18 PM/Image 21.TIFF
../Images/Images_Automatic/DME/DME (10).E2E/2- 25- 2017 9- 46- 18 PM/Image 22.png,./Macular-Dataset-R.Rasti_old/DME/DME (10).E2E/2- 25- 2017 9- 46- 18 PM/Image 22.TIFF
../Images/Images_Automatic/DME/DME (10).E2E/2- 25- 2017 9- 46- 18 PM/Image 23.png,./Macular-Dataset-R.Rasti_old/DME/DME (10).E2E/2- 25- 2017 9- 46- 18 PM/Image 23.TIFF
../Images/Images_Automatic/DME/DME (10).E2E/2- 25- 2017 9- 46- 18 PM/Image 24.png,./Macular-Dataset-R.Rasti_old/DME/DME (10).E2E/2- 25- 2017 9- 46- 18 PM/Image 24.TIFF
../Images/Images_Automatic/DME/DME (10).E2E/2- 25- 2017 9- 46- 18 PM/Image 25.png,./Macular-Dataset-R.Rasti_old/DME/DME (10).E2E/2- 25- 2017 9- 46- 18 PM/Image 25.TIFF
../Images/Images_Automatic/DME/DME (10).E2E/2- 25- 2017 9- 46- 18 PM/Image 26.png,./Macular-Dataset-R.Rasti_old/DME/DME (10).E2E/2- 25- 2017 9- 46- 18 PM/Image 26.TIFF
../Images/Images_Automatic/DME/DME (10).E2E/2- 25- 2017 9- 46- 18 PM/Image 27.png,./Macular-Dataset-R.Rasti_old/DME/DME (10).E2E/2- 25- 2017 9- 46- 18 PM/Image 27.TIFF
../Images/Images_Automatic/DME/DME (10).E2E/2- 25- 2017 9- 46- 18 PM/Image 28.png,./Macular-Dataset-R.Rasti_old/DME/DME (10).E2E/2- 25- 2017 9- 46- 18 PM/Image 28.TIFF
../Images/Images_Automatic/DME/DME (10).E2E/2- 25- 2017 9- 46- 18 PM/Image 29.png,./Macular-Dataset-R.Rasti_old/DME/DME (10).E2E/2- 25- 2017 9- 46- 18 PM/Image 29.TIFF
../Images/Images_Automatic/DME/DME (10).E2E/2- 25- 2017 9- 46- 18 PM/Image 30.png,./Macular-Dataset-R.Rasti_old/DME/DME (10).E2E/2- 25- 2017 9- 46- 18 PM/Image 30.TIFF
../Images/Images_Automatic/DME/DME (10).E2E/2- 25- 2017 9- 46- 18 PM/Image 31.png,./Macular-Dataset-R.Rasti_old/DME/DME (10).E2E/2- 25- 2017 9- 46- 18 PM/Image 31.TIFF
../Images/Images_Automatic/DME/DME (10).E2E/2- 25- 2017 9- 46- 18 PM/Image 32.png,./Macular-Dataset-R.Rasti_old/DME/DME (10).E2E/2- 25- 2017 9- 46- 18 PM/Image 32.TIFF
../Images/Images_Automatic/DME/DME (10).E2E/2- 25- 2017 9- 46- 18 PM/Image 33.png,./Macular-Dataset-R.Rasti_old/DME/DME (10).E2E/2- 25- 2017 9- 46- 18 PM/Image 33.TIFF
../Images/Images_Automatic/DME/DME (10).E2E/2- 25- 2017 9- 46- 18 PM/Image 34.png,./Macular-Dataset-R.Rasti_old/DME/DME (10).E2E/2- 25- 2017 9- 46- 18 PM/Image 34.TIFF
../Images/Images_Automatic/DME/DME (10).E2E/2- 25- 2017 9- 46- 18 PM/Image 35.png,./Macular-Dataset-R.Rasti_old/DME/DME (10).E2E/2- 25- 2017 9- 46- 18 PM/Image 35.TIFF
../Images/Images_Automatic/DME/DME (10).E2E/2- 25- 2017 9- 46- 18 PM/Image 36.png,./Macular-Dataset-R.Rasti_old/DME/DME (10).E2E/2- 25- 2017 9- 46- 18 PM/Image 36.TIFF
../Images/Images_Automatic/DME/DME (10).E2E/2- 25- 2017 9- 46- 18 PM/Image 37.png,./Macular-Dataset-R.Rasti_old/DME/DME (10).E2E/2- 25- 2017 9- 46- 18 PM/Image 37.TIFF
../Images/Images_Automatic/DME/DME (10).E2E/2- 25- 2017 9- 46- 18 PM/Image 38.png,./Macular-Dataset-R.Rasti_old/DME/DME (10).E2E/2- 25- 2017 9- 46- 18 PM/Image 38.TIFF
../Images/Images_Automatic/DME/DME (10).E2E/2- 25- 2017 9- 46- 18 PM/Image 39.png,./Macular-Dataset-R.Rasti_old/DME/DME (10).E2E/2- 25- 2017 9- 46- 18 PM/Image 39.TIFF
../Images/Images_Automatic/DME/DME (10).E2E/2- 25- 2017 9- 46- 18 PM/Image 40.png,./Macular-Dataset-R.Rasti_old/DME/DME (10).E2E/2- 25- 2017 9- 46- 18 PM/Image 40.TIFF
../Images/Images_Automatic/DME/DME (10).E2E/2- 25- 2017 9- 46- 18 PM/Image 41.png,./Macular-Dataset-R.Rasti_old/DME/DME (10).E2E/2- 25- 2017 9- 46- 18 PM/Image 41.TIFF
../Images/Images_Automatic/DME/DME (10).E2E/2- 25- 2017 9- 46- 18 PM/Image 42.png,./Macular-Dataset-R.Rasti_old/DME/DME (10).E2E/2- 25- 2017 9- 46- 18 PM/Image 42.TIFF
../Images/Images_Automatic/DME/DME (10).E2E/2- 25- 2017 9- 46- 18 PM/Image 43.png,./Macular-Dataset-R.Rasti_old/DME/DME (10).E2E/2- 25- 2017 9- 46- 18 PM/Image 43.TIFF
../Images/Images_Automatic/DME/DME (10).E2E/2- 25- 2017 9- 46- 18 PM/Image 44.png,./Macular-Dataset-R.Rasti_old/DME/DME (10).E2E/2- 25- 2017 9- 46- 18 PM/Image 44.TIFF
../Images/Images_Automatic/DME/DME (10).E2E/2- 25- 2017 9- 46- 18 PM/Image 45.png,./Macular-Dataset-R.Rasti_old/DME/DME (10).E2E/2- 25- 2017 9- 46- 18 PM/Image 45.TIFF
../Images/Images_Automatic/DME/DME (10).E2E/2- 25- 2017 9- 46- 18 PM/Image 46.png,./Macular-Dataset-R.Rasti_old/DME/DME (10).E2E/2- 25- 2017 9- 46- 18 PM/Image 46.TIFF
../Images/Images_Automatic/DME/DME (10).E2E/2- 25- 2017 9- 46- 18 PM/Image 47.png,./Macular-Dataset-R.Rasti_old/DME/DME (10).E2E/2- 25- 2017 9- 46- 18 PM/Image 47.TIFF
../Images/Images_Automatic/DME/DME (10).E2E/2- 25- 2017 9- 46- 18 PM/Image 48.png,./Macular-Dataset-R.Rasti_old/DME/DME (10).E2E/2- 25- 2017 9- 46- 18 PM/Image 48.TIFF
../Images/Images_Automatic/DME/DME (10).E2E/2- 25- 2017 9- 46- 18 PM/Image 49.png,./Macular-Dataset-R.Rasti_old/DME/DME (10).E2E/2- 25- 2017 9- 46- 18 PM/Image 49.TIFF
../Images/Images_Automatic/DME/DME (10).E2E/2- 25- 2017 9- 46- 18 PM/Image 50.png,./Macular-Dataset-R.Rasti_old/DME/DME (10).E2E/2- 25- 2017 9- 46- 18 PM/Image 50.TIFF
../Images/Images_Automatic/DME/DME (10).E2E/2- 25- 2017 9- 46- 18 PM/Image 51.png,./Macular-Dataset-R.Rasti_old/DME/DME (10).E2E/2- 25- 2017 9- 46- 18 PM/Image 51.TIFF
../Images/Images_Automatic/DME/DME (10).E2E/2- 25- 2017 9- 46- 18 PM/Image 52.png,./Macular-Dataset-R.Rasti_old/DME/DME (10).E2E/2- 25- 2017 9- 46- 18 PM/Image 52.TIFF
../Images/Images_Automatic/DME/DME (10).E2E/2- 25- 2017 9- 46- 18 PM/Image 53.png,./Macular-Dataset-R.Rasti_old/DME/DME (10).E2E/2- 25- 2017 9- 46- 18 PM/Image 53.TIFF
../Images/Images_Automatic/DME/DME (10).E2E/2- 25- 2017 9- 46- 18 PM/Image 54.png,./Macular-Dataset-R.Rasti_old/DME/DME (10).E2E/2- 25- 2017 9- 46- 18 PM/Image 54.TIFF
../Images/Images_Automatic/DME/DME (10).E2E/2- 25- 2017 9- 46- 18 PM/Image 55.png,./Macular-Dataset-R.Rasti_old/DME/DME (10).E2E/2- 25- 2017 9- 46- 18 PM/Image 55.TIFF
../Images/Images_Automatic/DME/DME (10).E2E/2- 25- 2017 9- 46- 18 PM/Image 56.png,./Macular-Dataset-R.Rasti_old/DME/DME (10).E2E/2- 25- 2017 9- 46- 18 PM/Image 56.TIFF
../Images/Images_Automatic/DME/DME (10).E2E/2- 25- 2017 9- 46- 18 PM/Image 57.png,./Macular-Dataset-R.Rasti_old/DME/DME (10).E2E/2- 25- 2017 9- 46- 18 PM/Image 57.TIFF
../Images/Images_Automatic/DME/DME (10).E2E/2- 25- 2017 9- 46- 18 PM/Image 58.png,./Macular-Dataset-R.Rasti_old/DME/DME (10).E2E/2- 25- 2017 9- 46- 18 PM/Image 58.TIFF
../Images/Images_Automatic/DME/DME (10).E2E/2- 25- 2017 9- 46- 18 PM/Image 59.png,./Macular-Dataset-R.Rasti_old/DME/DME (10).E2E/2- 25- 2017 9- 46- 18 PM/Image 59.TIFF
../Images/Images_Automatic/DME/DME (10).E2E/2- 25- 2017 9- 46- 18 PM/Image 60.png,./Macular-Dataset-R.Rasti_old/DME/DME (10).E2E/2- 25- 2017 9- 46- 18 PM/Image 60.TIFF
../Images/Images_Automatic/DME/DME (10).E2E/2- 25- 2017 9- 46- 18 PM/Image 61.png,./Macular-Dataset-R.Rasti_old/DME/DME (10).E2E/2- 25- 2017 9- 46- 18 PM/Image 61.TIFF
../Images/Images_Automatic/DME/DME (12).E2E/2- 25- 2017 9- 48- 58 PM/Image 1.png,./Macular-Dataset-R.Rasti_old/DME/DME (12).E2E/2- 25- 2017 9- 48- 58 PM/Image 1.TIFF
../Images/Images_Automatic/DME/DME (12).E2E/2- 25- 2017 9- 48- 58 PM/Image 2.png,./Macular-Dataset-R.Rasti_old/DME/DME (12).E2E/2- 25- 2017 9- 48- 58 PM/Image 2.TIFF
../Images/Images_Automatic/DME/DME (12).E2E/2- 25- 2017 9- 48- 58 PM/Image 3.png,./Macular-Dataset-R.Rasti_old/DME/DME (12).E2E/2- 25- 2017 9- 48- 58 PM/Image 3.TIFF
../Images/Images_Automatic/DME/DME (12).E2E/2- 25- 2017 9- 48- 58 PM/Image 4.png,./Macular-Dataset-R.Rasti_old/DME/DME (12).E2E/2- 25- 2017 9- 48- 58 PM/Image 4.TIFF
../Images/Images_Automatic/DME/DME (12).E2E/2- 25- 2017 9- 48- 58 PM/Image 5.png,./Macular-Dataset-R.Rasti_old/DME/DME (12).E2E/2- 25- 2017 9- 48- 58 PM/Image 5.TIFF
../Images/Images_Automatic/DME/DME (12).E2E/2- 25- 2017 9- 48- 58 PM/Image 6.png,./Macular-Dataset-R.Rasti_old/DME/DME (12).E2E/2- 25- 2017 9- 48- 58 PM/Image 6.TIFF
../Images/Images_Automatic/DME/DME (12).E2E/2- 25- 2017 9- 48- 58 PM/Image 7.png,./Macular-Dataset-R.Rasti_old/DME/DME (12).E2E/2- 25- 2017 9- 48- 58 PM/Image 7.TIFF
../Images/Images_Automatic/DME/DME (12).E2E/2- 25- 2017 9- 48- 58 PM/Image 8.png,./Macular-Dataset-R.Rasti_old/DME/DME (12).E2E/2- 25- 2017 9- 48- 58 PM/Image 8.TIFF
../Images/Images_Automatic/DME/DME (12).E2E/2- 25- 2017 9- 48- 58 PM/Image 9.png,./Macular-Dataset-R.Rasti_old/DME/DME (12).E2E/2- 25- 2017 9- 48- 58 PM/Image 9.TIFF
../Images/Images_Automatic/DME/DME (12).E2E/2- 25- 2017 9- 48- 58 PM/Image 10.png,./Macular-Dataset-R.Rasti_old/DME/DME (12).E2E/2- 25- 2017 9- 48- 58 PM/Image 10.TIFF
../Images/Images_Automatic/DME/DME (12).E2E/2- 25- 2017 9- 48- 58 PM/Image 11.png,./Macular-Dataset-R.Rasti_old/DME/DME (12).E2E/2- 25- 2017 9- 48- 58 PM/Image 11.TIFF
../Images/Images_Automatic/DME/DME (12).E2E/2- 25- 2017 9- 48- 58 PM/Image 12.png,./Macular-Dataset-R.Rasti_old/DME/DME (12).E2E/2- 25- 2017 9- 48- 58 PM/Image 12.TIFF
../Images/Images_Automatic/DME/DME (12).E2E/2- 25- 2017 9- 48- 58 PM/Image 13.png,./Macular-Dataset-R.Rasti_old/DME/DME (12).E2E/2- 25- 2017 9- 48- 58 PM/Image 13.TIFF
../Images/Images_Automatic/DME/DME (12).E2E/2- 25- 2017 9- 48- 58 PM/Image 14.png,./Macular-Dataset-R.Rasti_old/DME/DME (12).E2E/2- 25- 2017 9- 48- 58 PM/Image 14.TIFF
../Images/Images_Automatic/DME/DME (12).E2E/2- 25- 2017 9- 48- 58 PM/Image 15.png,./Macular-Dataset-R.Rasti_old/DME/DME (12).E2E/2- 25- 2017 9- 48- 58 PM/Image 15.TIFF
../Images/Images_Automatic/DME/DME (12).E2E/2- 25- 2017 9- 48- 58 PM/Image 16.png,./Macular-Dataset-R.Rasti_old/DME/DME (12).E2E/2- 25- 2017 9- 48- 58 PM/Image 16.TIFF
../Images/Images_Automatic/DME/DME (12).E2E/2- 25- 2017 9- 48- 58 PM/Image 17.png,./Macular-Dataset-R.Rasti_old/DME/DME (12).E2E/2- 25- 2017 9- 48- 58 PM/Image 17.TIFF
../Images/Images_Automatic/DME/DME (12).E2E/2- 25- 2017 9- 48- 58 PM/Image 18.png,./Macular-Dataset-R.Rasti_old/DME/DME (12).E2E/2- 25- 2017 9- 48- 58 PM/Image 18.TIFF
../Images/Images_Automatic/DME/DME (12).E2E/2- 25- 2017 9- 48- 58 PM/Image 19.png,./Macular-Dataset-R.Rasti_old/DME/DME (12).E2E/2- 25- 2017 9- 48- 58 PM/Image 19.TIFF
../Images/Images_Automatic/DME/DME (12).E2E/2- 25- 2017 9- 48- 58 PM/Image 20.png,./Macular-Dataset-R.Rasti_old/DME/DME (12).E2E/2- 25- 2017 9- 48- 58 PM/Image 20.TIFF
../Images/Images_Automatic/DME/DME (12).E2E/2- 25- 2017 9- 48- 58 PM/Image 21.png,./Macular-Dataset-R.Rasti_old/DME/DME (12).E2E/2- 25- 2017 9- 48- 58 PM/Image 21.TIFF
../Images/Images_Automatic/DME/DME (12).E2E/2- 25- 2017 9- 48- 58 PM/Image 22.png,./Macular-Dataset-R.Rasti_old/DME/DME (12).E2E/2- 25- 2017 9- 48- 58 PM/Image 22.TIFF
../Images/Images_Automatic/DME/DME (12).E2E/2- 25- 2017 9- 48- 58 PM/Image 23.png,./Macular-Dataset-R.Rasti_old/DME/DME (12).E2E/2- 25- 2017 9- 48- 58 PM/Image 23.TIFF
../Images/Images_Automatic/DME/DME (12).E2E/2- 25- 2017 9- 48- 58 PM/Image 24.png,./Macular-Dataset-R.Rasti_old/DME/DME (12).E2E/2- 25- 2017 9- 48- 58 PM/Image 24.TIFF
../Images/Images_Automatic/DME/DME (12).E2E/2- 25- 2017 9- 48- 58 PM/Image 25.png,./Macular-Dataset-R.Rasti_old/DME/DME (12).E2E/2- 25- 2017 9- 48- 58 PM/Image 25.TIFF
../Images/Images_Automatic/DME/DME (13).E2E/2- 25- 2017 9- 51- 05 PM/Image 1.png,./Macular-Dataset-R.Rasti_old/DME/DME (13).E2E/2- 25- 2017 9- 51- 05 PM/Image 1.TIFF
../Images/Images_Automatic/DME/DME (13).E2E/2- 25- 2017 9- 51- 05 PM/Image 2.png,./Macular-Dataset-R.Rasti_old/DME/DME (13).E2E/2- 25- 2017 9- 51- 05 PM/Image 2.TIFF
../Images/Images_Automatic/DME/DME (13).E2E/2- 25- 2017 9- 51- 05 PM/Image 3.png,./Macular-Dataset-R.Rasti_old/DME/DME (13).E2E/2- 25- 2017 9- 51- 05 PM/Image 3.TIFF
../Images/Images_Automatic/DME/DME (13).E2E/2- 25- 2017 9- 51- 05 PM/Image 4.png,./Macular-Dataset-R.Rasti_old/DME/DME (13).E2E/2- 25- 2017 9- 51- 05 PM/Image 4.TIFF
../Images/Images_Automatic/DME/DME (13).E2E/2- 25- 2017 9- 51- 05 PM/Image 5.png,./Macular-Dataset-R.Rasti_old/DME/DME (13).E2E/2- 25- 2017 9- 51- 05 PM/Image 5.TIFF
../Images/Images_Automatic/DME/DME (13).E2E/2- 25- 2017 9- 51- 05 PM/Image 6.png,./Macular-Dataset-R.Rasti_old/DME/DME (13).E2E/2- 25- 2017 9- 51- 05 PM/Image 6.TIFF
../Images/Images_Automatic/DME/DME (13).E2E/2- 25- 2017 9- 51- 05 PM/Image 7.png,./Macular-Dataset-R.Rasti_old/DME/DME (13).E2E/2- 25- 2017 9- 51- 05 PM/Image 7.TIFF
../Images/Images_Automatic/DME/DME (13).E2E/2- 25- 2017 9- 51- 05 PM/Image 8.png,./Macular-Dataset-R.Rasti_old/DME/DME (13).E2E/2- 25- 2017 9- 51- 05 PM/Image 8.TIFF
../Images/Images_Automatic/DME/DME (13).E2E/2- 25- 2017 9- 51- 05 PM/Image 9.png,./Macular-Dataset-R.Rasti_old/DME/DME (13).E2E/2- 25- 2017 9- 51- 05 PM/Image 9.TIFF
../Images/Images_Automatic/DME/DME (13).E2E/2- 25- 2017 9- 51- 05 PM/Image 10.png,./Macular-Dataset-R.Rasti_old/DME/DME (13).E2E/2- 25- 2017 9- 51- 05 PM/Image 10.TIFF
../Images/Images_Automatic/DME/DME (13).E2E/2- 25- 2017 9- 51- 05 PM/Image 11.png,./Macular-Dataset-R.Rasti_old/DME/DME (13).E2E/2- 25- 2017 9- 51- 05 PM/Image 11.TIFF
../Images/Images_Automatic/DME/DME (13).E2E/2- 25- 2017 9- 51- 05 PM/Image 12.png,./Macular-Dataset-R.Rasti_old/DME/DME (13).E2E/2- 25- 2017 9- 51- 05 PM/Image 12.TIFF
../Images/Images_Automatic/DME/DME (13).E2E/2- 25- 2017 9- 51- 05 PM/Image 13.png,./Macular-Dataset-R.Rasti_old/DME/DME (13).E2E/2- 25- 2017 9- 51- 05 PM/Image 13.TIFF
../Images/Images_Automatic/DME/DME (13).E2E/2- 25- 2017 9- 51- 05 PM/Image 14.png,./Macular-Dataset-R.Rasti_old/DME/DME (13).E2E/2- 25- 2017 9- 51- 05 PM/Image 14.TIFF
../Images/Images_Automatic/DME/DME (13).E2E/2- 25- 2017 9- 51- 05 PM/Image 15.png,./Macular-Dataset-R.Rasti_old/DME/DME (13).E2E/2- 25- 2017 9- 51- 05 PM/Image 15.TIFF
../Images/Images_Automatic/DME/DME (13).E2E/2- 25- 2017 9- 51- 05 PM/Image 16.png,./Macular-Dataset-R.Rasti_old/DME/DME (13).E2E/2- 25- 2017 9- 51- 05 PM/Image 16.TIFF
../Images/Images_Automatic/DME/DME (13).E2E/2- 25- 2017 9- 51- 05 PM/Image 17.png,./Macular-Dataset-R.Rasti_old/DME/DME (13).E2E/2- 25- 2017 9- 51- 05 PM/Image 17.TIFF
../Images/Images_Automatic/DME/DME (13).E2E/2- 25- 2017 9- 51- 05 PM/Image 18.png,./Macular-Dataset-R.Rasti_old/DME/DME (13).E2E/2- 25- 2017 9- 51- 05 PM/Image 18.TIFF
../Images/Images_Automatic/DME/DME (13).E2E/2- 25- 2017 9- 51- 05 PM/Image 19.png,./Macular-Dataset-R.Rasti_old/DME/DME (13).E2E/2- 25- 2017 9- 51- 05 PM/Image 19.TIFF
../Images/Images_Automatic/DME/DME (16).E2E/2- 25- 2017 9- 54- 13 PM/Image 1.png,./Macular-Dataset-R.Rasti_old/DME/DME (16).E2E/2- 25- 2017 9- 54- 13 PM/Image 1.TIFF
../Images/Images_Automatic/DME/DME (16).E2E/2- 25- 2017 9- 54- 13 PM/Image 2.png,./Macular-Dataset-R.Rasti_old/DME/DME (16).E2E/2- 25- 2017 9- 54- 13 PM/Image 2.TIFF
../Images/Images_Automatic/DME/DME (16).E2E/2- 25- 2017 9- 54- 13 PM/Image 3.png,./Macular-Dataset-R.Rasti_old/DME/DME (16).E2E/2- 25- 2017 9- 54- 13 PM/Image 3.TIFF
../Images/Images_Automatic/DME/DME (16).E2E/2- 25- 2017 9- 54- 13 PM/Image 4.png,./Macular-Dataset-R.Rasti_old/DME/DME (16).E2E/2- 25- 2017 9- 54- 13 PM/Image 4.TIFF
../Images/Images_Automatic/DME/DME (16).E2E/2- 25- 2017 9- 54- 13 PM/Image 5.png,./Macular-Dataset-R.Rasti_old/DME/DME (16).E2E/2- 25- 2017 9- 54- 13 PM/Image 5.TIFF
../Images/Images_Automatic/DME/DME (16).E2E/2- 25- 2017 9- 54- 13 PM/Image 6.png,./Macular-Dataset-R.Rasti_old/DME/DME (16).E2E/2- 25- 2017 9- 54- 13 PM/Image 6.TIFF
../Images/Images_Automatic/DME/DME (16).E2E/2- 25- 2017 9- 54- 13 PM/Image 7.png,./Macular-Dataset-R.Rasti_old/DME/DME (16).E2E/2- 25- 2017 9- 54- 13 PM/Image 7.TIFF
../Images/Images_Automatic/DME/DME (16).E2E/2- 25- 2017 9- 54- 13 PM/Image 8.png,./Macular-Dataset-R.Rasti_old/DME/DME (16).E2E/2- 25- 2017 9- 54- 13 PM/Image 8.TIFF
../Images/Images_Automatic/DME/DME (16).E2E/2- 25- 2017 9- 54- 13 PM/Image 9.png,./Macular-Dataset-R.Rasti_old/DME/DME (16).E2E/2- 25- 2017 9- 54- 13 PM/Image 9.TIFF
../Images/Images_Automatic/DME/DME (16).E2E/2- 25- 2017 9- 54- 13 PM/Image 10.png,./Macular-Dataset-R.Rasti_old/DME/DME (16).E2E/2- 25- 2017 9- 54- 13 PM/Image 10.TIFF
../Images/Images_Automatic/DME/DME (16).E2E/2- 25- 2017 9- 54- 13 PM/Image 11.png,./Macular-Dataset-R.Rasti_old/DME/DME (16).E2E/2- 25- 2017 9- 54- 13 PM/Image 11.TIFF
../Images/Images_Automatic/DME/DME (16).E2E/2- 25- 2017 9- 54- 13 PM/Image 12.png,./Macular-Dataset-R.Rasti_old/DME/DME (16).E2E/2- 25- 2017 9- 54- 13 PM/Image 12.TIFF
../Images/Images_Automatic/DME/DME (16).E2E/2- 25- 2017 9- 54- 13 PM/Image 13.png,./Macular-Dataset-R.Rasti_old/DME/DME (16).E2E/2- 25- 2017 9- 54- 13 PM/Image 13.TIFF
../Images/Images_Automatic/DME/DME (16).E2E/2- 25- 2017 9- 54- 13 PM/Image 14.png,./Macular-Dataset-R.Rasti_old/DME/DME (16).E2E/2- 25- 2017 9- 54- 13 PM/Image 14.TIFF
../Images/Images_Automatic/DME/DME (16).E2E/2- 25- 2017 9- 54- 13 PM/Image 15.png,./Macular-Dataset-R.Rasti_old/DME/DME (16).E2E/2- 25- 2017 9- 54- 13 PM/Image 15.TIFF
../Images/Images_Automatic/DME/DME (16).E2E/2- 25- 2017 9- 54- 13 PM/Image 16.png,./Macular-Dataset-R.Rasti_old/DME/DME (16).E2E/2- 25- 2017 9- 54- 13 PM/Image 16.TIFF
../Images/Images_Automatic/DME/DME (16).E2E/2- 25- 2017 9- 54- 13 PM/Image 17.png,./Macular-Dataset-R.Rasti_old/DME/DME (16).E2E/2- 25- 2017 9- 54- 13 PM/Image 17.TIFF
../Images/Images_Automatic/DME/DME (16).E2E/2- 25- 2017 9- 54- 13 PM/Image 18.png,./Macular-Dataset-R.Rasti_old/DME/DME (16).E2E/2- 25- 2017 9- 54- 13 PM/Image 18.TIFF
../Images/Images_Automatic/DME/DME (16).E2E/2- 25- 2017 9- 54- 13 PM/Image 19.png,./Macular-Dataset-R.Rasti_old/DME/DME (16).E2E/2- 25- 2017 9- 54- 13 PM/Image 19.TIFF
../Images/Images_Automatic/DME/DME (16).E2E/2- 25- 2017 9- 54- 13 PM/Image 20.png,./Macular-Dataset-R.Rasti_old/DME/DME (16).E2E/2- 25- 2017 9- 54- 13 PM/Image 20.TIFF
../Images/Images_Automatic/DME/DME (16).E2E/2- 25- 2017 9- 54- 13 PM/Image 21.png,./Macular-Dataset-R.Rasti_old/DME/DME (16).E2E/2- 25- 2017 9- 54- 13 PM/Image 21.TIFF
../Images/Images_Automatic/DME/DME (16).E2E/2- 25- 2017 9- 54- 13 PM/Image 22.png,./Macular-Dataset-R.Rasti_old/DME/DME (16).E2E/2- 25- 2017 9- 54- 13 PM/Image 22.TIFF
../Images/Images_Automatic/DME/DME (16).E2E/2- 25- 2017 9- 54- 13 PM/Image 23.png,./Macular-Dataset-R.Rasti_old/DME/DME (16).E2E/2- 25- 2017 9- 54- 13 PM/Image 23.TIFF
../Images/Images_Automatic/DME/DME (16).E2E/2- 25- 2017 9- 54- 13 PM/Image 24.png,./Macular-Dataset-R.Rasti_old/DME/DME (16).E2E/2- 25- 2017 9- 54- 13 PM/Image 24.TIFF
../Images/Images_Automatic/DME/DME (16).E2E/2- 25- 2017 9- 54- 13 PM/Image 25.png,./Macular-Dataset-R.Rasti_old/DME/DME (16).E2E/2- 25- 2017 9- 54- 13 PM/Image 25.TIFF
../Images/Images_Automatic/DME/DME (18).E2E/2- 25- 2017 9- 56- 50 PM/Image 1.png,./Macular-Dataset-R.Rasti_old/DME/DME (18).E2E/2- 25- 2017 9- 56- 50 PM/Image 1.TIFF
../Images/Images_Automatic/DME/DME (18).E2E/2- 25- 2017 9- 56- 50 PM/Image 2.png,./Macular-Dataset-R.Rasti_old/DME/DME (18).E2E/2- 25- 2017 9- 56- 50 PM/Image 2.TIFF
../Images/Images_Automatic/DME/DME (18).E2E/2- 25- 2017 9- 56- 50 PM/Image 3.png,./Macular-Dataset-R.Rasti_old/DME/DME (18).E2E/2- 25- 2017 9- 56- 50 PM/Image 3.TIFF
../Images/Images_Automatic/DME/DME (18).E2E/2- 25- 2017 9- 56- 50 PM/Image 4.png,./Macular-Dataset-R.Rasti_old/DME/DME (18).E2E/2- 25- 2017 9- 56- 50 PM/Image 4.TIFF
../Images/Images_Automatic/DME/DME (18).E2E/2- 25- 2017 9- 56- 50 PM/Image 5.png,./Macular-Dataset-R.Rasti_old/DME/DME (18).E2E/2- 25- 2017 9- 56- 50 PM/Image 5.TIFF
../Images/Images_Automatic/DME/DME (18).E2E/2- 25- 2017 9- 56- 50 PM/Image 6.png,./Macular-Dataset-R.Rasti_old/DME/DME (18).E2E/2- 25- 2017 9- 56- 50 PM/Image 6.TIFF
../Images/Images_Automatic/DME/DME (18).E2E/2- 25- 2017 9- 56- 50 PM/Image 7.png,./Macular-Dataset-R.Rasti_old/DME/DME (18).E2E/2- 25- 2017 9- 56- 50 PM/Image 7.TIFF
../Images/Images_Automatic/DME/DME (18).E2E/2- 25- 2017 9- 56- 50 PM/Image 8.png,./Macular-Dataset-R.Rasti_old/DME/DME (18).E2E/2- 25- 2017 9- 56- 50 PM/Image 8.TIFF
../Images/Images_Automatic/DME/DME (18).E2E/2- 25- 2017 9- 56- 50 PM/Image 9.png,./Macular-Dataset-R.Rasti_old/DME/DME (18).E2E/2- 25- 2017 9- 56- 50 PM/Image 9.TIFF
../Images/Images_Automatic/DME/DME (18).E2E/2- 25- 2017 9- 56- 50 PM/Image 10.png,./Macular-Dataset-R.Rasti_old/DME/DME (18).E2E/2- 25- 2017 9- 56- 50 PM/Image 10.TIFF
../Images/Images_Automatic/DME/DME (18).E2E/2- 25- 2017 9- 56- 50 PM/Image 11.png,./Macular-Dataset-R.Rasti_old/DME/DME (18).E2E/2- 25- 2017 9- 56- 50 PM/Image 11.TIFF
../Images/Images_Automatic/DME/DME (18).E2E/2- 25- 2017 9- 56- 50 PM/Image 12.png,./Macular-Dataset-R.Rasti_old/DME/DME (18).E2E/2- 25- 2017 9- 56- 50 PM/Image 12.TIFF
../Images/Images_Automatic/DME/DME (18).E2E/2- 25- 2017 9- 56- 50 PM/Image 13.png,./Macular-Dataset-R.Rasti_old/DME/DME (18).E2E/2- 25- 2017 9- 56- 50 PM/Image 13.TIFF
../Images/Images_Automatic/DME/DME (18).E2E/2- 25- 2017 9- 56- 50 PM/Image 14.png,./Macular-Dataset-R.Rasti_old/DME/DME (18).E2E/2- 25- 2017 9- 56- 50 PM/Image 14.TIFF
../Images/Images_Automatic/DME/DME (18).E2E/2- 25- 2017 9- 56- 50 PM/Image 15.png,./Macular-Dataset-R.Rasti_old/DME/DME (18).E2E/2- 25- 2017 9- 56- 50 PM/Image 15.TIFF
../Images/Images_Automatic/DME/DME (18).E2E/2- 25- 2017 9- 56- 50 PM/Image 16.png,./Macular-Dataset-R.Rasti_old/DME/DME (18).E2E/2- 25- 2017 9- 56- 50 PM/Image 16.TIFF
../Images/Images_Automatic/DME/DME (18).E2E/2- 25- 2017 9- 56- 50 PM/Image 17.png,./Macular-Dataset-R.Rasti_old/DME/DME (18).E2E/2- 25- 2017 9- 56- 50 PM/Image 17.TIFF
../Images/Images_Automatic/DME/DME (18).E2E/2- 25- 2017 9- 56- 50 PM/Image 18.png,./Macular-Dataset-R.Rasti_old/DME/DME (18).E2E/2- 25- 2017 9- 56- 50 PM/Image 18.TIFF
../Images/Images_Automatic/DME/DME (18).E2E/2- 25- 2017 9- 56- 50 PM/Image 19.png,./Macular-Dataset-R.Rasti_old/DME/DME (18).E2E/2- 25- 2017 9- 56- 50 PM/Image 19.TIFF
../Images/Images_Automatic/DME/DME (18).E2E/2- 25- 2017 9- 56- 50 PM/Image 20.png,./Macular-Dataset-R.Rasti_old/DME/DME (18).E2E/2- 25- 2017 9- 56- 50 PM/Image 20.TIFF
../Images/Images_Automatic/DME/DME (18).E2E/2- 25- 2017 9- 56- 50 PM/Image 21.png,./Macular-Dataset-R.Rasti_old/DME/DME (18).E2E/2- 25- 2017 9- 56- 50 PM/Image 21.TIFF
../Images/Images_Automatic/DME/DME (18).E2E/2- 25- 2017 9- 56- 50 PM/Image 22.png,./Macular-Dataset-R.Rasti_old/DME/DME (18).E2E/2- 25- 2017 9- 56- 50 PM/Image 22.TIFF
../Images/Images_Automatic/DME/DME (18).E2E/2- 25- 2017 9- 56- 50 PM/Image 23.png,./Macular-Dataset-R.Rasti_old/DME/DME (18).E2E/2- 25- 2017 9- 56- 50 PM/Image 23.TIFF
../Images/Images_Automatic/DME/DME (18).E2E/2- 25- 2017 9- 56- 50 PM/Image 24.png,./Macular-Dataset-R.Rasti_old/DME/DME (18).E2E/2- 25- 2017 9- 56- 50 PM/Image 24.TIFF
../Images/Images_Automatic/DME/DME (18).E2E/2- 25- 2017 9- 56- 50 PM/Image 25.png,./Macular-Dataset-R.Rasti_old/DME/DME (18).E2E/2- 25- 2017 9- 56- 50 PM/Image 25.TIFF
../Images/Images_Automatic/DME/DME (20).E2E/2- 25- 2017 10- 00- 10 PM/Image 1.png,./Macular-Dataset-R.Rasti_old/DME/DME (20).E2E/2- 25- 2017 10- 00- 10 PM/Image 1.TIFF
../Images/Images_Automatic/DME/DME (20).E2E/2- 25- 2017 10- 00- 10 PM/Image 2.png,./Macular-Dataset-R.Rasti_old/DME/DME (20).E2E/2- 25- 2017 10- 00- 10 PM/Image 2.TIFF
../Images/Images_Automatic/DME/DME (20).E2E/2- 25- 2017 10- 00- 10 PM/Image 3.png,./Macular-Dataset-R.Rasti_old/DME/DME (20).E2E/2- 25- 2017 10- 00- 10 PM/Image 3.TIFF
../Images/Images_Automatic/DME/DME (20).E2E/2- 25- 2017 10- 00- 10 PM/Image 4.png,./Macular-Dataset-R.Rasti_old/DME/DME (20).E2E/2- 25- 2017 10- 00- 10 PM/Image 4.TIFF
../Images/Images_Automatic/DME/DME (20).E2E/2- 25- 2017 10- 00- 10 PM/Image 5.png,./Macular-Dataset-R.Rasti_old/DME/DME (20).E2E/2- 25- 2017 10- 00- 10 PM/Image 5.TIFF
../Images/Images_Automatic/DME/DME (20).E2E/2- 25- 2017 10- 00- 10 PM/Image 6.png,./Macular-Dataset-R.Rasti_old/DME/DME (20).E2E/2- 25- 2017 10- 00- 10 PM/Image 6.TIFF
../Images/Images_Automatic/DME/DME (20).E2E/2- 25- 2017 10- 00- 10 PM/Image 7.png,./Macular-Dataset-R.Rasti_old/DME/DME (20).E2E/2- 25- 2017 10- 00- 10 PM/Image 7.TIFF
../Images/Images_Automatic/DME/DME (20).E2E/2- 25- 2017 10- 00- 10 PM/Image 8.png,./Macular-Dataset-R.Rasti_old/DME/DME (20).E2E/2- 25- 2017 10- 00- 10 PM/Image 8.TIFF
../Images/Images_Automatic/DME/DME (20).E2E/2- 25- 2017 10- 00- 10 PM/Image 9.png,./Macular-Dataset-R.Rasti_old/DME/DME (20).E2E/2- 25- 2017 10- 00- 10 PM/Image 9.TIFF
../Images/Images_Automatic/DME/DME (20).E2E/2- 25- 2017 10- 00- 10 PM/Image 10.png,./Macular-Dataset-R.Rasti_old/DME/DME (20).E2E/2- 25- 2017 10- 00- 10 PM/Image 10.TIFF
../Images/Images_Automatic/DME/DME (20).E2E/2- 25- 2017 10- 00- 10 PM/Image 11.png,./Macular-Dataset-R.Rasti_old/DME/DME (20).E2E/2- 25- 2017 10- 00- 10 PM/Image 11.TIFF
../Images/Images_Automatic/DME/DME (20).E2E/2- 25- 2017 10- 00- 10 PM/Image 12.png,./Macular-Dataset-R.Rasti_old/DME/DME (20).E2E/2- 25- 2017 10- 00- 10 PM/Image 12.TIFF
../Images/Images_Automatic/DME/DME (20).E2E/2- 25- 2017 10- 00- 10 PM/Image 13.png,./Macular-Dataset-R.Rasti_old/DME/DME (20).E2E/2- 25- 2017 10- 00- 10 PM/Image 13.TIFF
../Images/Images_Automatic/DME/DME (20).E2E/2- 25- 2017 10- 00- 10 PM/Image 14.png,./Macular-Dataset-R.Rasti_old/DME/DME (20).E2E/2- 25- 2017 10- 00- 10 PM/Image 14.TIFF
../Images/Images_Automatic/DME/DME (20).E2E/2- 25- 2017 10- 00- 10 PM/Image 15.png,./Macular-Dataset-R.Rasti_old/DME/DME (20).E2E/2- 25- 2017 10- 00- 10 PM/Image 15.TIFF
../Images/Images_Automatic/DME/DME (20).E2E/2- 25- 2017 10- 00- 10 PM/Image 16.png,./Macular-Dataset-R.Rasti_old/DME/DME (20).E2E/2- 25- 2017 10- 00- 10 PM/Image 16.TIFF
../Images/Images_Automatic/DME/DME (20).E2E/2- 25- 2017 10- 00- 10 PM/Image 17.png,./Macular-Dataset-R.Rasti_old/DME/DME (20).E2E/2- 25- 2017 10- 00- 10 PM/Image 17.TIFF
../Images/Images_Automatic/DME/DME (20).E2E/2- 25- 2017 10- 00- 10 PM/Image 18.png,./Macular-Dataset-R.Rasti_old/DME/DME (20).E2E/2- 25- 2017 10- 00- 10 PM/Image 18.TIFF
../Images/Images_Automatic/DME/DME (20).E2E/2- 25- 2017 10- 00- 10 PM/Image 19.png,./Macular-Dataset-R.Rasti_old/DME/DME (20).E2E/2- 25- 2017 10- 00- 10 PM/Image 19.TIFF
../Images/Images_Automatic/DME/DME (23).E2E/2- 25- 2017 10- 05- 27 PM/Image 1.png,./Macular-Dataset-R.Rasti_old/DME/DME (23).E2E/2- 25- 2017 10- 05- 27 PM/Image 1.TIFF
../Images/Images_Automatic/DME/DME (23).E2E/2- 25- 2017 10- 05- 27 PM/Image 2.png,./Macular-Dataset-R.Rasti_old/DME/DME (23).E2E/2- 25- 2017 10- 05- 27 PM/Image 2.TIFF
../Images/Images_Automatic/DME/DME (23).E2E/2- 25- 2017 10- 05- 27 PM/Image 3.png,./Macular-Dataset-R.Rasti_old/DME/DME (23).E2E/2- 25- 2017 10- 05- 27 PM/Image 3.TIFF
../Images/Images_Automatic/DME/DME (23).E2E/2- 25- 2017 10- 05- 27 PM/Image 4.png,./Macular-Dataset-R.Rasti_old/DME/DME (23).E2E/2- 25- 2017 10- 05- 27 PM/Image 4.TIFF
../Images/Images_Automatic/DME/DME (23).E2E/2- 25- 2017 10- 05- 27 PM/Image 5.png,./Macular-Dataset-R.Rasti_old/DME/DME (23).E2E/2- 25- 2017 10- 05- 27 PM/Image 5.TIFF
../Images/Images_Automatic/DME/DME (23).E2E/2- 25- 2017 10- 05- 27 PM/Image 6.png,./Macular-Dataset-R.Rasti_old/DME/DME (23).E2E/2- 25- 2017 10- 05- 27 PM/Image 6.TIFF
../Images/Images_Automatic/DME/DME (23).E2E/2- 25- 2017 10- 05- 27 PM/Image 7.png,./Macular-Dataset-R.Rasti_old/DME/DME (23).E2E/2- 25- 2017 10- 05- 27 PM/Image 7.TIFF
../Images/Images_Automatic/DME/DME (23).E2E/2- 25- 2017 10- 05- 27 PM/Image 8.png,./Macular-Dataset-R.Rasti_old/DME/DME (23).E2E/2- 25- 2017 10- 05- 27 PM/Image 8.TIFF
../Images/Images_Automatic/DME/DME (23).E2E/2- 25- 2017 10- 05- 27 PM/Image 9.png,./Macular-Dataset-R.Rasti_old/DME/DME (23).E2E/2- 25- 2017 10- 05- 27 PM/Image 9.TIFF
../Images/Images_Automatic/DME/DME (23).E2E/2- 25- 2017 10- 05- 27 PM/Image 10.png,./Macular-Dataset-R.Rasti_old/DME/DME (23).E2E/2- 25- 2017 10- 05- 27 PM/Image 10.TIFF
../Images/Images_Automatic/DME/DME (23).E2E/2- 25- 2017 10- 05- 27 PM/Image 11.png,./Macular-Dataset-R.Rasti_old/DME/DME (23).E2E/2- 25- 2017 10- 05- 27 PM/Image 11.TIFF
../Images/Images_Automatic/DME/DME (23).E2E/2- 25- 2017 10- 05- 27 PM/Image 12.png,./Macular-Dataset-R.Rasti_old/DME/DME (23).E2E/2- 25- 2017 10- 05- 27 PM/Image 12.TIFF
../Images/Images_Automatic/DME/DME (23).E2E/2- 25- 2017 10- 05- 27 PM/Image 13.png,./Macular-Dataset-R.Rasti_old/DME/DME (23).E2E/2- 25- 2017 10- 05- 27 PM/Image 13.TIFF
../Images/Images_Automatic/DME/DME (23).E2E/2- 25- 2017 10- 05- 27 PM/Image 14.png,./Macular-Dataset-R.Rasti_old/DME/DME (23).E2E/2- 25- 2017 10- 05- 27 PM/Image 14.TIFF
../Images/Images_Automatic/DME/DME (23).E2E/2- 25- 2017 10- 05- 27 PM/Image 15.png,./Macular-Dataset-R.Rasti_old/DME/DME (23).E2E/2- 25- 2017 10- 05- 27 PM/Image 15.TIFF
../Images/Images_Automatic/DME/DME (23).E2E/2- 25- 2017 10- 05- 27 PM/Image 16.png,./Macular-Dataset-R.Rasti_old/DME/DME (23).E2E/2- 25- 2017 10- 05- 27 PM/Image 16.TIFF
../Images/Images_Automatic/DME/DME (23).E2E/2- 25- 2017 10- 05- 27 PM/Image 17.png,./Macular-Dataset-R.Rasti_old/DME/DME (23).E2E/2- 25- 2017 10- 05- 27 PM/Image 17.TIFF
../Images/Images_Automatic/DME/DME (23).E2E/2- 25- 2017 10- 05- 27 PM/Image 18.png,./Macular-Dataset-R.Rasti_old/DME/DME (23).E2E/2- 25- 2017 10- 05- 27 PM/Image 18.TIFF
../Images/Images_Automatic/DME/DME (23).E2E/2- 25- 2017 10- 05- 27 PM/Image 19.png,./Macular-Dataset-R.Rasti_old/DME/DME (23).E2E/2- 25- 2017 10- 05- 27 PM/Image 19.TIFF
../Images/Images_Automatic/DME/DME (24).E2E/2- 25- 2017 10- 06- 48 PM/Image 1.png,./Macular-Dataset-R.Rasti_old/DME/DME (24).E2E/2- 25- 2017 10- 06- 48 PM/Image 1.TIFF
../Images/Images_Automatic/DME/DME (24).E2E/2- 25- 2017 10- 06- 48 PM/Image 2.png,./Macular-Dataset-R.Rasti_old/DME/DME (24).E2E/2- 25- 2017 10- 06- 48 PM/Image 2.TIFF
../Images/Images_Automatic/DME/DME (24).E2E/2- 25- 2017 10- 06- 48 PM/Image 3.png,./Macular-Dataset-R.Rasti_old/DME/DME (24).E2E/2- 25- 2017 10- 06- 48 PM/Image 3.TIFF
../Images/Images_Automatic/DME/DME (24).E2E/2- 25- 2017 10- 06- 48 PM/Image 4.png,./Macular-Dataset-R.Rasti_old/DME/DME (24).E2E/2- 25- 2017 10- 06- 48 PM/Image 4.TIFF
../Images/Images_Automatic/DME/DME (24).E2E/2- 25- 2017 10- 06- 48 PM/Image 5.png,./Macular-Dataset-R.Rasti_old/DME/DME (24).E2E/2- 25- 2017 10- 06- 48 PM/Image 5.TIFF
../Images/Images_Automatic/DME/DME (24).E2E/2- 25- 2017 10- 06- 48 PM/Image 6.png,./Macular-Dataset-R.Rasti_old/DME/DME (24).E2E/2- 25- 2017 10- 06- 48 PM/Image 6.TIFF
../Images/Images_Automatic/DME/DME (24).E2E/2- 25- 2017 10- 06- 48 PM/Image 7.png,./Macular-Dataset-R.Rasti_old/DME/DME (24).E2E/2- 25- 2017 10- 06- 48 PM/Image 7.TIFF
../Images/Images_Automatic/DME/DME (24).E2E/2- 25- 2017 10- 06- 48 PM/Image 8.png,./Macular-Dataset-R.Rasti_old/DME/DME (24).E2E/2- 25- 2017 10- 06- 48 PM/Image 8.TIFF
../Images/Images_Automatic/DME/DME (24).E2E/2- 25- 2017 10- 06- 48 PM/Image 9.png,./Macular-Dataset-R.Rasti_old/DME/DME (24).E2E/2- 25- 2017 10- 06- 48 PM/Image 9.TIFF
../Images/Images_Automatic/DME/DME (24).E2E/2- 25- 2017 10- 06- 48 PM/Image 10.png,./Macular-Dataset-R.Rasti_old/DME/DME (24).E2E/2- 25- 2017 10- 06- 48 PM/Image 10.TIFF
../Images/Images_Automatic/DME/DME (24).E2E/2- 25- 2017 10- 06- 48 PM/Image 11.png,./Macular-Dataset-R.Rasti_old/DME/DME (24).E2E/2- 25- 2017 10- 06- 48 PM/Image 11.TIFF
../Images/Images_Automatic/DME/DME (24).E2E/2- 25- 2017 10- 06- 48 PM/Image 12.png,./Macular-Dataset-R.Rasti_old/DME/DME (24).E2E/2- 25- 2017 10- 06- 48 PM/Image 12.TIFF
../Images/Images_Automatic/DME/DME (24).E2E/2- 25- 2017 10- 06- 48 PM/Image 13.png,./Macular-Dataset-R.Rasti_old/DME/DME (24).E2E/2- 25- 2017 10- 06- 48 PM/Image 13.TIFF
../Images/Images_Automatic/DME/DME (24).E2E/2- 25- 2017 10- 06- 48 PM/Image 14.png,./Macular-Dataset-R.Rasti_old/DME/DME (24).E2E/2- 25- 2017 10- 06- 48 PM/Image 14.TIFF
../Images/Images_Automatic/DME/DME (24).E2E/2- 25- 2017 10- 06- 48 PM/Image 15.png,./Macular-Dataset-R.Rasti_old/DME/DME (24).E2E/2- 25- 2017 10- 06- 48 PM/Image 15.TIFF
../Images/Images_Automatic/DME/DME (24).E2E/2- 25- 2017 10- 06- 48 PM/Image 16.png,./Macular-Dataset-R.Rasti_old/DME/DME (24).E2E/2- 25- 2017 10- 06- 48 PM/Image 16.TIFF
../Images/Images_Automatic/DME/DME (24).E2E/2- 25- 2017 10- 06- 48 PM/Image 17.png,./Macular-Dataset-R.Rasti_old/DME/DME (24).E2E/2- 25- 2017 10- 06- 48 PM/Image 17.TIFF
../Images/Images_Automatic/DME/DME (24).E2E/2- 25- 2017 10- 06- 48 PM/Image 18.png,./Macular-Dataset-R.Rasti_old/DME/DME (24).E2E/2- 25- 2017 10- 06- 48 PM/Image 18.TIFF
../Images/Images_Automatic/DME/DME (24).E2E/2- 25- 2017 10- 06- 48 PM/Image 19.png,./Macular-Dataset-R.Rasti_old/DME/DME (24).E2E/2- 25- 2017 10- 06- 48 PM/Image 19.TIFF
../Images/Images_Automatic/DME/DME (25).E2E/2- 25- 2017 10- 08- 20 PM/Image 1.png,./Macular-Dataset-R.Rasti_old/DME/DME (25).E2E/2- 25- 2017 10- 08- 20 PM/Image 1.TIFF
../Images/Images_Automatic/DME/DME (25).E2E/2- 25- 2017 10- 08- 20 PM/Image 2.png,./Macular-Dataset-R.Rasti_old/DME/DME (25).E2E/2- 25- 2017 10- 08- 20 PM/Image 2.TIFF
../Images/Images_Automatic/DME/DME (25).E2E/2- 25- 2017 10- 08- 20 PM/Image 3.png,./Macular-Dataset-R.Rasti_old/DME/DME (25).E2E/2- 25- 2017 10- 08- 20 PM/Image 3.TIFF
../Images/Images_Automatic/DME/DME (25).E2E/2- 25- 2017 10- 08- 20 PM/Image 4.png,./Macular-Dataset-R.Rasti_old/DME/DME (25).E2E/2- 25- 2017 10- 08- 20 PM/Image 4.TIFF
../Images/Images_Automatic/DME/DME (25).E2E/2- 25- 2017 10- 08- 20 PM/Image 5.png,./Macular-Dataset-R.Rasti_old/DME/DME (25).E2E/2- 25- 2017 10- 08- 20 PM/Image 5.TIFF
../Images/Images_Automatic/DME/DME (25).E2E/2- 25- 2017 10- 08- 20 PM/Image 6.png,./Macular-Dataset-R.Rasti_old/DME/DME (25).E2E/2- 25- 2017 10- 08- 20 PM/Image 6.TIFF
../Images/Images_Automatic/DME/DME (25).E2E/2- 25- 2017 10- 08- 20 PM/Image 7.png,./Macular-Dataset-R.Rasti_old/DME/DME (25).E2E/2- 25- 2017 10- 08- 20 PM/Image 7.TIFF
../Images/Images_Automatic/DME/DME (25).E2E/2- 25- 2017 10- 08- 20 PM/Image 8.png,./Macular-Dataset-R.Rasti_old/DME/DME (25).E2E/2- 25- 2017 10- 08- 20 PM/Image 8.TIFF
../Images/Images_Automatic/DME/DME (25).E2E/2- 25- 2017 10- 08- 20 PM/Image 9.png,./Macular-Dataset-R.Rasti_old/DME/DME (25).E2E/2- 25- 2017 10- 08- 20 PM/Image 9.TIFF
../Images/Images_Automatic/DME/DME (25).E2E/2- 25- 2017 10- 08- 20 PM/Image 10.png,./Macular-Dataset-R.Rasti_old/DME/DME (25).E2E/2- 25- 2017 10- 08- 20 PM/Image 10.TIFF
../Images/Images_Automatic/DME/DME (25).E2E/2- 25- 2017 10- 08- 20 PM/Image 11.png,./Macular-Dataset-R.Rasti_old/DME/DME (25).E2E/2- 25- 2017 10- 08- 20 PM/Image 11.TIFF
../Images/Images_Automatic/DME/DME (25).E2E/2- 25- 2017 10- 08- 20 PM/Image 12.png,./Macular-Dataset-R.Rasti_old/DME/DME (25).E2E/2- 25- 2017 10- 08- 20 PM/Image 12.TIFF
../Images/Images_Automatic/DME/DME (25).E2E/2- 25- 2017 10- 08- 20 PM/Image 13.png,./Macular-Dataset-R.Rasti_old/DME/DME (25).E2E/2- 25- 2017 10- 08- 20 PM/Image 13.TIFF
../Images/Images_Automatic/DME/DME (25).E2E/2- 25- 2017 10- 08- 20 PM/Image 14.png,./Macular-Dataset-R.Rasti_old/DME/DME (25).E2E/2- 25- 2017 10- 08- 20 PM/Image 14.TIFF
../Images/Images_Automatic/DME/DME (25).E2E/2- 25- 2017 10- 08- 20 PM/Image 15.png,./Macular-Dataset-R.Rasti_old/DME/DME (25).E2E/2- 25- 2017 10- 08- 20 PM/Image 15.TIFF
../Images/Images_Automatic/DME/DME (25).E2E/2- 25- 2017 10- 08- 20 PM/Image 16.png,./Macular-Dataset-R.Rasti_old/DME/DME (25).E2E/2- 25- 2017 10- 08- 20 PM/Image 16.TIFF
../Images/Images_Automatic/DME/DME (25).E2E/2- 25- 2017 10- 08- 20 PM/Image 17.png,./Macular-Dataset-R.Rasti_old/DME/DME (25).E2E/2- 25- 2017 10- 08- 20 PM/Image 17.TIFF
../Images/Images_Automatic/DME/DME (25).E2E/2- 25- 2017 10- 08- 20 PM/Image 18.png,./Macular-Dataset-R.Rasti_old/DME/DME (25).E2E/2- 25- 2017 10- 08- 20 PM/Image 18.TIFF
../Images/Images_Automatic/DME/DME (25).E2E/2- 25- 2017 10- 08- 20 PM/Image 19.png,./Macular-Dataset-R.Rasti_old/DME/DME (25).E2E/2- 25- 2017 10- 08- 20 PM/Image 19.TIFF
../Images/Images_Automatic/DME/DME (27).E2E/2- 25- 2017 10- 11- 30 PM/Image 1.png,./Macular-Dataset-R.Rasti_old/DME/DME (27).E2E/2- 25- 2017 10- 11- 30 PM/Image 1.TIFF
../Images/Images_Automatic/DME/DME (27).E2E/2- 25- 2017 10- 11- 30 PM/Image 2.png,./Macular-Dataset-R.Rasti_old/DME/DME (27).E2E/2- 25- 2017 10- 11- 30 PM/Image 2.TIFF
../Images/Images_Automatic/DME/DME (27).E2E/2- 25- 2017 10- 11- 30 PM/Image 3.png,./Macular-Dataset-R.Rasti_old/DME/DME (27).E2E/2- 25- 2017 10- 11- 30 PM/Image 3.TIFF
../Images/Images_Automatic/DME/DME (27).E2E/2- 25- 2017 10- 11- 30 PM/Image 4.png,./Macular-Dataset-R.Rasti_old/DME/DME (27).E2E/2- 25- 2017 10- 11- 30 PM/Image 4.TIFF
../Images/Images_Automatic/DME/DME (27).E2E/2- 25- 2017 10- 11- 30 PM/Image 5.png,./Macular-Dataset-R.Rasti_old/DME/DME (27).E2E/2- 25- 2017 10- 11- 30 PM/Image 5.TIFF
../Images/Images_Automatic/DME/DME (27).E2E/2- 25- 2017 10- 11- 30 PM/Image 6.png,./Macular-Dataset-R.Rasti_old/DME/DME (27).E2E/2- 25- 2017 10- 11- 30 PM/Image 6.TIFF
../Images/Images_Automatic/DME/DME (27).E2E/2- 25- 2017 10- 11- 30 PM/Image 7.png,./Macular-Dataset-R.Rasti_old/DME/DME (27).E2E/2- 25- 2017 10- 11- 30 PM/Image 7.TIFF
../Images/Images_Automatic/DME/DME (27).E2E/2- 25- 2017 10- 11- 30 PM/Image 8.png,./Macular-Dataset-R.Rasti_old/DME/DME (27).E2E/2- 25- 2017 10- 11- 30 PM/Image 8.TIFF
../Images/Images_Automatic/DME/DME (27).E2E/2- 25- 2017 10- 11- 30 PM/Image 9.png,./Macular-Dataset-R.Rasti_old/DME/DME (27).E2E/2- 25- 2017 10- 11- 30 PM/Image 9.TIFF
../Images/Images_Automatic/DME/DME (27).E2E/2- 25- 2017 10- 11- 30 PM/Image 10.png,./Macular-Dataset-R.Rasti_old/DME/DME (27).E2E/2- 25- 2017 10- 11- 30 PM/Image 10.TIFF
../Images/Images_Automatic/DME/DME (27).E2E/2- 25- 2017 10- 11- 30 PM/Image 11.png,./Macular-Dataset-R.Rasti_old/DME/DME (27).E2E/2- 25- 2017 10- 11- 30 PM/Image 11.TIFF
../Images/Images_Automatic/DME/DME (27).E2E/2- 25- 2017 10- 11- 30 PM/Image 12.png,./Macular-Dataset-R.Rasti_old/DME/DME (27).E2E/2- 25- 2017 10- 11- 30 PM/Image 12.TIFF
../Images/Images_Automatic/DME/DME (27).E2E/2- 25- 2017 10- 11- 30 PM/Image 13.png,./Macular-Dataset-R.Rasti_old/DME/DME (27).E2E/2- 25- 2017 10- 11- 30 PM/Image 13.TIFF
../Images/Images_Automatic/DME/DME (27).E2E/2- 25- 2017 10- 11- 30 PM/Image 14.png,./Macular-Dataset-R.Rasti_old/DME/DME (27).E2E/2- 25- 2017 10- 11- 30 PM/Image 14.TIFF
../Images/Images_Automatic/DME/DME (27).E2E/2- 25- 2017 10- 11- 30 PM/Image 15.png,./Macular-Dataset-R.Rasti_old/DME/DME (27).E2E/2- 25- 2017 10- 11- 30 PM/Image 15.TIFF
../Images/Images_Automatic/DME/DME (27).E2E/2- 25- 2017 10- 11- 30 PM/Image 16.png,./Macular-Dataset-R.Rasti_old/DME/DME (27).E2E/2- 25- 2017 10- 11- 30 PM/Image 16.TIFF
../Images/Images_Automatic/DME/DME (27).E2E/2- 25- 2017 10- 11- 30 PM/Image 17.png,./Macular-Dataset-R.Rasti_old/DME/DME (27).E2E/2- 25- 2017 10- 11- 30 PM/Image 17.TIFF
../Images/Images_Automatic/DME/DME (27).E2E/2- 25- 2017 10- 11- 30 PM/Image 18.png,./Macular-Dataset-R.Rasti_old/DME/DME (27).E2E/2- 25- 2017 10- 11- 30 PM/Image 18.TIFF
../Images/Images_Automatic/DME/DME (27).E2E/2- 25- 2017 10- 11- 30 PM/Image 19.png,./Macular-Dataset-R.Rasti_old/DME/DME (27).E2E/2- 25- 2017 10- 11- 30 PM/Image 19.TIFF
../Images/Images_Automatic/DME/DME (32).E2E/2- 25- 2017 10- 18- 47 PM/Image 1.png,./Macular-Dataset-R.Rasti_old/DME/DME (32).E2E/2- 25- 2017 10- 18- 47 PM/Image 1.TIFF
../Images/Images_Automatic/DME/DME (32).E2E/2- 25- 2017 10- 18- 47 PM/Image 2.png,./Macular-Dataset-R.Rasti_old/DME/DME (32).E2E/2- 25- 2017 10- 18- 47 PM/Image 2.TIFF
../Images/Images_Automatic/DME/DME (32).E2E/2- 25- 2017 10- 18- 47 PM/Image 3.png,./Macular-Dataset-R.Rasti_old/DME/DME (32).E2E/2- 25- 2017 10- 18- 47 PM/Image 3.TIFF
../Images/Images_Automatic/DME/DME (32).E2E/2- 25- 2017 10- 18- 47 PM/Image 4.png,./Macular-Dataset-R.Rasti_old/DME/DME (32).E2E/2- 25- 2017 10- 18- 47 PM/Image 4.TIFF
../Images/Images_Automatic/DME/DME (32).E2E/2- 25- 2017 10- 18- 47 PM/Image 5.png,./Macular-Dataset-R.Rasti_old/DME/DME (32).E2E/2- 25- 2017 10- 18- 47 PM/Image 5.TIFF
../Images/Images_Automatic/DME/DME (32).E2E/2- 25- 2017 10- 18- 47 PM/Image 6.png,./Macular-Dataset-R.Rasti_old/DME/DME (32).E2E/2- 25- 2017 10- 18- 47 PM/Image 6.TIFF
../Images/Images_Automatic/DME/DME (32).E2E/2- 25- 2017 10- 18- 47 PM/Image 7.png,./Macular-Dataset-R.Rasti_old/DME/DME (32).E2E/2- 25- 2017 10- 18- 47 PM/Image 7.TIFF
../Images/Images_Automatic/DME/DME (32).E2E/2- 25- 2017 10- 18- 47 PM/Image 8.png,./Macular-Dataset-R.Rasti_old/DME/DME (32).E2E/2- 25- 2017 10- 18- 47 PM/Image 8.TIFF
../Images/Images_Automatic/DME/DME (32).E2E/2- 25- 2017 10- 18- 47 PM/Image 9.png,./Macular-Dataset-R.Rasti_old/DME/DME (32).E2E/2- 25- 2017 10- 18- 47 PM/Image 9.TIFF
../Images/Images_Automatic/DME/DME (32).E2E/2- 25- 2017 10- 18- 47 PM/Image 10.png,./Macular-Dataset-R.Rasti_old/DME/DME (32).E2E/2- 25- 2017 10- 18- 47 PM/Image 10.TIFF
../Images/Images_Automatic/DME/DME (32).E2E/2- 25- 2017 10- 18- 47 PM/Image 11.png,./Macular-Dataset-R.Rasti_old/DME/DME (32).E2E/2- 25- 2017 10- 18- 47 PM/Image 11.TIFF
../Images/Images_Automatic/DME/DME (32).E2E/2- 25- 2017 10- 18- 47 PM/Image 12.png,./Macular-Dataset-R.Rasti_old/DME/DME (32).E2E/2- 25- 2017 10- 18- 47 PM/Image 12.TIFF
../Images/Images_Automatic/DME/DME (32).E2E/2- 25- 2017 10- 18- 47 PM/Image 13.png,./Macular-Dataset-R.Rasti_old/DME/DME (32).E2E/2- 25- 2017 10- 18- 47 PM/Image 13.TIFF
../Images/Images_Automatic/DME/DME (32).E2E/2- 25- 2017 10- 18- 47 PM/Image 14.png,./Macular-Dataset-R.Rasti_old/DME/DME (32).E2E/2- 25- 2017 10- 18- 47 PM/Image 14.TIFF
../Images/Images_Automatic/DME/DME (32).E2E/2- 25- 2017 10- 18- 47 PM/Image 15.png,./Macular-Dataset-R.Rasti_old/DME/DME (32).E2E/2- 25- 2017 10- 18- 47 PM/Image 15.TIFF
../Images/Images_Automatic/DME/DME (32).E2E/2- 25- 2017 10- 18- 47 PM/Image 16.png,./Macular-Dataset-R.Rasti_old/DME/DME (32).E2E/2- 25- 2017 10- 18- 47 PM/Image 16.TIFF
../Images/Images_Automatic/DME/DME (32).E2E/2- 25- 2017 10- 18- 47 PM/Image 17.png,./Macular-Dataset-R.Rasti_old/DME/DME (32).E2E/2- 25- 2017 10- 18- 47 PM/Image 17.TIFF
../Images/Images_Automatic/DME/DME (32).E2E/2- 25- 2017 10- 18- 47 PM/Image 18.png,./Macular-Dataset-R.Rasti_old/DME/DME (32).E2E/2- 25- 2017 10- 18- 47 PM/Image 18.TIFF
../Images/Images_Automatic/DME/DME (32).E2E/2- 25- 2017 10- 18- 47 PM/Image 19.png,./Macular-Dataset-R.Rasti_old/DME/DME (32).E2E/2- 25- 2017 10- 18- 47 PM/Image 19.TIFF
../Images/Images_Automatic/DME/DME (32).E2E/2- 25- 2017 10- 18- 47 PM/Image 20.png,./Macular-Dataset-R.Rasti_old/DME/DME (32).E2E/2- 25- 2017 10- 18- 47 PM/Image 20.TIFF
../Images/Images_Automatic/DME/DME (32).E2E/2- 25- 2017 10- 18- 47 PM/Image 21.png,./Macular-Dataset-R.Rasti_old/DME/DME (32).E2E/2- 25- 2017 10- 18- 47 PM/Image 21.TIFF
../Images/Images_Automatic/DME/DME (32).E2E/2- 25- 2017 10- 18- 47 PM/Image 22.png,./Macular-Dataset-R.Rasti_old/DME/DME (32).E2E/2- 25- 2017 10- 18- 47 PM/Image 22.TIFF
../Images/Images_Automatic/DME/DME (32).E2E/2- 25- 2017 10- 18- 47 PM/Image 23.png,./Macular-Dataset-R.Rasti_old/DME/DME (32).E2E/2- 25- 2017 10- 18- 47 PM/Image 23.TIFF
../Images/Images_Automatic/DME/DME (32).E2E/2- 25- 2017 10- 18- 47 PM/Image 24.png,./Macular-Dataset-R.Rasti_old/DME/DME (32).E2E/2- 25- 2017 10- 18- 47 PM/Image 24.TIFF
../Images/Images_Automatic/DME/DME (32).E2E/2- 25- 2017 10- 18- 47 PM/Image 25.png,./Macular-Dataset-R.Rasti_old/DME/DME (32).E2E/2- 25- 2017 10- 18- 47 PM/Image 25.TIFF
../Images/Images_Automatic/DME/DME (32).E2E/2- 25- 2017 10- 18- 47 PM/Image 26.png,./Macular-Dataset-R.Rasti_old/DME/DME (32).E2E/2- 25- 2017 10- 18- 47 PM/Image 26.TIFF
../Images/Images_Automatic/DME/DME (32).E2E/2- 25- 2017 10- 18- 47 PM/Image 27.png,./Macular-Dataset-R.Rasti_old/DME/DME (32).E2E/2- 25- 2017 10- 18- 47 PM/Image 27.TIFF
../Images/Images_Automatic/DME/DME (32).E2E/2- 25- 2017 10- 18- 47 PM/Image 28.png,./Macular-Dataset-R.Rasti_old/DME/DME (32).E2E/2- 25- 2017 10- 18- 47 PM/Image 28.TIFF
../Images/Images_Automatic/DME/DME (32).E2E/2- 25- 2017 10- 18- 47 PM/Image 29.png,./Macular-Dataset-R.Rasti_old/DME/DME (32).E2E/2- 25- 2017 10- 18- 47 PM/Image 29.TIFF
../Images/Images_Automatic/DME/DME (32).E2E/2- 25- 2017 10- 18- 47 PM/Image 30.png,./Macular-Dataset-R.Rasti_old/DME/DME (32).E2E/2- 25- 2017 10- 18- 47 PM/Image 30.TIFF
../Images/Images_Automatic/DME/DME (32).E2E/2- 25- 2017 10- 18- 47 PM/Image 31.png,./Macular-Dataset-R.Rasti_old/DME/DME (32).E2E/2- 25- 2017 10- 18- 47 PM/Image 31.TIFF
../Images/Images_Automatic/DME/DME (34).E2E/2- 25- 2017 10- 21- 49 PM/Image 1.png,./Macular-Dataset-R.Rasti_old/DME/DME (34).E2E/2- 25- 2017 10- 21- 49 PM/Image 1.TIFF
../Images/Images_Automatic/DME/DME (34).E2E/2- 25- 2017 10- 21- 49 PM/Image 2.png,./Macular-Dataset-R.Rasti_old/DME/DME (34).E2E/2- 25- 2017 10- 21- 49 PM/Image 2.TIFF
../Images/Images_Automatic/DME/DME (34).E2E/2- 25- 2017 10- 21- 49 PM/Image 3.png,./Macular-Dataset-R.Rasti_old/DME/DME (34).E2E/2- 25- 2017 10- 21- 49 PM/Image 3.TIFF
../Images/Images_Automatic/DME/DME (34).E2E/2- 25- 2017 10- 21- 49 PM/Image 4.png,./Macular-Dataset-R.Rasti_old/DME/DME (34).E2E/2- 25- 2017 10- 21- 49 PM/Image 4.TIFF
../Images/Images_Automatic/DME/DME (34).E2E/2- 25- 2017 10- 21- 49 PM/Image 5.png,./Macular-Dataset-R.Rasti_old/DME/DME (34).E2E/2- 25- 2017 10- 21- 49 PM/Image 5.TIFF
../Images/Images_Automatic/DME/DME (34).E2E/2- 25- 2017 10- 21- 49 PM/Image 6.png,./Macular-Dataset-R.Rasti_old/DME/DME (34).E2E/2- 25- 2017 10- 21- 49 PM/Image 6.TIFF
../Images/Images_Automatic/DME/DME (34).E2E/2- 25- 2017 10- 21- 49 PM/Image 7.png,./Macular-Dataset-R.Rasti_old/DME/DME (34).E2E/2- 25- 2017 10- 21- 49 PM/Image 7.TIFF
../Images/Images_Automatic/DME/DME (34).E2E/2- 25- 2017 10- 21- 49 PM/Image 8.png,./Macular-Dataset-R.Rasti_old/DME/DME (34).E2E/2- 25- 2017 10- 21- 49 PM/Image 8.TIFF
../Images/Images_Automatic/DME/DME (34).E2E/2- 25- 2017 10- 21- 49 PM/Image 9.png,./Macular-Dataset-R.Rasti_old/DME/DME (34).E2E/2- 25- 2017 10- 21- 49 PM/Image 9.TIFF
../Images/Images_Automatic/DME/DME (34).E2E/2- 25- 2017 10- 21- 49 PM/Image 10.png,./Macular-Dataset-R.Rasti_old/DME/DME (34).E2E/2- 25- 2017 10- 21- 49 PM/Image 10.TIFF
../Images/Images_Automatic/DME/DME (34).E2E/2- 25- 2017 10- 21- 49 PM/Image 11.png,./Macular-Dataset-R.Rasti_old/DME/DME (34).E2E/2- 25- 2017 10- 21- 49 PM/Image 11.TIFF
../Images/Images_Automatic/DME/DME (34).E2E/2- 25- 2017 10- 21- 49 PM/Image 12.png,./Macular-Dataset-R.Rasti_old/DME/DME (34).E2E/2- 25- 2017 10- 21- 49 PM/Image 12.TIFF
../Images/Images_Automatic/DME/DME (34).E2E/2- 25- 2017 10- 21- 49 PM/Image 13.png,./Macular-Dataset-R.Rasti_old/DME/DME (34).E2E/2- 25- 2017 10- 21- 49 PM/Image 13.TIFF
../Images/Images_Automatic/DME/DME (34).E2E/2- 25- 2017 10- 21- 49 PM/Image 14.png,./Macular-Dataset-R.Rasti_old/DME/DME (34).E2E/2- 25- 2017 10- 21- 49 PM/Image 14.TIFF
../Images/Images_Automatic/DME/DME (34).E2E/2- 25- 2017 10- 21- 49 PM/Image 15.png,./Macular-Dataset-R.Rasti_old/DME/DME (34).E2E/2- 25- 2017 10- 21- 49 PM/Image 15.TIFF
../Images/Images_Automatic/DME/DME (34).E2E/2- 25- 2017 10- 21- 49 PM/Image 16.png,./Macular-Dataset-R.Rasti_old/DME/DME (34).E2E/2- 25- 2017 10- 21- 49 PM/Image 16.TIFF
../Images/Images_Automatic/DME/DME (34).E2E/2- 25- 2017 10- 21- 49 PM/Image 17.png,./Macular-Dataset-R.Rasti_old/DME/DME (34).E2E/2- 25- 2017 10- 21- 49 PM/Image 17.TIFF
../Images/Images_Automatic/DME/DME (34).E2E/2- 25- 2017 10- 21- 49 PM/Image 18.png,./Macular-Dataset-R.Rasti_old/DME/DME (34).E2E/2- 25- 2017 10- 21- 49 PM/Image 18.TIFF
../Images/Images_Automatic/DME/DME (34).E2E/2- 25- 2017 10- 21- 49 PM/Image 19.png,./Macular-Dataset-R.Rasti_old/DME/DME (34).E2E/2- 25- 2017 10- 21- 49 PM/Image 19.TIFF
../Images/Images_Automatic/DME/DME (34).E2E/2- 25- 2017 10- 21- 49 PM/Image 20.png,./Macular-Dataset-R.Rasti_old/DME/DME (34).E2E/2- 25- 2017 10- 21- 49 PM/Image 20.TIFF
../Images/Images_Automatic/DME/DME (34).E2E/2- 25- 2017 10- 21- 49 PM/Image 21.png,./Macular-Dataset-R.Rasti_old/DME/DME (34).E2E/2- 25- 2017 10- 21- 49 PM/Image 21.TIFF
../Images/Images_Automatic/DME/DME (34).E2E/2- 25- 2017 10- 21- 49 PM/Image 22.png,./Macular-Dataset-R.Rasti_old/DME/DME (34).E2E/2- 25- 2017 10- 21- 49 PM/Image 22.TIFF
../Images/Images_Automatic/DME/DME (34).E2E/2- 25- 2017 10- 21- 49 PM/Image 23.png,./Macular-Dataset-R.Rasti_old/DME/DME (34).E2E/2- 25- 2017 10- 21- 49 PM/Image 23.TIFF
../Images/Images_Automatic/DME/DME (34).E2E/2- 25- 2017 10- 21- 49 PM/Image 24.png,./Macular-Dataset-R.Rasti_old/DME/DME (34).E2E/2- 25- 2017 10- 21- 49 PM/Image 24.TIFF
../Images/Images_Automatic/DME/DME (34).E2E/2- 25- 2017 10- 21- 49 PM/Image 25.png,./Macular-Dataset-R.Rasti_old/DME/DME (34).E2E/2- 25- 2017 10- 21- 49 PM/Image 25.TIFF
../Images/Images_Automatic/DME/DME (34).E2E/2- 25- 2017 10- 21- 49 PM/Image 26.png,./Macular-Dataset-R.Rasti_old/DME/DME (34).E2E/2- 25- 2017 10- 21- 49 PM/Image 26.TIFF
../Images/Images_Automatic/DME/DME (34).E2E/2- 25- 2017 10- 21- 49 PM/Image 27.png,./Macular-Dataset-R.Rasti_old/DME/DME (34).E2E/2- 25- 2017 10- 21- 49 PM/Image 27.TIFF
../Images/Images_Automatic/DME/DME (34).E2E/2- 25- 2017 10- 21- 49 PM/Image 28.png,./Macular-Dataset-R.Rasti_old/DME/DME (34).E2E/2- 25- 2017 10- 21- 49 PM/Image 28.TIFF
../Images/Images_Automatic/DME/DME (34).E2E/2- 25- 2017 10- 21- 49 PM/Image 29.png,./Macular-Dataset-R.Rasti_old/DME/DME (34).E2E/2- 25- 2017 10- 21- 49 PM/Image 29.TIFF
../Images/Images_Automatic/DME/DME (34).E2E/2- 25- 2017 10- 21- 49 PM/Image 30.png,./Macular-Dataset-R.Rasti_old/DME/DME (34).E2E/2- 25- 2017 10- 21- 49 PM/Image 30.TIFF
../Images/Images_Automatic/DME/DME (34).E2E/2- 25- 2017 10- 21- 49 PM/Image 31.png,./Macular-Dataset-R.Rasti_old/DME/DME (34).E2E/2- 25- 2017 10- 21- 49 PM/Image 31.TIFF
../Images/Images_Automatic/DME/DME (36).E2E/2- 25- 2017 10- 24- 42 PM/Image 1.png,./Macular-Dataset-R.Rasti_old/DME/DME (36).E2E/2- 25- 2017 10- 24- 42 PM/Image 1.TIFF
../Images/Images_Automatic/DME/DME (36).E2E/2- 25- 2017 10- 24- 42 PM/Image 2.png,./Macular-Dataset-R.Rasti_old/DME/DME (36).E2E/2- 25- 2017 10- 24- 42 PM/Image 2.TIFF
../Images/Images_Automatic/DME/DME (36).E2E/2- 25- 2017 10- 24- 42 PM/Image 3.png,./Macular-Dataset-R.Rasti_old/DME/DME (36).E2E/2- 25- 2017 10- 24- 42 PM/Image 3.TIFF
../Images/Images_Automatic/DME/DME (36).E2E/2- 25- 2017 10- 24- 42 PM/Image 4.png,./Macular-Dataset-R.Rasti_old/DME/DME (36).E2E/2- 25- 2017 10- 24- 42 PM/Image 4.TIFF
../Images/Images_Automatic/DME/DME (36).E2E/2- 25- 2017 10- 24- 42 PM/Image 5.png,./Macular-Dataset-R.Rasti_old/DME/DME (36).E2E/2- 25- 2017 10- 24- 42 PM/Image 5.TIFF
../Images/Images_Automatic/DME/DME (36).E2E/2- 25- 2017 10- 24- 42 PM/Image 6.png,./Macular-Dataset-R.Rasti_old/DME/DME (36).E2E/2- 25- 2017 10- 24- 42 PM/Image 6.TIFF
../Images/Images_Automatic/DME/DME (36).E2E/2- 25- 2017 10- 24- 42 PM/Image 7.png,./Macular-Dataset-R.Rasti_old/DME/DME (36).E2E/2- 25- 2017 10- 24- 42 PM/Image 7.TIFF
../Images/Images_Automatic/DME/DME (36).E2E/2- 25- 2017 10- 24- 42 PM/Image 8.png,./Macular-Dataset-R.Rasti_old/DME/DME (36).E2E/2- 25- 2017 10- 24- 42 PM/Image 8.TIFF
../Images/Images_Automatic/DME/DME (36).E2E/2- 25- 2017 10- 24- 42 PM/Image 9.png,./Macular-Dataset-R.Rasti_old/DME/DME (36).E2E/2- 25- 2017 10- 24- 42 PM/Image 9.TIFF
../Images/Images_Automatic/DME/DME (36).E2E/2- 25- 2017 10- 24- 42 PM/Image 10.png,./Macular-Dataset-R.Rasti_old/DME/DME (36).E2E/2- 25- 2017 10- 24- 42 PM/Image 10.TIFF
../Images/Images_Automatic/DME/DME (36).E2E/2- 25- 2017 10- 24- 42 PM/Image 11.png,./Macular-Dataset-R.Rasti_old/DME/DME (36).E2E/2- 25- 2017 10- 24- 42 PM/Image 11.TIFF
../Images/Images_Automatic/DME/DME (36).E2E/2- 25- 2017 10- 24- 42 PM/Image 12.png,./Macular-Dataset-R.Rasti_old/DME/DME (36).E2E/2- 25- 2017 10- 24- 42 PM/Image 12.TIFF
../Images/Images_Automatic/DME/DME (36).E2E/2- 25- 2017 10- 24- 42 PM/Image 13.png,./Macular-Dataset-R.Rasti_old/DME/DME (36).E2E/2- 25- 2017 10- 24- 42 PM/Image 13.TIFF
../Images/Images_Automatic/DME/DME (36).E2E/2- 25- 2017 10- 24- 42 PM/Image 14.png,./Macular-Dataset-R.Rasti_old/DME/DME (36).E2E/2- 25- 2017 10- 24- 42 PM/Image 14.TIFF
../Images/Images_Automatic/DME/DME (36).E2E/2- 25- 2017 10- 24- 42 PM/Image 15.png,./Macular-Dataset-R.Rasti_old/DME/DME (36).E2E/2- 25- 2017 10- 24- 42 PM/Image 15.TIFF
../Images/Images_Automatic/DME/DME (36).E2E/2- 25- 2017 10- 24- 42 PM/Image 16.png,./Macular-Dataset-R.Rasti_old/DME/DME (36).E2E/2- 25- 2017 10- 24- 42 PM/Image 16.TIFF
../Images/Images_Automatic/DME/DME (36).E2E/2- 25- 2017 10- 24- 42 PM/Image 17.png,./Macular-Dataset-R.Rasti_old/DME/DME (36).E2E/2- 25- 2017 10- 24- 42 PM/Image 17.TIFF
../Images/Images_Automatic/DME/DME (36).E2E/2- 25- 2017 10- 24- 42 PM/Image 18.png,./Macular-Dataset-R.Rasti_old/DME/DME (36).E2E/2- 25- 2017 10- 24- 42 PM/Image 18.TIFF
../Images/Images_Automatic/DME/DME (36).E2E/2- 25- 2017 10- 24- 42 PM/Image 19.png,./Macular-Dataset-R.Rasti_old/DME/DME (36).E2E/2- 25- 2017 10- 24- 42 PM/Image 19.TIFF
../Images/Images_Automatic/DME/DME (36).E2E/2- 25- 2017 10- 24- 42 PM/Image 20.png,./Macular-Dataset-R.Rasti_old/DME/DME (36).E2E/2- 25- 2017 10- 24- 42 PM/Image 20.TIFF
../Images/Images_Automatic/DME/DME (36).E2E/2- 25- 2017 10- 24- 42 PM/Image 21.png,./Macular-Dataset-R.Rasti_old/DME/DME (36).E2E/2- 25- 2017 10- 24- 42 PM/Image 21.TIFF
../Images/Images_Automatic/DME/DME (36).E2E/2- 25- 2017 10- 24- 42 PM/Image 22.png,./Macular-Dataset-R.Rasti_old/DME/DME (36).E2E/2- 25- 2017 10- 24- 42 PM/Image 22.TIFF
../Images/Images_Automatic/DME/DME (36).E2E/2- 25- 2017 10- 24- 42 PM/Image 23.png,./Macular-Dataset-R.Rasti_old/DME/DME (36).E2E/2- 25- 2017 10- 24- 42 PM/Image 23.TIFF
../Images/Images_Automatic/DME/DME (36).E2E/2- 25- 2017 10- 24- 42 PM/Image 24.png,./Macular-Dataset-R.Rasti_old/DME/DME (36).E2E/2- 25- 2017 10- 24- 42 PM/Image 24.TIFF
../Images/Images_Automatic/DME/DME (36).E2E/2- 25- 2017 10- 24- 42 PM/Image 25.png,./Macular-Dataset-R.Rasti_old/DME/DME (36).E2E/2- 25- 2017 10- 24- 42 PM/Image 25.TIFF
../Images/Images_Automatic/DME/DME (38).E2E/2- 25- 2017 10- 28- 54 PM/Image 1.png,./Macular-Dataset-R.Rasti_old/DME/DME (38).E2E/2- 25- 2017 10- 28- 54 PM/Image 1.TIFF
../Images/Images_Automatic/DME/DME (38).E2E/2- 25- 2017 10- 28- 54 PM/Image 2.png,./Macular-Dataset-R.Rasti_old/DME/DME (38).E2E/2- 25- 2017 10- 28- 54 PM/Image 2.TIFF
../Images/Images_Automatic/DME/DME (38).E2E/2- 25- 2017 10- 28- 54 PM/Image 3.png,./Macular-Dataset-R.Rasti_old/DME/DME (38).E2E/2- 25- 2017 10- 28- 54 PM/Image 3.TIFF
../Images/Images_Automatic/DME/DME (38).E2E/2- 25- 2017 10- 28- 54 PM/Image 4.png,./Macular-Dataset-R.Rasti_old/DME/DME (38).E2E/2- 25- 2017 10- 28- 54 PM/Image 4.TIFF
../Images/Images_Automatic/DME/DME (38).E2E/2- 25- 2017 10- 28- 54 PM/Image 5.png,./Macular-Dataset-R.Rasti_old/DME/DME (38).E2E/2- 25- 2017 10- 28- 54 PM/Image 5.TIFF
../Images/Images_Automatic/DME/DME (38).E2E/2- 25- 2017 10- 28- 54 PM/Image 6.png,./Macular-Dataset-R.Rasti_old/DME/DME (38).E2E/2- 25- 2017 10- 28- 54 PM/Image 6.TIFF
../Images/Images_Automatic/DME/DME (38).E2E/2- 25- 2017 10- 28- 54 PM/Image 7.png,./Macular-Dataset-R.Rasti_old/DME/DME (38).E2E/2- 25- 2017 10- 28- 54 PM/Image 7.TIFF
../Images/Images_Automatic/DME/DME (38).E2E/2- 25- 2017 10- 28- 54 PM/Image 8.png,./Macular-Dataset-R.Rasti_old/DME/DME (38).E2E/2- 25- 2017 10- 28- 54 PM/Image 8.TIFF
../Images/Images_Automatic/DME/DME (38).E2E/2- 25- 2017 10- 28- 54 PM/Image 9.png,./Macular-Dataset-R.Rasti_old/DME/DME (38).E2E/2- 25- 2017 10- 28- 54 PM/Image 9.TIFF
../Images/Images_Automatic/DME/DME (38).E2E/2- 25- 2017 10- 28- 54 PM/Image 10.png,./Macular-Dataset-R.Rasti_old/DME/DME (38).E2E/2- 25- 2017 10- 28- 54 PM/Image 10.TIFF
../Images/Images_Automatic/DME/DME (38).E2E/2- 25- 2017 10- 28- 54 PM/Image 11.png,./Macular-Dataset-R.Rasti_old/DME/DME (38).E2E/2- 25- 2017 10- 28- 54 PM/Image 11.TIFF
../Images/Images_Automatic/DME/DME (38).E2E/2- 25- 2017 10- 28- 54 PM/Image 12.png,./Macular-Dataset-R.Rasti_old/DME/DME (38).E2E/2- 25- 2017 10- 28- 54 PM/Image 12.TIFF
../Images/Images_Automatic/DME/DME (38).E2E/2- 25- 2017 10- 28- 54 PM/Image 13.png,./Macular-Dataset-R.Rasti_old/DME/DME (38).E2E/2- 25- 2017 10- 28- 54 PM/Image 13.TIFF
../Images/Images_Automatic/DME/DME (38).E2E/2- 25- 2017 10- 28- 54 PM/Image 14.png,./Macular-Dataset-R.Rasti_old/DME/DME (38).E2E/2- 25- 2017 10- 28- 54 PM/Image 14.TIFF
../Images/Images_Automatic/DME/DME (38).E2E/2- 25- 2017 10- 28- 54 PM/Image 15.png,./Macular-Dataset-R.Rasti_old/DME/DME (38).E2E/2- 25- 2017 10- 28- 54 PM/Image 15.TIFF
../Images/Images_Automatic/DME/DME (38).E2E/2- 25- 2017 10- 28- 54 PM/Image 16.png,./Macular-Dataset-R.Rasti_old/DME/DME (38).E2E/2- 25- 2017 10- 28- 54 PM/Image 16.TIFF
../Images/Images_Automatic/DME/DME (38).E2E/2- 25- 2017 10- 28- 54 PM/Image 17.png,./Macular-Dataset-R.Rasti_old/DME/DME (38).E2E/2- 25- 2017 10- 28- 54 PM/Image 17.TIFF
../Images/Images_Automatic/DME/DME (38).E2E/2- 25- 2017 10- 28- 54 PM/Image 18.png,./Macular-Dataset-R.Rasti_old/DME/DME (38).E2E/2- 25- 2017 10- 28- 54 PM/Image 18.TIFF
../Images/Images_Automatic/DME/DME (38).E2E/2- 25- 2017 10- 28- 54 PM/Image 19.png,./Macular-Dataset-R.Rasti_old/DME/DME (38).E2E/2- 25- 2017 10- 28- 54 PM/Image 19.TIFF
../Images/Images_Automatic/DME/DME (39).E2E/2- 25- 2017 10- 29- 45 PM/Image 1.png,./Macular-Dataset-R.Rasti_old/DME/DME (39).E2E/2- 25- 2017 10- 29- 45 PM/Image 1.TIFF
../Images/Images_Automatic/DME/DME (39).E2E/2- 25- 2017 10- 29- 45 PM/Image 2.png,./Macular-Dataset-R.Rasti_old/DME/DME (39).E2E/2- 25- 2017 10- 29- 45 PM/Image 2.TIFF
../Images/Images_Automatic/DME/DME (39).E2E/2- 25- 2017 10- 29- 45 PM/Image 3.png,./Macular-Dataset-R.Rasti_old/DME/DME (39).E2E/2- 25- 2017 10- 29- 45 PM/Image 3.TIFF
../Images/Images_Automatic/DME/DME (39).E2E/2- 25- 2017 10- 29- 45 PM/Image 4.png,./Macular-Dataset-R.Rasti_old/DME/DME (39).E2E/2- 25- 2017 10- 29- 45 PM/Image 4.TIFF
../Images/Images_Automatic/DME/DME (39).E2E/2- 25- 2017 10- 29- 45 PM/Image 5.png,./Macular-Dataset-R.Rasti_old/DME/DME (39).E2E/2- 25- 2017 10- 29- 45 PM/Image 5.TIFF
../Images/Images_Automatic/DME/DME (39).E2E/2- 25- 2017 10- 29- 45 PM/Image 6.png,./Macular-Dataset-R.Rasti_old/DME/DME (39).E2E/2- 25- 2017 10- 29- 45 PM/Image 6.TIFF
../Images/Images_Automatic/DME/DME (39).E2E/2- 25- 2017 10- 29- 45 PM/Image 7.png,./Macular-Dataset-R.Rasti_old/DME/DME (39).E2E/2- 25- 2017 10- 29- 45 PM/Image 7.TIFF
../Images/Images_Automatic/DME/DME (39).E2E/2- 25- 2017 10- 29- 45 PM/Image 8.png,./Macular-Dataset-R.Rasti_old/DME/DME (39).E2E/2- 25- 2017 10- 29- 45 PM/Image 8.TIFF
../Images/Images_Automatic/DME/DME (39).E2E/2- 25- 2017 10- 29- 45 PM/Image 9.png,./Macular-Dataset-R.Rasti_old/DME/DME (39).E2E/2- 25- 2017 10- 29- 45 PM/Image 9.TIFF
../Images/Images_Automatic/DME/DME (39).E2E/2- 25- 2017 10- 29- 45 PM/Image 10.png,./Macular-Dataset-R.Rasti_old/DME/DME (39).E2E/2- 25- 2017 10- 29- 45 PM/Image 10.TIFF
../Images/Images_Automatic/DME/DME (39).E2E/2- 25- 2017 10- 29- 45 PM/Image 11.png,./Macular-Dataset-R.Rasti_old/DME/DME (39).E2E/2- 25- 2017 10- 29- 45 PM/Image 11.TIFF
../Images/Images_Automatic/DME/DME (39).E2E/2- 25- 2017 10- 29- 45 PM/Image 12.png,./Macular-Dataset-R.Rasti_old/DME/DME (39).E2E/2- 25- 2017 10- 29- 45 PM/Image 12.TIFF
../Images/Images_Automatic/DME/DME (39).E2E/2- 25- 2017 10- 29- 45 PM/Image 13.png,./Macular-Dataset-R.Rasti_old/DME/DME (39).E2E/2- 25- 2017 10- 29- 45 PM/Image 13.TIFF
../Images/Images_Automatic/DME/DME (39).E2E/2- 25- 2017 10- 29- 45 PM/Image 14.png,./Macular-Dataset-R.Rasti_old/DME/DME (39).E2E/2- 25- 2017 10- 29- 45 PM/Image 14.TIFF
../Images/Images_Automatic/DME/DME (39).E2E/2- 25- 2017 10- 29- 45 PM/Image 15.png,./Macular-Dataset-R.Rasti_old/DME/DME (39).E2E/2- 25- 2017 10- 29- 45 PM/Image 15.TIFF
../Images/Images_Automatic/DME/DME (39).E2E/2- 25- 2017 10- 29- 45 PM/Image 16.png,./Macular-Dataset-R.Rasti_old/DME/DME (39).E2E/2- 25- 2017 10- 29- 45 PM/Image 16.TIFF
../Images/Images_Automatic/DME/DME (39).E2E/2- 25- 2017 10- 29- 45 PM/Image 17.png,./Macular-Dataset-R.Rasti_old/DME/DME (39).E2E/2- 25- 2017 10- 29- 45 PM/Image 17.TIFF
../Images/Images_Automatic/DME/DME (39).E2E/2- 25- 2017 10- 29- 45 PM/Image 18.png,./Macular-Dataset-R.Rasti_old/DME/DME (39).E2E/2- 25- 2017 10- 29- 45 PM/Image 18.TIFF
../Images/Images_Automatic/DME/DME (39).E2E/2- 25- 2017 10- 29- 45 PM/Image 19.png,./Macular-Dataset-R.Rasti_old/DME/DME (39).E2E/2- 25- 2017 10- 29- 45 PM/Image 19.TIFF
../Images/Images_Automatic/DME/DME (40).E2E/2- 25- 2017 10- 31- 01 PM/Image 1.png,./Macular-Dataset-R.Rasti_old/DME/DME (40).E2E/2- 25- 2017 10- 31- 01 PM/Image 1.TIFF
../Images/Images_Automatic/DME/DME (40).E2E/2- 25- 2017 10- 31- 01 PM/Image 2.png,./Macular-Dataset-R.Rasti_old/DME/DME (40).E2E/2- 25- 2017 10- 31- 01 PM/Image 2.TIFF
../Images/Images_Automatic/DME/DME (40).E2E/2- 25- 2017 10- 31- 01 PM/Image 3.png,./Macular-Dataset-R.Rasti_old/DME/DME (40).E2E/2- 25- 2017 10- 31- 01 PM/Image 3.TIFF
../Images/Images_Automatic/DME/DME (40).E2E/2- 25- 2017 10- 31- 01 PM/Image 4.png,./Macular-Dataset-R.Rasti_old/DME/DME (40).E2E/2- 25- 2017 10- 31- 01 PM/Image 4.TIFF
../Images/Images_Automatic/DME/DME (40).E2E/2- 25- 2017 10- 31- 01 PM/Image 5.png,./Macular-Dataset-R.Rasti_old/DME/DME (40).E2E/2- 25- 2017 10- 31- 01 PM/Image 5.TIFF
../Images/Images_Automatic/DME/DME (40).E2E/2- 25- 2017 10- 31- 01 PM/Image 6.png,./Macular-Dataset-R.Rasti_old/DME/DME (40).E2E/2- 25- 2017 10- 31- 01 PM/Image 6.TIFF
../Images/Images_Automatic/DME/DME (40).E2E/2- 25- 2017 10- 31- 01 PM/Image 7.png,./Macular-Dataset-R.Rasti_old/DME/DME (40).E2E/2- 25- 2017 10- 31- 01 PM/Image 7.TIFF
../Images/Images_Automatic/DME/DME (40).E2E/2- 25- 2017 10- 31- 01 PM/Image 8.png,./Macular-Dataset-R.Rasti_old/DME/DME (40).E2E/2- 25- 2017 10- 31- 01 PM/Image 8.TIFF
../Images/Images_Automatic/DME/DME (40).E2E/2- 25- 2017 10- 31- 01 PM/Image 9.png,./Macular-Dataset-R.Rasti_old/DME/DME (40).E2E/2- 25- 2017 10- 31- 01 PM/Image 9.TIFF
../Images/Images_Automatic/DME/DME (40).E2E/2- 25- 2017 10- 31- 01 PM/Image 10.png,./Macular-Dataset-R.Rasti_old/DME/DME (40).E2E/2- 25- 2017 10- 31- 01 PM/Image 10.TIFF
../Images/Images_Automatic/DME/DME (40).E2E/2- 25- 2017 10- 31- 01 PM/Image 11.png,./Macular-Dataset-R.Rasti_old/DME/DME (40).E2E/2- 25- 2017 10- 31- 01 PM/Image 11.TIFF
../Images/Images_Automatic/DME/DME (40).E2E/2- 25- 2017 10- 31- 01 PM/Image 12.png,./Macular-Dataset-R.Rasti_old/DME/DME (40).E2E/2- 25- 2017 10- 31- 01 PM/Image 12.TIFF
../Images/Images_Automatic/DME/DME (40).E2E/2- 25- 2017 10- 31- 01 PM/Image 13.png,./Macular-Dataset-R.Rasti_old/DME/DME (40).E2E/2- 25- 2017 10- 31- 01 PM/Image 13.TIFF
../Images/Images_Automatic/DME/DME (40).E2E/2- 25- 2017 10- 31- 01 PM/Image 14.png,./Macular-Dataset-R.Rasti_old/DME/DME (40).E2E/2- 25- 2017 10- 31- 01 PM/Image 14.TIFF
../Images/Images_Automatic/DME/DME (40).E2E/2- 25- 2017 10- 31- 01 PM/Image 15.png,./Macular-Dataset-R.Rasti_old/DME/DME (40).E2E/2- 25- 2017 10- 31- 01 PM/Image 15.TIFF
../Images/Images_Automatic/DME/DME (40).E2E/2- 25- 2017 10- 31- 01 PM/Image 16.png,./Macular-Dataset-R.Rasti_old/DME/DME (40).E2E/2- 25- 2017 10- 31- 01 PM/Image 16.TIFF
../Images/Images_Automatic/DME/DME (40).E2E/2- 25- 2017 10- 31- 01 PM/Image 17.png,./Macular-Dataset-R.Rasti_old/DME/DME (40).E2E/2- 25- 2017 10- 31- 01 PM/Image 17.TIFF
../Images/Images_Automatic/DME/DME (40).E2E/2- 25- 2017 10- 31- 01 PM/Image 18.png,./Macular-Dataset-R.Rasti_old/DME/DME (40).E2E/2- 25- 2017 10- 31- 01 PM/Image 18.TIFF
../Images/Images_Automatic/DME/DME (40).E2E/2- 25- 2017 10- 31- 01 PM/Image 19.png,./Macular-Dataset-R.Rasti_old/DME/DME (40).E2E/2- 25- 2017 10- 31- 01 PM/Image 19.TIFF
../Images/Images_Automatic/DME/DME (41).E2E/2- 25- 2017 10- 32- 51 PM/Image 1.png,./Macular-Dataset-R.Rasti_old/DME/DME (41).E2E/2- 25- 2017 10- 32- 51 PM/Image 1.TIFF
../Images/Images_Automatic/DME/DME (41).E2E/2- 25- 2017 10- 32- 51 PM/Image 2.png,./Macular-Dataset-R.Rasti_old/DME/DME (41).E2E/2- 25- 2017 10- 32- 51 PM/Image 2.TIFF
../Images/Images_Automatic/DME/DME (41).E2E/2- 25- 2017 10- 32- 51 PM/Image 3.png,./Macular-Dataset-R.Rasti_old/DME/DME (41).E2E/2- 25- 2017 10- 32- 51 PM/Image 3.TIFF
../Images/Images_Automatic/DME/DME (41).E2E/2- 25- 2017 10- 32- 51 PM/Image 4.png,./Macular-Dataset-R.Rasti_old/DME/DME (41).E2E/2- 25- 2017 10- 32- 51 PM/Image 4.TIFF
../Images/Images_Automatic/DME/DME (41).E2E/2- 25- 2017 10- 32- 51 PM/Image 5.png,./Macular-Dataset-R.Rasti_old/DME/DME (41).E2E/2- 25- 2017 10- 32- 51 PM/Image 5.TIFF
../Images/Images_Automatic/DME/DME (41).E2E/2- 25- 2017 10- 32- 51 PM/Image 6.png,./Macular-Dataset-R.Rasti_old/DME/DME (41).E2E/2- 25- 2017 10- 32- 51 PM/Image 6.TIFF
../Images/Images_Automatic/DME/DME (41).E2E/2- 25- 2017 10- 32- 51 PM/Image 7.png,./Macular-Dataset-R.Rasti_old/DME/DME (41).E2E/2- 25- 2017 10- 32- 51 PM/Image 7.TIFF
../Images/Images_Automatic/DME/DME (41).E2E/2- 25- 2017 10- 32- 51 PM/Image 8.png,./Macular-Dataset-R.Rasti_old/DME/DME (41).E2E/2- 25- 2017 10- 32- 51 PM/Image 8.TIFF
../Images/Images_Automatic/DME/DME (41).E2E/2- 25- 2017 10- 32- 51 PM/Image 9.png,./Macular-Dataset-R.Rasti_old/DME/DME (41).E2E/2- 25- 2017 10- 32- 51 PM/Image 9.TIFF
../Images/Images_Automatic/DME/DME (41).E2E/2- 25- 2017 10- 32- 51 PM/Image 10.png,./Macular-Dataset-R.Rasti_old/DME/DME (41).E2E/2- 25- 2017 10- 32- 51 PM/Image 10.TIFF
../Images/Images_Automatic/DME/DME (41).E2E/2- 25- 2017 10- 32- 51 PM/Image 11.png,./Macular-Dataset-R.Rasti_old/DME/DME (41).E2E/2- 25- 2017 10- 32- 51 PM/Image 11.TIFF
../Images/Images_Automatic/DME/DME (41).E2E/2- 25- 2017 10- 32- 51 PM/Image 12.png,./Macular-Dataset-R.Rasti_old/DME/DME (41).E2E/2- 25- 2017 10- 32- 51 PM/Image 12.TIFF
../Images/Images_Automatic/DME/DME (41).E2E/2- 25- 2017 10- 32- 51 PM/Image 13.png,./Macular-Dataset-R.Rasti_old/DME/DME (41).E2E/2- 25- 2017 10- 32- 51 PM/Image 13.TIFF
../Images/Images_Automatic/DME/DME (41).E2E/2- 25- 2017 10- 32- 51 PM/Image 14.png,./Macular-Dataset-R.Rasti_old/DME/DME (41).E2E/2- 25- 2017 10- 32- 51 PM/Image 14.TIFF
../Images/Images_Automatic/DME/DME (41).E2E/2- 25- 2017 10- 32- 51 PM/Image 15.png,./Macular-Dataset-R.Rasti_old/DME/DME (41).E2E/2- 25- 2017 10- 32- 51 PM/Image 15.TIFF
../Images/Images_Automatic/DME/DME (41).E2E/2- 25- 2017 10- 32- 51 PM/Image 16.png,./Macular-Dataset-R.Rasti_old/DME/DME (41).E2E/2- 25- 2017 10- 32- 51 PM/Image 16.TIFF
../Images/Images_Automatic/DME/DME (41).E2E/2- 25- 2017 10- 32- 51 PM/Image 17.png,./Macular-Dataset-R.Rasti_old/DME/DME (41).E2E/2- 25- 2017 10- 32- 51 PM/Image 17.TIFF
../Images/Images_Automatic/DME/DME (41).E2E/2- 25- 2017 10- 32- 51 PM/Image 18.png,./Macular-Dataset-R.Rasti_old/DME/DME (41).E2E/2- 25- 2017 10- 32- 51 PM/Image 18.TIFF
../Images/Images_Automatic/DME/DME (41).E2E/2- 25- 2017 10- 32- 51 PM/Image 19.png,./Macular-Dataset-R.Rasti_old/DME/DME (41).E2E/2- 25- 2017 10- 32- 51 PM/Image 19.TIFF
../Images/Images_Automatic/DME/DME (42).E2E/2- 25- 2017 10- 34- 33 PM/Image 1.png,./Macular-Dataset-R.Rasti_old/DME/DME (42).E2E/2- 25- 2017 10- 34- 33 PM/Image 1.TIFF
../Images/Images_Automatic/DME/DME (42).E2E/2- 25- 2017 10- 34- 33 PM/Image 2.png,./Macular-Dataset-R.Rasti_old/DME/DME (42).E2E/2- 25- 2017 10- 34- 33 PM/Image 2.TIFF
../Images/Images_Automatic/DME/DME (42).E2E/2- 25- 2017 10- 34- 33 PM/Image 3.png,./Macular-Dataset-R.Rasti_old/DME/DME (42).E2E/2- 25- 2017 10- 34- 33 PM/Image 3.TIFF
../Images/Images_Automatic/DME/DME (42).E2E/2- 25- 2017 10- 34- 33 PM/Image 4.png,./Macular-Dataset-R.Rasti_old/DME/DME (42).E2E/2- 25- 2017 10- 34- 33 PM/Image 4.TIFF
../Images/Images_Automatic/DME/DME (42).E2E/2- 25- 2017 10- 34- 33 PM/Image 5.png,./Macular-Dataset-R.Rasti_old/DME/DME (42).E2E/2- 25- 2017 10- 34- 33 PM/Image 5.TIFF
../Images/Images_Automatic/DME/DME (42).E2E/2- 25- 2017 10- 34- 33 PM/Image 6.png,./Macular-Dataset-R.Rasti_old/DME/DME (42).E2E/2- 25- 2017 10- 34- 33 PM/Image 6.TIFF
../Images/Images_Automatic/DME/DME (42).E2E/2- 25- 2017 10- 34- 33 PM/Image 7.png,./Macular-Dataset-R.Rasti_old/DME/DME (42).E2E/2- 25- 2017 10- 34- 33 PM/Image 7.TIFF
../Images/Images_Automatic/DME/DME (42).E2E/2- 25- 2017 10- 34- 33 PM/Image 8.png,./Macular-Dataset-R.Rasti_old/DME/DME (42).E2E/2- 25- 2017 10- 34- 33 PM/Image 8.TIFF
../Images/Images_Automatic/DME/DME (42).E2E/2- 25- 2017 10- 34- 33 PM/Image 9.png,./Macular-Dataset-R.Rasti_old/DME/DME (42).E2E/2- 25- 2017 10- 34- 33 PM/Image 9.TIFF
../Images/Images_Automatic/DME/DME (42).E2E/2- 25- 2017 10- 34- 33 PM/Image 10.png,./Macular-Dataset-R.Rasti_old/DME/DME (42).E2E/2- 25- 2017 10- 34- 33 PM/Image 10.TIFF
../Images/Images_Automatic/DME/DME (42).E2E/2- 25- 2017 10- 34- 33 PM/Image 11.png,./Macular-Dataset-R.Rasti_old/DME/DME (42).E2E/2- 25- 2017 10- 34- 33 PM/Image 11.TIFF
../Images/Images_Automatic/DME/DME (42).E2E/2- 25- 2017 10- 34- 33 PM/Image 12.png,./Macular-Dataset-R.Rasti_old/DME/DME (42).E2E/2- 25- 2017 10- 34- 33 PM/Image 12.TIFF
../Images/Images_Automatic/DME/DME (42).E2E/2- 25- 2017 10- 34- 33 PM/Image 13.png,./Macular-Dataset-R.Rasti_old/DME/DME (42).E2E/2- 25- 2017 10- 34- 33 PM/Image 13.TIFF
../Images/Images_Automatic/DME/DME (42).E2E/2- 25- 2017 10- 34- 33 PM/Image 14.png,./Macular-Dataset-R.Rasti_old/DME/DME (42).E2E/2- 25- 2017 10- 34- 33 PM/Image 14.TIFF
../Images/Images_Automatic/DME/DME (42).E2E/2- 25- 2017 10- 34- 33 PM/Image 15.png,./Macular-Dataset-R.Rasti_old/DME/DME (42).E2E/2- 25- 2017 10- 34- 33 PM/Image 15.TIFF
../Images/Images_Automatic/DME/DME (42).E2E/2- 25- 2017 10- 34- 33 PM/Image 16.png,./Macular-Dataset-R.Rasti_old/DME/DME (42).E2E/2- 25- 2017 10- 34- 33 PM/Image 16.TIFF
../Images/Images_Automatic/DME/DME (42).E2E/2- 25- 2017 10- 34- 33 PM/Image 17.png,./Macular-Dataset-R.Rasti_old/DME/DME (42).E2E/2- 25- 2017 10- 34- 33 PM/Image 17.TIFF
../Images/Images_Automatic/DME/DME (42).E2E/2- 25- 2017 10- 34- 33 PM/Image 18.png,./Macular-Dataset-R.Rasti_old/DME/DME (42).E2E/2- 25- 2017 10- 34- 33 PM/Image 18.TIFF
../Images/Images_Automatic/DME/DME (42).E2E/2- 25- 2017 10- 34- 33 PM/Image 19.png,./Macular-Dataset-R.Rasti_old/DME/DME (42).E2E/2- 25- 2017 10- 34- 33 PM/Image 19.TIFF
../Images/Images_Automatic/DME/DME (43).E2E/2- 25- 2017 10- 35- 55 PM/Image 1.png,./Macular-Dataset-R.Rasti_old/DME/DME (43).E2E/2- 25- 2017 10- 35- 55 PM/Image 1.TIFF
../Images/Images_Automatic/DME/DME (43).E2E/2- 25- 2017 10- 35- 55 PM/Image 2.png,./Macular-Dataset-R.Rasti_old/DME/DME (43).E2E/2- 25- 2017 10- 35- 55 PM/Image 2.TIFF
../Images/Images_Automatic/DME/DME (43).E2E/2- 25- 2017 10- 35- 55 PM/Image 3.png,./Macular-Dataset-R.Rasti_old/DME/DME (43).E2E/2- 25- 2017 10- 35- 55 PM/Image 3.TIFF
../Images/Images_Automatic/DME/DME (43).E2E/2- 25- 2017 10- 35- 55 PM/Image 4.png,./Macular-Dataset-R.Rasti_old/DME/DME (43).E2E/2- 25- 2017 10- 35- 55 PM/Image 4.TIFF
../Images/Images_Automatic/DME/DME (43).E2E/2- 25- 2017 10- 35- 55 PM/Image 5.png,./Macular-Dataset-R.Rasti_old/DME/DME (43).E2E/2- 25- 2017 10- 35- 55 PM/Image 5.TIFF
../Images/Images_Automatic/DME/DME (43).E2E/2- 25- 2017 10- 35- 55 PM/Image 6.png,./Macular-Dataset-R.Rasti_old/DME/DME (43).E2E/2- 25- 2017 10- 35- 55 PM/Image 6.TIFF
../Images/Images_Automatic/DME/DME (43).E2E/2- 25- 2017 10- 35- 55 PM/Image 7.png,./Macular-Dataset-R.Rasti_old/DME/DME (43).E2E/2- 25- 2017 10- 35- 55 PM/Image 7.TIFF
../Images/Images_Automatic/DME/DME (43).E2E/2- 25- 2017 10- 35- 55 PM/Image 8.png,./Macular-Dataset-R.Rasti_old/DME/DME (43).E2E/2- 25- 2017 10- 35- 55 PM/Image 8.TIFF
../Images/Images_Automatic/DME/DME (43).E2E/2- 25- 2017 10- 35- 55 PM/Image 9.png,./Macular-Dataset-R.Rasti_old/DME/DME (43).E2E/2- 25- 2017 10- 35- 55 PM/Image 9.TIFF
../Images/Images_Automatic/DME/DME (43).E2E/2- 25- 2017 10- 35- 55 PM/Image 10.png,./Macular-Dataset-R.Rasti_old/DME/DME (43).E2E/2- 25- 2017 10- 35- 55 PM/Image 10.TIFF
../Images/Images_Automatic/DME/DME (43).E2E/2- 25- 2017 10- 35- 55 PM/Image 11.png,./Macular-Dataset-R.Rasti_old/DME/DME (43).E2E/2- 25- 2017 10- 35- 55 PM/Image 11.TIFF
../Images/Images_Automatic/DME/DME (43).E2E/2- 25- 2017 10- 35- 55 PM/Image 12.png,./Macular-Dataset-R.Rasti_old/DME/DME (43).E2E/2- 25- 2017 10- 35- 55 PM/Image 12.TIFF
../Images/Images_Automatic/DME/DME (43).E2E/2- 25- 2017 10- 35- 55 PM/Image 13.png,./Macular-Dataset-R.Rasti_old/DME/DME (43).E2E/2- 25- 2017 10- 35- 55 PM/Image 13.TIFF
../Images/Images_Automatic/DME/DME (43).E2E/2- 25- 2017 10- 35- 55 PM/Image 14.png,./Macular-Dataset-R.Rasti_old/DME/DME (43).E2E/2- 25- 2017 10- 35- 55 PM/Image 14.TIFF
../Images/Images_Automatic/DME/DME (43).E2E/2- 25- 2017 10- 35- 55 PM/Image 15.png,./Macular-Dataset-R.Rasti_old/DME/DME (43).E2E/2- 25- 2017 10- 35- 55 PM/Image 15.TIFF
../Images/Images_Automatic/DME/DME (43).E2E/2- 25- 2017 10- 35- 55 PM/Image 16.png,./Macular-Dataset-R.Rasti_old/DME/DME (43).E2E/2- 25- 2017 10- 35- 55 PM/Image 16.TIFF
../Images/Images_Automatic/DME/DME (43).E2E/2- 25- 2017 10- 35- 55 PM/Image 17.png,./Macular-Dataset-R.Rasti_old/DME/DME (43).E2E/2- 25- 2017 10- 35- 55 PM/Image 17.TIFF
../Images/Images_Automatic/DME/DME (43).E2E/2- 25- 2017 10- 35- 55 PM/Image 18.png,./Macular-Dataset-R.Rasti_old/DME/DME (43).E2E/2- 25- 2017 10- 35- 55 PM/Image 18.TIFF
../Images/Images_Automatic/DME/DME (43).E2E/2- 25- 2017 10- 35- 55 PM/Image 19.png,./Macular-Dataset-R.Rasti_old/DME/DME (43).E2E/2- 25- 2017 10- 35- 55 PM/Image 19.TIFF
../Images/Images_Automatic/DME/DME (44).E2E/2- 25- 2017 10- 37- 10 PM/Image 1.png,./Macular-Dataset-R.Rasti_old/DME/DME (44).E2E/2- 25- 2017 10- 37- 10 PM/Image 1.TIFF
../Images/Images_Automatic/DME/DME (44).E2E/2- 25- 2017 10- 37- 10 PM/Image 2.png,./Macular-Dataset-R.Rasti_old/DME/DME (44).E2E/2- 25- 2017 10- 37- 10 PM/Image 2.TIFF
../Images/Images_Automatic/DME/DME (44).E2E/2- 25- 2017 10- 37- 10 PM/Image 3.png,./Macular-Dataset-R.Rasti_old/DME/DME (44).E2E/2- 25- 2017 10- 37- 10 PM/Image 3.TIFF
../Images/Images_Automatic/DME/DME (44).E2E/2- 25- 2017 10- 37- 10 PM/Image 4.png,./Macular-Dataset-R.Rasti_old/DME/DME (44).E2E/2- 25- 2017 10- 37- 10 PM/Image 4.TIFF
../Images/Images_Automatic/DME/DME (44).E2E/2- 25- 2017 10- 37- 10 PM/Image 5.png,./Macular-Dataset-R.Rasti_old/DME/DME (44).E2E/2- 25- 2017 10- 37- 10 PM/Image 5.TIFF
../Images/Images_Automatic/DME/DME (44).E2E/2- 25- 2017 10- 37- 10 PM/Image 6.png,./Macular-Dataset-R.Rasti_old/DME/DME (44).E2E/2- 25- 2017 10- 37- 10 PM/Image 6.TIFF
../Images/Images_Automatic/DME/DME (44).E2E/2- 25- 2017 10- 37- 10 PM/Image 7.png,./Macular-Dataset-R.Rasti_old/DME/DME (44).E2E/2- 25- 2017 10- 37- 10 PM/Image 7.TIFF
../Images/Images_Automatic/DME/DME (44).E2E/2- 25- 2017 10- 37- 10 PM/Image 8.png,./Macular-Dataset-R.Rasti_old/DME/DME (44).E2E/2- 25- 2017 10- 37- 10 PM/Image 8.TIFF
../Images/Images_Automatic/DME/DME (44).E2E/2- 25- 2017 10- 37- 10 PM/Image 9.png,./Macular-Dataset-R.Rasti_old/DME/DME (44).E2E/2- 25- 2017 10- 37- 10 PM/Image 9.TIFF
../Images/Images_Automatic/DME/DME (44).E2E/2- 25- 2017 10- 37- 10 PM/Image 10.png,./Macular-Dataset-R.Rasti_old/DME/DME (44).E2E/2- 25- 2017 10- 37- 10 PM/Image 10.TIFF
../Images/Images_Automatic/DME/DME (44).E2E/2- 25- 2017 10- 37- 10 PM/Image 11.png,./Macular-Dataset-R.Rasti_old/DME/DME (44).E2E/2- 25- 2017 10- 37- 10 PM/Image 11.TIFF
../Images/Images_Automatic/DME/DME (44).E2E/2- 25- 2017 10- 37- 10 PM/Image 12.png,./Macular-Dataset-R.Rasti_old/DME/DME (44).E2E/2- 25- 2017 10- 37- 10 PM/Image 12.TIFF
../Images/Images_Automatic/DME/DME (44).E2E/2- 25- 2017 10- 37- 10 PM/Image 13.png,./Macular-Dataset-R.Rasti_old/DME/DME (44).E2E/2- 25- 2017 10- 37- 10 PM/Image 13.TIFF
../Images/Images_Automatic/DME/DME (44).E2E/2- 25- 2017 10- 37- 10 PM/Image 14.png,./Macular-Dataset-R.Rasti_old/DME/DME (44).E2E/2- 25- 2017 10- 37- 10 PM/Image 14.TIFF
../Images/Images_Automatic/DME/DME (44).E2E/2- 25- 2017 10- 37- 10 PM/Image 15.png,./Macular-Dataset-R.Rasti_old/DME/DME (44).E2E/2- 25- 2017 10- 37- 10 PM/Image 15.TIFF
../Images/Images_Automatic/DME/DME (44).E2E/2- 25- 2017 10- 37- 10 PM/Image 16.png,./Macular-Dataset-R.Rasti_old/DME/DME (44).E2E/2- 25- 2017 10- 37- 10 PM/Image 16.TIFF
../Images/Images_Automatic/DME/DME (44).E2E/2- 25- 2017 10- 37- 10 PM/Image 17.png,./Macular-Dataset-R.Rasti_old/DME/DME (44).E2E/2- 25- 2017 10- 37- 10 PM/Image 17.TIFF
../Images/Images_Automatic/DME/DME (44).E2E/2- 25- 2017 10- 37- 10 PM/Image 18.png,./Macular-Dataset-R.Rasti_old/DME/DME (44).E2E/2- 25- 2017 10- 37- 10 PM/Image 18.TIFF
../Images/Images_Automatic/DME/DME (44).E2E/2- 25- 2017 10- 37- 10 PM/Image 19.png,./Macular-Dataset-R.Rasti_old/DME/DME (44).E2E/2- 25- 2017 10- 37- 10 PM/Image 19.TIFF
../Images/Images_Automatic/DME/DME (45).E2E/2- 25- 2017 10- 39- 23 PM/Image 1.png,./Macular-Dataset-R.Rasti_old/DME/DME (45).E2E/2- 25- 2017 10- 39- 23 PM/Image 1.TIFF
../Images/Images_Automatic/DME/DME (45).E2E/2- 25- 2017 10- 39- 23 PM/Image 2.png,./Macular-Dataset-R.Rasti_old/DME/DME (45).E2E/2- 25- 2017 10- 39- 23 PM/Image 2.TIFF
../Images/Images_Automatic/DME/DME (45).E2E/2- 25- 2017 10- 39- 23 PM/Image 3.png,./Macular-Dataset-R.Rasti_old/DME/DME (45).E2E/2- 25- 2017 10- 39- 23 PM/Image 3.TIFF
../Images/Images_Automatic/DME/DME (45).E2E/2- 25- 2017 10- 39- 23 PM/Image 4.png,./Macular-Dataset-R.Rasti_old/DME/DME (45).E2E/2- 25- 2017 10- 39- 23 PM/Image 4.TIFF
../Images/Images_Automatic/DME/DME (45).E2E/2- 25- 2017 10- 39- 23 PM/Image 5.png,./Macular-Dataset-R.Rasti_old/DME/DME (45).E2E/2- 25- 2017 10- 39- 23 PM/Image 5.TIFF
../Images/Images_Automatic/DME/DME (45).E2E/2- 25- 2017 10- 39- 23 PM/Image 6.png,./Macular-Dataset-R.Rasti_old/DME/DME (45).E2E/2- 25- 2017 10- 39- 23 PM/Image 6.TIFF
../Images/Images_Automatic/DME/DME (45).E2E/2- 25- 2017 10- 39- 23 PM/Image 7.png,./Macular-Dataset-R.Rasti_old/DME/DME (45).E2E/2- 25- 2017 10- 39- 23 PM/Image 7.TIFF
../Images/Images_Automatic/DME/DME (45).E2E/2- 25- 2017 10- 39- 23 PM/Image 8.png,./Macular-Dataset-R.Rasti_old/DME/DME (45).E2E/2- 25- 2017 10- 39- 23 PM/Image 8.TIFF
../Images/Images_Automatic/DME/DME (45).E2E/2- 25- 2017 10- 39- 23 PM/Image 9.png,./Macular-Dataset-R.Rasti_old/DME/DME (45).E2E/2- 25- 2017 10- 39- 23 PM/Image 9.TIFF
../Images/Images_Automatic/DME/DME (45).E2E/2- 25- 2017 10- 39- 23 PM/Image 10.png,./Macular-Dataset-R.Rasti_old/DME/DME (45).E2E/2- 25- 2017 10- 39- 23 PM/Image 10.TIFF
../Images/Images_Automatic/DME/DME (45).E2E/2- 25- 2017 10- 39- 23 PM/Image 11.png,./Macular-Dataset-R.Rasti_old/DME/DME (45).E2E/2- 25- 2017 10- 39- 23 PM/Image 11.TIFF
../Images/Images_Automatic/DME/DME (45).E2E/2- 25- 2017 10- 39- 23 PM/Image 12.png,./Macular-Dataset-R.Rasti_old/DME/DME (45).E2E/2- 25- 2017 10- 39- 23 PM/Image 12.TIFF
../Images/Images_Automatic/DME/DME (45).E2E/2- 25- 2017 10- 39- 23 PM/Image 13.png,./Macular-Dataset-R.Rasti_old/DME/DME (45).E2E/2- 25- 2017 10- 39- 23 PM/Image 13.TIFF
../Images/Images_Automatic/DME/DME (45).E2E/2- 25- 2017 10- 39- 23 PM/Image 14.png,./Macular-Dataset-R.Rasti_old/DME/DME (45).E2E/2- 25- 2017 10- 39- 23 PM/Image 14.TIFF
../Images/Images_Automatic/DME/DME (45).E2E/2- 25- 2017 10- 39- 23 PM/Image 15.png,./Macular-Dataset-R.Rasti_old/DME/DME (45).E2E/2- 25- 2017 10- 39- 23 PM/Image 15.TIFF
../Images/Images_Automatic/DME/DME (45).E2E/2- 25- 2017 10- 39- 23 PM/Image 16.png,./Macular-Dataset-R.Rasti_old/DME/DME (45).E2E/2- 25- 2017 10- 39- 23 PM/Image 16.TIFF
../Images/Images_Automatic/DME/DME (45).E2E/2- 25- 2017 10- 39- 23 PM/Image 17.png,./Macular-Dataset-R.Rasti_old/DME/DME (45).E2E/2- 25- 2017 10- 39- 23 PM/Image 17.TIFF
../Images/Images_Automatic/DME/DME (45).E2E/2- 25- 2017 10- 39- 23 PM/Image 18.png,./Macular-Dataset-R.Rasti_old/DME/DME (45).E2E/2- 25- 2017 10- 39- 23 PM/Image 18.TIFF
../Images/Images_Automatic/DME/DME (45).E2E/2- 25- 2017 10- 39- 23 PM/Image 19.png,./Macular-Dataset-R.Rasti_old/DME/DME (45).E2E/2- 25- 2017 10- 39- 23 PM/Image 19.TIFF
../Images/Images_Automatic/DME/DME (46).E2E/2- 25- 2017 10- 40- 52 PM/Image 1.png,./Macular-Dataset-R.Rasti_old/DME/DME (46).E2E/2- 25- 2017 10- 40- 52 PM/Image 1.TIFF
../Images/Images_Automatic/DME/DME (46).E2E/2- 25- 2017 10- 40- 52 PM/Image 2.png,./Macular-Dataset-R.Rasti_old/DME/DME (46).E2E/2- 25- 2017 10- 40- 52 PM/Image 2.TIFF
../Images/Images_Automatic/DME/DME (46).E2E/2- 25- 2017 10- 40- 52 PM/Image 3.png,./Macular-Dataset-R.Rasti_old/DME/DME (46).E2E/2- 25- 2017 10- 40- 52 PM/Image 3.TIFF
../Images/Images_Automatic/DME/DME (46).E2E/2- 25- 2017 10- 40- 52 PM/Image 4.png,./Macular-Dataset-R.Rasti_old/DME/DME (46).E2E/2- 25- 2017 10- 40- 52 PM/Image 4.TIFF
../Images/Images_Automatic/DME/DME (46).E2E/2- 25- 2017 10- 40- 52 PM/Image 5.png,./Macular-Dataset-R.Rasti_old/DME/DME (46).E2E/2- 25- 2017 10- 40- 52 PM/Image 5.TIFF
../Images/Images_Automatic/DME/DME (46).E2E/2- 25- 2017 10- 40- 52 PM/Image 6.png,./Macular-Dataset-R.Rasti_old/DME/DME (46).E2E/2- 25- 2017 10- 40- 52 PM/Image 6.TIFF
../Images/Images_Automatic/DME/DME (46).E2E/2- 25- 2017 10- 40- 52 PM/Image 7.png,./Macular-Dataset-R.Rasti_old/DME/DME (46).E2E/2- 25- 2017 10- 40- 52 PM/Image 7.TIFF
../Images/Images_Automatic/DME/DME (46).E2E/2- 25- 2017 10- 40- 52 PM/Image 8.png,./Macular-Dataset-R.Rasti_old/DME/DME (46).E2E/2- 25- 2017 10- 40- 52 PM/Image 8.TIFF
../Images/Images_Automatic/DME/DME (46).E2E/2- 25- 2017 10- 40- 52 PM/Image 9.png,./Macular-Dataset-R.Rasti_old/DME/DME (46).E2E/2- 25- 2017 10- 40- 52 PM/Image 9.TIFF
../Images/Images_Automatic/DME/DME (46).E2E/2- 25- 2017 10- 40- 52 PM/Image 10.png,./Macular-Dataset-R.Rasti_old/DME/DME (46).E2E/2- 25- 2017 10- 40- 52 PM/Image 10.TIFF
../Images/Images_Automatic/DME/DME (46).E2E/2- 25- 2017 10- 40- 52 PM/Image 11.png,./Macular-Dataset-R.Rasti_old/DME/DME (46).E2E/2- 25- 2017 10- 40- 52 PM/Image 11.TIFF
../Images/Images_Automatic/DME/DME (46).E2E/2- 25- 2017 10- 40- 52 PM/Image 12.png,./Macular-Dataset-R.Rasti_old/DME/DME (46).E2E/2- 25- 2017 10- 40- 52 PM/Image 12.TIFF
../Images/Images_Automatic/DME/DME (46).E2E/2- 25- 2017 10- 40- 52 PM/Image 13.png,./Macular-Dataset-R.Rasti_old/DME/DME (46).E2E/2- 25- 2017 10- 40- 52 PM/Image 13.TIFF
../Images/Images_Automatic/DME/DME (46).E2E/2- 25- 2017 10- 40- 52 PM/Image 14.png,./Macular-Dataset-R.Rasti_old/DME/DME (46).E2E/2- 25- 2017 10- 40- 52 PM/Image 14.TIFF
../Images/Images_Automatic/DME/DME (46).E2E/2- 25- 2017 10- 40- 52 PM/Image 15.png,./Macular-Dataset-R.Rasti_old/DME/DME (46).E2E/2- 25- 2017 10- 40- 52 PM/Image 15.TIFF
../Images/Images_Automatic/DME/DME (46).E2E/2- 25- 2017 10- 40- 52 PM/Image 16.png,./Macular-Dataset-R.Rasti_old/DME/DME (46).E2E/2- 25- 2017 10- 40- 52 PM/Image 16.TIFF
../Images/Images_Automatic/DME/DME (46).E2E/2- 25- 2017 10- 40- 52 PM/Image 17.png,./Macular-Dataset-R.Rasti_old/DME/DME (46).E2E/2- 25- 2017 10- 40- 52 PM/Image 17.TIFF
../Images/Images_Automatic/DME/DME (46).E2E/2- 25- 2017 10- 40- 52 PM/Image 18.png,./Macular-Dataset-R.Rasti_old/DME/DME (46).E2E/2- 25- 2017 10- 40- 52 PM/Image 18.TIFF
../Images/Images_Automatic/DME/DME (46).E2E/2- 25- 2017 10- 40- 52 PM/Image 19.png,./Macular-Dataset-R.Rasti_old/DME/DME (46).E2E/2- 25- 2017 10- 40- 52 PM/Image 19.TIFF
../Images/Images_Automatic/DME/DME (47).E2E/2- 25- 2017 10- 42- 18 PM/Image 1.png,./Macular-Dataset-R.Rasti_old/DME/DME (47).E2E/2- 25- 2017 10- 42- 18 PM/Image 1.TIFF
../Images/Images_Automatic/DME/DME (47).E2E/2- 25- 2017 10- 42- 18 PM/Image 2.png,./Macular-Dataset-R.Rasti_old/DME/DME (47).E2E/2- 25- 2017 10- 42- 18 PM/Image 2.TIFF
../Images/Images_Automatic/DME/DME (47).E2E/2- 25- 2017 10- 42- 18 PM/Image 3.png,./Macular-Dataset-R.Rasti_old/DME/DME (47).E2E/2- 25- 2017 10- 42- 18 PM/Image 3.TIFF
../Images/Images_Automatic/DME/DME (47).E2E/2- 25- 2017 10- 42- 18 PM/Image 4.png,./Macular-Dataset-R.Rasti_old/DME/DME (47).E2E/2- 25- 2017 10- 42- 18 PM/Image 4.TIFF
../Images/Images_Automatic/DME/DME (47).E2E/2- 25- 2017 10- 42- 18 PM/Image 5.png,./Macular-Dataset-R.Rasti_old/DME/DME (47).E2E/2- 25- 2017 10- 42- 18 PM/Image 5.TIFF
../Images/Images_Automatic/DME/DME (47).E2E/2- 25- 2017 10- 42- 18 PM/Image 6.png,./Macular-Dataset-R.Rasti_old/DME/DME (47).E2E/2- 25- 2017 10- 42- 18 PM/Image 6.TIFF
../Images/Images_Automatic/DME/DME (47).E2E/2- 25- 2017 10- 42- 18 PM/Image 7.png,./Macular-Dataset-R.Rasti_old/DME/DME (47).E2E/2- 25- 2017 10- 42- 18 PM/Image 7.TIFF
../Images/Images_Automatic/DME/DME (47).E2E/2- 25- 2017 10- 42- 18 PM/Image 8.png,./Macular-Dataset-R.Rasti_old/DME/DME (47).E2E/2- 25- 2017 10- 42- 18 PM/Image 8.TIFF
../Images/Images_Automatic/DME/DME (47).E2E/2- 25- 2017 10- 42- 18 PM/Image 9.png,./Macular-Dataset-R.Rasti_old/DME/DME (47).E2E/2- 25- 2017 10- 42- 18 PM/Image 9.TIFF
../Images/Images_Automatic/DME/DME (47).E2E/2- 25- 2017 10- 42- 18 PM/Image 10.png,./Macular-Dataset-R.Rasti_old/DME/DME (47).E2E/2- 25- 2017 10- 42- 18 PM/Image 10.TIFF
../Images/Images_Automatic/DME/DME (47).E2E/2- 25- 2017 10- 42- 18 PM/Image 11.png,./Macular-Dataset-R.Rasti_old/DME/DME (47).E2E/2- 25- 2017 10- 42- 18 PM/Image 11.TIFF
../Images/Images_Automatic/DME/DME (47).E2E/2- 25- 2017 10- 42- 18 PM/Image 12.png,./Macular-Dataset-R.Rasti_old/DME/DME (47).E2E/2- 25- 2017 10- 42- 18 PM/Image 12.TIFF
../Images/Images_Automatic/DME/DME (47).E2E/2- 25- 2017 10- 42- 18 PM/Image 13.png,./Macular-Dataset-R.Rasti_old/DME/DME (47).E2E/2- 25- 2017 10- 42- 18 PM/Image 13.TIFF
../Images/Images_Automatic/DME/DME (47).E2E/2- 25- 2017 10- 42- 18 PM/Image 14.png,./Macular-Dataset-R.Rasti_old/DME/DME (47).E2E/2- 25- 2017 10- 42- 18 PM/Image 14.TIFF
../Images/Images_Automatic/DME/DME (47).E2E/2- 25- 2017 10- 42- 18 PM/Image 15.png,./Macular-Dataset-R.Rasti_old/DME/DME (47).E2E/2- 25- 2017 10- 42- 18 PM/Image 15.TIFF
../Images/Images_Automatic/DME/DME (47).E2E/2- 25- 2017 10- 42- 18 PM/Image 16.png,./Macular-Dataset-R.Rasti_old/DME/DME (47).E2E/2- 25- 2017 10- 42- 18 PM/Image 16.TIFF
../Images/Images_Automatic/DME/DME (47).E2E/2- 25- 2017 10- 42- 18 PM/Image 17.png,./Macular-Dataset-R.Rasti_old/DME/DME (47).E2E/2- 25- 2017 10- 42- 18 PM/Image 17.TIFF
../Images/Images_Automatic/DME/DME (47).E2E/2- 25- 2017 10- 42- 18 PM/Image 18.png,./Macular-Dataset-R.Rasti_old/DME/DME (47).E2E/2- 25- 2017 10- 42- 18 PM/Image 18.TIFF
../Images/Images_Automatic/DME/DME (47).E2E/2- 25- 2017 10- 42- 18 PM/Image 19.png,./Macular-Dataset-R.Rasti_old/DME/DME (47).E2E/2- 25- 2017 10- 42- 18 PM/Image 19.TIFF
../Images/Images_Automatic/DME/DME (47).E2E/2- 25- 2017 10- 42- 18 PM/Image 20.png,./Macular-Dataset-R.Rasti_old/DME/DME (47).E2E/2- 25- 2017 10- 42- 18 PM/Image 20.TIFF
../Images/Images_Automatic/DME/DME (47).E2E/2- 25- 2017 10- 42- 18 PM/Image 21.png,./Macular-Dataset-R.Rasti_old/DME/DME (47).E2E/2- 25- 2017 10- 42- 18 PM/Image 21.TIFF
../Images/Images_Automatic/DME/DME (47).E2E/2- 25- 2017 10- 42- 18 PM/Image 22.png,./Macular-Dataset-R.Rasti_old/DME/DME (47).E2E/2- 25- 2017 10- 42- 18 PM/Image 22.TIFF
../Images/Images_Automatic/DME/DME (47).E2E/2- 25- 2017 10- 42- 18 PM/Image 23.png,./Macular-Dataset-R.Rasti_old/DME/DME (47).E2E/2- 25- 2017 10- 42- 18 PM/Image 23.TIFF
../Images/Images_Automatic/DME/DME (47).E2E/2- 25- 2017 10- 42- 18 PM/Image 24.png,./Macular-Dataset-R.Rasti_old/DME/DME (47).E2E/2- 25- 2017 10- 42- 18 PM/Image 24.TIFF
../Images/Images_Automatic/DME/DME (47).E2E/2- 25- 2017 10- 42- 18 PM/Image 25.png,./Macular-Dataset-R.Rasti_old/DME/DME (47).E2E/2- 25- 2017 10- 42- 18 PM/Image 25.TIFF
../Images/Images_Automatic/DME/DME (47).E2E/2- 25- 2017 10- 42- 18 PM/Image 26.png,./Macular-Dataset-R.Rasti_old/DME/DME (47).E2E/2- 25- 2017 10- 42- 18 PM/Image 26.TIFF
../Images/Images_Automatic/DME/DME (47).E2E/2- 25- 2017 10- 42- 18 PM/Image 27.png,./Macular-Dataset-R.Rasti_old/DME/DME (47).E2E/2- 25- 2017 10- 42- 18 PM/Image 27.TIFF
../Images/Images_Automatic/DME/DME (47).E2E/2- 25- 2017 10- 42- 18 PM/Image 28.png,./Macular-Dataset-R.Rasti_old/DME/DME (47).E2E/2- 25- 2017 10- 42- 18 PM/Image 28.TIFF
../Images/Images_Automatic/DME/DME (47).E2E/2- 25- 2017 10- 42- 18 PM/Image 29.png,./Macular-Dataset-R.Rasti_old/DME/DME (47).E2E/2- 25- 2017 10- 42- 18 PM/Image 29.TIFF
../Images/Images_Automatic/DME/DME (47).E2E/2- 25- 2017 10- 42- 18 PM/Image 30.png,./Macular-Dataset-R.Rasti_old/DME/DME (47).E2E/2- 25- 2017 10- 42- 18 PM/Image 30.TIFF
../Images/Images_Automatic/DME/DME (47).E2E/2- 25- 2017 10- 42- 18 PM/Image 31.png,./Macular-Dataset-R.Rasti_old/DME/DME (47).E2E/2- 25- 2017 10- 42- 18 PM/Image 31.TIFF
../Images/Images_Automatic/DME/DME (48).E2E/2- 25- 2017 10- 44- 14 PM/Image 1.png,./Macular-Dataset-R.Rasti_old/DME/DME (48).E2E/2- 25- 2017 10- 44- 14 PM/Image 1.TIFF
../Images/Images_Automatic/DME/DME (48).E2E/2- 25- 2017 10- 44- 14 PM/Image 2.png,./Macular-Dataset-R.Rasti_old/DME/DME (48).E2E/2- 25- 2017 10- 44- 14 PM/Image 2.TIFF
../Images/Images_Automatic/DME/DME (48).E2E/2- 25- 2017 10- 44- 14 PM/Image 3.png,./Macular-Dataset-R.Rasti_old/DME/DME (48).E2E/2- 25- 2017 10- 44- 14 PM/Image 3.TIFF
../Images/Images_Automatic/DME/DME (48).E2E/2- 25- 2017 10- 44- 14 PM/Image 4.png,./Macular-Dataset-R.Rasti_old/DME/DME (48).E2E/2- 25- 2017 10- 44- 14 PM/Image 4.TIFF
../Images/Images_Automatic/DME/DME (48).E2E/2- 25- 2017 10- 44- 14 PM/Image 5.png,./Macular-Dataset-R.Rasti_old/DME/DME (48).E2E/2- 25- 2017 10- 44- 14 PM/Image 5.TIFF
../Images/Images_Automatic/DME/DME (48).E2E/2- 25- 2017 10- 44- 14 PM/Image 6.png,./Macular-Dataset-R.Rasti_old/DME/DME (48).E2E/2- 25- 2017 10- 44- 14 PM/Image 6.TIFF
../Images/Images_Automatic/DME/DME (48).E2E/2- 25- 2017 10- 44- 14 PM/Image 7.png,./Macular-Dataset-R.Rasti_old/DME/DME (48).E2E/2- 25- 2017 10- 44- 14 PM/Image 7.TIFF
../Images/Images_Automatic/DME/DME (48).E2E/2- 25- 2017 10- 44- 14 PM/Image 8.png,./Macular-Dataset-R.Rasti_old/DME/DME (48).E2E/2- 25- 2017 10- 44- 14 PM/Image 8.TIFF
../Images/Images_Automatic/DME/DME (48).E2E/2- 25- 2017 10- 44- 14 PM/Image 9.png,./Macular-Dataset-R.Rasti_old/DME/DME (48).E2E/2- 25- 2017 10- 44- 14 PM/Image 9.TIFF
../Images/Images_Automatic/DME/DME (48).E2E/2- 25- 2017 10- 44- 14 PM/Image 10.png,./Macular-Dataset-R.Rasti_old/DME/DME (48).E2E/2- 25- 2017 10- 44- 14 PM/Image 10.TIFF
../Images/Images_Automatic/DME/DME (48).E2E/2- 25- 2017 10- 44- 14 PM/Image 11.png,./Macular-Dataset-R.Rasti_old/DME/DME (48).E2E/2- 25- 2017 10- 44- 14 PM/Image 11.TIFF
../Images/Images_Automatic/DME/DME (48).E2E/2- 25- 2017 10- 44- 14 PM/Image 12.png,./Macular-Dataset-R.Rasti_old/DME/DME (48).E2E/2- 25- 2017 10- 44- 14 PM/Image 12.TIFF
../Images/Images_Automatic/DME/DME (48).E2E/2- 25- 2017 10- 44- 14 PM/Image 13.png,./Macular-Dataset-R.Rasti_old/DME/DME (48).E2E/2- 25- 2017 10- 44- 14 PM/Image 13.TIFF
../Images/Images_Automatic/DME/DME (48).E2E/2- 25- 2017 10- 44- 14 PM/Image 14.png,./Macular-Dataset-R.Rasti_old/DME/DME (48).E2E/2- 25- 2017 10- 44- 14 PM/Image 14.TIFF
../Images/Images_Automatic/DME/DME (48).E2E/2- 25- 2017 10- 44- 14 PM/Image 15.png,./Macular-Dataset-R.Rasti_old/DME/DME (48).E2E/2- 25- 2017 10- 44- 14 PM/Image 15.TIFF
../Images/Images_Automatic/DME/DME (48).E2E/2- 25- 2017 10- 44- 14 PM/Image 16.png,./Macular-Dataset-R.Rasti_old/DME/DME (48).E2E/2- 25- 2017 10- 44- 14 PM/Image 16.TIFF
../Images/Images_Automatic/DME/DME (48).E2E/2- 25- 2017 10- 44- 14 PM/Image 17.png,./Macular-Dataset-R.Rasti_old/DME/DME (48).E2E/2- 25- 2017 10- 44- 14 PM/Image 17.TIFF
../Images/Images_Automatic/DME/DME (48).E2E/2- 25- 2017 10- 44- 14 PM/Image 18.png,./Macular-Dataset-R.Rasti_old/DME/DME (48).E2E/2- 25- 2017 10- 44- 14 PM/Image 18.TIFF
../Images/Images_Automatic/DME/DME (48).E2E/2- 25- 2017 10- 44- 14 PM/Image 19.png,./Macular-Dataset-R.Rasti_old/DME/DME (48).E2E/2- 25- 2017 10- 44- 14 PM/Image 19.TIFF
../Images/Images_Automatic/DME/DME (49).E2E/2- 25- 2017 10- 45- 23 PM/Image 1.png,./Macular-Dataset-R.Rasti_old/DME/DME (49).E2E/2- 25- 2017 10- 45- 23 PM/Image 1.TIFF
../Images/Images_Automatic/DME/DME (49).E2E/2- 25- 2017 10- 45- 23 PM/Image 2.png,./Macular-Dataset-R.Rasti_old/DME/DME (49).E2E/2- 25- 2017 10- 45- 23 PM/Image 2.TIFF
../Images/Images_Automatic/DME/DME (49).E2E/2- 25- 2017 10- 45- 23 PM/Image 3.png,./Macular-Dataset-R.Rasti_old/DME/DME (49).E2E/2- 25- 2017 10- 45- 23 PM/Image 3.TIFF
../Images/Images_Automatic/DME/DME (49).E2E/2- 25- 2017 10- 45- 23 PM/Image 4.png,./Macular-Dataset-R.Rasti_old/DME/DME (49).E2E/2- 25- 2017 10- 45- 23 PM/Image 4.TIFF
../Images/Images_Automatic/DME/DME (49).E2E/2- 25- 2017 10- 45- 23 PM/Image 5.png,./Macular-Dataset-R.Rasti_old/DME/DME (49).E2E/2- 25- 2017 10- 45- 23 PM/Image 5.TIFF
../Images/Images_Automatic/DME/DME (49).E2E/2- 25- 2017 10- 45- 23 PM/Image 6.png,./Macular-Dataset-R.Rasti_old/DME/DME (49).E2E/2- 25- 2017 10- 45- 23 PM/Image 6.TIFF
../Images/Images_Automatic/DME/DME (49).E2E/2- 25- 2017 10- 45- 23 PM/Image 7.png,./Macular-Dataset-R.Rasti_old/DME/DME (49).E2E/2- 25- 2017 10- 45- 23 PM/Image 7.TIFF
../Images/Images_Automatic/DME/DME (49).E2E/2- 25- 2017 10- 45- 23 PM/Image 8.png,./Macular-Dataset-R.Rasti_old/DME/DME (49).E2E/2- 25- 2017 10- 45- 23 PM/Image 8.TIFF
../Images/Images_Automatic/DME/DME (49).E2E/2- 25- 2017 10- 45- 23 PM/Image 9.png,./Macular-Dataset-R.Rasti_old/DME/DME (49).E2E/2- 25- 2017 10- 45- 23 PM/Image 9.TIFF
../Images/Images_Automatic/DME/DME (49).E2E/2- 25- 2017 10- 45- 23 PM/Image 10.png,./Macular-Dataset-R.Rasti_old/DME/DME (49).E2E/2- 25- 2017 10- 45- 23 PM/Image 10.TIFF
../Images/Images_Automatic/DME/DME (49).E2E/2- 25- 2017 10- 45- 23 PM/Image 11.png,./Macular-Dataset-R.Rasti_old/DME/DME (49).E2E/2- 25- 2017 10- 45- 23 PM/Image 11.TIFF
../Images/Images_Automatic/DME/DME (49).E2E/2- 25- 2017 10- 45- 23 PM/Image 12.png,./Macular-Dataset-R.Rasti_old/DME/DME (49).E2E/2- 25- 2017 10- 45- 23 PM/Image 12.TIFF
../Images/Images_Automatic/DME/DME (49).E2E/2- 25- 2017 10- 45- 23 PM/Image 13.png,./Macular-Dataset-R.Rasti_old/DME/DME (49).E2E/2- 25- 2017 10- 45- 23 PM/Image 13.TIFF
../Images/Images_Automatic/DME/DME (49).E2E/2- 25- 2017 10- 45- 23 PM/Image 14.png,./Macular-Dataset-R.Rasti_old/DME/DME (49).E2E/2- 25- 2017 10- 45- 23 PM/Image 14.TIFF
../Images/Images_Automatic/DME/DME (49).E2E/2- 25- 2017 10- 45- 23 PM/Image 15.png,./Macular-Dataset-R.Rasti_old/DME/DME (49).E2E/2- 25- 2017 10- 45- 23 PM/Image 15.TIFF
../Images/Images_Automatic/DME/DME (49).E2E/2- 25- 2017 10- 45- 23 PM/Image 16.png,./Macular-Dataset-R.Rasti_old/DME/DME (49).E2E/2- 25- 2017 10- 45- 23 PM/Image 16.TIFF
../Images/Images_Automatic/DME/DME (49).E2E/2- 25- 2017 10- 45- 23 PM/Image 17.png,./Macular-Dataset-R.Rasti_old/DME/DME (49).E2E/2- 25- 2017 10- 45- 23 PM/Image 17.TIFF
../Images/Images_Automatic/DME/DME (49).E2E/2- 25- 2017 10- 45- 23 PM/Image 18.png,./Macular-Dataset-R.Rasti_old/DME/DME (49).E2E/2- 25- 2017 10- 45- 23 PM/Image 18.TIFF
../Images/Images_Automatic/DME/DME (49).E2E/2- 25- 2017 10- 45- 23 PM/Image 19.png,./Macular-Dataset-R.Rasti_old/DME/DME (49).E2E/2- 25- 2017 10- 45- 23 PM/Image 19.TIFF
../Images/Images_Automatic/DME/DME (49).E2E/2- 25- 2017 10- 45- 23 PM/Image 20.png,./Macular-Dataset-R.Rasti_old/DME/DME (49).E2E/2- 25- 2017 10- 45- 23 PM/Image 20.TIFF
../Images/Images_Automatic/DME/DME (49).E2E/2- 25- 2017 10- 45- 23 PM/Image 21.png,./Macular-Dataset-R.Rasti_old/DME/DME (49).E2E/2- 25- 2017 10- 45- 23 PM/Image 21.TIFF
../Images/Images_Automatic/DME/DME (49).E2E/2- 25- 2017 10- 45- 23 PM/Image 22.png,./Macular-Dataset-R.Rasti_old/DME/DME (49).E2E/2- 25- 2017 10- 45- 23 PM/Image 22.TIFF
../Images/Images_Automatic/DME/DME (49).E2E/2- 25- 2017 10- 45- 23 PM/Image 23.png,./Macular-Dataset-R.Rasti_old/DME/DME (49).E2E/2- 25- 2017 10- 45- 23 PM/Image 23.TIFF
../Images/Images_Automatic/DME/DME (49).E2E/2- 25- 2017 10- 45- 23 PM/Image 24.png,./Macular-Dataset-R.Rasti_old/DME/DME (49).E2E/2- 25- 2017 10- 45- 23 PM/Image 24.TIFF
../Images/Images_Automatic/DME/DME (49).E2E/2- 25- 2017 10- 45- 23 PM/Image 25.png,./Macular-Dataset-R.Rasti_old/DME/DME (49).E2E/2- 25- 2017 10- 45- 23 PM/Image 25.TIFF
../Images/Images_Automatic/DME/DME (49).E2E/2- 25- 2017 10- 45- 23 PM/Image 26.png,./Macular-Dataset-R.Rasti_old/DME/DME (49).E2E/2- 25- 2017 10- 45- 23 PM/Image 26.TIFF
../Images/Images_Automatic/DME/DME (49).E2E/2- 25- 2017 10- 45- 23 PM/Image 27.png,./Macular-Dataset-R.Rasti_old/DME/DME (49).E2E/2- 25- 2017 10- 45- 23 PM/Image 27.TIFF
../Images/Images_Automatic/DME/DME (49).E2E/2- 25- 2017 10- 45- 23 PM/Image 28.png,./Macular-Dataset-R.Rasti_old/DME/DME (49).E2E/2- 25- 2017 10- 45- 23 PM/Image 28.TIFF
../Images/Images_Automatic/DME/DME (49).E2E/2- 25- 2017 10- 45- 23 PM/Image 29.png,./Macular-Dataset-R.Rasti_old/DME/DME (49).E2E/2- 25- 2017 10- 45- 23 PM/Image 29.TIFF
../Images/Images_Automatic/DME/DME (49).E2E/2- 25- 2017 10- 45- 23 PM/Image 30.png,./Macular-Dataset-R.Rasti_old/DME/DME (49).E2E/2- 25- 2017 10- 45- 23 PM/Image 30.TIFF
../Images/Images_Automatic/DME/DME (49).E2E/2- 25- 2017 10- 45- 23 PM/Image 31.png,./Macular-Dataset-R.Rasti_old/DME/DME (49).E2E/2- 25- 2017 10- 45- 23 PM/Image 31.TIFF
../Images/Images_Automatic/DME/DME (49).E2E/2- 25- 2017 10- 45- 23 PM/Image 32.png,./Macular-Dataset-R.Rasti_old/DME/DME (49).E2E/2- 25- 2017 10- 45- 23 PM/Image 32.TIFF
../Images/Images_Automatic/DME/DME (49).E2E/2- 25- 2017 10- 45- 23 PM/Image 33.png,./Macular-Dataset-R.Rasti_old/DME/DME (49).E2E/2- 25- 2017 10- 45- 23 PM/Image 33.TIFF
../Images/Images_Automatic/DME/DME (49).E2E/2- 25- 2017 10- 45- 23 PM/Image 34.png,./Macular-Dataset-R.Rasti_old/DME/DME (49).E2E/2- 25- 2017 10- 45- 23 PM/Image 34.TIFF
../Images/Images_Automatic/DME/DME (49).E2E/2- 25- 2017 10- 45- 23 PM/Image 35.png,./Macular-Dataset-R.Rasti_old/DME/DME (49).E2E/2- 25- 2017 10- 45- 23 PM/Image 35.TIFF
../Images/Images_Automatic/DME/DME (49).E2E/2- 25- 2017 10- 45- 23 PM/Image 36.png,./Macular-Dataset-R.Rasti_old/DME/DME (49).E2E/2- 25- 2017 10- 45- 23 PM/Image 36.TIFF
../Images/Images_Automatic/DME/DME (49).E2E/2- 25- 2017 10- 45- 23 PM/Image 37.png,./Macular-Dataset-R.Rasti_old/DME/DME (49).E2E/2- 25- 2017 10- 45- 23 PM/Image 37.TIFF
../Images/Images_Automatic/DME/DME (49).E2E/2- 25- 2017 10- 45- 23 PM/Image 38.png,./Macular-Dataset-R.Rasti_old/DME/DME (49).E2E/2- 25- 2017 10- 45- 23 PM/Image 38.TIFF
../Images/Images_Automatic/DME/DME (49).E2E/2- 25- 2017 10- 45- 23 PM/Image 39.png,./Macular-Dataset-R.Rasti_old/DME/DME (49).E2E/2- 25- 2017 10- 45- 23 PM/Image 39.TIFF
../Images/Images_Automatic/DME/DME (49).E2E/2- 25- 2017 10- 45- 23 PM/Image 40.png,./Macular-Dataset-R.Rasti_old/DME/DME (49).E2E/2- 25- 2017 10- 45- 23 PM/Image 40.TIFF
../Images/Images_Automatic/DME/DME (49).E2E/2- 25- 2017 10- 45- 23 PM/Image 41.png,./Macular-Dataset-R.Rasti_old/DME/DME (49).E2E/2- 25- 2017 10- 45- 23 PM/Image 41.TIFF
../Images/Images_Automatic/DME/DME (49).E2E/2- 25- 2017 10- 45- 23 PM/Image 42.png,./Macular-Dataset-R.Rasti_old/DME/DME (49).E2E/2- 25- 2017 10- 45- 23 PM/Image 42.TIFF
../Images/Images_Automatic/DME/DME (49).E2E/2- 25- 2017 10- 45- 23 PM/Image 43.png,./Macular-Dataset-R.Rasti_old/DME/DME (49).E2E/2- 25- 2017 10- 45- 23 PM/Image 43.TIFF
../Images/Images_Automatic/DME/DME (49).E2E/2- 25- 2017 10- 45- 23 PM/Image 44.png,./Macular-Dataset-R.Rasti_old/DME/DME (49).E2E/2- 25- 2017 10- 45- 23 PM/Image 44.TIFF
../Images/Images_Automatic/DME/DME (49).E2E/2- 25- 2017 10- 45- 23 PM/Image 45.png,./Macular-Dataset-R.Rasti_old/DME/DME (49).E2E/2- 25- 2017 10- 45- 23 PM/Image 45.TIFF
../Images/Images_Automatic/DME/DME (49).E2E/2- 25- 2017 10- 45- 23 PM/Image 46.png,./Macular-Dataset-R.Rasti_old/DME/DME (49).E2E/2- 25- 2017 10- 45- 23 PM/Image 46.TIFF
../Images/Images_Automatic/DME/DME (49).E2E/2- 25- 2017 10- 45- 23 PM/Image 47.png,./Macular-Dataset-R.Rasti_old/DME/DME (49).E2E/2- 25- 2017 10- 45- 23 PM/Image 47.TIFF
../Images/Images_Automatic/DME/DME (49).E2E/2- 25- 2017 10- 45- 23 PM/Image 48.png,./Macular-Dataset-R.Rasti_old/DME/DME (49).E2E/2- 25- 2017 10- 45- 23 PM/Image 48.TIFF
../Images/Images_Automatic/DME/DME (49).E2E/2- 25- 2017 10- 45- 23 PM/Image 49.png,./Macular-Dataset-R.Rasti_old/DME/DME (49).E2E/2- 25- 2017 10- 45- 23 PM/Image 49.TIFF
../Images/Images_Automatic/DME/DME (49).E2E/2- 25- 2017 10- 45- 23 PM/Image 50.png,./Macular-Dataset-R.Rasti_old/DME/DME (49).E2E/2- 25- 2017 10- 45- 23 PM/Image 50.TIFF
../Images/Images_Automatic/DME/DME (49).E2E/2- 25- 2017 10- 45- 23 PM/Image 51.png,./Macular-Dataset-R.Rasti_old/DME/DME (49).E2E/2- 25- 2017 10- 45- 23 PM/Image 51.TIFF
../Images/Images_Automatic/DME/DME (49).E2E/2- 25- 2017 10- 45- 23 PM/Image 52.png,./Macular-Dataset-R.Rasti_old/DME/DME (49).E2E/2- 25- 2017 10- 45- 23 PM/Image 52.TIFF
../Images/Images_Automatic/DME/DME (49).E2E/2- 25- 2017 10- 45- 23 PM/Image 53.png,./Macular-Dataset-R.Rasti_old/DME/DME (49).E2E/2- 25- 2017 10- 45- 23 PM/Image 53.TIFF
../Images/Images_Automatic/DME/DME (49).E2E/2- 25- 2017 10- 45- 23 PM/Image 54.png,./Macular-Dataset-R.Rasti_old/DME/DME (49).E2E/2- 25- 2017 10- 45- 23 PM/Image 54.TIFF
../Images/Images_Automatic/DME/DME (49).E2E/2- 25- 2017 10- 45- 23 PM/Image 55.png,./Macular-Dataset-R.Rasti_old/DME/DME (49).E2E/2- 25- 2017 10- 45- 23 PM/Image 55.TIFF
../Images/Images_Automatic/DME/DME (49).E2E/2- 25- 2017 10- 45- 23 PM/Image 56.png,./Macular-Dataset-R.Rasti_old/DME/DME (49).E2E/2- 25- 2017 10- 45- 23 PM/Image 56.TIFF
../Images/Images_Automatic/DME/DME (49).E2E/2- 25- 2017 10- 45- 23 PM/Image 57.png,./Macular-Dataset-R.Rasti_old/DME/DME (49).E2E/2- 25- 2017 10- 45- 23 PM/Image 57.TIFF
../Images/Images_Automatic/DME/DME (49).E2E/2- 25- 2017 10- 45- 23 PM/Image 58.png,./Macular-Dataset-R.Rasti_old/DME/DME (49).E2E/2- 25- 2017 10- 45- 23 PM/Image 58.TIFF
../Images/Images_Automatic/DME/DME (49).E2E/2- 25- 2017 10- 45- 23 PM/Image 59.png,./Macular-Dataset-R.Rasti_old/DME/DME (49).E2E/2- 25- 2017 10- 45- 23 PM/Image 59.TIFF
../Images/Images_Automatic/DME/DME (49).E2E/2- 25- 2017 10- 45- 23 PM/Image 60.png,./Macular-Dataset-R.Rasti_old/DME/DME (49).E2E/2- 25- 2017 10- 45- 23 PM/Image 60.TIFF
../Images/Images_Automatic/DME/DME (49).E2E/2- 25- 2017 10- 45- 23 PM/Image 61.png,./Macular-Dataset-R.Rasti_old/DME/DME (49).E2E/2- 25- 2017 10- 45- 23 PM/Image 61.TIFF
../Images/Images_Automatic/DME/DME (50).E2E/2- 25- 2017 10- 47- 10 PM/Image 1.png,./Macular-Dataset-R.Rasti_old/DME/DME (50).E2E/2- 25- 2017 10- 47- 10 PM/Image 1.TIFF
../Images/Images_Automatic/DME/DME (50).E2E/2- 25- 2017 10- 47- 10 PM/Image 2.png,./Macular-Dataset-R.Rasti_old/DME/DME (50).E2E/2- 25- 2017 10- 47- 10 PM/Image 2.TIFF
../Images/Images_Automatic/DME/DME (50).E2E/2- 25- 2017 10- 47- 10 PM/Image 3.png,./Macular-Dataset-R.Rasti_old/DME/DME (50).E2E/2- 25- 2017 10- 47- 10 PM/Image 3.TIFF
../Images/Images_Automatic/DME/DME (50).E2E/2- 25- 2017 10- 47- 10 PM/Image 4.png,./Macular-Dataset-R.Rasti_old/DME/DME (50).E2E/2- 25- 2017 10- 47- 10 PM/Image 4.TIFF
../Images/Images_Automatic/DME/DME (50).E2E/2- 25- 2017 10- 47- 10 PM/Image 5.png,./Macular-Dataset-R.Rasti_old/DME/DME (50).E2E/2- 25- 2017 10- 47- 10 PM/Image 5.TIFF
../Images/Images_Automatic/DME/DME (50).E2E/2- 25- 2017 10- 47- 10 PM/Image 6.png,./Macular-Dataset-R.Rasti_old/DME/DME (50).E2E/2- 25- 2017 10- 47- 10 PM/Image 6.TIFF
../Images/Images_Automatic/DME/DME (50).E2E/2- 25- 2017 10- 47- 10 PM/Image 7.png,./Macular-Dataset-R.Rasti_old/DME/DME (50).E2E/2- 25- 2017 10- 47- 10 PM/Image 7.TIFF
../Images/Images_Automatic/DME/DME (50).E2E/2- 25- 2017 10- 47- 10 PM/Image 8.png,./Macular-Dataset-R.Rasti_old/DME/DME (50).E2E/2- 25- 2017 10- 47- 10 PM/Image 8.TIFF
../Images/Images_Automatic/DME/DME (50).E2E/2- 25- 2017 10- 47- 10 PM/Image 9.png,./Macular-Dataset-R.Rasti_old/DME/DME (50).E2E/2- 25- 2017 10- 47- 10 PM/Image 9.TIFF
../Images/Images_Automatic/DME/DME (50).E2E/2- 25- 2017 10- 47- 10 PM/Image 10.png,./Macular-Dataset-R.Rasti_old/DME/DME (50).E2E/2- 25- 2017 10- 47- 10 PM/Image 10.TIFF
../Images/Images_Automatic/DME/DME (50).E2E/2- 25- 2017 10- 47- 10 PM/Image 11.png,./Macular-Dataset-R.Rasti_old/DME/DME (50).E2E/2- 25- 2017 10- 47- 10 PM/Image 11.TIFF
../Images/Images_Automatic/DME/DME (50).E2E/2- 25- 2017 10- 47- 10 PM/Image 12.png,./Macular-Dataset-R.Rasti_old/DME/DME (50).E2E/2- 25- 2017 10- 47- 10 PM/Image 12.TIFF
../Images/Images_Automatic/DME/DME (50).E2E/2- 25- 2017 10- 47- 10 PM/Image 13.png,./Macular-Dataset-R.Rasti_old/DME/DME (50).E2E/2- 25- 2017 10- 47- 10 PM/Image 13.TIFF
../Images/Images_Automatic/DME/DME (50).E2E/2- 25- 2017 10- 47- 10 PM/Image 14.png,./Macular-Dataset-R.Rasti_old/DME/DME (50).E2E/2- 25- 2017 10- 47- 10 PM/Image 14.TIFF
../Images/Images_Automatic/DME/DME (50).E2E/2- 25- 2017 10- 47- 10 PM/Image 15.png,./Macular-Dataset-R.Rasti_old/DME/DME (50).E2E/2- 25- 2017 10- 47- 10 PM/Image 15.TIFF
../Images/Images_Automatic/DME/DME (50).E2E/2- 25- 2017 10- 47- 10 PM/Image 16.png,./Macular-Dataset-R.Rasti_old/DME/DME (50).E2E/2- 25- 2017 10- 47- 10 PM/Image 16.TIFF
../Images/Images_Automatic/DME/DME (50).E2E/2- 25- 2017 10- 47- 10 PM/Image 17.png,./Macular-Dataset-R.Rasti_old/DME/DME (50).E2E/2- 25- 2017 10- 47- 10 PM/Image 17.TIFF
../Images/Images_Automatic/DME/DME (50).E2E/2- 25- 2017 10- 47- 10 PM/Image 18.png,./Macular-Dataset-R.Rasti_old/DME/DME (50).E2E/2- 25- 2017 10- 47- 10 PM/Image 18.TIFF
../Images/Images_Automatic/DME/DME (50).E2E/2- 25- 2017 10- 47- 10 PM/Image 19.png,./Macular-Dataset-R.Rasti_old/DME/DME (50).E2E/2- 25- 2017 10- 47- 10 PM/Image 19.TIFF
../Images/Images_Automatic/DRUSEN/DRUSEN-53018-1.jpeg,./CellData/OCT/train/DRUSEN/DRUSEN-53018-1.jpeg
../Images/Images_Automatic/DRUSEN/DRUSEN-75028-1.jpeg,./CellData/OCT/train/DRUSEN/DRUSEN-75028-1.jpeg
../Images/Images_Automatic/DRUSEN/DRUSEN-79215-1.jpeg,./CellData/OCT/train/DRUSEN/DRUSEN-79215-1.jpeg
../Images/Images_Automatic/DRUSEN/DRUSEN-95633-1.jpeg,./CellData/OCT/train/DRUSEN/DRUSEN-95633-1.jpeg
../Images/Images_Automatic/DRUSEN/DRUSEN-95633-2.jpeg,./CellData/OCT/train/DRUSEN/DRUSEN-95633-2.jpeg
../Images/Images_Automatic/DRUSEN/DRUSEN-95633-4.jpeg,./CellData/OCT/train/DRUSEN/DRUSEN-95633-4.jpeg
../Images/Images_Automatic/DRUSEN/DRUSEN-95633-6.jpeg,./CellData/OCT/train/DRUSEN/DRUSEN-95633-6.jpeg
../Images/Images_Automatic/DRUSEN/DRUSEN-95633-10.jpeg,./CellData/OCT/train/DRUSEN/DRUSEN-95633-10.jpeg
../Images/Images_Automatic/DRUSEN/DRUSEN-95633-11.jpeg,./CellData/OCT/train/DRUSEN/DRUSEN-95633-11.jpeg
../Images/Images_Automatic/DRUSEN/DRUSEN-95633-12.jpeg,./CellData/OCT/train/DRUSEN/DRUSEN-95633-12.jpeg
../Images/Images_Automatic/DRUSEN/DRUSEN-95633-15.jpeg,./CellData/OCT/train/DRUSEN/DRUSEN-95633-15.jpeg
../Images/Images_Automatic/DRUSEN/DRUSEN-95633-16.jpeg,./CellData/OCT/train/DRUSEN/DRUSEN-95633-16.jpeg
../Images/Images_Automatic/DRUSEN/DRUSEN-95633-18.jpeg,./CellData/OCT/train/DRUSEN/DRUSEN-95633-18.jpeg
../Images/Images_Automatic/DRUSEN/DRUSEN-95633-20.jpeg,./CellData/OCT/train/DRUSEN/DRUSEN-95633-20.jpeg
../Images/Images_Automatic/DRUSEN/DRUSEN-95633-21.jpeg,./CellData/OCT/train/DRUSEN/DRUSEN-95633-21.jpeg
../Images/Images_Automatic/DRUSEN/DRUSEN-95633-23.jpeg,./CellData/OCT/train/DRUSEN/DRUSEN-95633-23.jpeg
../Images/Images_Automatic/DRUSEN/DRUSEN-95633-25.jpeg,./CellData/OCT/train/DRUSEN/DRUSEN-95633-25.jpeg
../Images/Images_Automatic/DRUSEN/DRUSEN-100580-1.jpeg,./CellData/OCT/train/DRUSEN/DRUSEN-100580-1.jpeg
../Images/Images_Automatic/DRUSEN/DRUSEN-103885-1.jpeg,./CellData/OCT/train/DRUSEN/DRUSEN-103885-1.jpeg
../Images/Images_Automatic/DRUSEN/DRUSEN-103885-2.jpeg,./CellData/OCT/train/DRUSEN/DRUSEN-103885-2.jpeg
../Images/Images_Automatic/DRUSEN/DRUSEN-103885-4.jpeg,./CellData/OCT/train/DRUSEN/DRUSEN-103885-4.jpeg
../Images/Images_Automatic/DRUSEN/DRUSEN-142234-1.jpeg,./CellData/OCT/train/DRUSEN/DRUSEN-142234-1.jpeg
../Images/Images_Automatic/DRUSEN/DRUSEN-142234-4.jpeg,./CellData/OCT/train/DRUSEN/DRUSEN-142234-4.jpeg
../Images/Images_Automatic/DRUSEN/DRUSEN-142234-5.jpeg,./CellData/OCT/train/DRUSEN/DRUSEN-142234-5.jpeg
../Images/Images_Automatic/DRUSEN/DRUSEN-142234-6.jpeg,./CellData/OCT/train/DRUSEN/DRUSEN-142234-6.jpeg
../Images/Images_Automatic/DRUSEN/DRUSEN-142234-7.jpeg,./CellData/OCT/train/DRUSEN/DRUSEN-142234-7.jpeg
../Images/Images_Automatic/DRUSEN/DRUSEN-142234-8.jpeg,./CellData/OCT/train/DRUSEN/DRUSEN-142234-8.jpeg
../Images/Images_Automatic/DRUSEN/DRUSEN-142234-9.jpeg,./CellData/OCT/train/DRUSEN/DRUSEN-142234-9.jpeg
../Images/Images_Automatic/DRUSEN/DRUSEN-142234-10.jpeg,./CellData/OCT/train/DRUSEN/DRUSEN-142234-10.jpeg
../Images/Images_Automatic/DRUSEN/DRUSEN-142234-11.jpeg,./CellData/OCT/train/DRUSEN/DRUSEN-142234-11.jpeg
../Images/Images_Automatic/DRUSEN/DRUSEN-142234-13.jpeg,./CellData/OCT/train/DRUSEN/DRUSEN-142234-13.jpeg
../Images/Images_Automatic/DRUSEN/DRUSEN-142234-14.jpeg,./CellData/OCT/train/DRUSEN/DRUSEN-142234-14.jpeg
../Images/Images_Automatic/DRUSEN/DRUSEN-142234-15.jpeg,./CellData/OCT/train/DRUSEN/DRUSEN-142234-15.jpeg
../Images/Images_Automatic/DRUSEN/DRUSEN-142234-16.jpeg,./CellData/OCT/train/DRUSEN/DRUSEN-142234-16.jpeg
../Images/Images_Automatic/DRUSEN/DRUSEN-142234-17.jpeg,./CellData/OCT/train/DRUSEN/DRUSEN-142234-17.jpeg
../Images/Images_Automatic/DRUSEN/DRUSEN-142234-18.jpeg,./CellData/OCT/train/DRUSEN/DRUSEN-142234-18.jpeg
../Images/Images_Automatic/DRUSEN/DRUSEN-142234-19.jpeg,./CellData/OCT/train/DRUSEN/DRUSEN-142234-19.jpeg
../Images/Images_Automatic/DRUSEN/DRUSEN-142234-20.jpeg,./CellData/OCT/train/DRUSEN/DRUSEN-142234-20.jpeg
../Images/Images_Automatic/DRUSEN/DRUSEN-142234-21.jpeg,./CellData/OCT/train/DRUSEN/DRUSEN-142234-21.jpeg
../Images/Images_Automatic/DRUSEN/DRUSEN-142234-22.jpeg,./CellData/OCT/train/DRUSEN/DRUSEN-142234-22.jpeg
../Images/Images_Automatic/DRUSEN/DRUSEN-142234-23.jpeg,./CellData/OCT/train/DRUSEN/DRUSEN-142234-23.jpeg
../Images/Images_Automatic/DRUSEN/DRUSEN-142234-25.jpeg,./CellData/OCT/train/DRUSEN/DRUSEN-142234-25.jpeg
../Images/Images_Automatic/DRUSEN/DRUSEN-142234-26.jpeg,./CellData/OCT/train/DRUSEN/DRUSEN-142234-26.jpeg
../Images/Images_Automatic/DRUSEN/DRUSEN-142234-27.jpeg,./CellData/OCT/train/DRUSEN/DRUSEN-142234-27.jpeg
../Images/Images_Automatic/DRUSEN/DRUSEN-163081-1.jpeg,./CellData/OCT/train/DRUSEN/DRUSEN-163081-1.jpeg
../Images/Images_Automatic/DRUSEN/DRUSEN-163081-4.jpeg,./CellData/OCT/train/DRUSEN/DRUSEN-163081-4.jpeg
../Images/Images_Automatic/DRUSEN/DRUSEN-163081-5.jpeg,./CellData/OCT/train/DRUSEN/DRUSEN-163081-5.jpeg
../Images/Images_Automatic/DRUSEN/DRUSEN-163081-6.jpeg,./CellData/OCT/train/DRUSEN/DRUSEN-163081-6.jpeg
../Images/Images_Automatic/DRUSEN/DRUSEN-163081-7.jpeg,./CellData/OCT/train/DRUSEN/DRUSEN-163081-7.jpeg
../Images/Images_Automatic/DRUSEN/DRUSEN-190022-1.jpeg,./CellData/OCT/train/DRUSEN/DRUSEN-190022-1.jpeg
../Images/Images_Automatic/DRUSEN/DRUSEN-190022-2.jpeg,./CellData/OCT/train/DRUSEN/DRUSEN-190022-2.jpeg
../Images/Images_Automatic/DRUSEN/DRUSEN-190022-3.jpeg,./CellData/OCT/train/DRUSEN/DRUSEN-190022-3.jpeg
../Images/Images_Automatic/DRUSEN/DRUSEN-200969-1.jpeg,./CellData/OCT/train/DRUSEN/DRUSEN-200969-1.jpeg
../Images/Images_Automatic/DRUSEN/DRUSEN-224974-1.jpeg,./CellData/OCT/train/DRUSEN/DRUSEN-224974-1.jpeg
../Images/Images_Automatic/DRUSEN/DRUSEN-224974-2.jpeg,./CellData/OCT/train/DRUSEN/DRUSEN-224974-2.jpeg
../Images/Images_Automatic/DRUSEN/DRUSEN-224974-3.jpeg,./CellData/OCT/train/DRUSEN/DRUSEN-224974-3.jpeg
../Images/Images_Automatic/DRUSEN/DRUSEN-224974-5.jpeg,./CellData/OCT/train/DRUSEN/DRUSEN-224974-5.jpeg
../Images/Images_Automatic/DRUSEN/DRUSEN-224974-7.jpeg,./CellData/OCT/train/DRUSEN/DRUSEN-224974-7.jpeg
../Images/Images_Automatic/DRUSEN/DRUSEN-224974-9.jpeg,./CellData/OCT/train/DRUSEN/DRUSEN-224974-9.jpeg
../Images/Images_Automatic/DRUSEN/DRUSEN-224974-11.jpeg,./CellData/OCT/train/DRUSEN/DRUSEN-224974-11.jpeg
../Images/Images_Automatic/DRUSEN/DRUSEN-224974-13.jpeg,./CellData/OCT/train/DRUSEN/DRUSEN-224974-13.jpeg
../Images/Images_Automatic/DRUSEN/DRUSEN-224974-14.jpeg,./CellData/OCT/train/DRUSEN/DRUSEN-224974-14.jpeg
../Images/Images_Automatic/DRUSEN/DRUSEN-224974-18.jpeg,./CellData/OCT/train/DRUSEN/DRUSEN-224974-18.jpeg
../Images/Images_Automatic/DRUSEN/DRUSEN-224974-20.jpeg,./CellData/OCT/train/DRUSEN/DRUSEN-224974-20.jpeg
../Images/Images_Automatic/DRUSEN/DRUSEN-224974-22.jpeg,./CellData/OCT/train/DRUSEN/DRUSEN-224974-22.jpeg
../Images/Images_Automatic/DRUSEN/DRUSEN-224974-23.jpeg,./CellData/OCT/train/DRUSEN/DRUSEN-224974-23.jpeg
../Images/Images_Automatic/DRUSEN/DRUSEN-224974-24.jpeg,./CellData/OCT/train/DRUSEN/DRUSEN-224974-24.jpeg
../Images/Images_Automatic/DRUSEN/DRUSEN-224974-25.jpeg,./CellData/OCT/train/DRUSEN/DRUSEN-224974-25.jpeg
../Images/Images_Automatic/DRUSEN/DRUSEN-224974-26.jpeg,./CellData/OCT/train/DRUSEN/DRUSEN-224974-26.jpeg
../Images/Images_Automatic/DRUSEN/DRUSEN-224974-28.jpeg,./CellData/OCT/train/DRUSEN/DRUSEN-224974-28.jpeg
../Images/Images_Automatic/DRUSEN/DRUSEN-224974-30.jpeg,./CellData/OCT/train/DRUSEN/DRUSEN-224974-30.jpeg
../Images/Images_Automatic/DRUSEN/DRUSEN-224974-32.jpeg,./CellData/OCT/train/DRUSEN/DRUSEN-224974-32.jpeg
../Images/Images_Automatic/DRUSEN/DRUSEN-224974-34.jpeg,./CellData/OCT/train/DRUSEN/DRUSEN-224974-34.jpeg
../Images/Images_Automatic/DRUSEN/DRUSEN-224974-36.jpeg,./CellData/OCT/train/DRUSEN/DRUSEN-224974-36.jpeg
../Images/Images_Automatic/DRUSEN/DRUSEN-224974-38.jpeg,./CellData/OCT/train/DRUSEN/DRUSEN-224974-38.jpeg
../Images/Images_Automatic/DRUSEN/DRUSEN-228939-1.jpeg,./CellData/OCT/train/DRUSEN/DRUSEN-228939-1.jpeg
../Images/Images_Automatic/DRUSEN/DRUSEN-228939-2.jpeg,./CellData/OCT/train/DRUSEN/DRUSEN-228939-2.jpeg
../Images/Images_Automatic/DRUSEN/DRUSEN-228939-6.jpeg,./CellData/OCT/train/DRUSEN/DRUSEN-228939-6.jpeg
../Images/Images_Automatic/DRUSEN/DRUSEN-228939-8.jpeg,./CellData/OCT/train/DRUSEN/DRUSEN-228939-8.jpeg
../Images/Images_Automatic/DRUSEN/DRUSEN-228939-10.jpeg,./CellData/OCT/train/DRUSEN/DRUSEN-228939-10.jpeg
../Images/Images_Automatic/DRUSEN/DRUSEN-228939-11.jpeg,./CellData/OCT/train/DRUSEN/DRUSEN-228939-11.jpeg
../Images/Images_Automatic/DRUSEN/DRUSEN-228939-13.jpeg,./CellData/OCT/train/DRUSEN/DRUSEN-228939-13.jpeg
../Images/Images_Automatic/DRUSEN/DRUSEN-228939-15.jpeg,./CellData/OCT/train/DRUSEN/DRUSEN-228939-15.jpeg
../Images/Images_Automatic/DRUSEN/DRUSEN-228939-17.jpeg,./CellData/OCT/train/DRUSEN/DRUSEN-228939-17.jpeg
../Images/Images_Automatic/DRUSEN/DRUSEN-228939-19.jpeg,./CellData/OCT/train/DRUSEN/DRUSEN-228939-19.jpeg
../Images/Images_Automatic/DRUSEN/DRUSEN-228939-21.jpeg,./CellData/OCT/train/DRUSEN/DRUSEN-228939-21.jpeg
../Images/Images_Automatic/DRUSEN/DRUSEN-228939-23.jpeg,./CellData/OCT/train/DRUSEN/DRUSEN-228939-23.jpeg
../Images/Images_Automatic/DRUSEN/DRUSEN-228939-25.jpeg,./CellData/OCT/train/DRUSEN/DRUSEN-228939-25.jpeg
../Images/Images_Automatic/DRUSEN/DRUSEN-228939-27.jpeg,./CellData/OCT/train/DRUSEN/DRUSEN-228939-27.jpeg
../Images/Images_Automatic/DRUSEN/DRUSEN-228939-29.jpeg,./CellData/OCT/train/DRUSEN/DRUSEN-228939-29.jpeg
../Images/Images_Automatic/DRUSEN/DRUSEN-228939-30.jpeg,./CellData/OCT/train/DRUSEN/DRUSEN-228939-30.jpeg
../Images/Images_Automatic/DRUSEN/DRUSEN-228939-31.jpeg,./CellData/OCT/train/DRUSEN/DRUSEN-228939-31.jpeg
../Images/Images_Automatic/DRUSEN/DRUSEN-228939-33.jpeg,./CellData/OCT/train/DRUSEN/DRUSEN-228939-33.jpeg
../Images/Images_Automatic/DRUSEN/DRUSEN-228939-35.jpeg,./CellData/OCT/train/DRUSEN/DRUSEN-228939-35.jpeg
../Images/Images_Automatic/DRUSEN/DRUSEN-228939-37.jpeg,./CellData/OCT/train/DRUSEN/DRUSEN-228939-37.jpeg
../Images/Images_Automatic/DRUSEN/DRUSEN-228939-38.jpeg,./CellData/OCT/train/DRUSEN/DRUSEN-228939-38.jpeg
../Images/Images_Automatic/DRUSEN/DRUSEN-228939-39.jpeg,./CellData/OCT/train/DRUSEN/DRUSEN-228939-39.jpeg
../Images/Images_Automatic/DRUSEN/DRUSEN-364469-91.jpeg,./CellData/OCT/train/DRUSEN/DRUSEN-364469-91.jpeg
../Images/Images_Automatic/DRUSEN/DRUSEN-364469-92.jpeg,./CellData/OCT/train/DRUSEN/DRUSEN-364469-92.jpeg
../Images/Images_Automatic/DRUSEN/DRUSEN-1237848-29.jpeg,./CellData/OCT/train/DRUSEN/DRUSEN-1237848-29.jpeg
../Images/Images_Automatic/DRUSEN/DRUSEN-1779575-18.jpeg,./CellData/OCT/train/DRUSEN/DRUSEN-1779575-18.jpeg
../Images/Images_Automatic/DRUSEN/DRUSEN-1793499-18.jpeg,./CellData/OCT/train/DRUSEN/DRUSEN-1793499-18.jpeg
../Images/Images_Automatic/DRUSEN/DRUSEN-3276918-2.jpeg,./CellData/OCT/train/DRUSEN/DRUSEN-3276918-2.jpeg
../Images/Images_Automatic/DRUSEN/DRUSEN-3541867-10.jpeg,./CellData/OCT/train/DRUSEN/DRUSEN-3541867-10.jpeg
../Images/Images_Automatic/DRUSEN/DRUSEN-3541867-11.jpeg,./CellData/OCT/train/DRUSEN/DRUSEN-3541867-11.jpeg
../Images/Images_Automatic/DRUSEN/DRUSEN-3541867-12.jpeg,./CellData/OCT/train/DRUSEN/DRUSEN-3541867-12.jpeg
../Images/Images_Automatic/DRUSEN/DRUSEN-4934663-12.jpeg,./CellData/OCT/train/DRUSEN/DRUSEN-4934663-12.jpeg
../Images/Images_Automatic/DRUSEN/DRUSEN-5434336-49.jpeg,./CellData/OCT/train/DRUSEN/DRUSEN-5434336-49.jpeg
../Images/Images_Automatic/DRUSEN/DRUSEN-5768756-20.jpeg,./CellData/OCT/train/DRUSEN/DRUSEN-5768756-20.jpeg
../Images/Images_Automatic/DRUSEN/DRUSEN-5768756-28.jpeg,./CellData/OCT/train/DRUSEN/DRUSEN-5768756-28.jpeg
../Images/Images_Automatic/DRUSEN/DRUSEN-5768756-38.jpeg,./CellData/OCT/train/DRUSEN/DRUSEN-5768756-38.jpeg
../Images/Images_Automatic/DRUSEN/DRUSEN-5801431-2.jpeg,./CellData/OCT/train/DRUSEN/DRUSEN-5801431-2.jpeg
../Images/Images_Automatic/DRUSEN/DRUSEN-5861916-4.jpeg,./CellData/OCT/train/DRUSEN/DRUSEN-5861916-4.jpeg
../Images/Images_Automatic/DRUSEN/DRUSEN-6116901-9.jpeg,./CellData/OCT/train/DRUSEN/DRUSEN-6116901-9.jpeg
../Images/Images_Automatic/DRUSEN/DRUSEN-7485460-1.jpeg,./CellData/OCT/train/DRUSEN/DRUSEN-7485460-1.jpeg
../Images/Images_Automatic/DRUSEN/DRUSEN-8086850-63.jpeg,./CellData/OCT/train/DRUSEN/DRUSEN-8086850-63.jpeg
../Images/Images_Automatic/DRUSEN/DRUSEN-8391473-3.jpeg,./CellData/OCT/train/DRUSEN/DRUSEN-8391473-3.jpeg
../Images/Images_Automatic/DRUSEN/DRUSEN-8796318-3.jpeg,./CellData/OCT/train/DRUSEN/DRUSEN-8796318-3.jpeg
../Images/Images_Automatic/DRUSEN/DRUSEN-8986660-93.jpeg,./CellData/OCT/train/DRUSEN/DRUSEN-8986660-93.jpeg
../Images/Images_Automatic/DRUSEN/DRUSEN-9741678-8.jpeg,./CellData/OCT/train/DRUSEN/DRUSEN-9741678-8.jpeg
../Images/Images_Automatic/DRUSEN/DRUSEN-9800172-27.jpeg,./CellData/OCT/train/DRUSEN/DRUSEN-9800172-27.jpeg
../Images/Images_Automatic/DRUSEN/DRUSEN-9837663-5.jpeg,./CellData/OCT/train/DRUSEN/DRUSEN-9837663-5.jpeg
../Images/Images_Automatic/DRUSEN/DRUSEN-9861332-8.jpeg,./CellData/OCT/train/DRUSEN/DRUSEN-9861332-8.jpeg
../Images/Images_Automatic/DRUSEN/DRUSEN-9884539-8.jpeg,./CellData/OCT/train/DRUSEN/DRUSEN-9884539-8.jpeg
../Images/Images_Automatic/DRUSEN/DRUSEN-9884539-23.jpeg,./CellData/OCT/train/DRUSEN/DRUSEN-9884539-23.jpeg
../Images/Images_Automatic/DRUSEN/DRUSEN-9894035-3.jpeg,./CellData/OCT/train/DRUSEN/DRUSEN-9894035-3.jpeg
../Images/Images_Automatic/DRUSEN/DRUSEN-9894035-36.jpeg,./CellData/OCT/train/DRUSEN/DRUSEN-9894035-36.jpeg
../Images/Images_Automatic/DRUSEN/DRUSEN-9928043-3.jpeg,./CellData/OCT/train/DRUSEN/DRUSEN-9928043-3.jpeg
../Images/Images_Automatic/Normal Part1/Normal (1).E2E/2- 25- 2017 11- 08- 16 PM/Image 1.png,./Macular-Dataset-R.Rasti_old/Normal Part1/Normal (1).E2E/2- 25- 2017 11- 08- 16 PM/Image 1.TIFF
../Images/Images_Automatic/Normal Part1/Normal (1).E2E/2- 25- 2017 11- 08- 16 PM/Image 2.png,./Macular-Dataset-R.Rasti_old/Normal Part1/Normal (1).E2E/2- 25- 2017 11- 08- 16 PM/Image 2.TIFF
../Images/Images_Automatic/Normal Part1/Normal (1).E2E/2- 25- 2017 11- 08- 16 PM/Image 3.png,./Macular-Dataset-R.Rasti_old/Normal Part1/Normal (1).E2E/2- 25- 2017 11- 08- 16 PM/Image 3.TIFF
../Images/Images_Automatic/Normal Part1/Normal (1).E2E/2- 25- 2017 11- 08- 16 PM/Image 4.png,./Macular-Dataset-R.Rasti_old/Normal Part1/Normal (1).E2E/2- 25- 2017 11- 08- 16 PM/Image 4.TIFF
../Images/Images_Automatic/Normal Part1/Normal (1).E2E/2- 25- 2017 11- 08- 16 PM/Image 5.png,./Macular-Dataset-R.Rasti_old/Normal Part1/Normal (1).E2E/2- 25- 2017 11- 08- 16 PM/Image 5.TIFF
../Images/Images_Automatic/Normal Part1/Normal (1).E2E/2- 25- 2017 11- 08- 16 PM/Image 6.png,./Macular-Dataset-R.Rasti_old/Normal Part1/Normal (1).E2E/2- 25- 2017 11- 08- 16 PM/Image 6.TIFF
../Images/Images_Automatic/Normal Part1/Normal (1).E2E/2- 25- 2017 11- 08- 16 PM/Image 7.png,./Macular-Dataset-R.Rasti_old/Normal Part1/Normal (1).E2E/2- 25- 2017 11- 08- 16 PM/Image 7.TIFF
../Images/Images_Automatic/Normal Part1/Normal (1).E2E/2- 25- 2017 11- 08- 16 PM/Image 8.png,./Macular-Dataset-R.Rasti_old/Normal Part1/Normal (1).E2E/2- 25- 2017 11- 08- 16 PM/Image 8.TIFF
../Images/Images_Automatic/Normal Part1/Normal (1).E2E/2- 25- 2017 11- 08- 16 PM/Image 9.png,./Macular-Dataset-R.Rasti_old/Normal Part1/Normal (1).E2E/2- 25- 2017 11- 08- 16 PM/Image 9.TIFF
../Images/Images_Automatic/Normal Part1/Normal (1).E2E/2- 25- 2017 11- 08- 16 PM/Image 10.png,./Macular-Dataset-R.Rasti_old/Normal Part1/Normal (1).E2E/2- 25- 2017 11- 08- 16 PM/Image 10.TIFF
../Images/Images_Automatic/Normal Part1/Normal (1).E2E/2- 25- 2017 11- 08- 16 PM/Image 11.png,./Macular-Dataset-R.Rasti_old/Normal Part1/Normal (1).E2E/2- 25- 2017 11- 08- 16 PM/Image 11.TIFF
../Images/Images_Automatic/Normal Part1/Normal (1).E2E/2- 25- 2017 11- 08- 16 PM/Image 12.png,./Macular-Dataset-R.Rasti_old/Normal Part1/Normal (1).E2E/2- 25- 2017 11- 08- 16 PM/Image 12.TIFF
../Images/Images_Automatic/Normal Part1/Normal (1).E2E/2- 25- 2017 11- 08- 16 PM/Image 13.png,./Macular-Dataset-R.Rasti_old/Normal Part1/Normal (1).E2E/2- 25- 2017 11- 08- 16 PM/Image 13.TIFF
../Images/Images_Automatic/Normal Part1/Normal (1).E2E/2- 25- 2017 11- 08- 16 PM/Image 14.png,./Macular-Dataset-R.Rasti_old/Normal Part1/Normal (1).E2E/2- 25- 2017 11- 08- 16 PM/Image 14.TIFF
../Images/Images_Automatic/Normal Part1/Normal (1).E2E/2- 25- 2017 11- 08- 16 PM/Image 15.png,./Macular-Dataset-R.Rasti_old/Normal Part1/Normal (1).E2E/2- 25- 2017 11- 08- 16 PM/Image 15.TIFF
../Images/Images_Automatic/Normal Part1/Normal (1).E2E/2- 25- 2017 11- 08- 16 PM/Image 16.png,./Macular-Dataset-R.Rasti_old/Normal Part1/Normal (1).E2E/2- 25- 2017 11- 08- 16 PM/Image 16.TIFF
../Images/Images_Automatic/Normal Part1/Normal (1).E2E/2- 25- 2017 11- 08- 16 PM/Image 17.png,./Macular-Dataset-R.Rasti_old/Normal Part1/Normal (1).E2E/2- 25- 2017 11- 08- 16 PM/Image 17.TIFF
../Images/Images_Automatic/Normal Part1/Normal (1).E2E/2- 25- 2017 11- 08- 16 PM/Image 18.png,./Macular-Dataset-R.Rasti_old/Normal Part1/Normal (1).E2E/2- 25- 2017 11- 08- 16 PM/Image 18.TIFF
../Images/Images_Automatic/Normal Part1/Normal (1).E2E/2- 25- 2017 11- 08- 16 PM/Image 19.png,./Macular-Dataset-R.Rasti_old/Normal Part1/Normal (1).E2E/2- 25- 2017 11- 08- 16 PM/Image 19.TIFF
../Images/Images_Automatic/Normal Part1/Normal (1).E2E/2- 25- 2017 11- 08- 16 PM/Image 20.png,./Macular-Dataset-R.Rasti_old/Normal Part1/Normal (1).E2E/2- 25- 2017 11- 08- 16 PM/Image 20.TIFF
../Images/Images_Automatic/Normal Part1/Normal (1).E2E/2- 25- 2017 11- 08- 16 PM/Image 21.png,./Macular-Dataset-R.Rasti_old/Normal Part1/Normal (1).E2E/2- 25- 2017 11- 08- 16 PM/Image 21.TIFF
../Images/Images_Automatic/Normal Part1/Normal (1).E2E/2- 25- 2017 11- 08- 16 PM/Image 22.png,./Macular-Dataset-R.Rasti_old/Normal Part1/Normal (1).E2E/2- 25- 2017 11- 08- 16 PM/Image 22.TIFF
../Images/Images_Automatic/Normal Part1/Normal (1).E2E/2- 25- 2017 11- 08- 16 PM/Image 23.png,./Macular-Dataset-R.Rasti_old/Normal Part1/Normal (1).E2E/2- 25- 2017 11- 08- 16 PM/Image 23.TIFF
../Images/Images_Automatic/Normal Part1/Normal (1).E2E/2- 25- 2017 11- 08- 16 PM/Image 24.png,./Macular-Dataset-R.Rasti_old/Normal Part1/Normal (1).E2E/2- 25- 2017 11- 08- 16 PM/Image 24.TIFF
../Images/Images_Automatic/Normal Part1/Normal (1).E2E/2- 25- 2017 11- 08- 16 PM/Image 25.png,./Macular-Dataset-R.Rasti_old/Normal Part1/Normal (1).E2E/2- 25- 2017 11- 08- 16 PM/Image 25.TIFF
../Images/Images_Automatic/Normal Part1/Normal (1).E2E/2- 25- 2017 11- 08- 16 PM/Image 26.png,./Macular-Dataset-R.Rasti_old/Normal Part1/Normal (1).E2E/2- 25- 2017 11- 08- 16 PM/Image 26.TIFF
../Images/Images_Automatic/Normal Part1/Normal (1).E2E/2- 25- 2017 11- 08- 16 PM/Image 27.png,./Macular-Dataset-R.Rasti_old/Normal Part1/Normal (1).E2E/2- 25- 2017 11- 08- 16 PM/Image 27.TIFF
../Images/Images_Automatic/Normal Part1/Normal (1).E2E/2- 25- 2017 11- 08- 16 PM/Image 28.png,./Macular-Dataset-R.Rasti_old/Normal Part1/Normal (1).E2E/2- 25- 2017 11- 08- 16 PM/Image 28.TIFF
../Images/Images_Automatic/Normal Part1/Normal (1).E2E/2- 25- 2017 11- 08- 16 PM/Image 29.png,./Macular-Dataset-R.Rasti_old/Normal Part1/Normal (1).E2E/2- 25- 2017 11- 08- 16 PM/Image 29.TIFF
../Images/Images_Automatic/Normal Part1/Normal (1).E2E/2- 25- 2017 11- 08- 16 PM/Image 30.png,./Macular-Dataset-R.Rasti_old/Normal Part1/Normal (1).E2E/2- 25- 2017 11- 08- 16 PM/Image 30.TIFF
../Images/Images_Automatic/Normal Part1/Normal (1).E2E/2- 25- 2017 11- 08- 16 PM/Image 31.png,./Macular-Dataset-R.Rasti_old/Normal Part1/Normal (1).E2E/2- 25- 2017 11- 08- 16 PM/Image 31.TIFF
../Images/Images_Automatic/Normal Part1/Normal (2).E2E/2- 25- 2017 11- 08- 51 PM/Image 1.png,./Macular-Dataset-R.Rasti_old/Normal Part1/Normal (2).E2E/2- 25- 2017 11- 08- 51 PM/Image 1.TIFF
../Images/Images_Automatic/Normal Part1/Normal (2).E2E/2- 25- 2017 11- 08- 51 PM/Image 2.png,./Macular-Dataset-R.Rasti_old/Normal Part1/Normal (2).E2E/2- 25- 2017 11- 08- 51 PM/Image 2.TIFF
../Images/Images_Automatic/Normal Part1/Normal (2).E2E/2- 25- 2017 11- 08- 51 PM/Image 3.png,./Macular-Dataset-R.Rasti_old/Normal Part1/Normal (2).E2E/2- 25- 2017 11- 08- 51 PM/Image 3.TIFF
../Images/Images_Automatic/Normal Part1/Normal (2).E2E/2- 25- 2017 11- 08- 51 PM/Image 4.png,./Macular-Dataset-R.Rasti_old/Normal Part1/Normal (2).E2E/2- 25- 2017 11- 08- 51 PM/Image 4.TIFF
../Images/Images_Automatic/Normal Part1/Normal (2).E2E/2- 25- 2017 11- 08- 51 PM/Image 5.png,./Macular-Dataset-R.Rasti_old/Normal Part1/Normal (2).E2E/2- 25- 2017 11- 08- 51 PM/Image 5.TIFF
../Images/Images_Automatic/Normal Part1/Normal (2).E2E/2- 25- 2017 11- 08- 51 PM/Image 6.png,./Macular-Dataset-R.Rasti_old/Normal Part1/Normal (2).E2E/2- 25- 2017 11- 08- 51 PM/Image 6.TIFF
../Images/Images_Automatic/Normal Part1/Normal (2).E2E/2- 25- 2017 11- 08- 51 PM/Image 7.png,./Macular-Dataset-R.Rasti_old/Normal Part1/Normal (2).E2E/2- 25- 2017 11- 08- 51 PM/Image 7.TIFF
../Images/Images_Automatic/Normal Part1/Normal (2).E2E/2- 25- 2017 11- 08- 51 PM/Image 8.png,./Macular-Dataset-R.Rasti_old/Normal Part1/Normal (2).E2E/2- 25- 2017 11- 08- 51 PM/Image 8.TIFF
../Images/Images_Automatic/Normal Part1/Normal (2).E2E/2- 25- 2017 11- 08- 51 PM/Image 9.png,./Macular-Dataset-R.Rasti_old/Normal Part1/Normal (2).E2E/2- 25- 2017 11- 08- 51 PM/Image 9.TIFF
../Images/Images_Automatic/Normal Part1/Normal (2).E2E/2- 25- 2017 11- 08- 51 PM/Image 10.png,./Macular-Dataset-R.Rasti_old/Normal Part1/Normal (2).E2E/2- 25- 2017 11- 08- 51 PM/Image 10.TIFF
../Images/Images_Automatic/Normal Part1/Normal (2).E2E/2- 25- 2017 11- 08- 51 PM/Image 11.png,./Macular-Dataset-R.Rasti_old/Normal Part1/Normal (2).E2E/2- 25- 2017 11- 08- 51 PM/Image 11.TIFF
../Images/Images_Automatic/Normal Part1/Normal (2).E2E/2- 25- 2017 11- 08- 51 PM/Image 12.png,./Macular-Dataset-R.Rasti_old/Normal Part1/Normal (2).E2E/2- 25- 2017 11- 08- 51 PM/Image 12.TIFF
../Images/Images_Automatic/Normal Part1/Normal (2).E2E/2- 25- 2017 11- 08- 51 PM/Image 13.png,./Macular-Dataset-R.Rasti_old/Normal Part1/Normal (2).E2E/2- 25- 2017 11- 08- 51 PM/Image 13.TIFF
../Images/Images_Automatic/Normal Part1/Normal (2).E2E/2- 25- 2017 11- 08- 51 PM/Image 14.png,./Macular-Dataset-R.Rasti_old/Normal Part1/Normal (2).E2E/2- 25- 2017 11- 08- 51 PM/Image 14.TIFF
../Images/Images_Automatic/Normal Part1/Normal (2).E2E/2- 25- 2017 11- 08- 51 PM/Image 15.png,./Macular-Dataset-R.Rasti_old/Normal Part1/Normal (2).E2E/2- 25- 2017 11- 08- 51 PM/Image 15.TIFF
../Images/Images_Automatic/Normal Part1/Normal (2).E2E/2- 25- 2017 11- 08- 51 PM/Image 16.png,./Macular-Dataset-R.Rasti_old/Normal Part1/Normal (2).E2E/2- 25- 2017 11- 08- 51 PM/Image 16.TIFF
../Images/Images_Automatic/Normal Part1/Normal (2).E2E/2- 25- 2017 11- 08- 51 PM/Image 17.png,./Macular-Dataset-R.Rasti_old/Normal Part1/Normal (2).E2E/2- 25- 2017 11- 08- 51 PM/Image 17.TIFF
../Images/Images_Automatic/Normal Part1/Normal (2).E2E/2- 25- 2017 11- 08- 51 PM/Image 18.png,./Macular-Dataset-R.Rasti_old/Normal Part1/Normal (2).E2E/2- 25- 2017 11- 08- 51 PM/Image 18.TIFF
../Images/Images_Automatic/Normal Part1/Normal (2).E2E/2- 25- 2017 11- 08- 51 PM/Image 19.png,./Macular-Dataset-R.Rasti_old/Normal Part1/Normal (2).E2E/2- 25- 2017 11- 08- 51 PM/Image 19.TIFF
../Images/Images_Automatic/Normal Part1/Normal (2).E2E/2- 25- 2017 11- 08- 51 PM/Image 20.png,./Macular-Dataset-R.Rasti_old/Normal Part1/Normal (2).E2E/2- 25- 2017 11- 08- 51 PM/Image 20.TIFF
../Images/Images_Automatic/Normal Part1/Normal (2).E2E/2- 25- 2017 11- 08- 51 PM/Image 21.png,./Macular-Dataset-R.Rasti_old/Normal Part1/Normal (2).E2E/2- 25- 2017 11- 08- 51 PM/Image 21.TIFF
../Images/Images_Automatic/Normal Part1/Normal (2).E2E/2- 25- 2017 11- 08- 51 PM/Image 22.png,./Macular-Dataset-R.Rasti_old/Normal Part1/Normal (2).E2E/2- 25- 2017 11- 08- 51 PM/Image 22.TIFF
../Images/Images_Automatic/Normal Part1/Normal (2).E2E/2- 25- 2017 11- 08- 51 PM/Image 23.png,./Macular-Dataset-R.Rasti_old/Normal Part1/Normal (2).E2E/2- 25- 2017 11- 08- 51 PM/Image 23.TIFF
../Images/Images_Automatic/Normal Part1/Normal (2).E2E/2- 25- 2017 11- 08- 51 PM/Image 24.png,./Macular-Dataset-R.Rasti_old/Normal Part1/Normal (2).E2E/2- 25- 2017 11- 08- 51 PM/Image 24.TIFF
../Images/Images_Automatic/Normal Part1/Normal (2).E2E/2- 25- 2017 11- 08- 51 PM/Image 25.png,./Macular-Dataset-R.Rasti_old/Normal Part1/Normal (2).E2E/2- 25- 2017 11- 08- 51 PM/Image 25.TIFF
../Images/Images_Automatic/Normal Part1/Normal (2).E2E/2- 25- 2017 11- 08- 51 PM/Image 26.png,./Macular-Dataset-R.Rasti_old/Normal Part1/Normal (2).E2E/2- 25- 2017 11- 08- 51 PM/Image 26.TIFF
../Images/Images_Automatic/Normal Part1/Normal (2).E2E/2- 25- 2017 11- 08- 51 PM/Image 27.png,./Macular-Dataset-R.Rasti_old/Normal Part1/Normal (2).E2E/2- 25- 2017 11- 08- 51 PM/Image 27.TIFF
../Images/Images_Automatic/Normal Part1/Normal (2).E2E/2- 25- 2017 11- 08- 51 PM/Image 28.png,./Macular-Dataset-R.Rasti_old/Normal Part1/Normal (2).E2E/2- 25- 2017 11- 08- 51 PM/Image 28.TIFF
../Images/Images_Automatic/Normal Part1/Normal (2).E2E/2- 25- 2017 11- 08- 51 PM/Image 29.png,./Macular-Dataset-R.Rasti_old/Normal Part1/Normal (2).E2E/2- 25- 2017 11- 08- 51 PM/Image 29.TIFF
../Images/Images_Automatic/Normal Part1/Normal (2).E2E/2- 25- 2017 11- 08- 51 PM/Image 30.png,./Macular-Dataset-R.Rasti_old/Normal Part1/Normal (2).E2E/2- 25- 2017 11- 08- 51 PM/Image 30.TIFF
../Images/Images_Automatic/Normal Part1/Normal (2).E2E/2- 25- 2017 11- 08- 51 PM/Image 31.png,./Macular-Dataset-R.Rasti_old/Normal Part1/Normal (2).E2E/2- 25- 2017 11- 08- 51 PM/Image 31.TIFF
../Images/Images_Automatic/Normal Part1/Normal (3).E2E/2- 25- 2017 11- 17- 19 PM/Image 1.png,./Macular-Dataset-R.Rasti_old/Normal Part1/Normal (3).E2E/2- 25- 2017 11- 17- 19 PM/Image 1.TIFF
../Images/Images_Automatic/Normal Part1/Normal (3).E2E/2- 25- 2017 11- 17- 19 PM/Image 2.png,./Macular-Dataset-R.Rasti_old/Normal Part1/Normal (3).E2E/2- 25- 2017 11- 17- 19 PM/Image 2.TIFF
../Images/Images_Automatic/Normal Part1/Normal (3).E2E/2- 25- 2017 11- 17- 19 PM/Image 3.png,./Macular-Dataset-R.Rasti_old/Normal Part1/Normal (3).E2E/2- 25- 2017 11- 17- 19 PM/Image 3.TIFF
../Images/Images_Automatic/Normal Part1/Normal (3).E2E/2- 25- 2017 11- 17- 19 PM/Image 4.png,./Macular-Dataset-R.Rasti_old/Normal Part1/Normal (3).E2E/2- 25- 2017 11- 17- 19 PM/Image 4.TIFF
../Images/Images_Automatic/Normal Part1/Normal (3).E2E/2- 25- 2017 11- 17- 19 PM/Image 5.png,./Macular-Dataset-R.Rasti_old/Normal Part1/Normal (3).E2E/2- 25- 2017 11- 17- 19 PM/Image 5.TIFF
../Images/Images_Automatic/Normal Part1/Normal (3).E2E/2- 25- 2017 11- 17- 19 PM/Image 6.png,./Macular-Dataset-R.Rasti_old/Normal Part1/Normal (3).E2E/2- 25- 2017 11- 17- 19 PM/Image 6.TIFF
../Images/Images_Automatic/Normal Part1/Normal (3).E2E/2- 25- 2017 11- 17- 19 PM/Image 7.png,./Macular-Dataset-R.Rasti_old/Normal Part1/Normal (3).E2E/2- 25- 2017 11- 17- 19 PM/Image 7.TIFF
../Images/Images_Automatic/Normal Part1/Normal (3).E2E/2- 25- 2017 11- 17- 19 PM/Image 8.png,./Macular-Dataset-R.Rasti_old/Normal Part1/Normal (3).E2E/2- 25- 2017 11- 17- 19 PM/Image 8.TIFF
../Images/Images_Automatic/Normal Part1/Normal (3).E2E/2- 25- 2017 11- 17- 19 PM/Image 9.png,./Macular-Dataset-R.Rasti_old/Normal Part1/Normal (3).E2E/2- 25- 2017 11- 17- 19 PM/Image 9.TIFF
../Images/Images_Automatic/Normal Part1/Normal (3).E2E/2- 25- 2017 11- 17- 19 PM/Image 10.png,./Macular-Dataset-R.Rasti_old/Normal Part1/Normal (3).E2E/2- 25- 2017 11- 17- 19 PM/Image 10.TIFF
../Images/Images_Automatic/Normal Part1/Normal (3).E2E/2- 25- 2017 11- 17- 19 PM/Image 11.png,./Macular-Dataset-R.Rasti_old/Normal Part1/Normal (3).E2E/2- 25- 2017 11- 17- 19 PM/Image 11.TIFF
../Images/Images_Automatic/Normal Part1/Normal (3).E2E/2- 25- 2017 11- 17- 19 PM/Image 12.png,./Macular-Dataset-R.Rasti_old/Normal Part1/Normal (3).E2E/2- 25- 2017 11- 17- 19 PM/Image 12.TIFF
../Images/Images_Automatic/Normal Part1/Normal (3).E2E/2- 25- 2017 11- 17- 19 PM/Image 13.png,./Macular-Dataset-R.Rasti_old/Normal Part1/Normal (3).E2E/2- 25- 2017 11- 17- 19 PM/Image 13.TIFF
../Images/Images_Automatic/Normal Part1/Normal (3).E2E/2- 25- 2017 11- 17- 19 PM/Image 14.png,./Macular-Dataset-R.Rasti_old/Normal Part1/Normal (3).E2E/2- 25- 2017 11- 17- 19 PM/Image 14.TIFF
../Images/Images_Automatic/Normal Part1/Normal (3).E2E/2- 25- 2017 11- 17- 19 PM/Image 15.png,./Macular-Dataset-R.Rasti_old/Normal Part1/Normal (3).E2E/2- 25- 2017 11- 17- 19 PM/Image 15.TIFF
../Images/Images_Automatic/Normal Part1/Normal (3).E2E/2- 25- 2017 11- 17- 19 PM/Image 16.png,./Macular-Dataset-R.Rasti_old/Normal Part1/Normal (3).E2E/2- 25- 2017 11- 17- 19 PM/Image 16.TIFF
../Images/Images_Automatic/Normal Part1/Normal (3).E2E/2- 25- 2017 11- 17- 19 PM/Image 17.png,./Macular-Dataset-R.Rasti_old/Normal Part1/Normal (3).E2E/2- 25- 2017 11- 17- 19 PM/Image 17.TIFF
../Images/Images_Automatic/Normal Part1/Normal (3).E2E/2- 25- 2017 11- 17- 19 PM/Image 18.png,./Macular-Dataset-R.Rasti_old/Normal Part1/Normal (3).E2E/2- 25- 2017 11- 17- 19 PM/Image 18.TIFF
../Images/Images_Automatic/Normal Part1/Normal (3).E2E/2- 25- 2017 11- 17- 19 PM/Image 19.png,./Macular-Dataset-R.Rasti_old/Normal Part1/Normal (3).E2E/2- 25- 2017 11- 17- 19 PM/Image 19.TIFF
../Images/Images_Automatic/Normal Part1/Normal (3).E2E/2- 25- 2017 11- 17- 19 PM/Image 20.png,./Macular-Dataset-R.Rasti_old/Normal Part1/Normal (3).E2E/2- 25- 2017 11- 17- 19 PM/Image 20.TIFF
../Images/Images_Automatic/Normal Part1/Normal (3).E2E/2- 25- 2017 11- 17- 19 PM/Image 21.png,./Macular-Dataset-R.Rasti_old/Normal Part1/Normal (3).E2E/2- 25- 2017 11- 17- 19 PM/Image 21.TIFF
../Images/Images_Automatic/Normal Part1/Normal (3).E2E/2- 25- 2017 11- 17- 19 PM/Image 22.png,./Macular-Dataset-R.Rasti_old/Normal Part1/Normal (3).E2E/2- 25- 2017 11- 17- 19 PM/Image 22.TIFF
../Images/Images_Automatic/Normal Part1/Normal (3).E2E/2- 25- 2017 11- 17- 19 PM/Image 23.png,./Macular-Dataset-R.Rasti_old/Normal Part1/Normal (3).E2E/2- 25- 2017 11- 17- 19 PM/Image 23.TIFF
../Images/Images_Automatic/Normal Part1/Normal (3).E2E/2- 25- 2017 11- 17- 19 PM/Image 24.png,./Macular-Dataset-R.Rasti_old/Normal Part1/Normal (3).E2E/2- 25- 2017 11- 17- 19 PM/Image 24.TIFF
../Images/Images_Automatic/Normal Part1/Normal (3).E2E/2- 25- 2017 11- 17- 19 PM/Image 25.png,./Macular-Dataset-R.Rasti_old/Normal Part1/Normal (3).E2E/2- 25- 2017 11- 17- 19 PM/Image 25.TIFF
../Images/Images_Automatic/Normal Part1/Normal (3).E2E/2- 25- 2017 11- 17- 19 PM/Image 26.png,./Macular-Dataset-R.Rasti_old/Normal Part1/Normal (3).E2E/2- 25- 2017 11- 17- 19 PM/Image 26.TIFF
../Images/Images_Automatic/Normal Part1/Normal (3).E2E/2- 25- 2017 11- 17- 19 PM/Image 27.png,./Macular-Dataset-R.Rasti_old/Normal Part1/Normal (3).E2E/2- 25- 2017 11- 17- 19 PM/Image 27.TIFF
../Images/Images_Automatic/Normal Part1/Normal (3).E2E/2- 25- 2017 11- 17- 19 PM/Image 28.png,./Macular-Dataset-R.Rasti_old/Normal Part1/Normal (3).E2E/2- 25- 2017 11- 17- 19 PM/Image 28.TIFF
../Images/Images_Automatic/Normal Part1/Normal (3).E2E/2- 25- 2017 11- 17- 19 PM/Image 29.png,./Macular-Dataset-R.Rasti_old/Normal Part1/Normal (3).E2E/2- 25- 2017 11- 17- 19 PM/Image 29.TIFF
../Images/Images_Automatic/Normal Part1/Normal (3).E2E/2- 25- 2017 11- 17- 19 PM/Image 30.png,./Macular-Dataset-R.Rasti_old/Normal Part1/Normal (3).E2E/2- 25- 2017 11- 17- 19 PM/Image 30.TIFF
../Images/Images_Automatic/Normal Part1/Normal (3).E2E/2- 25- 2017 11- 17- 19 PM/Image 31.png,./Macular-Dataset-R.Rasti_old/Normal Part1/Normal (3).E2E/2- 25- 2017 11- 17- 19 PM/Image 31.TIFF
../Images/Images_Automatic/Normal Part1/Normal (4).E2E/2- 26- 2017 9- 08- 39 AM/Image 1.png,./Macular-Dataset-R.Rasti_old/Normal Part1/Normal (4).E2E/2- 26- 2017 9- 08- 39 AM/Image 1.TIFF
../Images/Images_Automatic/Normal Part1/Normal (4).E2E/2- 26- 2017 9- 08- 39 AM/Image 2.png,./Macular-Dataset-R.Rasti_old/Normal Part1/Normal (4).E2E/2- 26- 2017 9- 08- 39 AM/Image 2.TIFF
../Images/Images_Automatic/Normal Part1/Normal (4).E2E/2- 26- 2017 9- 08- 39 AM/Image 3.png,./Macular-Dataset-R.Rasti_old/Normal Part1/Normal (4).E2E/2- 26- 2017 9- 08- 39 AM/Image 3.TIFF
../Images/Images_Automatic/Normal Part1/Normal (4).E2E/2- 26- 2017 9- 08- 39 AM/Image 4.png,./Macular-Dataset-R.Rasti_old/Normal Part1/Normal (4).E2E/2- 26- 2017 9- 08- 39 AM/Image 4.TIFF
../Images/Images_Automatic/Normal Part1/Normal (4).E2E/2- 26- 2017 9- 08- 39 AM/Image 5.png,./Macular-Dataset-R.Rasti_old/Normal Part1/Normal (4).E2E/2- 26- 2017 9- 08- 39 AM/Image 5.TIFF
../Images/Images_Automatic/Normal Part1/Normal (4).E2E/2- 26- 2017 9- 08- 39 AM/Image 6.png,./Macular-Dataset-R.Rasti_old/Normal Part1/Normal (4).E2E/2- 26- 2017 9- 08- 39 AM/Image 6.TIFF
../Images/Images_Automatic/Normal Part1/Normal (4).E2E/2- 26- 2017 9- 08- 39 AM/Image 7.png,./Macular-Dataset-R.Rasti_old/Normal Part1/Normal (4).E2E/2- 26- 2017 9- 08- 39 AM/Image 7.TIFF
../Images/Images_Automatic/Normal Part1/Normal (4).E2E/2- 26- 2017 9- 08- 39 AM/Image 8.png,./Macular-Dataset-R.Rasti_old/Normal Part1/Normal (4).E2E/2- 26- 2017 9- 08- 39 AM/Image 8.TIFF
../Images/Images_Automatic/Normal Part1/Normal (4).E2E/2- 26- 2017 9- 08- 39 AM/Image 9.png,./Macular-Dataset-R.Rasti_old/Normal Part1/Normal (4).E2E/2- 26- 2017 9- 08- 39 AM/Image 9.TIFF
../Images/Images_Automatic/Normal Part1/Normal (4).E2E/2- 26- 2017 9- 08- 39 AM/Image 10.png,./Macular-Dataset-R.Rasti_old/Normal Part1/Normal (4).E2E/2- 26- 2017 9- 08- 39 AM/Image 10.TIFF
../Images/Images_Automatic/Normal Part1/Normal (4).E2E/2- 26- 2017 9- 08- 39 AM/Image 11.png,./Macular-Dataset-R.Rasti_old/Normal Part1/Normal (4).E2E/2- 26- 2017 9- 08- 39 AM/Image 11.TIFF
../Images/Images_Automatic/Normal Part1/Normal (4).E2E/2- 26- 2017 9- 08- 39 AM/Image 12.png,./Macular-Dataset-R.Rasti_old/Normal Part1/Normal (4).E2E/2- 26- 2017 9- 08- 39 AM/Image 12.TIFF
../Images/Images_Automatic/Normal Part1/Normal (4).E2E/2- 26- 2017 9- 08- 39 AM/Image 13.png,./Macular-Dataset-R.Rasti_old/Normal Part1/Normal (4).E2E/2- 26- 2017 9- 08- 39 AM/Image 13.TIFF
../Images/Images_Automatic/Normal Part1/Normal (4).E2E/2- 26- 2017 9- 08- 39 AM/Image 14.png,./Macular-Dataset-R.Rasti_old/Normal Part1/Normal (4).E2E/2- 26- 2017 9- 08- 39 AM/Image 14.TIFF
../Images/Images_Automatic/Normal Part1/Normal (4).E2E/2- 26- 2017 9- 08- 39 AM/Image 15.png,./Macular-Dataset-R.Rasti_old/Normal Part1/Normal (4).E2E/2- 26- 2017 9- 08- 39 AM/Image 15.TIFF
../Images/Images_Automatic/Normal Part1/Normal (4).E2E/2- 26- 2017 9- 08- 39 AM/Image 16.png,./Macular-Dataset-R.Rasti_old/Normal Part1/Normal (4).E2E/2- 26- 2017 9- 08- 39 AM/Image 16.TIFF
../Images/Images_Automatic/Normal Part1/Normal (4).E2E/2- 26- 2017 9- 08- 39 AM/Image 17.png,./Macular-Dataset-R.Rasti_old/Normal Part1/Normal (4).E2E/2- 26- 2017 9- 08- 39 AM/Image 17.TIFF
../Images/Images_Automatic/Normal Part1/Normal (4).E2E/2- 26- 2017 9- 08- 39 AM/Image 18.png,./Macular-Dataset-R.Rasti_old/Normal Part1/Normal (4).E2E/2- 26- 2017 9- 08- 39 AM/Image 18.TIFF
../Images/Images_Automatic/Normal Part1/Normal (4).E2E/2- 26- 2017 9- 08- 39 AM/Image 19.png,./Macular-Dataset-R.Rasti_old/Normal Part1/Normal (4).E2E/2- 26- 2017 9- 08- 39 AM/Image 19.TIFF
../Images/Images_Automatic/Normal Part1/Normal (5).E2E/2- 26- 2017 9- 09- 15 AM/Image 1.png,./Macular-Dataset-R.Rasti_old/Normal Part1/Normal (5).E2E/2- 26- 2017 9- 09- 15 AM/Image 1.TIFF
../Images/Images_Automatic/Normal Part1/Normal (5).E2E/2- 26- 2017 9- 09- 15 AM/Image 2.png,./Macular-Dataset-R.Rasti_old/Normal Part1/Normal (5).E2E/2- 26- 2017 9- 09- 15 AM/Image 2.TIFF
../Images/Images_Automatic/Normal Part1/Normal (5).E2E/2- 26- 2017 9- 09- 15 AM/Image 3.png,./Macular-Dataset-R.Rasti_old/Normal Part1/Normal (5).E2E/2- 26- 2017 9- 09- 15 AM/Image 3.TIFF
../Images/Images_Automatic/Normal Part1/Normal (5).E2E/2- 26- 2017 9- 09- 15 AM/Image 4.png,./Macular-Dataset-R.Rasti_old/Normal Part1/Normal (5).E2E/2- 26- 2017 9- 09- 15 AM/Image 4.TIFF
../Images/Images_Automatic/Normal Part1/Normal (5).E2E/2- 26- 2017 9- 09- 15 AM/Image 5.png,./Macular-Dataset-R.Rasti_old/Normal Part1/Normal (5).E2E/2- 26- 2017 9- 09- 15 AM/Image 5.TIFF
../Images/Images_Automatic/Normal Part1/Normal (5).E2E/2- 26- 2017 9- 09- 15 AM/Image 6.png,./Macular-Dataset-R.Rasti_old/Normal Part1/Normal (5).E2E/2- 26- 2017 9- 09- 15 AM/Image 6.TIFF
../Images/Images_Automatic/Normal Part1/Normal (5).E2E/2- 26- 2017 9- 09- 15 AM/Image 7.png,./Macular-Dataset-R.Rasti_old/Normal Part1/Normal (5).E2E/2- 26- 2017 9- 09- 15 AM/Image 7.TIFF
../Images/Images_Automatic/Normal Part1/Normal (5).E2E/2- 26- 2017 9- 09- 15 AM/Image 8.png,./Macular-Dataset-R.Rasti_old/Normal Part1/Normal (5).E2E/2- 26- 2017 9- 09- 15 AM/Image 8.TIFF
../Images/Images_Automatic/Normal Part1/Normal (5).E2E/2- 26- 2017 9- 09- 15 AM/Image 9.png,./Macular-Dataset-R.Rasti_old/Normal Part1/Normal (5).E2E/2- 26- 2017 9- 09- 15 AM/Image 9.TIFF
../Images/Images_Automatic/Normal Part1/Normal (5).E2E/2- 26- 2017 9- 09- 15 AM/Image 10.png,./Macular-Dataset-R.Rasti_old/Normal Part1/Normal (5).E2E/2- 26- 2017 9- 09- 15 AM/Image 10.TIFF
../Images/Images_Automatic/Normal Part1/Normal (5).E2E/2- 26- 2017 9- 09- 15 AM/Image 11.png,./Macular-Dataset-R.Rasti_old/Normal Part1/Normal (5).E2E/2- 26- 2017 9- 09- 15 AM/Image 11.TIFF
../Images/Images_Automatic/Normal Part1/Normal (5).E2E/2- 26- 2017 9- 09- 15 AM/Image 12.png,./Macular-Dataset-R.Rasti_old/Normal Part1/Normal (5).E2E/2- 26- 2017 9- 09- 15 AM/Image 12.TIFF
../Images/Images_Automatic/Normal Part1/Normal (5).E2E/2- 26- 2017 9- 09- 15 AM/Image 13.png,./Macular-Dataset-R.Rasti_old/Normal Part1/Normal (5).E2E/2- 26- 2017 9- 09- 15 AM/Image 13.TIFF
../Images/Images_Automatic/Normal Part1/Normal (5).E2E/2- 26- 2017 9- 09- 15 AM/Image 14.png,./Macular-Dataset-R.Rasti_old/Normal Part1/Normal (5).E2E/2- 26- 2017 9- 09- 15 AM/Image 14.TIFF
../Images/Images_Automatic/Normal Part1/Normal (5).E2E/2- 26- 2017 9- 09- 15 AM/Image 15.png,./Macular-Dataset-R.Rasti_old/Normal Part1/Normal (5).E2E/2- 26- 2017 9- 09- 15 AM/Image 15.TIFF
../Images/Images_Automatic/Normal Part1/Normal (5).E2E/2- 26- 2017 9- 09- 15 AM/Image 16.png,./Macular-Dataset-R.Rasti_old/Normal Part1/Normal (5).E2E/2- 26- 2017 9- 09- 15 AM/Image 16.TIFF
../Images/Images_Automatic/Normal Part1/Normal (5).E2E/2- 26- 2017 9- 09- 15 AM/Image 17.png,./Macular-Dataset-R.Rasti_old/Normal Part1/Normal (5).E2E/2- 26- 2017 9- 09- 15 AM/Image 17.TIFF
../Images/Images_Automatic/Normal Part1/Normal (5).E2E/2- 26- 2017 9- 09- 15 AM/Image 18.png,./Macular-Dataset-R.Rasti_old/Normal Part1/Normal (5).E2E/2- 26- 2017 9- 09- 15 AM/Image 18.TIFF
../Images/Images_Automatic/Normal Part1/Normal (5).E2E/2- 26- 2017 9- 09- 15 AM/Image 19.png,./Macular-Dataset-R.Rasti_old/Normal Part1/Normal (5).E2E/2- 26- 2017 9- 09- 15 AM/Image 19.TIFF
../Images/Images_Automatic/Normal Part1/Normal (8).E2E/2- 26- 2017 9- 15- 01 AM/Image 1.png,./Macular-Dataset-R.Rasti_old/Normal Part1/Normal (8).E2E/2- 26- 2017 9- 15- 01 AM/Image 1.TIFF
../Images/Images_Automatic/Normal Part1/Normal (8).E2E/2- 26- 2017 9- 15- 01 AM/Image 2.png,./Macular-Dataset-R.Rasti_old/Normal Part1/Normal (8).E2E/2- 26- 2017 9- 15- 01 AM/Image 2.TIFF
../Images/Images_Automatic/Normal Part1/Normal (8).E2E/2- 26- 2017 9- 15- 01 AM/Image 3.png,./Macular-Dataset-R.Rasti_old/Normal Part1/Normal (8).E2E/2- 26- 2017 9- 15- 01 AM/Image 3.TIFF
../Images/Images_Automatic/Normal Part1/Normal (8).E2E/2- 26- 2017 9- 15- 01 AM/Image 4.png,./Macular-Dataset-R.Rasti_old/Normal Part1/Normal (8).E2E/2- 26- 2017 9- 15- 01 AM/Image 4.TIFF
../Images/Images_Automatic/Normal Part1/Normal (8).E2E/2- 26- 2017 9- 15- 01 AM/Image 5.png,./Macular-Dataset-R.Rasti_old/Normal Part1/Normal (8).E2E/2- 26- 2017 9- 15- 01 AM/Image 5.TIFF
../Images/Images_Automatic/Normal Part1/Normal (8).E2E/2- 26- 2017 9- 15- 01 AM/Image 6.png,./Macular-Dataset-R.Rasti_old/Normal Part1/Normal (8).E2E/2- 26- 2017 9- 15- 01 AM/Image 6.TIFF
../Images/Images_Automatic/Normal Part1/Normal (8).E2E/2- 26- 2017 9- 15- 01 AM/Image 7.png,./Macular-Dataset-R.Rasti_old/Normal Part1/Normal (8).E2E/2- 26- 2017 9- 15- 01 AM/Image 7.TIFF
../Images/Images_Automatic/Normal Part1/Normal (8).E2E/2- 26- 2017 9- 15- 01 AM/Image 8.png,./Macular-Dataset-R.Rasti_old/Normal Part1/Normal (8).E2E/2- 26- 2017 9- 15- 01 AM/Image 8.TIFF
../Images/Images_Automatic/Normal Part1/Normal (8).E2E/2- 26- 2017 9- 15- 01 AM/Image 9.png,./Macular-Dataset-R.Rasti_old/Normal Part1/Normal (8).E2E/2- 26- 2017 9- 15- 01 AM/Image 9.TIFF
../Images/Images_Automatic/Normal Part1/Normal (8).E2E/2- 26- 2017 9- 15- 01 AM/Image 10.png,./Macular-Dataset-R.Rasti_old/Normal Part1/Normal (8).E2E/2- 26- 2017 9- 15- 01 AM/Image 10.TIFF
../Images/Images_Automatic/Normal Part1/Normal (8).E2E/2- 26- 2017 9- 15- 01 AM/Image 11.png,./Macular-Dataset-R.Rasti_old/Normal Part1/Normal (8).E2E/2- 26- 2017 9- 15- 01 AM/Image 11.TIFF
../Images/Images_Automatic/Normal Part1/Normal (8).E2E/2- 26- 2017 9- 15- 01 AM/Image 12.png,./Macular-Dataset-R.Rasti_old/Normal Part1/Normal (8).E2E/2- 26- 2017 9- 15- 01 AM/Image 12.TIFF
../Images/Images_Automatic/Normal Part1/Normal (8).E2E/2- 26- 2017 9- 15- 01 AM/Image 13.png,./Macular-Dataset-R.Rasti_old/Normal Part1/Normal (8).E2E/2- 26- 2017 9- 15- 01 AM/Image 13.TIFF
../Images/Images_Automatic/Normal Part1/Normal (8).E2E/2- 26- 2017 9- 15- 01 AM/Image 14.png,./Macular-Dataset-R.Rasti_old/Normal Part1/Normal (8).E2E/2- 26- 2017 9- 15- 01 AM/Image 14.TIFF
../Images/Images_Automatic/Normal Part1/Normal (8).E2E/2- 26- 2017 9- 15- 01 AM/Image 15.png,./Macular-Dataset-R.Rasti_old/Normal Part1/Normal (8).E2E/2- 26- 2017 9- 15- 01 AM/Image 15.TIFF
../Images/Images_Automatic/Normal Part1/Normal (8).E2E/2- 26- 2017 9- 15- 01 AM/Image 16.png,./Macular-Dataset-R.Rasti_old/Normal Part1/Normal (8).E2E/2- 26- 2017 9- 15- 01 AM/Image 16.TIFF
../Images/Images_Automatic/Normal Part1/Normal (8).E2E/2- 26- 2017 9- 15- 01 AM/Image 17.png,./Macular-Dataset-R.Rasti_old/Normal Part1/Normal (8).E2E/2- 26- 2017 9- 15- 01 AM/Image 17.TIFF
../Images/Images_Automatic/Normal Part1/Normal (8).E2E/2- 26- 2017 9- 15- 01 AM/Image 18.png,./Macular-Dataset-R.Rasti_old/Normal Part1/Normal (8).E2E/2- 26- 2017 9- 15- 01 AM/Image 18.TIFF
../Images/Images_Automatic/Normal Part1/Normal (8).E2E/2- 26- 2017 9- 15- 01 AM/Image 19.png,./Macular-Dataset-R.Rasti_old/Normal Part1/Normal (8).E2E/2- 26- 2017 9- 15- 01 AM/Image 19.TIFF
../Images/Images_Automatic/Normal Part1/Normal (8).E2E/2- 26- 2017 9- 15- 01 AM/Image 20.png,./Macular-Dataset-R.Rasti_old/Normal Part1/Normal (8).E2E/2- 26- 2017 9- 15- 01 AM/Image 20.TIFF
../Images/Images_Automatic/Normal Part1/Normal (8).E2E/2- 26- 2017 9- 15- 01 AM/Image 21.png,./Macular-Dataset-R.Rasti_old/Normal Part1/Normal (8).E2E/2- 26- 2017 9- 15- 01 AM/Image 21.TIFF
../Images/Images_Automatic/Normal Part1/Normal (8).E2E/2- 26- 2017 9- 15- 01 AM/Image 22.png,./Macular-Dataset-R.Rasti_old/Normal Part1/Normal (8).E2E/2- 26- 2017 9- 15- 01 AM/Image 22.TIFF
../Images/Images_Automatic/Normal Part1/Normal (8).E2E/2- 26- 2017 9- 15- 01 AM/Image 23.png,./Macular-Dataset-R.Rasti_old/Normal Part1/Normal (8).E2E/2- 26- 2017 9- 15- 01 AM/Image 23.TIFF
../Images/Images_Automatic/Normal Part1/Normal (8).E2E/2- 26- 2017 9- 15- 01 AM/Image 24.png,./Macular-Dataset-R.Rasti_old/Normal Part1/Normal (8).E2E/2- 26- 2017 9- 15- 01 AM/Image 24.TIFF
../Images/Images_Automatic/Normal Part1/Normal (8).E2E/2- 26- 2017 9- 15- 01 AM/Image 25.png,./Macular-Dataset-R.Rasti_old/Normal Part1/Normal (8).E2E/2- 26- 2017 9- 15- 01 AM/Image 25.TIFF
../Images/Images_Automatic/Normal Part1/Normal (8).E2E/2- 26- 2017 9- 15- 01 AM/Image 26.png,./Macular-Dataset-R.Rasti_old/Normal Part1/Normal (8).E2E/2- 26- 2017 9- 15- 01 AM/Image 26.TIFF
../Images/Images_Automatic/Normal Part1/Normal (8).E2E/2- 26- 2017 9- 15- 01 AM/Image 27.png,./Macular-Dataset-R.Rasti_old/Normal Part1/Normal (8).E2E/2- 26- 2017 9- 15- 01 AM/Image 27.TIFF
../Images/Images_Automatic/Normal Part1/Normal (8).E2E/2- 26- 2017 9- 15- 01 AM/Image 28.png,./Macular-Dataset-R.Rasti_old/Normal Part1/Normal (8).E2E/2- 26- 2017 9- 15- 01 AM/Image 28.TIFF
../Images/Images_Automatic/Normal Part1/Normal (8).E2E/2- 26- 2017 9- 15- 01 AM/Image 29.png,./Macular-Dataset-R.Rasti_old/Normal Part1/Normal (8).E2E/2- 26- 2017 9- 15- 01 AM/Image 29.TIFF
../Images/Images_Automatic/Normal Part1/Normal (8).E2E/2- 26- 2017 9- 15- 01 AM/Image 30.png,./Macular-Dataset-R.Rasti_old/Normal Part1/Normal (8).E2E/2- 26- 2017 9- 15- 01 AM/Image 30.TIFF
../Images/Images_Automatic/Normal Part1/Normal (8).E2E/2- 26- 2017 9- 15- 01 AM/Image 31.png,./Macular-Dataset-R.Rasti_old/Normal Part1/Normal (8).E2E/2- 26- 2017 9- 15- 01 AM/Image 31.TIFF
../Images/Images_Automatic/Normal Part1/Normal (11).E2E/2- 26- 2017 9- 20- 14 AM/Image 1.png,./Macular-Dataset-R.Rasti_old/Normal Part1/Normal (11).E2E/2- 26- 2017 9- 20- 14 AM/Image 1.TIFF
../Images/Images_Automatic/Normal Part1/Normal (11).E2E/2- 26- 2017 9- 20- 14 AM/Image 2.png,./Macular-Dataset-R.Rasti_old/Normal Part1/Normal (11).E2E/2- 26- 2017 9- 20- 14 AM/Image 2.TIFF
../Images/Images_Automatic/Normal Part1/Normal (11).E2E/2- 26- 2017 9- 20- 14 AM/Image 3.png,./Macular-Dataset-R.Rasti_old/Normal Part1/Normal (11).E2E/2- 26- 2017 9- 20- 14 AM/Image 3.TIFF
../Images/Images_Automatic/Normal Part1/Normal (11).E2E/2- 26- 2017 9- 20- 14 AM/Image 4.png,./Macular-Dataset-R.Rasti_old/Normal Part1/Normal (11).E2E/2- 26- 2017 9- 20- 14 AM/Image 4.TIFF
../Images/Images_Automatic/Normal Part1/Normal (11).E2E/2- 26- 2017 9- 20- 14 AM/Image 5.png,./Macular-Dataset-R.Rasti_old/Normal Part1/Normal (11).E2E/2- 26- 2017 9- 20- 14 AM/Image 5.TIFF
../Images/Images_Automatic/Normal Part1/Normal (11).E2E/2- 26- 2017 9- 20- 14 AM/Image 6.png,./Macular-Dataset-R.Rasti_old/Normal Part1/Normal (11).E2E/2- 26- 2017 9- 20- 14 AM/Image 6.TIFF
../Images/Images_Automatic/Normal Part1/Normal (11).E2E/2- 26- 2017 9- 20- 14 AM/Image 7.png,./Macular-Dataset-R.Rasti_old/Normal Part1/Normal (11).E2E/2- 26- 2017 9- 20- 14 AM/Image 7.TIFF
../Images/Images_Automatic/Normal Part1/Normal (11).E2E/2- 26- 2017 9- 20- 14 AM/Image 8.png,./Macular-Dataset-R.Rasti_old/Normal Part1/Normal (11).E2E/2- 26- 2017 9- 20- 14 AM/Image 8.TIFF
../Images/Images_Automatic/Normal Part1/Normal (11).E2E/2- 26- 2017 9- 20- 14 AM/Image 9.png,./Macular-Dataset-R.Rasti_old/Normal Part1/Normal (11).E2E/2- 26- 2017 9- 20- 14 AM/Image 9.TIFF
../Images/Images_Automatic/Normal Part1/Normal (11).E2E/2- 26- 2017 9- 20- 14 AM/Image 10.png,./Macular-Dataset-R.Rasti_old/Normal Part1/Normal (11).E2E/2- 26- 2017 9- 20- 14 AM/Image 10.TIFF
../Images/Images_Automatic/Normal Part1/Normal (11).E2E/2- 26- 2017 9- 20- 14 AM/Image 11.png,./Macular-Dataset-R.Rasti_old/Normal Part1/Normal (11).E2E/2- 26- 2017 9- 20- 14 AM/Image 11.TIFF
../Images/Images_Automatic/Normal Part1/Normal (11).E2E/2- 26- 2017 9- 20- 14 AM/Image 12.png,./Macular-Dataset-R.Rasti_old/Normal Part1/Normal (11).E2E/2- 26- 2017 9- 20- 14 AM/Image 12.TIFF
../Images/Images_Automatic/Normal Part1/Normal (11).E2E/2- 26- 2017 9- 20- 14 AM/Image 13.png,./Macular-Dataset-R.Rasti_old/Normal Part1/Normal (11).E2E/2- 26- 2017 9- 20- 14 AM/Image 13.TIFF
../Images/Images_Automatic/Normal Part1/Normal (11).E2E/2- 26- 2017 9- 20- 14 AM/Image 14.png,./Macular-Dataset-R.Rasti_old/Normal Part1/Normal (11).E2E/2- 26- 2017 9- 20- 14 AM/Image 14.TIFF
../Images/Images_Automatic/Normal Part1/Normal (11).E2E/2- 26- 2017 9- 20- 14 AM/Image 15.png,./Macular-Dataset-R.Rasti_old/Normal Part1/Normal (11).E2E/2- 26- 2017 9- 20- 14 AM/Image 15.TIFF
../Images/Images_Automatic/Normal Part1/Normal (11).E2E/2- 26- 2017 9- 20- 14 AM/Image 16.png,./Macular-Dataset-R.Rasti_old/Normal Part1/Normal (11).E2E/2- 26- 2017 9- 20- 14 AM/Image 16.TIFF
../Images/Images_Automatic/Normal Part1/Normal (11).E2E/2- 26- 2017 9- 20- 14 AM/Image 17.png,./Macular-Dataset-R.Rasti_old/Normal Part1/Normal (11).E2E/2- 26- 2017 9- 20- 14 AM/Image 17.TIFF
../Images/Images_Automatic/Normal Part1/Normal (11).E2E/2- 26- 2017 9- 20- 14 AM/Image 18.png,./Macular-Dataset-R.Rasti_old/Normal Part1/Normal (11).E2E/2- 26- 2017 9- 20- 14 AM/Image 18.TIFF
../Images/Images_Automatic/Normal Part1/Normal (11).E2E/2- 26- 2017 9- 20- 14 AM/Image 19.png,./Macular-Dataset-R.Rasti_old/Normal Part1/Normal (11).E2E/2- 26- 2017 9- 20- 14 AM/Image 19.TIFF
../Images/Images_Automatic/Normal Part1/Normal (11).E2E/2- 26- 2017 9- 20- 14 AM/Image 20.png,./Macular-Dataset-R.Rasti_old/Normal Part1/Normal (11).E2E/2- 26- 2017 9- 20- 14 AM/Image 20.TIFF
../Images/Images_Automatic/Normal Part1/Normal (11).E2E/2- 26- 2017 9- 20- 14 AM/Image 21.png,./Macular-Dataset-R.Rasti_old/Normal Part1/Normal (11).E2E/2- 26- 2017 9- 20- 14 AM/Image 21.TIFF
../Images/Images_Automatic/Normal Part1/Normal (11).E2E/2- 26- 2017 9- 20- 14 AM/Image 22.png,./Macular-Dataset-R.Rasti_old/Normal Part1/Normal (11).E2E/2- 26- 2017 9- 20- 14 AM/Image 22.TIFF
../Images/Images_Automatic/Normal Part1/Normal (11).E2E/2- 26- 2017 9- 20- 14 AM/Image 23.png,./Macular-Dataset-R.Rasti_old/Normal Part1/Normal (11).E2E/2- 26- 2017 9- 20- 14 AM/Image 23.TIFF
../Images/Images_Automatic/Normal Part1/Normal (11).E2E/2- 26- 2017 9- 20- 14 AM/Image 24.png,./Macular-Dataset-R.Rasti_old/Normal Part1/Normal (11).E2E/2- 26- 2017 9- 20- 14 AM/Image 24.TIFF
../Images/Images_Automatic/Normal Part1/Normal (11).E2E/2- 26- 2017 9- 20- 14 AM/Image 25.png,./Macular-Dataset-R.Rasti_old/Normal Part1/Normal (11).E2E/2- 26- 2017 9- 20- 14 AM/Image 25.TIFF
../Images/Images_Automatic/Normal Part1/Normal (11).E2E/2- 26- 2017 9- 20- 14 AM/Image 26.png,./Macular-Dataset-R.Rasti_old/Normal Part1/Normal (11).E2E/2- 26- 2017 9- 20- 14 AM/Image 26.TIFF
../Images/Images_Automatic/Normal Part1/Normal (11).E2E/2- 26- 2017 9- 20- 14 AM/Image 27.png,./Macular-Dataset-R.Rasti_old/Normal Part1/Normal (11).E2E/2- 26- 2017 9- 20- 14 AM/Image 27.TIFF
../Images/Images_Automatic/Normal Part1/Normal (11).E2E/2- 26- 2017 9- 20- 14 AM/Image 28.png,./Macular-Dataset-R.Rasti_old/Normal Part1/Normal (11).E2E/2- 26- 2017 9- 20- 14 AM/Image 28.TIFF
../Images/Images_Automatic/Normal Part1/Normal (11).E2E/2- 26- 2017 9- 20- 14 AM/Image 29.png,./Macular-Dataset-R.Rasti_old/Normal Part1/Normal (11).E2E/2- 26- 2017 9- 20- 14 AM/Image 29.TIFF
../Images/Images_Automatic/Normal Part1/Normal (11).E2E/2- 26- 2017 9- 20- 14 AM/Image 30.png,./Macular-Dataset-R.Rasti_old/Normal Part1/Normal (11).E2E/2- 26- 2017 9- 20- 14 AM/Image 30.TIFF
../Images/Images_Automatic/Normal Part1/Normal (11).E2E/2- 26- 2017 9- 20- 14 AM/Image 31.png,./Macular-Dataset-R.Rasti_old/Normal Part1/Normal (11).E2E/2- 26- 2017 9- 20- 14 AM/Image 31.TIFF
../Images/Images_Automatic/Normal Part1/Normal (11).E2E/2- 26- 2017 9- 20- 14 AM/Image 32.png,./Macular-Dataset-R.Rasti_old/Normal Part1/Normal (11).E2E/2- 26- 2017 9- 20- 14 AM/Image 32.TIFF
../Images/Images_Automatic/Normal Part1/Normal (11).E2E/2- 26- 2017 9- 20- 14 AM/Image 33.png,./Macular-Dataset-R.Rasti_old/Normal Part1/Normal (11).E2E/2- 26- 2017 9- 20- 14 AM/Image 33.TIFF
../Images/Images_Automatic/Normal Part1/Normal (11).E2E/2- 26- 2017 9- 20- 14 AM/Image 34.png,./Macular-Dataset-R.Rasti_old/Normal Part1/Normal (11).E2E/2- 26- 2017 9- 20- 14 AM/Image 34.TIFF
../Images/Images_Automatic/Normal Part1/Normal (11).E2E/2- 26- 2017 9- 20- 14 AM/Image 35.png,./Macular-Dataset-R.Rasti_old/Normal Part1/Normal (11).E2E/2- 26- 2017 9- 20- 14 AM/Image 35.TIFF
../Images/Images_Automatic/Normal Part1/Normal (11).E2E/2- 26- 2017 9- 20- 14 AM/Image 36.png,./Macular-Dataset-R.Rasti_old/Normal Part1/Normal (11).E2E/2- 26- 2017 9- 20- 14 AM/Image 36.TIFF
../Images/Images_Automatic/Normal Part1/Normal (11).E2E/2- 26- 2017 9- 20- 14 AM/Image 37.png,./Macular-Dataset-R.Rasti_old/Normal Part1/Normal (11).E2E/2- 26- 2017 9- 20- 14 AM/Image 37.TIFF
../Images/Images_Automatic/Normal Part1/Normal (11).E2E/2- 26- 2017 9- 20- 14 AM/Image 38.png,./Macular-Dataset-R.Rasti_old/Normal Part1/Normal (11).E2E/2- 26- 2017 9- 20- 14 AM/Image 38.TIFF
../Images/Images_Automatic/Normal Part1/Normal (11).E2E/2- 26- 2017 9- 20- 14 AM/Image 39.png,./Macular-Dataset-R.Rasti_old/Normal Part1/Normal (11).E2E/2- 26- 2017 9- 20- 14 AM/Image 39.TIFF
../Images/Images_Automatic/Normal Part1/Normal (11).E2E/2- 26- 2017 9- 20- 14 AM/Image 40.png,./Macular-Dataset-R.Rasti_old/Normal Part1/Normal (11).E2E/2- 26- 2017 9- 20- 14 AM/Image 40.TIFF
../Images/Images_Automatic/Normal Part1/Normal (11).E2E/2- 26- 2017 9- 20- 14 AM/Image 41.png,./Macular-Dataset-R.Rasti_old/Normal Part1/Normal (11).E2E/2- 26- 2017 9- 20- 14 AM/Image 41.TIFF
../Images/Images_Automatic/Normal Part1/Normal (11).E2E/2- 26- 2017 9- 20- 14 AM/Image 42.png,./Macular-Dataset-R.Rasti_old/Normal Part1/Normal (11).E2E/2- 26- 2017 9- 20- 14 AM/Image 42.TIFF
../Images/Images_Automatic/Normal Part1/Normal (11).E2E/2- 26- 2017 9- 20- 14 AM/Image 43.png,./Macular-Dataset-R.Rasti_old/Normal Part1/Normal (11).E2E/2- 26- 2017 9- 20- 14 AM/Image 43.TIFF
../Images/Images_Automatic/Normal Part1/Normal (11).E2E/2- 26- 2017 9- 20- 14 AM/Image 44.png,./Macular-Dataset-R.Rasti_old/Normal Part1/Normal (11).E2E/2- 26- 2017 9- 20- 14 AM/Image 44.TIFF
../Images/Images_Automatic/Normal Part1/Normal (11).E2E/2- 26- 2017 9- 20- 14 AM/Image 45.png,./Macular-Dataset-R.Rasti_old/Normal Part1/Normal (11).E2E/2- 26- 2017 9- 20- 14 AM/Image 45.TIFF
../Images/Images_Automatic/Normal Part1/Normal (11).E2E/2- 26- 2017 9- 20- 14 AM/Image 46.png,./Macular-Dataset-R.Rasti_old/Normal Part1/Normal (11).E2E/2- 26- 2017 9- 20- 14 AM/Image 46.TIFF
../Images/Images_Automatic/Normal Part1/Normal (11).E2E/2- 26- 2017 9- 20- 14 AM/Image 47.png,./Macular-Dataset-R.Rasti_old/Normal Part1/Normal (11).E2E/2- 26- 2017 9- 20- 14 AM/Image 47.TIFF
../Images/Images_Automatic/Normal Part1/Normal (11).E2E/2- 26- 2017 9- 20- 14 AM/Image 48.png,./Macular-Dataset-R.Rasti_old/Normal Part1/Normal (11).E2E/2- 26- 2017 9- 20- 14 AM/Image 48.TIFF
../Images/Images_Automatic/Normal Part1/Normal (11).E2E/2- 26- 2017 9- 20- 14 AM/Image 49.png,./Macular-Dataset-R.Rasti_old/Normal Part1/Normal (11).E2E/2- 26- 2017 9- 20- 14 AM/Image 49.TIFF
../Images/Images_Automatic/Normal Part1/Normal (11).E2E/2- 26- 2017 9- 20- 14 AM/Image 50.png,./Macular-Dataset-R.Rasti_old/Normal Part1/Normal (11).E2E/2- 26- 2017 9- 20- 14 AM/Image 50.TIFF
../Images/Images_Automatic/Normal Part1/Normal (11).E2E/2- 26- 2017 9- 20- 14 AM/Image 51.png,./Macular-Dataset-R.Rasti_old/Normal Part1/Normal (11).E2E/2- 26- 2017 9- 20- 14 AM/Image 51.TIFF
../Images/Images_Automatic/Normal Part1/Normal (11).E2E/2- 26- 2017 9- 20- 14 AM/Image 52.png,./Macular-Dataset-R.Rasti_old/Normal Part1/Normal (11).E2E/2- 26- 2017 9- 20- 14 AM/Image 52.TIFF
../Images/Images_Automatic/Normal Part1/Normal (11).E2E/2- 26- 2017 9- 20- 14 AM/Image 53.png,./Macular-Dataset-R.Rasti_old/Normal Part1/Normal (11).E2E/2- 26- 2017 9- 20- 14 AM/Image 53.TIFF
../Images/Images_Automatic/Normal Part1/Normal (11).E2E/2- 26- 2017 9- 20- 14 AM/Image 54.png,./Macular-Dataset-R.Rasti_old/Normal Part1/Normal (11).E2E/2- 26- 2017 9- 20- 14 AM/Image 54.TIFF
../Images/Images_Automatic/Normal Part1/Normal (11).E2E/2- 26- 2017 9- 20- 14 AM/Image 55.png,./Macular-Dataset-R.Rasti_old/Normal Part1/Normal (11).E2E/2- 26- 2017 9- 20- 14 AM/Image 55.TIFF
../Images/Images_Automatic/Normal Part1/Normal (11).E2E/2- 26- 2017 9- 20- 14 AM/Image 56.png,./Macular-Dataset-R.Rasti_old/Normal Part1/Normal (11).E2E/2- 26- 2017 9- 20- 14 AM/Image 56.TIFF
../Images/Images_Automatic/Normal Part1/Normal (11).E2E/2- 26- 2017 9- 20- 14 AM/Image 57.png,./Macular-Dataset-R.Rasti_old/Normal Part1/Normal (11).E2E/2- 26- 2017 9- 20- 14 AM/Image 57.TIFF
../Images/Images_Automatic/Normal Part1/Normal (11).E2E/2- 26- 2017 9- 20- 14 AM/Image 58.png,./Macular-Dataset-R.Rasti_old/Normal Part1/Normal (11).E2E/2- 26- 2017 9- 20- 14 AM/Image 58.TIFF
../Images/Images_Automatic/Normal Part1/Normal (11).E2E/2- 26- 2017 9- 20- 14 AM/Image 59.png,./Macular-Dataset-R.Rasti_old/Normal Part1/Normal (11).E2E/2- 26- 2017 9- 20- 14 AM/Image 59.TIFF
../Images/Images_Automatic/Normal Part1/Normal (11).E2E/2- 26- 2017 9- 20- 14 AM/Image 60.png,./Macular-Dataset-R.Rasti_old/Normal Part1/Normal (11).E2E/2- 26- 2017 9- 20- 14 AM/Image 60.TIFF
../Images/Images_Automatic/Normal Part1/Normal (11).E2E/2- 26- 2017 9- 20- 14 AM/Image 61.png,./Macular-Dataset-R.Rasti_old/Normal Part1/Normal (11).E2E/2- 26- 2017 9- 20- 14 AM/Image 61.TIFF
../Images/Images_Automatic/Normal Part1/Normal (16).E2E/2- 26- 2017 9- 29- 04 AM/Image 2.png,./Macular-Dataset-R.Rasti_old/Normal Part1/Normal (16).E2E/2- 26- 2017 9- 29- 04 AM/Image 2.TIFF
../Images/Images_Automatic/Normal Part1/Normal (16).E2E/2- 26- 2017 9- 29- 04 AM/Image 3.png,./Macular-Dataset-R.Rasti_old/Normal Part1/Normal (16).E2E/2- 26- 2017 9- 29- 04 AM/Image 3.TIFF
../Images/Images_Automatic/Normal Part1/Normal (16).E2E/2- 26- 2017 9- 29- 04 AM/Image 4.png,./Macular-Dataset-R.Rasti_old/Normal Part1/Normal (16).E2E/2- 26- 2017 9- 29- 04 AM/Image 4.TIFF
../Images/Images_Automatic/Normal Part1/Normal (16).E2E/2- 26- 2017 9- 29- 04 AM/Image 5.png,./Macular-Dataset-R.Rasti_old/Normal Part1/Normal (16).E2E/2- 26- 2017 9- 29- 04 AM/Image 5.TIFF
../Images/Images_Automatic/Normal Part1/Normal (16).E2E/2- 26- 2017 9- 29- 04 AM/Image 6.png,./Macular-Dataset-R.Rasti_old/Normal Part1/Normal (16).E2E/2- 26- 2017 9- 29- 04 AM/Image 6.TIFF
../Images/Images_Automatic/Normal Part1/Normal (16).E2E/2- 26- 2017 9- 29- 04 AM/Image 7.png,./Macular-Dataset-R.Rasti_old/Normal Part1/Normal (16).E2E/2- 26- 2017 9- 29- 04 AM/Image 7.TIFF
../Images/Images_Automatic/Normal Part1/Normal (16).E2E/2- 26- 2017 9- 29- 04 AM/Image 8.png,./Macular-Dataset-R.Rasti_old/Normal Part1/Normal (16).E2E/2- 26- 2017 9- 29- 04 AM/Image 8.TIFF
../Images/Images_Automatic/Normal Part1/Normal (16).E2E/2- 26- 2017 9- 29- 04 AM/Image 9.png,./Macular-Dataset-R.Rasti_old/Normal Part1/Normal (16).E2E/2- 26- 2017 9- 29- 04 AM/Image 9.TIFF
../Images/Images_Automatic/Normal Part1/Normal (16).E2E/2- 26- 2017 9- 29- 04 AM/Image 10.png,./Macular-Dataset-R.Rasti_old/Normal Part1/Normal (16).E2E/2- 26- 2017 9- 29- 04 AM/Image 10.TIFF
../Images/Images_Automatic/Normal Part1/Normal (16).E2E/2- 26- 2017 9- 29- 04 AM/Image 11.png,./Macular-Dataset-R.Rasti_old/Normal Part1/Normal (16).E2E/2- 26- 2017 9- 29- 04 AM/Image 11.TIFF
../Images/Images_Automatic/Normal Part1/Normal (16).E2E/2- 26- 2017 9- 29- 04 AM/Image 12.png,./Macular-Dataset-R.Rasti_old/Normal Part1/Normal (16).E2E/2- 26- 2017 9- 29- 04 AM/Image 12.TIFF
../Images/Images_Automatic/Normal Part1/Normal (16).E2E/2- 26- 2017 9- 29- 04 AM/Image 13.png,./Macular-Dataset-R.Rasti_old/Normal Part1/Normal (16).E2E/2- 26- 2017 9- 29- 04 AM/Image 13.TIFF
../Images/Images_Automatic/Normal Part1/Normal (16).E2E/2- 26- 2017 9- 29- 04 AM/Image 14.png,./Macular-Dataset-R.Rasti_old/Normal Part1/Normal (16).E2E/2- 26- 2017 9- 29- 04 AM/Image 14.TIFF
../Images/Images_Automatic/Normal Part1/Normal (16).E2E/2- 26- 2017 9- 29- 04 AM/Image 15.png,./Macular-Dataset-R.Rasti_old/Normal Part1/Normal (16).E2E/2- 26- 2017 9- 29- 04 AM/Image 15.TIFF
../Images/Images_Automatic/Normal Part1/Normal (16).E2E/2- 26- 2017 9- 29- 04 AM/Image 16.png,./Macular-Dataset-R.Rasti_old/Normal Part1/Normal (16).E2E/2- 26- 2017 9- 29- 04 AM/Image 16.TIFF
../Images/Images_Automatic/Normal Part1/Normal (16).E2E/2- 26- 2017 9- 29- 04 AM/Image 17.png,./Macular-Dataset-R.Rasti_old/Normal Part1/Normal (16).E2E/2- 26- 2017 9- 29- 04 AM/Image 17.TIFF
../Images/Images_Automatic/Normal Part1/Normal (16).E2E/2- 26- 2017 9- 29- 04 AM/Image 18.png,./Macular-Dataset-R.Rasti_old/Normal Part1/Normal (16).E2E/2- 26- 2017 9- 29- 04 AM/Image 18.TIFF
../Images/Images_Automatic/Normal Part1/Normal (16).E2E/2- 26- 2017 9- 29- 04 AM/Image 19.png,./Macular-Dataset-R.Rasti_old/Normal Part1/Normal (16).E2E/2- 26- 2017 9- 29- 04 AM/Image 19.TIFF
../Images/Images_Automatic/Normal Part1/Normal (16).E2E/2- 26- 2017 9- 29- 04 AM/Image 20.png,./Macular-Dataset-R.Rasti_old/Normal Part1/Normal (16).E2E/2- 26- 2017 9- 29- 04 AM/Image 20.TIFF
../Images/Images_Automatic/Normal Part1/Normal (16).E2E/2- 26- 2017 9- 29- 04 AM/Image 21.png,./Macular-Dataset-R.Rasti_old/Normal Part1/Normal (16).E2E/2- 26- 2017 9- 29- 04 AM/Image 21.TIFF
../Images/Images_Automatic/Normal Part1/Normal (16).E2E/2- 26- 2017 9- 29- 04 AM/Image 22.png,./Macular-Dataset-R.Rasti_old/Normal Part1/Normal (16).E2E/2- 26- 2017 9- 29- 04 AM/Image 22.TIFF
../Images/Images_Automatic/Normal Part1/Normal (16).E2E/2- 26- 2017 9- 29- 04 AM/Image 23.png,./Macular-Dataset-R.Rasti_old/Normal Part1/Normal (16).E2E/2- 26- 2017 9- 29- 04 AM/Image 23.TIFF
../Images/Images_Automatic/Normal Part1/Normal (16).E2E/2- 26- 2017 9- 29- 04 AM/Image 24.png,./Macular-Dataset-R.Rasti_old/Normal Part1/Normal (16).E2E/2- 26- 2017 9- 29- 04 AM/Image 24.TIFF
../Images/Images_Automatic/Normal Part1/Normal (16).E2E/2- 26- 2017 9- 29- 04 AM/Image 25.png,./Macular-Dataset-R.Rasti_old/Normal Part1/Normal (16).E2E/2- 26- 2017 9- 29- 04 AM/Image 25.TIFF
../Images/Images_Automatic/Normal Part1/Normal (16).E2E/2- 26- 2017 9- 29- 04 AM/Image 26.png,./Macular-Dataset-R.Rasti_old/Normal Part1/Normal (16).E2E/2- 26- 2017 9- 29- 04 AM/Image 26.TIFF
../Images/Images_Automatic/Normal Part1/Normal (16).E2E/2- 26- 2017 9- 29- 04 AM/Image 27.png,./Macular-Dataset-R.Rasti_old/Normal Part1/Normal (16).E2E/2- 26- 2017 9- 29- 04 AM/Image 27.TIFF
../Images/Images_Automatic/Normal Part1/Normal (16).E2E/2- 26- 2017 9- 29- 04 AM/Image 28.png,./Macular-Dataset-R.Rasti_old/Normal Part1/Normal (16).E2E/2- 26- 2017 9- 29- 04 AM/Image 28.TIFF
../Images/Images_Automatic/Normal Part1/Normal (16).E2E/2- 26- 2017 9- 29- 04 AM/Image 29.png,./Macular-Dataset-R.Rasti_old/Normal Part1/Normal (16).E2E/2- 26- 2017 9- 29- 04 AM/Image 29.TIFF
../Images/Images_Automatic/Normal Part1/Normal (16).E2E/2- 26- 2017 9- 29- 04 AM/Image 30.png,./Macular-Dataset-R.Rasti_old/Normal Part1/Normal (16).E2E/2- 26- 2017 9- 29- 04 AM/Image 30.TIFF
../Images/Images_Automatic/Normal Part1/Normal (16).E2E/2- 26- 2017 9- 29- 04 AM/Image 31.png,./Macular-Dataset-R.Rasti_old/Normal Part1/Normal (16).E2E/2- 26- 2017 9- 29- 04 AM/Image 31.TIFF
../Images/Images_Automatic/Normal Part1/Normal (17).E2E/2- 26- 2017 9- 30- 46 AM/Image 2.png,./Macular-Dataset-R.Rasti_old/Normal Part1/Normal (17).E2E/2- 26- 2017 9- 30- 46 AM/Image 2.TIFF
../Images/Images_Automatic/Normal Part1/Normal (17).E2E/2- 26- 2017 9- 30- 46 AM/Image 3.png,./Macular-Dataset-R.Rasti_old/Normal Part1/Normal (17).E2E/2- 26- 2017 9- 30- 46 AM/Image 3.TIFF
../Images/Images_Automatic/Normal Part1/Normal (17).E2E/2- 26- 2017 9- 30- 46 AM/Image 4.png,./Macular-Dataset-R.Rasti_old/Normal Part1/Normal (17).E2E/2- 26- 2017 9- 30- 46 AM/Image 4.TIFF
../Images/Images_Automatic/Normal Part1/Normal (17).E2E/2- 26- 2017 9- 30- 46 AM/Image 5.png,./Macular-Dataset-R.Rasti_old/Normal Part1/Normal (17).E2E/2- 26- 2017 9- 30- 46 AM/Image 5.TIFF
../Images/Images_Automatic/Normal Part1/Normal (17).E2E/2- 26- 2017 9- 30- 46 AM/Image 6.png,./Macular-Dataset-R.Rasti_old/Normal Part1/Normal (17).E2E/2- 26- 2017 9- 30- 46 AM/Image 6.TIFF
../Images/Images_Automatic/Normal Part1/Normal (17).E2E/2- 26- 2017 9- 30- 46 AM/Image 7.png,./Macular-Dataset-R.Rasti_old/Normal Part1/Normal (17).E2E/2- 26- 2017 9- 30- 46 AM/Image 7.TIFF
../Images/Images_Automatic/Normal Part1/Normal (17).E2E/2- 26- 2017 9- 30- 46 AM/Image 8.png,./Macular-Dataset-R.Rasti_old/Normal Part1/Normal (17).E2E/2- 26- 2017 9- 30- 46 AM/Image 8.TIFF
../Images/Images_Automatic/Normal Part1/Normal (17).E2E/2- 26- 2017 9- 30- 46 AM/Image 9.png,./Macular-Dataset-R.Rasti_old/Normal Part1/Normal (17).E2E/2- 26- 2017 9- 30- 46 AM/Image 9.TIFF
../Images/Images_Automatic/Normal Part1/Normal (17).E2E/2- 26- 2017 9- 30- 46 AM/Image 10.png,./Macular-Dataset-R.Rasti_old/Normal Part1/Normal (17).E2E/2- 26- 2017 9- 30- 46 AM/Image 10.TIFF
../Images/Images_Automatic/Normal Part1/Normal (17).E2E/2- 26- 2017 9- 30- 46 AM/Image 11.png,./Macular-Dataset-R.Rasti_old/Normal Part1/Normal (17).E2E/2- 26- 2017 9- 30- 46 AM/Image 11.TIFF
../Images/Images_Automatic/Normal Part1/Normal (17).E2E/2- 26- 2017 9- 30- 46 AM/Image 12.png,./Macular-Dataset-R.Rasti_old/Normal Part1/Normal (17).E2E/2- 26- 2017 9- 30- 46 AM/Image 12.TIFF
../Images/Images_Automatic/Normal Part1/Normal (17).E2E/2- 26- 2017 9- 30- 46 AM/Image 13.png,./Macular-Dataset-R.Rasti_old/Normal Part1/Normal (17).E2E/2- 26- 2017 9- 30- 46 AM/Image 13.TIFF
../Images/Images_Automatic/Normal Part1/Normal (17).E2E/2- 26- 2017 9- 30- 46 AM/Image 14.png,./Macular-Dataset-R.Rasti_old/Normal Part1/Normal (17).E2E/2- 26- 2017 9- 30- 46 AM/Image 14.TIFF
../Images/Images_Automatic/Normal Part1/Normal (17).E2E/2- 26- 2017 9- 30- 46 AM/Image 15.png,./Macular-Dataset-R.Rasti_old/Normal Part1/Normal (17).E2E/2- 26- 2017 9- 30- 46 AM/Image 15.TIFF
../Images/Images_Automatic/Normal Part1/Normal (17).E2E/2- 26- 2017 9- 30- 46 AM/Image 16.png,./Macular-Dataset-R.Rasti_old/Normal Part1/Normal (17).E2E/2- 26- 2017 9- 30- 46 AM/Image 16.TIFF
../Images/Images_Automatic/Normal Part1/Normal (17).E2E/2- 26- 2017 9- 30- 46 AM/Image 17.png,./Macular-Dataset-R.Rasti_old/Normal Part1/Normal (17).E2E/2- 26- 2017 9- 30- 46 AM/Image 17.TIFF
../Images/Images_Automatic/Normal Part1/Normal (17).E2E/2- 26- 2017 9- 30- 46 AM/Image 18.png,./Macular-Dataset-R.Rasti_old/Normal Part1/Normal (17).E2E/2- 26- 2017 9- 30- 46 AM/Image 18.TIFF
../Images/Images_Automatic/Normal Part1/Normal (17).E2E/2- 26- 2017 9- 30- 46 AM/Image 19.png,./Macular-Dataset-R.Rasti_old/Normal Part1/Normal (17).E2E/2- 26- 2017 9- 30- 46 AM/Image 19.TIFF
../Images/Images_Automatic/Normal Part1/Normal (17).E2E/2- 26- 2017 9- 30- 46 AM/Image 20.png,./Macular-Dataset-R.Rasti_old/Normal Part1/Normal (17).E2E/2- 26- 2017 9- 30- 46 AM/Image 20.TIFF
../Images/Images_Automatic/Normal Part1/Normal (17).E2E/2- 26- 2017 9- 30- 46 AM/Image 21.png,./Macular-Dataset-R.Rasti_old/Normal Part1/Normal (17).E2E/2- 26- 2017 9- 30- 46 AM/Image 21.TIFF
../Images/Images_Automatic/Normal Part1/Normal (17).E2E/2- 26- 2017 9- 30- 46 AM/Image 22.png,./Macular-Dataset-R.Rasti_old/Normal Part1/Normal (17).E2E/2- 26- 2017 9- 30- 46 AM/Image 22.TIFF
../Images/Images_Automatic/Normal Part1/Normal (17).E2E/2- 26- 2017 9- 30- 46 AM/Image 23.png,./Macular-Dataset-R.Rasti_old/Normal Part1/Normal (17).E2E/2- 26- 2017 9- 30- 46 AM/Image 23.TIFF
../Images/Images_Automatic/Normal Part1/Normal (17).E2E/2- 26- 2017 9- 30- 46 AM/Image 24.png,./Macular-Dataset-R.Rasti_old/Normal Part1/Normal (17).E2E/2- 26- 2017 9- 30- 46 AM/Image 24.TIFF
../Images/Images_Automatic/Normal Part1/Normal (17).E2E/2- 26- 2017 9- 30- 46 AM/Image 25.png,./Macular-Dataset-R.Rasti_old/Normal Part1/Normal (17).E2E/2- 26- 2017 9- 30- 46 AM/Image 25.TIFF
../Images/Images_Automatic/Normal Part1/Normal (17).E2E/2- 26- 2017 9- 30- 46 AM/Image 26.png,./Macular-Dataset-R.Rasti_old/Normal Part1/Normal (17).E2E/2- 26- 2017 9- 30- 46 AM/Image 26.TIFF
../Images/Images_Automatic/Normal Part1/Normal (17).E2E/2- 26- 2017 9- 30- 46 AM/Image 27.png,./Macular-Dataset-R.Rasti_old/Normal Part1/Normal (17).E2E/2- 26- 2017 9- 30- 46 AM/Image 27.TIFF
../Images/Images_Automatic/Normal Part1/Normal (17).E2E/2- 26- 2017 9- 30- 46 AM/Image 28.png,./Macular-Dataset-R.Rasti_old/Normal Part1/Normal (17).E2E/2- 26- 2017 9- 30- 46 AM/Image 28.TIFF
../Images/Images_Automatic/Normal Part1/Normal (17).E2E/2- 26- 2017 9- 30- 46 AM/Image 29.png,./Macular-Dataset-R.Rasti_old/Normal Part1/Normal (17).E2E/2- 26- 2017 9- 30- 46 AM/Image 29.TIFF
../Images/Images_Automatic/Normal Part1/Normal (17).E2E/2- 26- 2017 9- 30- 46 AM/Image 30.png,./Macular-Dataset-R.Rasti_old/Normal Part1/Normal (17).E2E/2- 26- 2017 9- 30- 46 AM/Image 30.TIFF
../Images/Images_Automatic/Normal Part1/Normal (17).E2E/2- 26- 2017 9- 30- 46 AM/Image 31.png,./Macular-Dataset-R.Rasti_old/Normal Part1/Normal (17).E2E/2- 26- 2017 9- 30- 46 AM/Image 31.TIFF
../Images/Images_Automatic/Normal Part1/Normal (18).E2E/2- 26- 2017 9- 33- 07 AM/Image 1.png,./Macular-Dataset-R.Rasti_old/Normal Part1/Normal (18).E2E/2- 26- 2017 9- 33- 07 AM/Image 1.TIFF
../Images/Images_Automatic/Normal Part1/Normal (18).E2E/2- 26- 2017 9- 33- 07 AM/Image 2.png,./Macular-Dataset-R.Rasti_old/Normal Part1/Normal (18).E2E/2- 26- 2017 9- 33- 07 AM/Image 2.TIFF
../Images/Images_Automatic/Normal Part1/Normal (18).E2E/2- 26- 2017 9- 33- 07 AM/Image 3.png,./Macular-Dataset-R.Rasti_old/Normal Part1/Normal (18).E2E/2- 26- 2017 9- 33- 07 AM/Image 3.TIFF
../Images/Images_Automatic/Normal Part1/Normal (18).E2E/2- 26- 2017 9- 33- 07 AM/Image 4.png,./Macular-Dataset-R.Rasti_old/Normal Part1/Normal (18).E2E/2- 26- 2017 9- 33- 07 AM/Image 4.TIFF
../Images/Images_Automatic/Normal Part1/Normal (18).E2E/2- 26- 2017 9- 33- 07 AM/Image 5.png,./Macular-Dataset-R.Rasti_old/Normal Part1/Normal (18).E2E/2- 26- 2017 9- 33- 07 AM/Image 5.TIFF
../Images/Images_Automatic/Normal Part1/Normal (18).E2E/2- 26- 2017 9- 33- 07 AM/Image 6.png,./Macular-Dataset-R.Rasti_old/Normal Part1/Normal (18).E2E/2- 26- 2017 9- 33- 07 AM/Image 6.TIFF
../Images/Images_Automatic/Normal Part1/Normal (18).E2E/2- 26- 2017 9- 33- 07 AM/Image 7.png,./Macular-Dataset-R.Rasti_old/Normal Part1/Normal (18).E2E/2- 26- 2017 9- 33- 07 AM/Image 7.TIFF
../Images/Images_Automatic/Normal Part1/Normal (18).E2E/2- 26- 2017 9- 33- 07 AM/Image 8.png,./Macular-Dataset-R.Rasti_old/Normal Part1/Normal (18).E2E/2- 26- 2017 9- 33- 07 AM/Image 8.TIFF
../Images/Images_Automatic/Normal Part1/Normal (18).E2E/2- 26- 2017 9- 33- 07 AM/Image 9.png,./Macular-Dataset-R.Rasti_old/Normal Part1/Normal (18).E2E/2- 26- 2017 9- 33- 07 AM/Image 9.TIFF
../Images/Images_Automatic/Normal Part1/Normal (18).E2E/2- 26- 2017 9- 33- 07 AM/Image 10.png,./Macular-Dataset-R.Rasti_old/Normal Part1/Normal (18).E2E/2- 26- 2017 9- 33- 07 AM/Image 10.TIFF
../Images/Images_Automatic/Normal Part1/Normal (18).E2E/2- 26- 2017 9- 33- 07 AM/Image 11.png,./Macular-Dataset-R.Rasti_old/Normal Part1/Normal (18).E2E/2- 26- 2017 9- 33- 07 AM/Image 11.TIFF
../Images/Images_Automatic/Normal Part1/Normal (18).E2E/2- 26- 2017 9- 33- 07 AM/Image 12.png,./Macular-Dataset-R.Rasti_old/Normal Part1/Normal (18).E2E/2- 26- 2017 9- 33- 07 AM/Image 12.TIFF
../Images/Images_Automatic/Normal Part1/Normal (18).E2E/2- 26- 2017 9- 33- 07 AM/Image 13.png,./Macular-Dataset-R.Rasti_old/Normal Part1/Normal (18).E2E/2- 26- 2017 9- 33- 07 AM/Image 13.TIFF
../Images/Images_Automatic/Normal Part1/Normal (18).E2E/2- 26- 2017 9- 33- 07 AM/Image 14.png,./Macular-Dataset-R.Rasti_old/Normal Part1/Normal (18).E2E/2- 26- 2017 9- 33- 07 AM/Image 14.TIFF
../Images/Images_Automatic/Normal Part1/Normal (18).E2E/2- 26- 2017 9- 33- 07 AM/Image 15.png,./Macular-Dataset-R.Rasti_old/Normal Part1/Normal (18).E2E/2- 26- 2017 9- 33- 07 AM/Image 15.TIFF
../Images/Images_Automatic/Normal Part1/Normal (18).E2E/2- 26- 2017 9- 33- 07 AM/Image 16.png,./Macular-Dataset-R.Rasti_old/Normal Part1/Normal (18).E2E/2- 26- 2017 9- 33- 07 AM/Image 16.TIFF
../Images/Images_Automatic/Normal Part1/Normal (18).E2E/2- 26- 2017 9- 33- 07 AM/Image 17.png,./Macular-Dataset-R.Rasti_old/Normal Part1/Normal (18).E2E/2- 26- 2017 9- 33- 07 AM/Image 17.TIFF
../Images/Images_Automatic/Normal Part1/Normal (18).E2E/2- 26- 2017 9- 33- 07 AM/Image 18.png,./Macular-Dataset-R.Rasti_old/Normal Part1/Normal (18).E2E/2- 26- 2017 9- 33- 07 AM/Image 18.TIFF
../Images/Images_Automatic/Normal Part1/Normal (18).E2E/2- 26- 2017 9- 33- 07 AM/Image 19.png,./Macular-Dataset-R.Rasti_old/Normal Part1/Normal (18).E2E/2- 26- 2017 9- 33- 07 AM/Image 19.TIFF
../Images/Images_Automatic/Normal Part1/Normal (19).E2E/2- 26- 2017 9- 34- 17 AM/Image 1.png,./Macular-Dataset-R.Rasti_old/Normal Part1/Normal (19).E2E/2- 26- 2017 9- 34- 17 AM/Image 1.TIFF
../Images/Images_Automatic/Normal Part1/Normal (19).E2E/2- 26- 2017 9- 34- 17 AM/Image 2.png,./Macular-Dataset-R.Rasti_old/Normal Part1/Normal (19).E2E/2- 26- 2017 9- 34- 17 AM/Image 2.TIFF
../Images/Images_Automatic/Normal Part1/Normal (19).E2E/2- 26- 2017 9- 34- 17 AM/Image 3.png,./Macular-Dataset-R.Rasti_old/Normal Part1/Normal (19).E2E/2- 26- 2017 9- 34- 17 AM/Image 3.TIFF
../Images/Images_Automatic/Normal Part1/Normal (19).E2E/2- 26- 2017 9- 34- 17 AM/Image 4.png,./Macular-Dataset-R.Rasti_old/Normal Part1/Normal (19).E2E/2- 26- 2017 9- 34- 17 AM/Image 4.TIFF
../Images/Images_Automatic/Normal Part1/Normal (19).E2E/2- 26- 2017 9- 34- 17 AM/Image 5.png,./Macular-Dataset-R.Rasti_old/Normal Part1/Normal (19).E2E/2- 26- 2017 9- 34- 17 AM/Image 5.TIFF
../Images/Images_Automatic/Normal Part1/Normal (19).E2E/2- 26- 2017 9- 34- 17 AM/Image 6.png,./Macular-Dataset-R.Rasti_old/Normal Part1/Normal (19).E2E/2- 26- 2017 9- 34- 17 AM/Image 6.TIFF
../Images/Images_Automatic/Normal Part1/Normal (19).E2E/2- 26- 2017 9- 34- 17 AM/Image 7.png,./Macular-Dataset-R.Rasti_old/Normal Part1/Normal (19).E2E/2- 26- 2017 9- 34- 17 AM/Image 7.TIFF
../Images/Images_Automatic/Normal Part1/Normal (19).E2E/2- 26- 2017 9- 34- 17 AM/Image 8.png,./Macular-Dataset-R.Rasti_old/Normal Part1/Normal (19).E2E/2- 26- 2017 9- 34- 17 AM/Image 8.TIFF
../Images/Images_Automatic/Normal Part1/Normal (19).E2E/2- 26- 2017 9- 34- 17 AM/Image 9.png,./Macular-Dataset-R.Rasti_old/Normal Part1/Normal (19).E2E/2- 26- 2017 9- 34- 17 AM/Image 9.TIFF
../Images/Images_Automatic/Normal Part1/Normal (19).E2E/2- 26- 2017 9- 34- 17 AM/Image 10.png,./Macular-Dataset-R.Rasti_old/Normal Part1/Normal (19).E2E/2- 26- 2017 9- 34- 17 AM/Image 10.TIFF
../Images/Images_Automatic/Normal Part1/Normal (19).E2E/2- 26- 2017 9- 34- 17 AM/Image 11.png,./Macular-Dataset-R.Rasti_old/Normal Part1/Normal (19).E2E/2- 26- 2017 9- 34- 17 AM/Image 11.TIFF
../Images/Images_Automatic/Normal Part1/Normal (19).E2E/2- 26- 2017 9- 34- 17 AM/Image 12.png,./Macular-Dataset-R.Rasti_old/Normal Part1/Normal (19).E2E/2- 26- 2017 9- 34- 17 AM/Image 12.TIFF
../Images/Images_Automatic/Normal Part1/Normal (19).E2E/2- 26- 2017 9- 34- 17 AM/Image 13.png,./Macular-Dataset-R.Rasti_old/Normal Part1/Normal (19).E2E/2- 26- 2017 9- 34- 17 AM/Image 13.TIFF
../Images/Images_Automatic/Normal Part1/Normal (19).E2E/2- 26- 2017 9- 34- 17 AM/Image 14.png,./Macular-Dataset-R.Rasti_old/Normal Part1/Normal (19).E2E/2- 26- 2017 9- 34- 17 AM/Image 14.TIFF
../Images/Images_Automatic/Normal Part1/Normal (19).E2E/2- 26- 2017 9- 34- 17 AM/Image 15.png,./Macular-Dataset-R.Rasti_old/Normal Part1/Normal (19).E2E/2- 26- 2017 9- 34- 17 AM/Image 15.TIFF
../Images/Images_Automatic/Normal Part1/Normal (19).E2E/2- 26- 2017 9- 34- 17 AM/Image 16.png,./Macular-Dataset-R.Rasti_old/Normal Part1/Normal (19).E2E/2- 26- 2017 9- 34- 17 AM/Image 16.TIFF
../Images/Images_Automatic/Normal Part1/Normal (19).E2E/2- 26- 2017 9- 34- 17 AM/Image 17.png,./Macular-Dataset-R.Rasti_old/Normal Part1/Normal (19).E2E/2- 26- 2017 9- 34- 17 AM/Image 17.TIFF
../Images/Images_Automatic/Normal Part1/Normal (19).E2E/2- 26- 2017 9- 34- 17 AM/Image 18.png,./Macular-Dataset-R.Rasti_old/Normal Part1/Normal (19).E2E/2- 26- 2017 9- 34- 17 AM/Image 18.TIFF
../Images/Images_Automatic/Normal Part1/Normal (19).E2E/2- 26- 2017 9- 34- 17 AM/Image 19.png,./Macular-Dataset-R.Rasti_old/Normal Part1/Normal (19).E2E/2- 26- 2017 9- 34- 17 AM/Image 19.TIFF
../Images/Images_Automatic/Normal Part1/Normal (20).E2E/2- 26- 2017 9- 35- 42 AM/Image 1.png,./Macular-Dataset-R.Rasti_old/Normal Part1/Normal (20).E2E/2- 26- 2017 9- 35- 42 AM/Image 1.TIFF
../Images/Images_Automatic/Normal Part1/Normal (20).E2E/2- 26- 2017 9- 35- 42 AM/Image 2.png,./Macular-Dataset-R.Rasti_old/Normal Part1/Normal (20).E2E/2- 26- 2017 9- 35- 42 AM/Image 2.TIFF
../Images/Images_Automatic/Normal Part1/Normal (20).E2E/2- 26- 2017 9- 35- 42 AM/Image 3.png,./Macular-Dataset-R.Rasti_old/Normal Part1/Normal (20).E2E/2- 26- 2017 9- 35- 42 AM/Image 3.TIFF
../Images/Images_Automatic/Normal Part1/Normal (20).E2E/2- 26- 2017 9- 35- 42 AM/Image 4.png,./Macular-Dataset-R.Rasti_old/Normal Part1/Normal (20).E2E/2- 26- 2017 9- 35- 42 AM/Image 4.TIFF
../Images/Images_Automatic/Normal Part1/Normal (20).E2E/2- 26- 2017 9- 35- 42 AM/Image 5.png,./Macular-Dataset-R.Rasti_old/Normal Part1/Normal (20).E2E/2- 26- 2017 9- 35- 42 AM/Image 5.TIFF
../Images/Images_Automatic/Normal Part1/Normal (20).E2E/2- 26- 2017 9- 35- 42 AM/Image 6.png,./Macular-Dataset-R.Rasti_old/Normal Part1/Normal (20).E2E/2- 26- 2017 9- 35- 42 AM/Image 6.TIFF
../Images/Images_Automatic/Normal Part1/Normal (20).E2E/2- 26- 2017 9- 35- 42 AM/Image 7.png,./Macular-Dataset-R.Rasti_old/Normal Part1/Normal (20).E2E/2- 26- 2017 9- 35- 42 AM/Image 7.TIFF
../Images/Images_Automatic/Normal Part1/Normal (20).E2E/2- 26- 2017 9- 35- 42 AM/Image 8.png,./Macular-Dataset-R.Rasti_old/Normal Part1/Normal (20).E2E/2- 26- 2017 9- 35- 42 AM/Image 8.TIFF
../Images/Images_Automatic/Normal Part1/Normal (20).E2E/2- 26- 2017 9- 35- 42 AM/Image 9.png,./Macular-Dataset-R.Rasti_old/Normal Part1/Normal (20).E2E/2- 26- 2017 9- 35- 42 AM/Image 9.TIFF
../Images/Images_Automatic/Normal Part1/Normal (20).E2E/2- 26- 2017 9- 35- 42 AM/Image 10.png,./Macular-Dataset-R.Rasti_old/Normal Part1/Normal (20).E2E/2- 26- 2017 9- 35- 42 AM/Image 10.TIFF
../Images/Images_Automatic/Normal Part1/Normal (20).E2E/2- 26- 2017 9- 35- 42 AM/Image 11.png,./Macular-Dataset-R.Rasti_old/Normal Part1/Normal (20).E2E/2- 26- 2017 9- 35- 42 AM/Image 11.TIFF
../Images/Images_Automatic/Normal Part1/Normal (20).E2E/2- 26- 2017 9- 35- 42 AM/Image 12.png,./Macular-Dataset-R.Rasti_old/Normal Part1/Normal (20).E2E/2- 26- 2017 9- 35- 42 AM/Image 12.TIFF
../Images/Images_Automatic/Normal Part1/Normal (20).E2E/2- 26- 2017 9- 35- 42 AM/Image 13.png,./Macular-Dataset-R.Rasti_old/Normal Part1/Normal (20).E2E/2- 26- 2017 9- 35- 42 AM/Image 13.TIFF
../Images/Images_Automatic/Normal Part1/Normal (20).E2E/2- 26- 2017 9- 35- 42 AM/Image 14.png,./Macular-Dataset-R.Rasti_old/Normal Part1/Normal (20).E2E/2- 26- 2017 9- 35- 42 AM/Image 14.TIFF
../Images/Images_Automatic/Normal Part1/Normal (20).E2E/2- 26- 2017 9- 35- 42 AM/Image 15.png,./Macular-Dataset-R.Rasti_old/Normal Part1/Normal (20).E2E/2- 26- 2017 9- 35- 42 AM/Image 15.TIFF
../Images/Images_Automatic/Normal Part1/Normal (20).E2E/2- 26- 2017 9- 35- 42 AM/Image 16.png,./Macular-Dataset-R.Rasti_old/Normal Part1/Normal (20).E2E/2- 26- 2017 9- 35- 42 AM/Image 16.TIFF
../Images/Images_Automatic/Normal Part1/Normal (20).E2E/2- 26- 2017 9- 35- 42 AM/Image 17.png,./Macular-Dataset-R.Rasti_old/Normal Part1/Normal (20).E2E/2- 26- 2017 9- 35- 42 AM/Image 17.TIFF
../Images/Images_Automatic/Normal Part1/Normal (20).E2E/2- 26- 2017 9- 35- 42 AM/Image 18.png,./Macular-Dataset-R.Rasti_old/Normal Part1/Normal (20).E2E/2- 26- 2017 9- 35- 42 AM/Image 18.TIFF
../Images/Images_Automatic/Normal Part1/Normal (20).E2E/2- 26- 2017 9- 35- 42 AM/Image 19.png,./Macular-Dataset-R.Rasti_old/Normal Part1/Normal (20).E2E/2- 26- 2017 9- 35- 42 AM/Image 19.TIFF
../Images/Images_Automatic/Normal Part1/Normal (20).E2E/2- 26- 2017 9- 35- 42 AM/Image 20.png,./Macular-Dataset-R.Rasti_old/Normal Part1/Normal (20).E2E/2- 26- 2017 9- 35- 42 AM/Image 20.TIFF
../Images/Images_Automatic/Normal Part1/Normal (20).E2E/2- 26- 2017 9- 35- 42 AM/Image 21.png,./Macular-Dataset-R.Rasti_old/Normal Part1/Normal (20).E2E/2- 26- 2017 9- 35- 42 AM/Image 21.TIFF
../Images/Images_Automatic/Normal Part1/Normal (20).E2E/2- 26- 2017 9- 35- 42 AM/Image 22.png,./Macular-Dataset-R.Rasti_old/Normal Part1/Normal (20).E2E/2- 26- 2017 9- 35- 42 AM/Image 22.TIFF
../Images/Images_Automatic/Normal Part1/Normal (20).E2E/2- 26- 2017 9- 35- 42 AM/Image 23.png,./Macular-Dataset-R.Rasti_old/Normal Part1/Normal (20).E2E/2- 26- 2017 9- 35- 42 AM/Image 23.TIFF
../Images/Images_Automatic/Normal Part1/Normal (20).E2E/2- 26- 2017 9- 35- 42 AM/Image 24.png,./Macular-Dataset-R.Rasti_old/Normal Part1/Normal (20).E2E/2- 26- 2017 9- 35- 42 AM/Image 24.TIFF
../Images/Images_Automatic/Normal Part1/Normal (20).E2E/2- 26- 2017 9- 35- 42 AM/Image 25.png,./Macular-Dataset-R.Rasti_old/Normal Part1/Normal (20).E2E/2- 26- 2017 9- 35- 42 AM/Image 25.TIFF
../Images/Images_Automatic/Normal Part1/Normal (20).E2E/2- 26- 2017 9- 35- 42 AM/Image 26.png,./Macular-Dataset-R.Rasti_old/Normal Part1/Normal (20).E2E/2- 26- 2017 9- 35- 42 AM/Image 26.TIFF
../Images/Images_Automatic/Normal Part1/Normal (20).E2E/2- 26- 2017 9- 35- 42 AM/Image 27.png,./Macular-Dataset-R.Rasti_old/Normal Part1/Normal (20).E2E/2- 26- 2017 9- 35- 42 AM/Image 27.TIFF
../Images/Images_Automatic/Normal Part1/Normal (20).E2E/2- 26- 2017 9- 35- 42 AM/Image 28.png,./Macular-Dataset-R.Rasti_old/Normal Part1/Normal (20).E2E/2- 26- 2017 9- 35- 42 AM/Image 28.TIFF
../Images/Images_Automatic/Normal Part1/Normal (20).E2E/2- 26- 2017 9- 35- 42 AM/Image 29.png,./Macular-Dataset-R.Rasti_old/Normal Part1/Normal (20).E2E/2- 26- 2017 9- 35- 42 AM/Image 29.TIFF
../Images/Images_Automatic/Normal Part1/Normal (20).E2E/2- 26- 2017 9- 35- 42 AM/Image 30.png,./Macular-Dataset-R.Rasti_old/Normal Part1/Normal (20).E2E/2- 26- 2017 9- 35- 42 AM/Image 30.TIFF
../Images/Images_Automatic/Normal Part1/Normal (20).E2E/2- 26- 2017 9- 35- 42 AM/Image 31.png,./Macular-Dataset-R.Rasti_old/Normal Part1/Normal (20).E2E/2- 26- 2017 9- 35- 42 AM/Image 31.TIFF
../Images/Images_Automatic/Normal Part1/Normal (20).E2E/2- 26- 2017 9- 35- 42 AM/Image 32.png,./Macular-Dataset-R.Rasti_old/Normal Part1/Normal (20).E2E/2- 26- 2017 9- 35- 42 AM/Image 32.TIFF
../Images/Images_Automatic/Normal Part1/Normal (20).E2E/2- 26- 2017 9- 35- 42 AM/Image 33.png,./Macular-Dataset-R.Rasti_old/Normal Part1/Normal (20).E2E/2- 26- 2017 9- 35- 42 AM/Image 33.TIFF
../Images/Images_Automatic/Normal Part1/Normal (20).E2E/2- 26- 2017 9- 35- 42 AM/Image 34.png,./Macular-Dataset-R.Rasti_old/Normal Part1/Normal (20).E2E/2- 26- 2017 9- 35- 42 AM/Image 34.TIFF
../Images/Images_Automatic/Normal Part1/Normal (20).E2E/2- 26- 2017 9- 35- 42 AM/Image 35.png,./Macular-Dataset-R.Rasti_old/Normal Part1/Normal (20).E2E/2- 26- 2017 9- 35- 42 AM/Image 35.TIFF
../Images/Images_Automatic/Normal Part1/Normal (20).E2E/2- 26- 2017 9- 35- 42 AM/Image 36.png,./Macular-Dataset-R.Rasti_old/Normal Part1/Normal (20).E2E/2- 26- 2017 9- 35- 42 AM/Image 36.TIFF
../Images/Images_Automatic/Normal Part1/Normal (20).E2E/2- 26- 2017 9- 35- 42 AM/Image 37.png,./Macular-Dataset-R.Rasti_old/Normal Part1/Normal (20).E2E/2- 26- 2017 9- 35- 42 AM/Image 37.TIFF
../Images/Images_Automatic/Normal Part1/Normal (20).E2E/2- 26- 2017 9- 35- 42 AM/Image 38.png,./Macular-Dataset-R.Rasti_old/Normal Part1/Normal (20).E2E/2- 26- 2017 9- 35- 42 AM/Image 38.TIFF
../Images/Images_Automatic/Normal Part1/Normal (20).E2E/2- 26- 2017 9- 35- 42 AM/Image 39.png,./Macular-Dataset-R.Rasti_old/Normal Part1/Normal (20).E2E/2- 26- 2017 9- 35- 42 AM/Image 39.TIFF
../Images/Images_Automatic/Normal Part1/Normal (20).E2E/2- 26- 2017 9- 35- 42 AM/Image 40.png,./Macular-Dataset-R.Rasti_old/Normal Part1/Normal (20).E2E/2- 26- 2017 9- 35- 42 AM/Image 40.TIFF
../Images/Images_Automatic/Normal Part1/Normal (20).E2E/2- 26- 2017 9- 35- 42 AM/Image 41.png,./Macular-Dataset-R.Rasti_old/Normal Part1/Normal (20).E2E/2- 26- 2017 9- 35- 42 AM/Image 41.TIFF
../Images/Images_Automatic/Normal Part1/Normal (20).E2E/2- 26- 2017 9- 35- 42 AM/Image 42.png,./Macular-Dataset-R.Rasti_old/Normal Part1/Normal (20).E2E/2- 26- 2017 9- 35- 42 AM/Image 42.TIFF
../Images/Images_Automatic/Normal Part1/Normal (20).E2E/2- 26- 2017 9- 35- 42 AM/Image 43.png,./Macular-Dataset-R.Rasti_old/Normal Part1/Normal (20).E2E/2- 26- 2017 9- 35- 42 AM/Image 43.TIFF
../Images/Images_Automatic/Normal Part1/Normal (20).E2E/2- 26- 2017 9- 35- 42 AM/Image 44.png,./Macular-Dataset-R.Rasti_old/Normal Part1/Normal (20).E2E/2- 26- 2017 9- 35- 42 AM/Image 44.TIFF
../Images/Images_Automatic/Normal Part1/Normal (20).E2E/2- 26- 2017 9- 35- 42 AM/Image 45.png,./Macular-Dataset-R.Rasti_old/Normal Part1/Normal (20).E2E/2- 26- 2017 9- 35- 42 AM/Image 45.TIFF
../Images/Images_Automatic/Normal Part1/Normal (20).E2E/2- 26- 2017 9- 35- 42 AM/Image 46.png,./Macular-Dataset-R.Rasti_old/Normal Part1/Normal (20).E2E/2- 26- 2017 9- 35- 42 AM/Image 46.TIFF
../Images/Images_Automatic/Normal Part1/Normal (20).E2E/2- 26- 2017 9- 35- 42 AM/Image 47.png,./Macular-Dataset-R.Rasti_old/Normal Part1/Normal (20).E2E/2- 26- 2017 9- 35- 42 AM/Image 47.TIFF
../Images/Images_Automatic/Normal Part1/Normal (20).E2E/2- 26- 2017 9- 35- 42 AM/Image 48.png,./Macular-Dataset-R.Rasti_old/Normal Part1/Normal (20).E2E/2- 26- 2017 9- 35- 42 AM/Image 48.TIFF
../Images/Images_Automatic/Normal Part1/Normal (20).E2E/2- 26- 2017 9- 35- 42 AM/Image 49.png,./Macular-Dataset-R.Rasti_old/Normal Part1/Normal (20).E2E/2- 26- 2017 9- 35- 42 AM/Image 49.TIFF
../Images/Images_Automatic/Normal Part1/Normal (20).E2E/2- 26- 2017 9- 35- 42 AM/Image 50.png,./Macular-Dataset-R.Rasti_old/Normal Part1/Normal (20).E2E/2- 26- 2017 9- 35- 42 AM/Image 50.TIFF
../Images/Images_Automatic/Normal Part1/Normal (20).E2E/2- 26- 2017 9- 35- 42 AM/Image 51.png,./Macular-Dataset-R.Rasti_old/Normal Part1/Normal (20).E2E/2- 26- 2017 9- 35- 42 AM/Image 51.TIFF
../Images/Images_Automatic/Normal Part1/Normal (20).E2E/2- 26- 2017 9- 35- 42 AM/Image 52.png,./Macular-Dataset-R.Rasti_old/Normal Part1/Normal (20).E2E/2- 26- 2017 9- 35- 42 AM/Image 52.TIFF
../Images/Images_Automatic/Normal Part1/Normal (20).E2E/2- 26- 2017 9- 35- 42 AM/Image 53.png,./Macular-Dataset-R.Rasti_old/Normal Part1/Normal (20).E2E/2- 26- 2017 9- 35- 42 AM/Image 53.TIFF
../Images/Images_Automatic/Normal Part1/Normal (20).E2E/2- 26- 2017 9- 35- 42 AM/Image 54.png,./Macular-Dataset-R.Rasti_old/Normal Part1/Normal (20).E2E/2- 26- 2017 9- 35- 42 AM/Image 54.TIFF
../Images/Images_Automatic/Normal Part1/Normal (20).E2E/2- 26- 2017 9- 35- 42 AM/Image 55.png,./Macular-Dataset-R.Rasti_old/Normal Part1/Normal (20).E2E/2- 26- 2017 9- 35- 42 AM/Image 55.TIFF
../Images/Images_Automatic/Normal Part1/Normal (20).E2E/2- 26- 2017 9- 35- 42 AM/Image 56.png,./Macular-Dataset-R.Rasti_old/Normal Part1/Normal (20).E2E/2- 26- 2017 9- 35- 42 AM/Image 56.TIFF
../Images/Images_Automatic/Normal Part1/Normal (20).E2E/2- 26- 2017 9- 35- 42 AM/Image 57.png,./Macular-Dataset-R.Rasti_old/Normal Part1/Normal (20).E2E/2- 26- 2017 9- 35- 42 AM/Image 57.TIFF
../Images/Images_Automatic/Normal Part1/Normal (20).E2E/2- 26- 2017 9- 35- 42 AM/Image 58.png,./Macular-Dataset-R.Rasti_old/Normal Part1/Normal (20).E2E/2- 26- 2017 9- 35- 42 AM/Image 58.TIFF
../Images/Images_Automatic/Normal Part1/Normal (20).E2E/2- 26- 2017 9- 35- 42 AM/Image 59.png,./Macular-Dataset-R.Rasti_old/Normal Part1/Normal (20).E2E/2- 26- 2017 9- 35- 42 AM/Image 59.TIFF
../Images/Images_Automatic/Normal Part1/Normal (20).E2E/2- 26- 2017 9- 35- 42 AM/Image 60.png,./Macular-Dataset-R.Rasti_old/Normal Part1/Normal (20).E2E/2- 26- 2017 9- 35- 42 AM/Image 60.TIFF
../Images/Images_Automatic/Normal Part1/Normal (20).E2E/2- 26- 2017 9- 35- 42 AM/Image 61.png,./Macular-Dataset-R.Rasti_old/Normal Part1/Normal (20).E2E/2- 26- 2017 9- 35- 42 AM/Image 61.TIFF
../Images/Images_Automatic/Normal Part1/Normal (21).E2E/2- 26- 2017 9- 37- 40 AM/Image 1.png,./Macular-Dataset-R.Rasti_old/Normal Part1/Normal (21).E2E/2- 26- 2017 9- 37- 40 AM/Image 1.TIFF
../Images/Images_Automatic/Normal Part1/Normal (21).E2E/2- 26- 2017 9- 37- 40 AM/Image 2.png,./Macular-Dataset-R.Rasti_old/Normal Part1/Normal (21).E2E/2- 26- 2017 9- 37- 40 AM/Image 2.TIFF
../Images/Images_Automatic/Normal Part1/Normal (21).E2E/2- 26- 2017 9- 37- 40 AM/Image 3.png,./Macular-Dataset-R.Rasti_old/Normal Part1/Normal (21).E2E/2- 26- 2017 9- 37- 40 AM/Image 3.TIFF
../Images/Images_Automatic/Normal Part1/Normal (21).E2E/2- 26- 2017 9- 37- 40 AM/Image 4.png,./Macular-Dataset-R.Rasti_old/Normal Part1/Normal (21).E2E/2- 26- 2017 9- 37- 40 AM/Image 4.TIFF
../Images/Images_Automatic/Normal Part1/Normal (21).E2E/2- 26- 2017 9- 37- 40 AM/Image 5.png,./Macular-Dataset-R.Rasti_old/Normal Part1/Normal (21).E2E/2- 26- 2017 9- 37- 40 AM/Image 5.TIFF
../Images/Images_Automatic/Normal Part1/Normal (21).E2E/2- 26- 2017 9- 37- 40 AM/Image 6.png,./Macular-Dataset-R.Rasti_old/Normal Part1/Normal (21).E2E/2- 26- 2017 9- 37- 40 AM/Image 6.TIFF
../Images/Images_Automatic/Normal Part1/Normal (21).E2E/2- 26- 2017 9- 37- 40 AM/Image 7.png,./Macular-Dataset-R.Rasti_old/Normal Part1/Normal (21).E2E/2- 26- 2017 9- 37- 40 AM/Image 7.TIFF
../Images/Images_Automatic/Normal Part1/Normal (21).E2E/2- 26- 2017 9- 37- 40 AM/Image 8.png,./Macular-Dataset-R.Rasti_old/Normal Part1/Normal (21).E2E/2- 26- 2017 9- 37- 40 AM/Image 8.TIFF
../Images/Images_Automatic/Normal Part1/Normal (21).E2E/2- 26- 2017 9- 37- 40 AM/Image 9.png,./Macular-Dataset-R.Rasti_old/Normal Part1/Normal (21).E2E/2- 26- 2017 9- 37- 40 AM/Image 9.TIFF
../Images/Images_Automatic/Normal Part1/Normal (21).E2E/2- 26- 2017 9- 37- 40 AM/Image 10.png,./Macular-Dataset-R.Rasti_old/Normal Part1/Normal (21).E2E/2- 26- 2017 9- 37- 40 AM/Image 10.TIFF
../Images/Images_Automatic/Normal Part1/Normal (21).E2E/2- 26- 2017 9- 37- 40 AM/Image 11.png,./Macular-Dataset-R.Rasti_old/Normal Part1/Normal (21).E2E/2- 26- 2017 9- 37- 40 AM/Image 11.TIFF
../Images/Images_Automatic/Normal Part1/Normal (21).E2E/2- 26- 2017 9- 37- 40 AM/Image 12.png,./Macular-Dataset-R.Rasti_old/Normal Part1/Normal (21).E2E/2- 26- 2017 9- 37- 40 AM/Image 12.TIFF
../Images/Images_Automatic/Normal Part1/Normal (21).E2E/2- 26- 2017 9- 37- 40 AM/Image 13.png,./Macular-Dataset-R.Rasti_old/Normal Part1/Normal (21).E2E/2- 26- 2017 9- 37- 40 AM/Image 13.TIFF
../Images/Images_Automatic/Normal Part1/Normal (21).E2E/2- 26- 2017 9- 37- 40 AM/Image 14.png,./Macular-Dataset-R.Rasti_old/Normal Part1/Normal (21).E2E/2- 26- 2017 9- 37- 40 AM/Image 14.TIFF
../Images/Images_Automatic/Normal Part1/Normal (21).E2E/2- 26- 2017 9- 37- 40 AM/Image 15.png,./Macular-Dataset-R.Rasti_old/Normal Part1/Normal (21).E2E/2- 26- 2017 9- 37- 40 AM/Image 15.TIFF
../Images/Images_Automatic/Normal Part1/Normal (21).E2E/2- 26- 2017 9- 37- 40 AM/Image 16.png,./Macular-Dataset-R.Rasti_old/Normal Part1/Normal (21).E2E/2- 26- 2017 9- 37- 40 AM/Image 16.TIFF
../Images/Images_Automatic/Normal Part1/Normal (21).E2E/2- 26- 2017 9- 37- 40 AM/Image 17.png,./Macular-Dataset-R.Rasti_old/Normal Part1/Normal (21).E2E/2- 26- 2017 9- 37- 40 AM/Image 17.TIFF
../Images/Images_Automatic/Normal Part1/Normal (21).E2E/2- 26- 2017 9- 37- 40 AM/Image 18.png,./Macular-Dataset-R.Rasti_old/Normal Part1/Normal (21).E2E/2- 26- 2017 9- 37- 40 AM/Image 18.TIFF
../Images/Images_Automatic/Normal Part1/Normal (21).E2E/2- 26- 2017 9- 37- 40 AM/Image 19.png,./Macular-Dataset-R.Rasti_old/Normal Part1/Normal (21).E2E/2- 26- 2017 9- 37- 40 AM/Image 19.TIFF
../Images/Images_Automatic/Normal Part1/Normal (21).E2E/2- 26- 2017 9- 37- 40 AM/Image 20.png,./Macular-Dataset-R.Rasti_old/Normal Part1/Normal (21).E2E/2- 26- 2017 9- 37- 40 AM/Image 20.TIFF
../Images/Images_Automatic/Normal Part1/Normal (21).E2E/2- 26- 2017 9- 37- 40 AM/Image 21.png,./Macular-Dataset-R.Rasti_old/Normal Part1/Normal (21).E2E/2- 26- 2017 9- 37- 40 AM/Image 21.TIFF
../Images/Images_Automatic/Normal Part1/Normal (21).E2E/2- 26- 2017 9- 37- 40 AM/Image 22.png,./Macular-Dataset-R.Rasti_old/Normal Part1/Normal (21).E2E/2- 26- 2017 9- 37- 40 AM/Image 22.TIFF
../Images/Images_Automatic/Normal Part1/Normal (21).E2E/2- 26- 2017 9- 37- 40 AM/Image 23.png,./Macular-Dataset-R.Rasti_old/Normal Part1/Normal (21).E2E/2- 26- 2017 9- 37- 40 AM/Image 23.TIFF
../Images/Images_Automatic/Normal Part1/Normal (21).E2E/2- 26- 2017 9- 37- 40 AM/Image 24.png,./Macular-Dataset-R.Rasti_old/Normal Part1/Normal (21).E2E/2- 26- 2017 9- 37- 40 AM/Image 24.TIFF
../Images/Images_Automatic/Normal Part1/Normal (21).E2E/2- 26- 2017 9- 37- 40 AM/Image 25.png,./Macular-Dataset-R.Rasti_old/Normal Part1/Normal (21).E2E/2- 26- 2017 9- 37- 40 AM/Image 25.TIFF
../Images/Images_Automatic/Normal Part1/Normal (21).E2E/2- 26- 2017 9- 37- 40 AM/Image 26.png,./Macular-Dataset-R.Rasti_old/Normal Part1/Normal (21).E2E/2- 26- 2017 9- 37- 40 AM/Image 26.TIFF
../Images/Images_Automatic/Normal Part1/Normal (21).E2E/2- 26- 2017 9- 37- 40 AM/Image 27.png,./Macular-Dataset-R.Rasti_old/Normal Part1/Normal (21).E2E/2- 26- 2017 9- 37- 40 AM/Image 27.TIFF
../Images/Images_Automatic/Normal Part1/Normal (21).E2E/2- 26- 2017 9- 37- 40 AM/Image 28.png,./Macular-Dataset-R.Rasti_old/Normal Part1/Normal (21).E2E/2- 26- 2017 9- 37- 40 AM/Image 28.TIFF
../Images/Images_Automatic/Normal Part1/Normal (21).E2E/2- 26- 2017 9- 37- 40 AM/Image 29.png,./Macular-Dataset-R.Rasti_old/Normal Part1/Normal (21).E2E/2- 26- 2017 9- 37- 40 AM/Image 29.TIFF
../Images/Images_Automatic/Normal Part1/Normal (21).E2E/2- 26- 2017 9- 37- 40 AM/Image 30.png,./Macular-Dataset-R.Rasti_old/Normal Part1/Normal (21).E2E/2- 26- 2017 9- 37- 40 AM/Image 30.TIFF
../Images/Images_Automatic/Normal Part1/Normal (21).E2E/2- 26- 2017 9- 37- 40 AM/Image 31.png,./Macular-Dataset-R.Rasti_old/Normal Part1/Normal (21).E2E/2- 26- 2017 9- 37- 40 AM/Image 31.TIFF
../Images/Images_Automatic/Normal Part1/Normal (21).E2E/2- 26- 2017 9- 37- 40 AM/Image 32.png,./Macular-Dataset-R.Rasti_old/Normal Part1/Normal (21).E2E/2- 26- 2017 9- 37- 40 AM/Image 32.TIFF
../Images/Images_Automatic/Normal Part1/Normal (21).E2E/2- 26- 2017 9- 37- 40 AM/Image 33.png,./Macular-Dataset-R.Rasti_old/Normal Part1/Normal (21).E2E/2- 26- 2017 9- 37- 40 AM/Image 33.TIFF
../Images/Images_Automatic/Normal Part1/Normal (21).E2E/2- 26- 2017 9- 37- 40 AM/Image 34.png,./Macular-Dataset-R.Rasti_old/Normal Part1/Normal (21).E2E/2- 26- 2017 9- 37- 40 AM/Image 34.TIFF
../Images/Images_Automatic/Normal Part1/Normal (21).E2E/2- 26- 2017 9- 37- 40 AM/Image 35.png,./Macular-Dataset-R.Rasti_old/Normal Part1/Normal (21).E2E/2- 26- 2017 9- 37- 40 AM/Image 35.TIFF
../Images/Images_Automatic/Normal Part1/Normal (21).E2E/2- 26- 2017 9- 37- 40 AM/Image 36.png,./Macular-Dataset-R.Rasti_old/Normal Part1/Normal (21).E2E/2- 26- 2017 9- 37- 40 AM/Image 36.TIFF
../Images/Images_Automatic/Normal Part1/Normal (21).E2E/2- 26- 2017 9- 37- 40 AM/Image 37.png,./Macular-Dataset-R.Rasti_old/Normal Part1/Normal (21).E2E/2- 26- 2017 9- 37- 40 AM/Image 37.TIFF
../Images/Images_Automatic/Normal Part1/Normal (21).E2E/2- 26- 2017 9- 37- 40 AM/Image 38.png,./Macular-Dataset-R.Rasti_old/Normal Part1/Normal (21).E2E/2- 26- 2017 9- 37- 40 AM/Image 38.TIFF
../Images/Images_Automatic/Normal Part1/Normal (21).E2E/2- 26- 2017 9- 37- 40 AM/Image 39.png,./Macular-Dataset-R.Rasti_old/Normal Part1/Normal (21).E2E/2- 26- 2017 9- 37- 40 AM/Image 39.TIFF
../Images/Images_Automatic/Normal Part1/Normal (21).E2E/2- 26- 2017 9- 37- 40 AM/Image 40.png,./Macular-Dataset-R.Rasti_old/Normal Part1/Normal (21).E2E/2- 26- 2017 9- 37- 40 AM/Image 40.TIFF
../Images/Images_Automatic/Normal Part1/Normal (21).E2E/2- 26- 2017 9- 37- 40 AM/Image 41.png,./Macular-Dataset-R.Rasti_old/Normal Part1/Normal (21).E2E/2- 26- 2017 9- 37- 40 AM/Image 41.TIFF
../Images/Images_Automatic/Normal Part1/Normal (21).E2E/2- 26- 2017 9- 37- 40 AM/Image 42.png,./Macular-Dataset-R.Rasti_old/Normal Part1/Normal (21).E2E/2- 26- 2017 9- 37- 40 AM/Image 42.TIFF
../Images/Images_Automatic/Normal Part1/Normal (21).E2E/2- 26- 2017 9- 37- 40 AM/Image 43.png,./Macular-Dataset-R.Rasti_old/Normal Part1/Normal (21).E2E/2- 26- 2017 9- 37- 40 AM/Image 43.TIFF
../Images/Images_Automatic/Normal Part1/Normal (21).E2E/2- 26- 2017 9- 37- 40 AM/Image 44.png,./Macular-Dataset-R.Rasti_old/Normal Part1/Normal (21).E2E/2- 26- 2017 9- 37- 40 AM/Image 44.TIFF
../Images/Images_Automatic/Normal Part1/Normal (21).E2E/2- 26- 2017 9- 37- 40 AM/Image 45.png,./Macular-Dataset-R.Rasti_old/Normal Part1/Normal (21).E2E/2- 26- 2017 9- 37- 40 AM/Image 45.TIFF
../Images/Images_Automatic/Normal Part1/Normal (21).E2E/2- 26- 2017 9- 37- 40 AM/Image 46.png,./Macular-Dataset-R.Rasti_old/Normal Part1/Normal (21).E2E/2- 26- 2017 9- 37- 40 AM/Image 46.TIFF
../Images/Images_Automatic/Normal Part1/Normal (21).E2E/2- 26- 2017 9- 37- 40 AM/Image 47.png,./Macular-Dataset-R.Rasti_old/Normal Part1/Normal (21).E2E/2- 26- 2017 9- 37- 40 AM/Image 47.TIFF
../Images/Images_Automatic/Normal Part1/Normal (21).E2E/2- 26- 2017 9- 37- 40 AM/Image 48.png,./Macular-Dataset-R.Rasti_old/Normal Part1/Normal (21).E2E/2- 26- 2017 9- 37- 40 AM/Image 48.TIFF
../Images/Images_Automatic/Normal Part1/Normal (21).E2E/2- 26- 2017 9- 37- 40 AM/Image 49.png,./Macular-Dataset-R.Rasti_old/Normal Part1/Normal (21).E2E/2- 26- 2017 9- 37- 40 AM/Image 49.TIFF
../Images/Images_Automatic/Normal Part1/Normal (21).E2E/2- 26- 2017 9- 37- 40 AM/Image 50.png,./Macular-Dataset-R.Rasti_old/Normal Part1/Normal (21).E2E/2- 26- 2017 9- 37- 40 AM/Image 50.TIFF
../Images/Images_Automatic/Normal Part1/Normal (21).E2E/2- 26- 2017 9- 37- 40 AM/Image 51.png,./Macular-Dataset-R.Rasti_old/Normal Part1/Normal (21).E2E/2- 26- 2017 9- 37- 40 AM/Image 51.TIFF
../Images/Images_Automatic/Normal Part1/Normal (21).E2E/2- 26- 2017 9- 37- 40 AM/Image 52.png,./Macular-Dataset-R.Rasti_old/Normal Part1/Normal (21).E2E/2- 26- 2017 9- 37- 40 AM/Image 52.TIFF
../Images/Images_Automatic/Normal Part1/Normal (21).E2E/2- 26- 2017 9- 37- 40 AM/Image 53.png,./Macular-Dataset-R.Rasti_old/Normal Part1/Normal (21).E2E/2- 26- 2017 9- 37- 40 AM/Image 53.TIFF
../Images/Images_Automatic/Normal Part1/Normal (21).E2E/2- 26- 2017 9- 37- 40 AM/Image 54.png,./Macular-Dataset-R.Rasti_old/Normal Part1/Normal (21).E2E/2- 26- 2017 9- 37- 40 AM/Image 54.TIFF
../Images/Images_Automatic/Normal Part1/Normal (21).E2E/2- 26- 2017 9- 37- 40 AM/Image 55.png,./Macular-Dataset-R.Rasti_old/Normal Part1/Normal (21).E2E/2- 26- 2017 9- 37- 40 AM/Image 55.TIFF
../Images/Images_Automatic/Normal Part1/Normal (21).E2E/2- 26- 2017 9- 37- 40 AM/Image 56.png,./Macular-Dataset-R.Rasti_old/Normal Part1/Normal (21).E2E/2- 26- 2017 9- 37- 40 AM/Image 56.TIFF
../Images/Images_Automatic/Normal Part1/Normal (21).E2E/2- 26- 2017 9- 37- 40 AM/Image 57.png,./Macular-Dataset-R.Rasti_old/Normal Part1/Normal (21).E2E/2- 26- 2017 9- 37- 40 AM/Image 57.TIFF
../Images/Images_Automatic/Normal Part1/Normal (21).E2E/2- 26- 2017 9- 37- 40 AM/Image 58.png,./Macular-Dataset-R.Rasti_old/Normal Part1/Normal (21).E2E/2- 26- 2017 9- 37- 40 AM/Image 58.TIFF
../Images/Images_Automatic/Normal Part1/Normal (21).E2E/2- 26- 2017 9- 37- 40 AM/Image 59.png,./Macular-Dataset-R.Rasti_old/Normal Part1/Normal (21).E2E/2- 26- 2017 9- 37- 40 AM/Image 59.TIFF
../Images/Images_Automatic/Normal Part1/Normal (21).E2E/2- 26- 2017 9- 37- 40 AM/Image 60.png,./Macular-Dataset-R.Rasti_old/Normal Part1/Normal (21).E2E/2- 26- 2017 9- 37- 40 AM/Image 60.TIFF
../Images/Images_Automatic/Normal Part1/Normal (21).E2E/2- 26- 2017 9- 37- 40 AM/Image 61.png,./Macular-Dataset-R.Rasti_old/Normal Part1/Normal (21).E2E/2- 26- 2017 9- 37- 40 AM/Image 61.TIFF
../Images/Images_Automatic/Normal Part1/Normal (22).E2E/2- 26- 2017 9- 38- 54 AM/Image 1.png,./Macular-Dataset-R.Rasti_old/Normal Part1/Normal (22).E2E/2- 26- 2017 9- 38- 54 AM/Image 1.TIFF
../Images/Images_Automatic/Normal Part1/Normal (22).E2E/2- 26- 2017 9- 38- 54 AM/Image 2.png,./Macular-Dataset-R.Rasti_old/Normal Part1/Normal (22).E2E/2- 26- 2017 9- 38- 54 AM/Image 2.TIFF
../Images/Images_Automatic/Normal Part1/Normal (22).E2E/2- 26- 2017 9- 38- 54 AM/Image 3.png,./Macular-Dataset-R.Rasti_old/Normal Part1/Normal (22).E2E/2- 26- 2017 9- 38- 54 AM/Image 3.TIFF
../Images/Images_Automatic/Normal Part1/Normal (22).E2E/2- 26- 2017 9- 38- 54 AM/Image 4.png,./Macular-Dataset-R.Rasti_old/Normal Part1/Normal (22).E2E/2- 26- 2017 9- 38- 54 AM/Image 4.TIFF
../Images/Images_Automatic/Normal Part1/Normal (22).E2E/2- 26- 2017 9- 38- 54 AM/Image 5.png,./Macular-Dataset-R.Rasti_old/Normal Part1/Normal (22).E2E/2- 26- 2017 9- 38- 54 AM/Image 5.TIFF
../Images/Images_Automatic/Normal Part1/Normal (22).E2E/2- 26- 2017 9- 38- 54 AM/Image 6.png,./Macular-Dataset-R.Rasti_old/Normal Part1/Normal (22).E2E/2- 26- 2017 9- 38- 54 AM/Image 6.TIFF
../Images/Images_Automatic/Normal Part1/Normal (22).E2E/2- 26- 2017 9- 38- 54 AM/Image 7.png,./Macular-Dataset-R.Rasti_old/Normal Part1/Normal (22).E2E/2- 26- 2017 9- 38- 54 AM/Image 7.TIFF
../Images/Images_Automatic/Normal Part1/Normal (22).E2E/2- 26- 2017 9- 38- 54 AM/Image 8.png,./Macular-Dataset-R.Rasti_old/Normal Part1/Normal (22).E2E/2- 26- 2017 9- 38- 54 AM/Image 8.TIFF
../Images/Images_Automatic/Normal Part1/Normal (22).E2E/2- 26- 2017 9- 38- 54 AM/Image 9.png,./Macular-Dataset-R.Rasti_old/Normal Part1/Normal (22).E2E/2- 26- 2017 9- 38- 54 AM/Image 9.TIFF
../Images/Images_Automatic/Normal Part1/Normal (22).E2E/2- 26- 2017 9- 38- 54 AM/Image 10.png,./Macular-Dataset-R.Rasti_old/Normal Part1/Normal (22).E2E/2- 26- 2017 9- 38- 54 AM/Image 10.TIFF
../Images/Images_Automatic/Normal Part1/Normal (22).E2E/2- 26- 2017 9- 38- 54 AM/Image 11.png,./Macular-Dataset-R.Rasti_old/Normal Part1/Normal (22).E2E/2- 26- 2017 9- 38- 54 AM/Image 11.TIFF
../Images/Images_Automatic/Normal Part1/Normal (22).E2E/2- 26- 2017 9- 38- 54 AM/Image 12.png,./Macular-Dataset-R.Rasti_old/Normal Part1/Normal (22).E2E/2- 26- 2017 9- 38- 54 AM/Image 12.TIFF
../Images/Images_Automatic/Normal Part1/Normal (22).E2E/2- 26- 2017 9- 38- 54 AM/Image 13.png,./Macular-Dataset-R.Rasti_old/Normal Part1/Normal (22).E2E/2- 26- 2017 9- 38- 54 AM/Image 13.TIFF
../Images/Images_Automatic/Normal Part1/Normal (22).E2E/2- 26- 2017 9- 38- 54 AM/Image 14.png,./Macular-Dataset-R.Rasti_old/Normal Part1/Normal (22).E2E/2- 26- 2017 9- 38- 54 AM/Image 14.TIFF
../Images/Images_Automatic/Normal Part1/Normal (22).E2E/2- 26- 2017 9- 38- 54 AM/Image 15.png,./Macular-Dataset-R.Rasti_old/Normal Part1/Normal (22).E2E/2- 26- 2017 9- 38- 54 AM/Image 15.TIFF
../Images/Images_Automatic/Normal Part1/Normal (22).E2E/2- 26- 2017 9- 38- 54 AM/Image 16.png,./Macular-Dataset-R.Rasti_old/Normal Part1/Normal (22).E2E/2- 26- 2017 9- 38- 54 AM/Image 16.TIFF
../Images/Images_Automatic/Normal Part1/Normal (22).E2E/2- 26- 2017 9- 38- 54 AM/Image 17.png,./Macular-Dataset-R.Rasti_old/Normal Part1/Normal (22).E2E/2- 26- 2017 9- 38- 54 AM/Image 17.TIFF
../Images/Images_Automatic/Normal Part1/Normal (22).E2E/2- 26- 2017 9- 38- 54 AM/Image 18.png,./Macular-Dataset-R.Rasti_old/Normal Part1/Normal (22).E2E/2- 26- 2017 9- 38- 54 AM/Image 18.TIFF
../Images/Images_Automatic/Normal Part1/Normal (22).E2E/2- 26- 2017 9- 38- 54 AM/Image 19.png,./Macular-Dataset-R.Rasti_old/Normal Part1/Normal (22).E2E/2- 26- 2017 9- 38- 54 AM/Image 19.TIFF
../Images/Images_Automatic/Normal Part1/Normal (22).E2E/2- 26- 2017 9- 38- 54 AM/Image 20.png,./Macular-Dataset-R.Rasti_old/Normal Part1/Normal (22).E2E/2- 26- 2017 9- 38- 54 AM/Image 20.TIFF
../Images/Images_Automatic/Normal Part1/Normal (22).E2E/2- 26- 2017 9- 38- 54 AM/Image 21.png,./Macular-Dataset-R.Rasti_old/Normal Part1/Normal (22).E2E/2- 26- 2017 9- 38- 54 AM/Image 21.TIFF
../Images/Images_Automatic/Normal Part1/Normal (22).E2E/2- 26- 2017 9- 38- 54 AM/Image 22.png,./Macular-Dataset-R.Rasti_old/Normal Part1/Normal (22).E2E/2- 26- 2017 9- 38- 54 AM/Image 22.TIFF
../Images/Images_Automatic/Normal Part1/Normal (22).E2E/2- 26- 2017 9- 38- 54 AM/Image 23.png,./Macular-Dataset-R.Rasti_old/Normal Part1/Normal (22).E2E/2- 26- 2017 9- 38- 54 AM/Image 23.TIFF
../Images/Images_Automatic/Normal Part1/Normal (22).E2E/2- 26- 2017 9- 38- 54 AM/Image 24.png,./Macular-Dataset-R.Rasti_old/Normal Part1/Normal (22).E2E/2- 26- 2017 9- 38- 54 AM/Image 24.TIFF
../Images/Images_Automatic/Normal Part1/Normal (22).E2E/2- 26- 2017 9- 38- 54 AM/Image 25.png,./Macular-Dataset-R.Rasti_old/Normal Part1/Normal (22).E2E/2- 26- 2017 9- 38- 54 AM/Image 25.TIFF
../Images/Images_Automatic/Normal Part1/Normal (22).E2E/2- 26- 2017 9- 38- 54 AM/Image 26.png,./Macular-Dataset-R.Rasti_old/Normal Part1/Normal (22).E2E/2- 26- 2017 9- 38- 54 AM/Image 26.TIFF
../Images/Images_Automatic/Normal Part1/Normal (22).E2E/2- 26- 2017 9- 38- 54 AM/Image 27.png,./Macular-Dataset-R.Rasti_old/Normal Part1/Normal (22).E2E/2- 26- 2017 9- 38- 54 AM/Image 27.TIFF
../Images/Images_Automatic/Normal Part1/Normal (22).E2E/2- 26- 2017 9- 38- 54 AM/Image 28.png,./Macular-Dataset-R.Rasti_old/Normal Part1/Normal (22).E2E/2- 26- 2017 9- 38- 54 AM/Image 28.TIFF
../Images/Images_Automatic/Normal Part1/Normal (22).E2E/2- 26- 2017 9- 38- 54 AM/Image 29.png,./Macular-Dataset-R.Rasti_old/Normal Part1/Normal (22).E2E/2- 26- 2017 9- 38- 54 AM/Image 29.TIFF
../Images/Images_Automatic/Normal Part1/Normal (22).E2E/2- 26- 2017 9- 38- 54 AM/Image 30.png,./Macular-Dataset-R.Rasti_old/Normal Part1/Normal (22).E2E/2- 26- 2017 9- 38- 54 AM/Image 30.TIFF
../Images/Images_Automatic/Normal Part1/Normal (22).E2E/2- 26- 2017 9- 38- 54 AM/Image 31.png,./Macular-Dataset-R.Rasti_old/Normal Part1/Normal (22).E2E/2- 26- 2017 9- 38- 54 AM/Image 31.TIFF
../Images/Images_Automatic/Normal Part1/Normal (22).E2E/2- 26- 2017 9- 38- 54 AM/Image 32.png,./Macular-Dataset-R.Rasti_old/Normal Part1/Normal (22).E2E/2- 26- 2017 9- 38- 54 AM/Image 32.TIFF
../Images/Images_Automatic/Normal Part1/Normal (22).E2E/2- 26- 2017 9- 38- 54 AM/Image 33.png,./Macular-Dataset-R.Rasti_old/Normal Part1/Normal (22).E2E/2- 26- 2017 9- 38- 54 AM/Image 33.TIFF
../Images/Images_Automatic/Normal Part1/Normal (22).E2E/2- 26- 2017 9- 38- 54 AM/Image 34.png,./Macular-Dataset-R.Rasti_old/Normal Part1/Normal (22).E2E/2- 26- 2017 9- 38- 54 AM/Image 34.TIFF
../Images/Images_Automatic/Normal Part1/Normal (22).E2E/2- 26- 2017 9- 38- 54 AM/Image 35.png,./Macular-Dataset-R.Rasti_old/Normal Part1/Normal (22).E2E/2- 26- 2017 9- 38- 54 AM/Image 35.TIFF
../Images/Images_Automatic/Normal Part1/Normal (22).E2E/2- 26- 2017 9- 38- 54 AM/Image 36.png,./Macular-Dataset-R.Rasti_old/Normal Part1/Normal (22).E2E/2- 26- 2017 9- 38- 54 AM/Image 36.TIFF
../Images/Images_Automatic/Normal Part1/Normal (22).E2E/2- 26- 2017 9- 38- 54 AM/Image 37.png,./Macular-Dataset-R.Rasti_old/Normal Part1/Normal (22).E2E/2- 26- 2017 9- 38- 54 AM/Image 37.TIFF
../Images/Images_Automatic/Normal Part1/Normal (22).E2E/2- 26- 2017 9- 38- 54 AM/Image 38.png,./Macular-Dataset-R.Rasti_old/Normal Part1/Normal (22).E2E/2- 26- 2017 9- 38- 54 AM/Image 38.TIFF
../Images/Images_Automatic/Normal Part1/Normal (22).E2E/2- 26- 2017 9- 38- 54 AM/Image 39.png,./Macular-Dataset-R.Rasti_old/Normal Part1/Normal (22).E2E/2- 26- 2017 9- 38- 54 AM/Image 39.TIFF
../Images/Images_Automatic/Normal Part1/Normal (22).E2E/2- 26- 2017 9- 38- 54 AM/Image 40.png,./Macular-Dataset-R.Rasti_old/Normal Part1/Normal (22).E2E/2- 26- 2017 9- 38- 54 AM/Image 40.TIFF
../Images/Images_Automatic/Normal Part1/Normal (22).E2E/2- 26- 2017 9- 38- 54 AM/Image 41.png,./Macular-Dataset-R.Rasti_old/Normal Part1/Normal (22).E2E/2- 26- 2017 9- 38- 54 AM/Image 41.TIFF
../Images/Images_Automatic/Normal Part1/Normal (22).E2E/2- 26- 2017 9- 38- 54 AM/Image 42.png,./Macular-Dataset-R.Rasti_old/Normal Part1/Normal (22).E2E/2- 26- 2017 9- 38- 54 AM/Image 42.TIFF
../Images/Images_Automatic/Normal Part1/Normal (22).E2E/2- 26- 2017 9- 38- 54 AM/Image 43.png,./Macular-Dataset-R.Rasti_old/Normal Part1/Normal (22).E2E/2- 26- 2017 9- 38- 54 AM/Image 43.TIFF
../Images/Images_Automatic/Normal Part1/Normal (22).E2E/2- 26- 2017 9- 38- 54 AM/Image 44.png,./Macular-Dataset-R.Rasti_old/Normal Part1/Normal (22).E2E/2- 26- 2017 9- 38- 54 AM/Image 44.TIFF
../Images/Images_Automatic/Normal Part1/Normal (22).E2E/2- 26- 2017 9- 38- 54 AM/Image 45.png,./Macular-Dataset-R.Rasti_old/Normal Part1/Normal (22).E2E/2- 26- 2017 9- 38- 54 AM/Image 45.TIFF
../Images/Images_Automatic/Normal Part1/Normal (22).E2E/2- 26- 2017 9- 38- 54 AM/Image 46.png,./Macular-Dataset-R.Rasti_old/Normal Part1/Normal (22).E2E/2- 26- 2017 9- 38- 54 AM/Image 46.TIFF
../Images/Images_Automatic/Normal Part1/Normal (22).E2E/2- 26- 2017 9- 38- 54 AM/Image 47.png,./Macular-Dataset-R.Rasti_old/Normal Part1/Normal (22).E2E/2- 26- 2017 9- 38- 54 AM/Image 47.TIFF
../Images/Images_Automatic/Normal Part1/Normal (22).E2E/2- 26- 2017 9- 38- 54 AM/Image 48.png,./Macular-Dataset-R.Rasti_old/Normal Part1/Normal (22).E2E/2- 26- 2017 9- 38- 54 AM/Image 48.TIFF
../Images/Images_Automatic/Normal Part1/Normal (22).E2E/2- 26- 2017 9- 38- 54 AM/Image 49.png,./Macular-Dataset-R.Rasti_old/Normal Part1/Normal (22).E2E/2- 26- 2017 9- 38- 54 AM/Image 49.TIFF
../Images/Images_Automatic/Normal Part1/Normal (22).E2E/2- 26- 2017 9- 38- 54 AM/Image 50.png,./Macular-Dataset-R.Rasti_old/Normal Part1/Normal (22).E2E/2- 26- 2017 9- 38- 54 AM/Image 50.TIFF
../Images/Images_Automatic/Normal Part1/Normal (22).E2E/2- 26- 2017 9- 38- 54 AM/Image 51.png,./Macular-Dataset-R.Rasti_old/Normal Part1/Normal (22).E2E/2- 26- 2017 9- 38- 54 AM/Image 51.TIFF
../Images/Images_Automatic/Normal Part1/Normal (22).E2E/2- 26- 2017 9- 38- 54 AM/Image 52.png,./Macular-Dataset-R.Rasti_old/Normal Part1/Normal (22).E2E/2- 26- 2017 9- 38- 54 AM/Image 52.TIFF
../Images/Images_Automatic/Normal Part1/Normal (22).E2E/2- 26- 2017 9- 38- 54 AM/Image 53.png,./Macular-Dataset-R.Rasti_old/Normal Part1/Normal (22).E2E/2- 26- 2017 9- 38- 54 AM/Image 53.TIFF
../Images/Images_Automatic/Normal Part1/Normal (22).E2E/2- 26- 2017 9- 38- 54 AM/Image 54.png,./Macular-Dataset-R.Rasti_old/Normal Part1/Normal (22).E2E/2- 26- 2017 9- 38- 54 AM/Image 54.TIFF
../Images/Images_Automatic/Normal Part1/Normal (22).E2E/2- 26- 2017 9- 38- 54 AM/Image 55.png,./Macular-Dataset-R.Rasti_old/Normal Part1/Normal (22).E2E/2- 26- 2017 9- 38- 54 AM/Image 55.TIFF
../Images/Images_Automatic/Normal Part1/Normal (22).E2E/2- 26- 2017 9- 38- 54 AM/Image 56.png,./Macular-Dataset-R.Rasti_old/Normal Part1/Normal (22).E2E/2- 26- 2017 9- 38- 54 AM/Image 56.TIFF
../Images/Images_Automatic/Normal Part1/Normal (22).E2E/2- 26- 2017 9- 38- 54 AM/Image 57.png,./Macular-Dataset-R.Rasti_old/Normal Part1/Normal (22).E2E/2- 26- 2017 9- 38- 54 AM/Image 57.TIFF
../Images/Images_Automatic/Normal Part1/Normal (22).E2E/2- 26- 2017 9- 38- 54 AM/Image 58.png,./Macular-Dataset-R.Rasti_old/Normal Part1/Normal (22).E2E/2- 26- 2017 9- 38- 54 AM/Image 58.TIFF
../Images/Images_Automatic/Normal Part1/Normal (22).E2E/2- 26- 2017 9- 38- 54 AM/Image 59.png,./Macular-Dataset-R.Rasti_old/Normal Part1/Normal (22).E2E/2- 26- 2017 9- 38- 54 AM/Image 59.TIFF
../Images/Images_Automatic/Normal Part1/Normal (22).E2E/2- 26- 2017 9- 38- 54 AM/Image 60.png,./Macular-Dataset-R.Rasti_old/Normal Part1/Normal (22).E2E/2- 26- 2017 9- 38- 54 AM/Image 60.TIFF
../Images/Images_Automatic/Normal Part1/Normal (22).E2E/2- 26- 2017 9- 38- 54 AM/Image 61.png,./Macular-Dataset-R.Rasti_old/Normal Part1/Normal (22).E2E/2- 26- 2017 9- 38- 54 AM/Image 61.TIFF
../Images/Images_Automatic/Normal Part1/Normal (23).E2E/2- 26- 2017 9- 40- 44 AM/Image 1.png,./Macular-Dataset-R.Rasti_old/Normal Part1/Normal (23).E2E/2- 26- 2017 9- 40- 44 AM/Image 1.TIFF
../Images/Images_Automatic/Normal Part1/Normal (23).E2E/2- 26- 2017 9- 40- 44 AM/Image 2.png,./Macular-Dataset-R.Rasti_old/Normal Part1/Normal (23).E2E/2- 26- 2017 9- 40- 44 AM/Image 2.TIFF
../Images/Images_Automatic/Normal Part1/Normal (23).E2E/2- 26- 2017 9- 40- 44 AM/Image 3.png,./Macular-Dataset-R.Rasti_old/Normal Part1/Normal (23).E2E/2- 26- 2017 9- 40- 44 AM/Image 3.TIFF
../Images/Images_Automatic/Normal Part1/Normal (23).E2E/2- 26- 2017 9- 40- 44 AM/Image 4.png,./Macular-Dataset-R.Rasti_old/Normal Part1/Normal (23).E2E/2- 26- 2017 9- 40- 44 AM/Image 4.TIFF
../Images/Images_Automatic/Normal Part1/Normal (23).E2E/2- 26- 2017 9- 40- 44 AM/Image 5.png,./Macular-Dataset-R.Rasti_old/Normal Part1/Normal (23).E2E/2- 26- 2017 9- 40- 44 AM/Image 5.TIFF
../Images/Images_Automatic/Normal Part1/Normal (23).E2E/2- 26- 2017 9- 40- 44 AM/Image 6.png,./Macular-Dataset-R.Rasti_old/Normal Part1/Normal (23).E2E/2- 26- 2017 9- 40- 44 AM/Image 6.TIFF
../Images/Images_Automatic/Normal Part1/Normal (23).E2E/2- 26- 2017 9- 40- 44 AM/Image 7.png,./Macular-Dataset-R.Rasti_old/Normal Part1/Normal (23).E2E/2- 26- 2017 9- 40- 44 AM/Image 7.TIFF
../Images/Images_Automatic/Normal Part1/Normal (23).E2E/2- 26- 2017 9- 40- 44 AM/Image 8.png,./Macular-Dataset-R.Rasti_old/Normal Part1/Normal (23).E2E/2- 26- 2017 9- 40- 44 AM/Image 8.TIFF
../Images/Images_Automatic/Normal Part1/Normal (23).E2E/2- 26- 2017 9- 40- 44 AM/Image 9.png,./Macular-Dataset-R.Rasti_old/Normal Part1/Normal (23).E2E/2- 26- 2017 9- 40- 44 AM/Image 9.TIFF
../Images/Images_Automatic/Normal Part1/Normal (23).E2E/2- 26- 2017 9- 40- 44 AM/Image 10.png,./Macular-Dataset-R.Rasti_old/Normal Part1/Normal (23).E2E/2- 26- 2017 9- 40- 44 AM/Image 10.TIFF
../Images/Images_Automatic/Normal Part1/Normal (23).E2E/2- 26- 2017 9- 40- 44 AM/Image 11.png,./Macular-Dataset-R.Rasti_old/Normal Part1/Normal (23).E2E/2- 26- 2017 9- 40- 44 AM/Image 11.TIFF
../Images/Images_Automatic/Normal Part1/Normal (23).E2E/2- 26- 2017 9- 40- 44 AM/Image 12.png,./Macular-Dataset-R.Rasti_old/Normal Part1/Normal (23).E2E/2- 26- 2017 9- 40- 44 AM/Image 12.TIFF
../Images/Images_Automatic/Normal Part1/Normal (23).E2E/2- 26- 2017 9- 40- 44 AM/Image 13.png,./Macular-Dataset-R.Rasti_old/Normal Part1/Normal (23).E2E/2- 26- 2017 9- 40- 44 AM/Image 13.TIFF
../Images/Images_Automatic/Normal Part1/Normal (23).E2E/2- 26- 2017 9- 40- 44 AM/Image 14.png,./Macular-Dataset-R.Rasti_old/Normal Part1/Normal (23).E2E/2- 26- 2017 9- 40- 44 AM/Image 14.TIFF
../Images/Images_Automatic/Normal Part1/Normal (23).E2E/2- 26- 2017 9- 40- 44 AM/Image 15.png,./Macular-Dataset-R.Rasti_old/Normal Part1/Normal (23).E2E/2- 26- 2017 9- 40- 44 AM/Image 15.TIFF
../Images/Images_Automatic/Normal Part1/Normal (23).E2E/2- 26- 2017 9- 40- 44 AM/Image 16.png,./Macular-Dataset-R.Rasti_old/Normal Part1/Normal (23).E2E/2- 26- 2017 9- 40- 44 AM/Image 16.TIFF
../Images/Images_Automatic/Normal Part1/Normal (23).E2E/2- 26- 2017 9- 40- 44 AM/Image 17.png,./Macular-Dataset-R.Rasti_old/Normal Part1/Normal (23).E2E/2- 26- 2017 9- 40- 44 AM/Image 17.TIFF
../Images/Images_Automatic/Normal Part1/Normal (23).E2E/2- 26- 2017 9- 40- 44 AM/Image 18.png,./Macular-Dataset-R.Rasti_old/Normal Part1/Normal (23).E2E/2- 26- 2017 9- 40- 44 AM/Image 18.TIFF
../Images/Images_Automatic/Normal Part1/Normal (23).E2E/2- 26- 2017 9- 40- 44 AM/Image 19.png,./Macular-Dataset-R.Rasti_old/Normal Part1/Normal (23).E2E/2- 26- 2017 9- 40- 44 AM/Image 19.TIFF
../Images/Images_Automatic/Normal Part1/Normal (23).E2E/2- 26- 2017 9- 40- 44 AM/Image 20.png,./Macular-Dataset-R.Rasti_old/Normal Part1/Normal (23).E2E/2- 26- 2017 9- 40- 44 AM/Image 20.TIFF
../Images/Images_Automatic/Normal Part1/Normal (23).E2E/2- 26- 2017 9- 40- 44 AM/Image 21.png,./Macular-Dataset-R.Rasti_old/Normal Part1/Normal (23).E2E/2- 26- 2017 9- 40- 44 AM/Image 21.TIFF
../Images/Images_Automatic/Normal Part1/Normal (23).E2E/2- 26- 2017 9- 40- 44 AM/Image 22.png,./Macular-Dataset-R.Rasti_old/Normal Part1/Normal (23).E2E/2- 26- 2017 9- 40- 44 AM/Image 22.TIFF
../Images/Images_Automatic/Normal Part1/Normal (23).E2E/2- 26- 2017 9- 40- 44 AM/Image 23.png,./Macular-Dataset-R.Rasti_old/Normal Part1/Normal (23).E2E/2- 26- 2017 9- 40- 44 AM/Image 23.TIFF
../Images/Images_Automatic/Normal Part1/Normal (23).E2E/2- 26- 2017 9- 40- 44 AM/Image 24.png,./Macular-Dataset-R.Rasti_old/Normal Part1/Normal (23).E2E/2- 26- 2017 9- 40- 44 AM/Image 24.TIFF
../Images/Images_Automatic/Normal Part1/Normal (23).E2E/2- 26- 2017 9- 40- 44 AM/Image 25.png,./Macular-Dataset-R.Rasti_old/Normal Part1/Normal (23).E2E/2- 26- 2017 9- 40- 44 AM/Image 25.TIFF
../Images/Images_Automatic/Normal Part1/Normal (23).E2E/2- 26- 2017 9- 40- 44 AM/Image 26.png,./Macular-Dataset-R.Rasti_old/Normal Part1/Normal (23).E2E/2- 26- 2017 9- 40- 44 AM/Image 26.TIFF
../Images/Images_Automatic/Normal Part1/Normal (23).E2E/2- 26- 2017 9- 40- 44 AM/Image 27.png,./Macular-Dataset-R.Rasti_old/Normal Part1/Normal (23).E2E/2- 26- 2017 9- 40- 44 AM/Image 27.TIFF
../Images/Images_Automatic/Normal Part1/Normal (23).E2E/2- 26- 2017 9- 40- 44 AM/Image 28.png,./Macular-Dataset-R.Rasti_old/Normal Part1/Normal (23).E2E/2- 26- 2017 9- 40- 44 AM/Image 28.TIFF
../Images/Images_Automatic/Normal Part1/Normal (23).E2E/2- 26- 2017 9- 40- 44 AM/Image 29.png,./Macular-Dataset-R.Rasti_old/Normal Part1/Normal (23).E2E/2- 26- 2017 9- 40- 44 AM/Image 29.TIFF
../Images/Images_Automatic/Normal Part1/Normal (23).E2E/2- 26- 2017 9- 40- 44 AM/Image 30.png,./Macular-Dataset-R.Rasti_old/Normal Part1/Normal (23).E2E/2- 26- 2017 9- 40- 44 AM/Image 30.TIFF
../Images/Images_Automatic/Normal Part1/Normal (23).E2E/2- 26- 2017 9- 40- 44 AM/Image 31.png,./Macular-Dataset-R.Rasti_old/Normal Part1/Normal (23).E2E/2- 26- 2017 9- 40- 44 AM/Image 31.TIFF
../Images/Images_Automatic/Normal Part1/Normal (23).E2E/2- 26- 2017 9- 40- 44 AM/Image 32.png,./Macular-Dataset-R.Rasti_old/Normal Part1/Normal (23).E2E/2- 26- 2017 9- 40- 44 AM/Image 32.TIFF
../Images/Images_Automatic/Normal Part1/Normal (23).E2E/2- 26- 2017 9- 40- 44 AM/Image 33.png,./Macular-Dataset-R.Rasti_old/Normal Part1/Normal (23).E2E/2- 26- 2017 9- 40- 44 AM/Image 33.TIFF
../Images/Images_Automatic/Normal Part1/Normal (23).E2E/2- 26- 2017 9- 40- 44 AM/Image 34.png,./Macular-Dataset-R.Rasti_old/Normal Part1/Normal (23).E2E/2- 26- 2017 9- 40- 44 AM/Image 34.TIFF
../Images/Images_Automatic/Normal Part1/Normal (23).E2E/2- 26- 2017 9- 40- 44 AM/Image 35.png,./Macular-Dataset-R.Rasti_old/Normal Part1/Normal (23).E2E/2- 26- 2017 9- 40- 44 AM/Image 35.TIFF
../Images/Images_Automatic/Normal Part1/Normal (23).E2E/2- 26- 2017 9- 40- 44 AM/Image 36.png,./Macular-Dataset-R.Rasti_old/Normal Part1/Normal (23).E2E/2- 26- 2017 9- 40- 44 AM/Image 36.TIFF
../Images/Images_Automatic/Normal Part1/Normal (23).E2E/2- 26- 2017 9- 40- 44 AM/Image 37.png,./Macular-Dataset-R.Rasti_old/Normal Part1/Normal (23).E2E/2- 26- 2017 9- 40- 44 AM/Image 37.TIFF
../Images/Images_Automatic/Normal Part1/Normal (23).E2E/2- 26- 2017 9- 40- 44 AM/Image 38.png,./Macular-Dataset-R.Rasti_old/Normal Part1/Normal (23).E2E/2- 26- 2017 9- 40- 44 AM/Image 38.TIFF
../Images/Images_Automatic/Normal Part1/Normal (23).E2E/2- 26- 2017 9- 40- 44 AM/Image 39.png,./Macular-Dataset-R.Rasti_old/Normal Part1/Normal (23).E2E/2- 26- 2017 9- 40- 44 AM/Image 39.TIFF
../Images/Images_Automatic/Normal Part1/Normal (23).E2E/2- 26- 2017 9- 40- 44 AM/Image 40.png,./Macular-Dataset-R.Rasti_old/Normal Part1/Normal (23).E2E/2- 26- 2017 9- 40- 44 AM/Image 40.TIFF
../Images/Images_Automatic/Normal Part1/Normal (23).E2E/2- 26- 2017 9- 40- 44 AM/Image 41.png,./Macular-Dataset-R.Rasti_old/Normal Part1/Normal (23).E2E/2- 26- 2017 9- 40- 44 AM/Image 41.TIFF
../Images/Images_Automatic/Normal Part1/Normal (23).E2E/2- 26- 2017 9- 40- 44 AM/Image 42.png,./Macular-Dataset-R.Rasti_old/Normal Part1/Normal (23).E2E/2- 26- 2017 9- 40- 44 AM/Image 42.TIFF
../Images/Images_Automatic/Normal Part1/Normal (23).E2E/2- 26- 2017 9- 40- 44 AM/Image 43.png,./Macular-Dataset-R.Rasti_old/Normal Part1/Normal (23).E2E/2- 26- 2017 9- 40- 44 AM/Image 43.TIFF
../Images/Images_Automatic/Normal Part1/Normal (23).E2E/2- 26- 2017 9- 40- 44 AM/Image 44.png,./Macular-Dataset-R.Rasti_old/Normal Part1/Normal (23).E2E/2- 26- 2017 9- 40- 44 AM/Image 44.TIFF
../Images/Images_Automatic/Normal Part1/Normal (23).E2E/2- 26- 2017 9- 40- 44 AM/Image 45.png,./Macular-Dataset-R.Rasti_old/Normal Part1/Normal (23).E2E/2- 26- 2017 9- 40- 44 AM/Image 45.TIFF
../Images/Images_Automatic/Normal Part1/Normal (23).E2E/2- 26- 2017 9- 40- 44 AM/Image 46.png,./Macular-Dataset-R.Rasti_old/Normal Part1/Normal (23).E2E/2- 26- 2017 9- 40- 44 AM/Image 46.TIFF
../Images/Images_Automatic/Normal Part1/Normal (23).E2E/2- 26- 2017 9- 40- 44 AM/Image 47.png,./Macular-Dataset-R.Rasti_old/Normal Part1/Normal (23).E2E/2- 26- 2017 9- 40- 44 AM/Image 47.TIFF
../Images/Images_Automatic/Normal Part1/Normal (23).E2E/2- 26- 2017 9- 40- 44 AM/Image 48.png,./Macular-Dataset-R.Rasti_old/Normal Part1/Normal (23).E2E/2- 26- 2017 9- 40- 44 AM/Image 48.TIFF
../Images/Images_Automatic/Normal Part1/Normal (23).E2E/2- 26- 2017 9- 40- 44 AM/Image 49.png,./Macular-Dataset-R.Rasti_old/Normal Part1/Normal (23).E2E/2- 26- 2017 9- 40- 44 AM/Image 49.TIFF
../Images/Images_Automatic/Normal Part1/Normal (23).E2E/2- 26- 2017 9- 40- 44 AM/Image 50.png,./Macular-Dataset-R.Rasti_old/Normal Part1/Normal (23).E2E/2- 26- 2017 9- 40- 44 AM/Image 50.TIFF
../Images/Images_Automatic/Normal Part1/Normal (23).E2E/2- 26- 2017 9- 40- 44 AM/Image 51.png,./Macular-Dataset-R.Rasti_old/Normal Part1/Normal (23).E2E/2- 26- 2017 9- 40- 44 AM/Image 51.TIFF
../Images/Images_Automatic/Normal Part1/Normal (23).E2E/2- 26- 2017 9- 40- 44 AM/Image 52.png,./Macular-Dataset-R.Rasti_old/Normal Part1/Normal (23).E2E/2- 26- 2017 9- 40- 44 AM/Image 52.TIFF
../Images/Images_Automatic/Normal Part1/Normal (23).E2E/2- 26- 2017 9- 40- 44 AM/Image 53.png,./Macular-Dataset-R.Rasti_old/Normal Part1/Normal (23).E2E/2- 26- 2017 9- 40- 44 AM/Image 53.TIFF
../Images/Images_Automatic/Normal Part1/Normal (23).E2E/2- 26- 2017 9- 40- 44 AM/Image 54.png,./Macular-Dataset-R.Rasti_old/Normal Part1/Normal (23).E2E/2- 26- 2017 9- 40- 44 AM/Image 54.TIFF
../Images/Images_Automatic/Normal Part1/Normal (23).E2E/2- 26- 2017 9- 40- 44 AM/Image 55.png,./Macular-Dataset-R.Rasti_old/Normal Part1/Normal (23).E2E/2- 26- 2017 9- 40- 44 AM/Image 55.TIFF
../Images/Images_Automatic/Normal Part1/Normal (23).E2E/2- 26- 2017 9- 40- 44 AM/Image 56.png,./Macular-Dataset-R.Rasti_old/Normal Part1/Normal (23).E2E/2- 26- 2017 9- 40- 44 AM/Image 56.TIFF
../Images/Images_Automatic/Normal Part1/Normal (23).E2E/2- 26- 2017 9- 40- 44 AM/Image 57.png,./Macular-Dataset-R.Rasti_old/Normal Part1/Normal (23).E2E/2- 26- 2017 9- 40- 44 AM/Image 57.TIFF
../Images/Images_Automatic/Normal Part1/Normal (23).E2E/2- 26- 2017 9- 40- 44 AM/Image 58.png,./Macular-Dataset-R.Rasti_old/Normal Part1/Normal (23).E2E/2- 26- 2017 9- 40- 44 AM/Image 58.TIFF
../Images/Images_Automatic/Normal Part1/Normal (23).E2E/2- 26- 2017 9- 40- 44 AM/Image 59.png,./Macular-Dataset-R.Rasti_old/Normal Part1/Normal (23).E2E/2- 26- 2017 9- 40- 44 AM/Image 59.TIFF
../Images/Images_Automatic/Normal Part1/Normal (23).E2E/2- 26- 2017 9- 40- 44 AM/Image 60.png,./Macular-Dataset-R.Rasti_old/Normal Part1/Normal (23).E2E/2- 26- 2017 9- 40- 44 AM/Image 60.TIFF
../Images/Images_Automatic/Normal Part1/Normal (23).E2E/2- 26- 2017 9- 40- 44 AM/Image 61.png,./Macular-Dataset-R.Rasti_old/Normal Part1/Normal (23).E2E/2- 26- 2017 9- 40- 44 AM/Image 61.TIFF
../Images/Images_Automatic/Normal Part1/Normal (24).E2E/2- 26- 2017 9- 42- 00 AM/Image 1.png,./Macular-Dataset-R.Rasti_old/Normal Part1/Normal (24).E2E/2- 26- 2017 9- 42- 00 AM/Image 1.TIFF
../Images/Images_Automatic/Normal Part1/Normal (24).E2E/2- 26- 2017 9- 42- 00 AM/Image 2.png,./Macular-Dataset-R.Rasti_old/Normal Part1/Normal (24).E2E/2- 26- 2017 9- 42- 00 AM/Image 2.TIFF
../Images/Images_Automatic/Normal Part1/Normal (24).E2E/2- 26- 2017 9- 42- 00 AM/Image 3.png,./Macular-Dataset-R.Rasti_old/Normal Part1/Normal (24).E2E/2- 26- 2017 9- 42- 00 AM/Image 3.TIFF
../Images/Images_Automatic/Normal Part1/Normal (24).E2E/2- 26- 2017 9- 42- 00 AM/Image 4.png,./Macular-Dataset-R.Rasti_old/Normal Part1/Normal (24).E2E/2- 26- 2017 9- 42- 00 AM/Image 4.TIFF
../Images/Images_Automatic/Normal Part1/Normal (24).E2E/2- 26- 2017 9- 42- 00 AM/Image 5.png,./Macular-Dataset-R.Rasti_old/Normal Part1/Normal (24).E2E/2- 26- 2017 9- 42- 00 AM/Image 5.TIFF
../Images/Images_Automatic/Normal Part1/Normal (24).E2E/2- 26- 2017 9- 42- 00 AM/Image 6.png,./Macular-Dataset-R.Rasti_old/Normal Part1/Normal (24).E2E/2- 26- 2017 9- 42- 00 AM/Image 6.TIFF
../Images/Images_Automatic/Normal Part1/Normal (24).E2E/2- 26- 2017 9- 42- 00 AM/Image 7.png,./Macular-Dataset-R.Rasti_old/Normal Part1/Normal (24).E2E/2- 26- 2017 9- 42- 00 AM/Image 7.TIFF
../Images/Images_Automatic/Normal Part1/Normal (24).E2E/2- 26- 2017 9- 42- 00 AM/Image 8.png,./Macular-Dataset-R.Rasti_old/Normal Part1/Normal (24).E2E/2- 26- 2017 9- 42- 00 AM/Image 8.TIFF
../Images/Images_Automatic/Normal Part1/Normal (24).E2E/2- 26- 2017 9- 42- 00 AM/Image 9.png,./Macular-Dataset-R.Rasti_old/Normal Part1/Normal (24).E2E/2- 26- 2017 9- 42- 00 AM/Image 9.TIFF
../Images/Images_Automatic/Normal Part1/Normal (24).E2E/2- 26- 2017 9- 42- 00 AM/Image 10.png,./Macular-Dataset-R.Rasti_old/Normal Part1/Normal (24).E2E/2- 26- 2017 9- 42- 00 AM/Image 10.TIFF
../Images/Images_Automatic/Normal Part1/Normal (24).E2E/2- 26- 2017 9- 42- 00 AM/Image 11.png,./Macular-Dataset-R.Rasti_old/Normal Part1/Normal (24).E2E/2- 26- 2017 9- 42- 00 AM/Image 11.TIFF
../Images/Images_Automatic/Normal Part1/Normal (24).E2E/2- 26- 2017 9- 42- 00 AM/Image 12.png,./Macular-Dataset-R.Rasti_old/Normal Part1/Normal (24).E2E/2- 26- 2017 9- 42- 00 AM/Image 12.TIFF
../Images/Images_Automatic/Normal Part1/Normal (24).E2E/2- 26- 2017 9- 42- 00 AM/Image 13.png,./Macular-Dataset-R.Rasti_old/Normal Part1/Normal (24).E2E/2- 26- 2017 9- 42- 00 AM/Image 13.TIFF
../Images/Images_Automatic/Normal Part1/Normal (24).E2E/2- 26- 2017 9- 42- 00 AM/Image 14.png,./Macular-Dataset-R.Rasti_old/Normal Part1/Normal (24).E2E/2- 26- 2017 9- 42- 00 AM/Image 14.TIFF
../Images/Images_Automatic/Normal Part1/Normal (24).E2E/2- 26- 2017 9- 42- 00 AM/Image 15.png,./Macular-Dataset-R.Rasti_old/Normal Part1/Normal (24).E2E/2- 26- 2017 9- 42- 00 AM/Image 15.TIFF
../Images/Images_Automatic/Normal Part1/Normal (24).E2E/2- 26- 2017 9- 42- 00 AM/Image 16.png,./Macular-Dataset-R.Rasti_old/Normal Part1/Normal (24).E2E/2- 26- 2017 9- 42- 00 AM/Image 16.TIFF
../Images/Images_Automatic/Normal Part1/Normal (24).E2E/2- 26- 2017 9- 42- 00 AM/Image 17.png,./Macular-Dataset-R.Rasti_old/Normal Part1/Normal (24).E2E/2- 26- 2017 9- 42- 00 AM/Image 17.TIFF
../Images/Images_Automatic/Normal Part1/Normal (24).E2E/2- 26- 2017 9- 42- 00 AM/Image 18.png,./Macular-Dataset-R.Rasti_old/Normal Part1/Normal (24).E2E/2- 26- 2017 9- 42- 00 AM/Image 18.TIFF
../Images/Images_Automatic/Normal Part1/Normal (24).E2E/2- 26- 2017 9- 42- 00 AM/Image 19.png,./Macular-Dataset-R.Rasti_old/Normal Part1/Normal (24).E2E/2- 26- 2017 9- 42- 00 AM/Image 19.TIFF
../Images/Images_Automatic/Normal Part1/Normal (24).E2E/2- 26- 2017 9- 42- 00 AM/Image 20.png,./Macular-Dataset-R.Rasti_old/Normal Part1/Normal (24).E2E/2- 26- 2017 9- 42- 00 AM/Image 20.TIFF
../Images/Images_Automatic/Normal Part1/Normal (24).E2E/2- 26- 2017 9- 42- 00 AM/Image 21.png,./Macular-Dataset-R.Rasti_old/Normal Part1/Normal (24).E2E/2- 26- 2017 9- 42- 00 AM/Image 21.TIFF
../Images/Images_Automatic/Normal Part1/Normal (24).E2E/2- 26- 2017 9- 42- 00 AM/Image 22.png,./Macular-Dataset-R.Rasti_old/Normal Part1/Normal (24).E2E/2- 26- 2017 9- 42- 00 AM/Image 22.TIFF
../Images/Images_Automatic/Normal Part1/Normal (24).E2E/2- 26- 2017 9- 42- 00 AM/Image 23.png,./Macular-Dataset-R.Rasti_old/Normal Part1/Normal (24).E2E/2- 26- 2017 9- 42- 00 AM/Image 23.TIFF
../Images/Images_Automatic/Normal Part1/Normal (24).E2E/2- 26- 2017 9- 42- 00 AM/Image 24.png,./Macular-Dataset-R.Rasti_old/Normal Part1/Normal (24).E2E/2- 26- 2017 9- 42- 00 AM/Image 24.TIFF
../Images/Images_Automatic/Normal Part1/Normal (24).E2E/2- 26- 2017 9- 42- 00 AM/Image 25.png,./Macular-Dataset-R.Rasti_old/Normal Part1/Normal (24).E2E/2- 26- 2017 9- 42- 00 AM/Image 25.TIFF
../Images/Images_Automatic/Normal Part1/Normal (24).E2E/2- 26- 2017 9- 42- 00 AM/Image 26.png,./Macular-Dataset-R.Rasti_old/Normal Part1/Normal (24).E2E/2- 26- 2017 9- 42- 00 AM/Image 26.TIFF
../Images/Images_Automatic/Normal Part1/Normal (24).E2E/2- 26- 2017 9- 42- 00 AM/Image 27.png,./Macular-Dataset-R.Rasti_old/Normal Part1/Normal (24).E2E/2- 26- 2017 9- 42- 00 AM/Image 27.TIFF
../Images/Images_Automatic/Normal Part1/Normal (24).E2E/2- 26- 2017 9- 42- 00 AM/Image 28.png,./Macular-Dataset-R.Rasti_old/Normal Part1/Normal (24).E2E/2- 26- 2017 9- 42- 00 AM/Image 28.TIFF
../Images/Images_Automatic/Normal Part1/Normal (24).E2E/2- 26- 2017 9- 42- 00 AM/Image 29.png,./Macular-Dataset-R.Rasti_old/Normal Part1/Normal (24).E2E/2- 26- 2017 9- 42- 00 AM/Image 29.TIFF
../Images/Images_Automatic/Normal Part1/Normal (24).E2E/2- 26- 2017 9- 42- 00 AM/Image 30.png,./Macular-Dataset-R.Rasti_old/Normal Part1/Normal (24).E2E/2- 26- 2017 9- 42- 00 AM/Image 30.TIFF
../Images/Images_Automatic/Normal Part1/Normal (24).E2E/2- 26- 2017 9- 42- 00 AM/Image 31.png,./Macular-Dataset-R.Rasti_old/Normal Part1/Normal (24).E2E/2- 26- 2017 9- 42- 00 AM/Image 31.TIFF
../Images/Images_Automatic/Normal Part1/Normal (24).E2E/2- 26- 2017 9- 42- 00 AM/Image 32.png,./Macular-Dataset-R.Rasti_old/Normal Part1/Normal (24).E2E/2- 26- 2017 9- 42- 00 AM/Image 32.TIFF
../Images/Images_Automatic/Normal Part1/Normal (24).E2E/2- 26- 2017 9- 42- 00 AM/Image 33.png,./Macular-Dataset-R.Rasti_old/Normal Part1/Normal (24).E2E/2- 26- 2017 9- 42- 00 AM/Image 33.TIFF
../Images/Images_Automatic/Normal Part1/Normal (24).E2E/2- 26- 2017 9- 42- 00 AM/Image 34.png,./Macular-Dataset-R.Rasti_old/Normal Part1/Normal (24).E2E/2- 26- 2017 9- 42- 00 AM/Image 34.TIFF
../Images/Images_Automatic/Normal Part1/Normal (24).E2E/2- 26- 2017 9- 42- 00 AM/Image 35.png,./Macular-Dataset-R.Rasti_old/Normal Part1/Normal (24).E2E/2- 26- 2017 9- 42- 00 AM/Image 35.TIFF
../Images/Images_Automatic/Normal Part1/Normal (24).E2E/2- 26- 2017 9- 42- 00 AM/Image 36.png,./Macular-Dataset-R.Rasti_old/Normal Part1/Normal (24).E2E/2- 26- 2017 9- 42- 00 AM/Image 36.TIFF
../Images/Images_Automatic/Normal Part1/Normal (24).E2E/2- 26- 2017 9- 42- 00 AM/Image 37.png,./Macular-Dataset-R.Rasti_old/Normal Part1/Normal (24).E2E/2- 26- 2017 9- 42- 00 AM/Image 37.TIFF
../Images/Images_Automatic/Normal Part1/Normal (24).E2E/2- 26- 2017 9- 42- 00 AM/Image 38.png,./Macular-Dataset-R.Rasti_old/Normal Part1/Normal (24).E2E/2- 26- 2017 9- 42- 00 AM/Image 38.TIFF
../Images/Images_Automatic/Normal Part1/Normal (24).E2E/2- 26- 2017 9- 42- 00 AM/Image 39.png,./Macular-Dataset-R.Rasti_old/Normal Part1/Normal (24).E2E/2- 26- 2017 9- 42- 00 AM/Image 39.TIFF
../Images/Images_Automatic/Normal Part1/Normal (24).E2E/2- 26- 2017 9- 42- 00 AM/Image 40.png,./Macular-Dataset-R.Rasti_old/Normal Part1/Normal (24).E2E/2- 26- 2017 9- 42- 00 AM/Image 40.TIFF
../Images/Images_Automatic/Normal Part1/Normal (24).E2E/2- 26- 2017 9- 42- 00 AM/Image 41.png,./Macular-Dataset-R.Rasti_old/Normal Part1/Normal (24).E2E/2- 26- 2017 9- 42- 00 AM/Image 41.TIFF
../Images/Images_Automatic/Normal Part1/Normal (24).E2E/2- 26- 2017 9- 42- 00 AM/Image 42.png,./Macular-Dataset-R.Rasti_old/Normal Part1/Normal (24).E2E/2- 26- 2017 9- 42- 00 AM/Image 42.TIFF
../Images/Images_Automatic/Normal Part1/Normal (24).E2E/2- 26- 2017 9- 42- 00 AM/Image 43.png,./Macular-Dataset-R.Rasti_old/Normal Part1/Normal (24).E2E/2- 26- 2017 9- 42- 00 AM/Image 43.TIFF
../Images/Images_Automatic/Normal Part1/Normal (24).E2E/2- 26- 2017 9- 42- 00 AM/Image 44.png,./Macular-Dataset-R.Rasti_old/Normal Part1/Normal (24).E2E/2- 26- 2017 9- 42- 00 AM/Image 44.TIFF
../Images/Images_Automatic/Normal Part1/Normal (24).E2E/2- 26- 2017 9- 42- 00 AM/Image 45.png,./Macular-Dataset-R.Rasti_old/Normal Part1/Normal (24).E2E/2- 26- 2017 9- 42- 00 AM/Image 45.TIFF
../Images/Images_Automatic/Normal Part1/Normal (24).E2E/2- 26- 2017 9- 42- 00 AM/Image 46.png,./Macular-Dataset-R.Rasti_old/Normal Part1/Normal (24).E2E/2- 26- 2017 9- 42- 00 AM/Image 46.TIFF
../Images/Images_Automatic/Normal Part1/Normal (24).E2E/2- 26- 2017 9- 42- 00 AM/Image 47.png,./Macular-Dataset-R.Rasti_old/Normal Part1/Normal (24).E2E/2- 26- 2017 9- 42- 00 AM/Image 47.TIFF
../Images/Images_Automatic/Normal Part1/Normal (24).E2E/2- 26- 2017 9- 42- 00 AM/Image 48.png,./Macular-Dataset-R.Rasti_old/Normal Part1/Normal (24).E2E/2- 26- 2017 9- 42- 00 AM/Image 48.TIFF
../Images/Images_Automatic/Normal Part1/Normal (24).E2E/2- 26- 2017 9- 42- 00 AM/Image 49.png,./Macular-Dataset-R.Rasti_old/Normal Part1/Normal (24).E2E/2- 26- 2017 9- 42- 00 AM/Image 49.TIFF
../Images/Images_Automatic/Normal Part1/Normal (24).E2E/2- 26- 2017 9- 42- 00 AM/Image 50.png,./Macular-Dataset-R.Rasti_old/Normal Part1/Normal (24).E2E/2- 26- 2017 9- 42- 00 AM/Image 50.TIFF
../Images/Images_Automatic/Normal Part1/Normal (24).E2E/2- 26- 2017 9- 42- 00 AM/Image 51.png,./Macular-Dataset-R.Rasti_old/Normal Part1/Normal (24).E2E/2- 26- 2017 9- 42- 00 AM/Image 51.TIFF
../Images/Images_Automatic/Normal Part1/Normal (24).E2E/2- 26- 2017 9- 42- 00 AM/Image 52.png,./Macular-Dataset-R.Rasti_old/Normal Part1/Normal (24).E2E/2- 26- 2017 9- 42- 00 AM/Image 52.TIFF
../Images/Images_Automatic/Normal Part1/Normal (24).E2E/2- 26- 2017 9- 42- 00 AM/Image 53.png,./Macular-Dataset-R.Rasti_old/Normal Part1/Normal (24).E2E/2- 26- 2017 9- 42- 00 AM/Image 53.TIFF
../Images/Images_Automatic/Normal Part1/Normal (24).E2E/2- 26- 2017 9- 42- 00 AM/Image 54.png,./Macular-Dataset-R.Rasti_old/Normal Part1/Normal (24).E2E/2- 26- 2017 9- 42- 00 AM/Image 54.TIFF
../Images/Images_Automatic/Normal Part1/Normal (24).E2E/2- 26- 2017 9- 42- 00 AM/Image 55.png,./Macular-Dataset-R.Rasti_old/Normal Part1/Normal (24).E2E/2- 26- 2017 9- 42- 00 AM/Image 55.TIFF
../Images/Images_Automatic/Normal Part1/Normal (24).E2E/2- 26- 2017 9- 42- 00 AM/Image 56.png,./Macular-Dataset-R.Rasti_old/Normal Part1/Normal (24).E2E/2- 26- 2017 9- 42- 00 AM/Image 56.TIFF
../Images/Images_Automatic/Normal Part1/Normal (24).E2E/2- 26- 2017 9- 42- 00 AM/Image 57.png,./Macular-Dataset-R.Rasti_old/Normal Part1/Normal (24).E2E/2- 26- 2017 9- 42- 00 AM/Image 57.TIFF
../Images/Images_Automatic/Normal Part1/Normal (24).E2E/2- 26- 2017 9- 42- 00 AM/Image 58.png,./Macular-Dataset-R.Rasti_old/Normal Part1/Normal (24).E2E/2- 26- 2017 9- 42- 00 AM/Image 58.TIFF
../Images/Images_Automatic/Normal Part1/Normal (24).E2E/2- 26- 2017 9- 42- 00 AM/Image 59.png,./Macular-Dataset-R.Rasti_old/Normal Part1/Normal (24).E2E/2- 26- 2017 9- 42- 00 AM/Image 59.TIFF
../Images/Images_Automatic/Normal Part1/Normal (24).E2E/2- 26- 2017 9- 42- 00 AM/Image 60.png,./Macular-Dataset-R.Rasti_old/Normal Part1/Normal (24).E2E/2- 26- 2017 9- 42- 00 AM/Image 60.TIFF
../Images/Images_Automatic/Normal Part1/Normal (24).E2E/2- 26- 2017 9- 42- 00 AM/Image 61.png,./Macular-Dataset-R.Rasti_old/Normal Part1/Normal (24).E2E/2- 26- 2017 9- 42- 00 AM/Image 61.TIFF
../Images/Images_Automatic/Normal Part1/Normal (28).E2E/2- 26- 2017 9- 47- 31 AM/Image 1.png,./Macular-Dataset-R.Rasti_old/Normal Part1/Normal (28).E2E/2- 26- 2017 9- 47- 31 AM/Image 1.TIFF
../Images/Images_Automatic/Normal Part1/Normal (28).E2E/2- 26- 2017 9- 47- 31 AM/Image 2.png,./Macular-Dataset-R.Rasti_old/Normal Part1/Normal (28).E2E/2- 26- 2017 9- 47- 31 AM/Image 2.TIFF
../Images/Images_Automatic/Normal Part1/Normal (28).E2E/2- 26- 2017 9- 47- 31 AM/Image 3.png,./Macular-Dataset-R.Rasti_old/Normal Part1/Normal (28).E2E/2- 26- 2017 9- 47- 31 AM/Image 3.TIFF
../Images/Images_Automatic/Normal Part1/Normal (28).E2E/2- 26- 2017 9- 47- 31 AM/Image 4.png,./Macular-Dataset-R.Rasti_old/Normal Part1/Normal (28).E2E/2- 26- 2017 9- 47- 31 AM/Image 4.TIFF
../Images/Images_Automatic/Normal Part1/Normal (28).E2E/2- 26- 2017 9- 47- 31 AM/Image 5.png,./Macular-Dataset-R.Rasti_old/Normal Part1/Normal (28).E2E/2- 26- 2017 9- 47- 31 AM/Image 5.TIFF
../Images/Images_Automatic/Normal Part1/Normal (28).E2E/2- 26- 2017 9- 47- 31 AM/Image 6.png,./Macular-Dataset-R.Rasti_old/Normal Part1/Normal (28).E2E/2- 26- 2017 9- 47- 31 AM/Image 6.TIFF
../Images/Images_Automatic/Normal Part1/Normal (28).E2E/2- 26- 2017 9- 47- 31 AM/Image 7.png,./Macular-Dataset-R.Rasti_old/Normal Part1/Normal (28).E2E/2- 26- 2017 9- 47- 31 AM/Image 7.TIFF
../Images/Images_Automatic/Normal Part1/Normal (28).E2E/2- 26- 2017 9- 47- 31 AM/Image 8.png,./Macular-Dataset-R.Rasti_old/Normal Part1/Normal (28).E2E/2- 26- 2017 9- 47- 31 AM/Image 8.TIFF
../Images/Images_Automatic/Normal Part1/Normal (28).E2E/2- 26- 2017 9- 47- 31 AM/Image 9.png,./Macular-Dataset-R.Rasti_old/Normal Part1/Normal (28).E2E/2- 26- 2017 9- 47- 31 AM/Image 9.TIFF
../Images/Images_Automatic/Normal Part1/Normal (28).E2E/2- 26- 2017 9- 47- 31 AM/Image 10.png,./Macular-Dataset-R.Rasti_old/Normal Part1/Normal (28).E2E/2- 26- 2017 9- 47- 31 AM/Image 10.TIFF
../Images/Images_Automatic/Normal Part1/Normal (28).E2E/2- 26- 2017 9- 47- 31 AM/Image 11.png,./Macular-Dataset-R.Rasti_old/Normal Part1/Normal (28).E2E/2- 26- 2017 9- 47- 31 AM/Image 11.TIFF
../Images/Images_Automatic/Normal Part1/Normal (28).E2E/2- 26- 2017 9- 47- 31 AM/Image 12.png,./Macular-Dataset-R.Rasti_old/Normal Part1/Normal (28).E2E/2- 26- 2017 9- 47- 31 AM/Image 12.TIFF
../Images/Images_Automatic/Normal Part1/Normal (28).E2E/2- 26- 2017 9- 47- 31 AM/Image 13.png,./Macular-Dataset-R.Rasti_old/Normal Part1/Normal (28).E2E/2- 26- 2017 9- 47- 31 AM/Image 13.TIFF
../Images/Images_Automatic/Normal Part1/Normal (28).E2E/2- 26- 2017 9- 47- 31 AM/Image 14.png,./Macular-Dataset-R.Rasti_old/Normal Part1/Normal (28).E2E/2- 26- 2017 9- 47- 31 AM/Image 14.TIFF
../Images/Images_Automatic/Normal Part1/Normal (28).E2E/2- 26- 2017 9- 47- 31 AM/Image 15.png,./Macular-Dataset-R.Rasti_old/Normal Part1/Normal (28).E2E/2- 26- 2017 9- 47- 31 AM/Image 15.TIFF
../Images/Images_Automatic/Normal Part1/Normal (28).E2E/2- 26- 2017 9- 47- 31 AM/Image 16.png,./Macular-Dataset-R.Rasti_old/Normal Part1/Normal (28).E2E/2- 26- 2017 9- 47- 31 AM/Image 16.TIFF
../Images/Images_Automatic/Normal Part1/Normal (28).E2E/2- 26- 2017 9- 47- 31 AM/Image 17.png,./Macular-Dataset-R.Rasti_old/Normal Part1/Normal (28).E2E/2- 26- 2017 9- 47- 31 AM/Image 17.TIFF
../Images/Images_Automatic/Normal Part1/Normal (28).E2E/2- 26- 2017 9- 47- 31 AM/Image 18.png,./Macular-Dataset-R.Rasti_old/Normal Part1/Normal (28).E2E/2- 26- 2017 9- 47- 31 AM/Image 18.TIFF
../Images/Images_Automatic/Normal Part1/Normal (28).E2E/2- 26- 2017 9- 47- 31 AM/Image 19.png,./Macular-Dataset-R.Rasti_old/Normal Part1/Normal (28).E2E/2- 26- 2017 9- 47- 31 AM/Image 19.TIFF
../Images/Images_Automatic/Normal Part1/Normal (28).E2E/2- 26- 2017 9- 47- 31 AM/Image 20.png,./Macular-Dataset-R.Rasti_old/Normal Part1/Normal (28).E2E/2- 26- 2017 9- 47- 31 AM/Image 20.TIFF
../Images/Images_Automatic/Normal Part1/Normal (28).E2E/2- 26- 2017 9- 47- 31 AM/Image 21.png,./Macular-Dataset-R.Rasti_old/Normal Part1/Normal (28).E2E/2- 26- 2017 9- 47- 31 AM/Image 21.TIFF
../Images/Images_Automatic/Normal Part1/Normal (28).E2E/2- 26- 2017 9- 47- 31 AM/Image 22.png,./Macular-Dataset-R.Rasti_old/Normal Part1/Normal (28).E2E/2- 26- 2017 9- 47- 31 AM/Image 22.TIFF
../Images/Images_Automatic/Normal Part1/Normal (28).E2E/2- 26- 2017 9- 47- 31 AM/Image 23.png,./Macular-Dataset-R.Rasti_old/Normal Part1/Normal (28).E2E/2- 26- 2017 9- 47- 31 AM/Image 23.TIFF
../Images/Images_Automatic/Normal Part1/Normal (28).E2E/2- 26- 2017 9- 47- 31 AM/Image 24.png,./Macular-Dataset-R.Rasti_old/Normal Part1/Normal (28).E2E/2- 26- 2017 9- 47- 31 AM/Image 24.TIFF
../Images/Images_Automatic/Normal Part1/Normal (28).E2E/2- 26- 2017 9- 47- 31 AM/Image 25.png,./Macular-Dataset-R.Rasti_old/Normal Part1/Normal (28).E2E/2- 26- 2017 9- 47- 31 AM/Image 25.TIFF
../Images/Images_Automatic/Normal Part1/Normal (28).E2E/2- 26- 2017 9- 47- 31 AM/Image 26.png,./Macular-Dataset-R.Rasti_old/Normal Part1/Normal (28).E2E/2- 26- 2017 9- 47- 31 AM/Image 26.TIFF
../Images/Images_Automatic/Normal Part1/Normal (28).E2E/2- 26- 2017 9- 47- 31 AM/Image 27.png,./Macular-Dataset-R.Rasti_old/Normal Part1/Normal (28).E2E/2- 26- 2017 9- 47- 31 AM/Image 27.TIFF
../Images/Images_Automatic/Normal Part1/Normal (28).E2E/2- 26- 2017 9- 47- 31 AM/Image 28.png,./Macular-Dataset-R.Rasti_old/Normal Part1/Normal (28).E2E/2- 26- 2017 9- 47- 31 AM/Image 28.TIFF
../Images/Images_Automatic/Normal Part1/Normal (28).E2E/2- 26- 2017 9- 47- 31 AM/Image 29.png,./Macular-Dataset-R.Rasti_old/Normal Part1/Normal (28).E2E/2- 26- 2017 9- 47- 31 AM/Image 29.TIFF
../Images/Images_Automatic/Normal Part1/Normal (28).E2E/2- 26- 2017 9- 47- 31 AM/Image 30.png,./Macular-Dataset-R.Rasti_old/Normal Part1/Normal (28).E2E/2- 26- 2017 9- 47- 31 AM/Image 30.TIFF
../Images/Images_Automatic/Normal Part1/Normal (28).E2E/2- 26- 2017 9- 47- 31 AM/Image 31.png,./Macular-Dataset-R.Rasti_old/Normal Part1/Normal (28).E2E/2- 26- 2017 9- 47- 31 AM/Image 31.TIFF
../Images/Images_Automatic/Normal Part2/Normal (29).E2E/2- 26- 2017 9- 48- 11 AM/Image 1.png,./Macular-Dataset-R.Rasti_old/Normal Part2/Normal (29).E2E/2- 26- 2017 9- 48- 11 AM/Image 1.TIFF
../Images/Images_Automatic/Normal Part2/Normal (29).E2E/2- 26- 2017 9- 48- 11 AM/Image 2.png,./Macular-Dataset-R.Rasti_old/Normal Part2/Normal (29).E2E/2- 26- 2017 9- 48- 11 AM/Image 2.TIFF
../Images/Images_Automatic/Normal Part2/Normal (29).E2E/2- 26- 2017 9- 48- 11 AM/Image 3.png,./Macular-Dataset-R.Rasti_old/Normal Part2/Normal (29).E2E/2- 26- 2017 9- 48- 11 AM/Image 3.TIFF
../Images/Images_Automatic/Normal Part2/Normal (29).E2E/2- 26- 2017 9- 48- 11 AM/Image 4.png,./Macular-Dataset-R.Rasti_old/Normal Part2/Normal (29).E2E/2- 26- 2017 9- 48- 11 AM/Image 4.TIFF
../Images/Images_Automatic/Normal Part2/Normal (29).E2E/2- 26- 2017 9- 48- 11 AM/Image 5.png,./Macular-Dataset-R.Rasti_old/Normal Part2/Normal (29).E2E/2- 26- 2017 9- 48- 11 AM/Image 5.TIFF
../Images/Images_Automatic/Normal Part2/Normal (29).E2E/2- 26- 2017 9- 48- 11 AM/Image 6.png,./Macular-Dataset-R.Rasti_old/Normal Part2/Normal (29).E2E/2- 26- 2017 9- 48- 11 AM/Image 6.TIFF
../Images/Images_Automatic/Normal Part2/Normal (29).E2E/2- 26- 2017 9- 48- 11 AM/Image 7.png,./Macular-Dataset-R.Rasti_old/Normal Part2/Normal (29).E2E/2- 26- 2017 9- 48- 11 AM/Image 7.TIFF
../Images/Images_Automatic/Normal Part2/Normal (29).E2E/2- 26- 2017 9- 48- 11 AM/Image 8.png,./Macular-Dataset-R.Rasti_old/Normal Part2/Normal (29).E2E/2- 26- 2017 9- 48- 11 AM/Image 8.TIFF
../Images/Images_Automatic/Normal Part2/Normal (29).E2E/2- 26- 2017 9- 48- 11 AM/Image 9.png,./Macular-Dataset-R.Rasti_old/Normal Part2/Normal (29).E2E/2- 26- 2017 9- 48- 11 AM/Image 9.TIFF
../Images/Images_Automatic/Normal Part2/Normal (29).E2E/2- 26- 2017 9- 48- 11 AM/Image 10.png,./Macular-Dataset-R.Rasti_old/Normal Part2/Normal (29).E2E/2- 26- 2017 9- 48- 11 AM/Image 10.TIFF
../Images/Images_Automatic/Normal Part2/Normal (29).E2E/2- 26- 2017 9- 48- 11 AM/Image 11.png,./Macular-Dataset-R.Rasti_old/Normal Part2/Normal (29).E2E/2- 26- 2017 9- 48- 11 AM/Image 11.TIFF
../Images/Images_Automatic/Normal Part2/Normal (29).E2E/2- 26- 2017 9- 48- 11 AM/Image 12.png,./Macular-Dataset-R.Rasti_old/Normal Part2/Normal (29).E2E/2- 26- 2017 9- 48- 11 AM/Image 12.TIFF
../Images/Images_Automatic/Normal Part2/Normal (29).E2E/2- 26- 2017 9- 48- 11 AM/Image 13.png,./Macular-Dataset-R.Rasti_old/Normal Part2/Normal (29).E2E/2- 26- 2017 9- 48- 11 AM/Image 13.TIFF
../Images/Images_Automatic/Normal Part2/Normal (29).E2E/2- 26- 2017 9- 48- 11 AM/Image 14.png,./Macular-Dataset-R.Rasti_old/Normal Part2/Normal (29).E2E/2- 26- 2017 9- 48- 11 AM/Image 14.TIFF
../Images/Images_Automatic/Normal Part2/Normal (29).E2E/2- 26- 2017 9- 48- 11 AM/Image 15.png,./Macular-Dataset-R.Rasti_old/Normal Part2/Normal (29).E2E/2- 26- 2017 9- 48- 11 AM/Image 15.TIFF
../Images/Images_Automatic/Normal Part2/Normal (29).E2E/2- 26- 2017 9- 48- 11 AM/Image 16.png,./Macular-Dataset-R.Rasti_old/Normal Part2/Normal (29).E2E/2- 26- 2017 9- 48- 11 AM/Image 16.TIFF
../Images/Images_Automatic/Normal Part2/Normal (29).E2E/2- 26- 2017 9- 48- 11 AM/Image 17.png,./Macular-Dataset-R.Rasti_old/Normal Part2/Normal (29).E2E/2- 26- 2017 9- 48- 11 AM/Image 17.TIFF
../Images/Images_Automatic/Normal Part2/Normal (29).E2E/2- 26- 2017 9- 48- 11 AM/Image 18.png,./Macular-Dataset-R.Rasti_old/Normal Part2/Normal (29).E2E/2- 26- 2017 9- 48- 11 AM/Image 18.TIFF
../Images/Images_Automatic/Normal Part2/Normal (29).E2E/2- 26- 2017 9- 48- 11 AM/Image 19.png,./Macular-Dataset-R.Rasti_old/Normal Part2/Normal (29).E2E/2- 26- 2017 9- 48- 11 AM/Image 19.TIFF
../Images/Images_Automatic/Normal Part2/Normal (29).E2E/2- 26- 2017 9- 48- 11 AM/Image 20.png,./Macular-Dataset-R.Rasti_old/Normal Part2/Normal (29).E2E/2- 26- 2017 9- 48- 11 AM/Image 20.TIFF
../Images/Images_Automatic/Normal Part2/Normal (29).E2E/2- 26- 2017 9- 48- 11 AM/Image 21.png,./Macular-Dataset-R.Rasti_old/Normal Part2/Normal (29).E2E/2- 26- 2017 9- 48- 11 AM/Image 21.TIFF
../Images/Images_Automatic/Normal Part2/Normal (29).E2E/2- 26- 2017 9- 48- 11 AM/Image 22.png,./Macular-Dataset-R.Rasti_old/Normal Part2/Normal (29).E2E/2- 26- 2017 9- 48- 11 AM/Image 22.TIFF
../Images/Images_Automatic/Normal Part2/Normal (29).E2E/2- 26- 2017 9- 48- 11 AM/Image 23.png,./Macular-Dataset-R.Rasti_old/Normal Part2/Normal (29).E2E/2- 26- 2017 9- 48- 11 AM/Image 23.TIFF
../Images/Images_Automatic/Normal Part2/Normal (29).E2E/2- 26- 2017 9- 48- 11 AM/Image 24.png,./Macular-Dataset-R.Rasti_old/Normal Part2/Normal (29).E2E/2- 26- 2017 9- 48- 11 AM/Image 24.TIFF
../Images/Images_Automatic/Normal Part2/Normal (29).E2E/2- 26- 2017 9- 48- 11 AM/Image 25.png,./Macular-Dataset-R.Rasti_old/Normal Part2/Normal (29).E2E/2- 26- 2017 9- 48- 11 AM/Image 25.TIFF
../Images/Images_Automatic/Normal Part2/Normal (29).E2E/2- 26- 2017 9- 48- 11 AM/Image 26.png,./Macular-Dataset-R.Rasti_old/Normal Part2/Normal (29).E2E/2- 26- 2017 9- 48- 11 AM/Image 26.TIFF
../Images/Images_Automatic/Normal Part2/Normal (29).E2E/2- 26- 2017 9- 48- 11 AM/Image 27.png,./Macular-Dataset-R.Rasti_old/Normal Part2/Normal (29).E2E/2- 26- 2017 9- 48- 11 AM/Image 27.TIFF
../Images/Images_Automatic/Normal Part2/Normal (29).E2E/2- 26- 2017 9- 48- 11 AM/Image 28.png,./Macular-Dataset-R.Rasti_old/Normal Part2/Normal (29).E2E/2- 26- 2017 9- 48- 11 AM/Image 28.TIFF
../Images/Images_Automatic/Normal Part2/Normal (29).E2E/2- 26- 2017 9- 48- 11 AM/Image 29.png,./Macular-Dataset-R.Rasti_old/Normal Part2/Normal (29).E2E/2- 26- 2017 9- 48- 11 AM/Image 29.TIFF
../Images/Images_Automatic/Normal Part2/Normal (29).E2E/2- 26- 2017 9- 48- 11 AM/Image 30.png,./Macular-Dataset-R.Rasti_old/Normal Part2/Normal (29).E2E/2- 26- 2017 9- 48- 11 AM/Image 30.TIFF
../Images/Images_Automatic/Normal Part2/Normal (29).E2E/2- 26- 2017 9- 48- 11 AM/Image 31.png,./Macular-Dataset-R.Rasti_old/Normal Part2/Normal (29).E2E/2- 26- 2017 9- 48- 11 AM/Image 31.TIFF
../Images/Images_Automatic/Normal Part2/Normal (30).E2E/2- 26- 2017 9- 49- 03 AM/Image 1.png,./Macular-Dataset-R.Rasti_old/Normal Part2/Normal (30).E2E/2- 26- 2017 9- 49- 03 AM/Image 1.TIFF
../Images/Images_Automatic/Normal Part2/Normal (30).E2E/2- 26- 2017 9- 49- 03 AM/Image 2.png,./Macular-Dataset-R.Rasti_old/Normal Part2/Normal (30).E2E/2- 26- 2017 9- 49- 03 AM/Image 2.TIFF
../Images/Images_Automatic/Normal Part2/Normal (30).E2E/2- 26- 2017 9- 49- 03 AM/Image 3.png,./Macular-Dataset-R.Rasti_old/Normal Part2/Normal (30).E2E/2- 26- 2017 9- 49- 03 AM/Image 3.TIFF
../Images/Images_Automatic/Normal Part2/Normal (30).E2E/2- 26- 2017 9- 49- 03 AM/Image 4.png,./Macular-Dataset-R.Rasti_old/Normal Part2/Normal (30).E2E/2- 26- 2017 9- 49- 03 AM/Image 4.TIFF
../Images/Images_Automatic/Normal Part2/Normal (30).E2E/2- 26- 2017 9- 49- 03 AM/Image 5.png,./Macular-Dataset-R.Rasti_old/Normal Part2/Normal (30).E2E/2- 26- 2017 9- 49- 03 AM/Image 5.TIFF
../Images/Images_Automatic/Normal Part2/Normal (30).E2E/2- 26- 2017 9- 49- 03 AM/Image 6.png,./Macular-Dataset-R.Rasti_old/Normal Part2/Normal (30).E2E/2- 26- 2017 9- 49- 03 AM/Image 6.TIFF
../Images/Images_Automatic/Normal Part2/Normal (30).E2E/2- 26- 2017 9- 49- 03 AM/Image 7.png,./Macular-Dataset-R.Rasti_old/Normal Part2/Normal (30).E2E/2- 26- 2017 9- 49- 03 AM/Image 7.TIFF
../Images/Images_Automatic/Normal Part2/Normal (30).E2E/2- 26- 2017 9- 49- 03 AM/Image 8.png,./Macular-Dataset-R.Rasti_old/Normal Part2/Normal (30).E2E/2- 26- 2017 9- 49- 03 AM/Image 8.TIFF
../Images/Images_Automatic/Normal Part2/Normal (30).E2E/2- 26- 2017 9- 49- 03 AM/Image 9.png,./Macular-Dataset-R.Rasti_old/Normal Part2/Normal (30).E2E/2- 26- 2017 9- 49- 03 AM/Image 9.TIFF
../Images/Images_Automatic/Normal Part2/Normal (30).E2E/2- 26- 2017 9- 49- 03 AM/Image 10.png,./Macular-Dataset-R.Rasti_old/Normal Part2/Normal (30).E2E/2- 26- 2017 9- 49- 03 AM/Image 10.TIFF
../Images/Images_Automatic/Normal Part2/Normal (30).E2E/2- 26- 2017 9- 49- 03 AM/Image 11.png,./Macular-Dataset-R.Rasti_old/Normal Part2/Normal (30).E2E/2- 26- 2017 9- 49- 03 AM/Image 11.TIFF
../Images/Images_Automatic/Normal Part2/Normal (30).E2E/2- 26- 2017 9- 49- 03 AM/Image 12.png,./Macular-Dataset-R.Rasti_old/Normal Part2/Normal (30).E2E/2- 26- 2017 9- 49- 03 AM/Image 12.TIFF
../Images/Images_Automatic/Normal Part2/Normal (30).E2E/2- 26- 2017 9- 49- 03 AM/Image 13.png,./Macular-Dataset-R.Rasti_old/Normal Part2/Normal (30).E2E/2- 26- 2017 9- 49- 03 AM/Image 13.TIFF
../Images/Images_Automatic/Normal Part2/Normal (30).E2E/2- 26- 2017 9- 49- 03 AM/Image 14.png,./Macular-Dataset-R.Rasti_old/Normal Part2/Normal (30).E2E/2- 26- 2017 9- 49- 03 AM/Image 14.TIFF
../Images/Images_Automatic/Normal Part2/Normal (30).E2E/2- 26- 2017 9- 49- 03 AM/Image 15.png,./Macular-Dataset-R.Rasti_old/Normal Part2/Normal (30).E2E/2- 26- 2017 9- 49- 03 AM/Image 15.TIFF
../Images/Images_Automatic/Normal Part2/Normal (30).E2E/2- 26- 2017 9- 49- 03 AM/Image 16.png,./Macular-Dataset-R.Rasti_old/Normal Part2/Normal (30).E2E/2- 26- 2017 9- 49- 03 AM/Image 16.TIFF
../Images/Images_Automatic/Normal Part2/Normal (30).E2E/2- 26- 2017 9- 49- 03 AM/Image 17.png,./Macular-Dataset-R.Rasti_old/Normal Part2/Normal (30).E2E/2- 26- 2017 9- 49- 03 AM/Image 17.TIFF
../Images/Images_Automatic/Normal Part2/Normal (30).E2E/2- 26- 2017 9- 49- 03 AM/Image 18.png,./Macular-Dataset-R.Rasti_old/Normal Part2/Normal (30).E2E/2- 26- 2017 9- 49- 03 AM/Image 18.TIFF
../Images/Images_Automatic/Normal Part2/Normal (30).E2E/2- 26- 2017 9- 49- 03 AM/Image 19.png,./Macular-Dataset-R.Rasti_old/Normal Part2/Normal (30).E2E/2- 26- 2017 9- 49- 03 AM/Image 19.TIFF
../Images/Images_Automatic/Normal Part2/Normal (30).E2E/2- 26- 2017 9- 49- 03 AM/Image 20.png,./Macular-Dataset-R.Rasti_old/Normal Part2/Normal (30).E2E/2- 26- 2017 9- 49- 03 AM/Image 20.TIFF
../Images/Images_Automatic/Normal Part2/Normal (30).E2E/2- 26- 2017 9- 49- 03 AM/Image 21.png,./Macular-Dataset-R.Rasti_old/Normal Part2/Normal (30).E2E/2- 26- 2017 9- 49- 03 AM/Image 21.TIFF
../Images/Images_Automatic/Normal Part2/Normal (30).E2E/2- 26- 2017 9- 49- 03 AM/Image 22.png,./Macular-Dataset-R.Rasti_old/Normal Part2/Normal (30).E2E/2- 26- 2017 9- 49- 03 AM/Image 22.TIFF
../Images/Images_Automatic/Normal Part2/Normal (30).E2E/2- 26- 2017 9- 49- 03 AM/Image 23.png,./Macular-Dataset-R.Rasti_old/Normal Part2/Normal (30).E2E/2- 26- 2017 9- 49- 03 AM/Image 23.TIFF
../Images/Images_Automatic/Normal Part2/Normal (30).E2E/2- 26- 2017 9- 49- 03 AM/Image 24.png,./Macular-Dataset-R.Rasti_old/Normal Part2/Normal (30).E2E/2- 26- 2017 9- 49- 03 AM/Image 24.TIFF
../Images/Images_Automatic/Normal Part2/Normal (30).E2E/2- 26- 2017 9- 49- 03 AM/Image 25.png,./Macular-Dataset-R.Rasti_old/Normal Part2/Normal (30).E2E/2- 26- 2017 9- 49- 03 AM/Image 25.TIFF
../Images/Images_Automatic/Normal Part2/Normal (30).E2E/2- 26- 2017 9- 49- 03 AM/Image 26.png,./Macular-Dataset-R.Rasti_old/Normal Part2/Normal (30).E2E/2- 26- 2017 9- 49- 03 AM/Image 26.TIFF
../Images/Images_Automatic/Normal Part2/Normal (30).E2E/2- 26- 2017 9- 49- 03 AM/Image 27.png,./Macular-Dataset-R.Rasti_old/Normal Part2/Normal (30).E2E/2- 26- 2017 9- 49- 03 AM/Image 27.TIFF
../Images/Images_Automatic/Normal Part2/Normal (30).E2E/2- 26- 2017 9- 49- 03 AM/Image 28.png,./Macular-Dataset-R.Rasti_old/Normal Part2/Normal (30).E2E/2- 26- 2017 9- 49- 03 AM/Image 28.TIFF
../Images/Images_Automatic/Normal Part2/Normal (30).E2E/2- 26- 2017 9- 49- 03 AM/Image 29.png,./Macular-Dataset-R.Rasti_old/Normal Part2/Normal (30).E2E/2- 26- 2017 9- 49- 03 AM/Image 29.TIFF
../Images/Images_Automatic/Normal Part2/Normal (30).E2E/2- 26- 2017 9- 49- 03 AM/Image 30.png,./Macular-Dataset-R.Rasti_old/Normal Part2/Normal (30).E2E/2- 26- 2017 9- 49- 03 AM/Image 30.TIFF
../Images/Images_Automatic/Normal Part2/Normal (30).E2E/2- 26- 2017 9- 49- 03 AM/Image 31.png,./Macular-Dataset-R.Rasti_old/Normal Part2/Normal (30).E2E/2- 26- 2017 9- 49- 03 AM/Image 31.TIFF
../Images/Images_Automatic/Normal Part2/Normal (31).E2E/2- 26- 2017 9- 49- 50 AM/Image 1.png,./Macular-Dataset-R.Rasti_old/Normal Part2/Normal (31).E2E/2- 26- 2017 9- 49- 50 AM/Image 1.TIFF
../Images/Images_Automatic/Normal Part2/Normal (31).E2E/2- 26- 2017 9- 49- 50 AM/Image 2.png,./Macular-Dataset-R.Rasti_old/Normal Part2/Normal (31).E2E/2- 26- 2017 9- 49- 50 AM/Image 2.TIFF
../Images/Images_Automatic/Normal Part2/Normal (31).E2E/2- 26- 2017 9- 49- 50 AM/Image 3.png,./Macular-Dataset-R.Rasti_old/Normal Part2/Normal (31).E2E/2- 26- 2017 9- 49- 50 AM/Image 3.TIFF
../Images/Images_Automatic/Normal Part2/Normal (31).E2E/2- 26- 2017 9- 49- 50 AM/Image 4.png,./Macular-Dataset-R.Rasti_old/Normal Part2/Normal (31).E2E/2- 26- 2017 9- 49- 50 AM/Image 4.TIFF
../Images/Images_Automatic/Normal Part2/Normal (31).E2E/2- 26- 2017 9- 49- 50 AM/Image 5.png,./Macular-Dataset-R.Rasti_old/Normal Part2/Normal (31).E2E/2- 26- 2017 9- 49- 50 AM/Image 5.TIFF
../Images/Images_Automatic/Normal Part2/Normal (31).E2E/2- 26- 2017 9- 49- 50 AM/Image 6.png,./Macular-Dataset-R.Rasti_old/Normal Part2/Normal (31).E2E/2- 26- 2017 9- 49- 50 AM/Image 6.TIFF
../Images/Images_Automatic/Normal Part2/Normal (31).E2E/2- 26- 2017 9- 49- 50 AM/Image 7.png,./Macular-Dataset-R.Rasti_old/Normal Part2/Normal (31).E2E/2- 26- 2017 9- 49- 50 AM/Image 7.TIFF
../Images/Images_Automatic/Normal Part2/Normal (31).E2E/2- 26- 2017 9- 49- 50 AM/Image 8.png,./Macular-Dataset-R.Rasti_old/Normal Part2/Normal (31).E2E/2- 26- 2017 9- 49- 50 AM/Image 8.TIFF
../Images/Images_Automatic/Normal Part2/Normal (31).E2E/2- 26- 2017 9- 49- 50 AM/Image 9.png,./Macular-Dataset-R.Rasti_old/Normal Part2/Normal (31).E2E/2- 26- 2017 9- 49- 50 AM/Image 9.TIFF
../Images/Images_Automatic/Normal Part2/Normal (31).E2E/2- 26- 2017 9- 49- 50 AM/Image 10.png,./Macular-Dataset-R.Rasti_old/Normal Part2/Normal (31).E2E/2- 26- 2017 9- 49- 50 AM/Image 10.TIFF
../Images/Images_Automatic/Normal Part2/Normal (31).E2E/2- 26- 2017 9- 49- 50 AM/Image 11.png,./Macular-Dataset-R.Rasti_old/Normal Part2/Normal (31).E2E/2- 26- 2017 9- 49- 50 AM/Image 11.TIFF
../Images/Images_Automatic/Normal Part2/Normal (31).E2E/2- 26- 2017 9- 49- 50 AM/Image 12.png,./Macular-Dataset-R.Rasti_old/Normal Part2/Normal (31).E2E/2- 26- 2017 9- 49- 50 AM/Image 12.TIFF
../Images/Images_Automatic/Normal Part2/Normal (31).E2E/2- 26- 2017 9- 49- 50 AM/Image 13.png,./Macular-Dataset-R.Rasti_old/Normal Part2/Normal (31).E2E/2- 26- 2017 9- 49- 50 AM/Image 13.TIFF
../Images/Images_Automatic/Normal Part2/Normal (31).E2E/2- 26- 2017 9- 49- 50 AM/Image 14.png,./Macular-Dataset-R.Rasti_old/Normal Part2/Normal (31).E2E/2- 26- 2017 9- 49- 50 AM/Image 14.TIFF
../Images/Images_Automatic/Normal Part2/Normal (31).E2E/2- 26- 2017 9- 49- 50 AM/Image 15.png,./Macular-Dataset-R.Rasti_old/Normal Part2/Normal (31).E2E/2- 26- 2017 9- 49- 50 AM/Image 15.TIFF
../Images/Images_Automatic/Normal Part2/Normal (31).E2E/2- 26- 2017 9- 49- 50 AM/Image 16.png,./Macular-Dataset-R.Rasti_old/Normal Part2/Normal (31).E2E/2- 26- 2017 9- 49- 50 AM/Image 16.TIFF
../Images/Images_Automatic/Normal Part2/Normal (31).E2E/2- 26- 2017 9- 49- 50 AM/Image 17.png,./Macular-Dataset-R.Rasti_old/Normal Part2/Normal (31).E2E/2- 26- 2017 9- 49- 50 AM/Image 17.TIFF
../Images/Images_Automatic/Normal Part2/Normal (31).E2E/2- 26- 2017 9- 49- 50 AM/Image 18.png,./Macular-Dataset-R.Rasti_old/Normal Part2/Normal (31).E2E/2- 26- 2017 9- 49- 50 AM/Image 18.TIFF
../Images/Images_Automatic/Normal Part2/Normal (31).E2E/2- 26- 2017 9- 49- 50 AM/Image 19.png,./Macular-Dataset-R.Rasti_old/Normal Part2/Normal (31).E2E/2- 26- 2017 9- 49- 50 AM/Image 19.TIFF
../Images/Images_Automatic/Normal Part2/Normal (31).E2E/2- 26- 2017 9- 49- 50 AM/Image 20.png,./Macular-Dataset-R.Rasti_old/Normal Part2/Normal (31).E2E/2- 26- 2017 9- 49- 50 AM/Image 20.TIFF
../Images/Images_Automatic/Normal Part2/Normal (31).E2E/2- 26- 2017 9- 49- 50 AM/Image 21.png,./Macular-Dataset-R.Rasti_old/Normal Part2/Normal (31).E2E/2- 26- 2017 9- 49- 50 AM/Image 21.TIFF
../Images/Images_Automatic/Normal Part2/Normal (31).E2E/2- 26- 2017 9- 49- 50 AM/Image 22.png,./Macular-Dataset-R.Rasti_old/Normal Part2/Normal (31).E2E/2- 26- 2017 9- 49- 50 AM/Image 22.TIFF
../Images/Images_Automatic/Normal Part2/Normal (31).E2E/2- 26- 2017 9- 49- 50 AM/Image 23.png,./Macular-Dataset-R.Rasti_old/Normal Part2/Normal (31).E2E/2- 26- 2017 9- 49- 50 AM/Image 23.TIFF
../Images/Images_Automatic/Normal Part2/Normal (31).E2E/2- 26- 2017 9- 49- 50 AM/Image 24.png,./Macular-Dataset-R.Rasti_old/Normal Part2/Normal (31).E2E/2- 26- 2017 9- 49- 50 AM/Image 24.TIFF
../Images/Images_Automatic/Normal Part2/Normal (31).E2E/2- 26- 2017 9- 49- 50 AM/Image 25.png,./Macular-Dataset-R.Rasti_old/Normal Part2/Normal (31).E2E/2- 26- 2017 9- 49- 50 AM/Image 25.TIFF
../Images/Images_Automatic/Normal Part2/Normal (31).E2E/2- 26- 2017 9- 49- 50 AM/Image 26.png,./Macular-Dataset-R.Rasti_old/Normal Part2/Normal (31).E2E/2- 26- 2017 9- 49- 50 AM/Image 26.TIFF
../Images/Images_Automatic/Normal Part2/Normal (31).E2E/2- 26- 2017 9- 49- 50 AM/Image 27.png,./Macular-Dataset-R.Rasti_old/Normal Part2/Normal (31).E2E/2- 26- 2017 9- 49- 50 AM/Image 27.TIFF
../Images/Images_Automatic/Normal Part2/Normal (31).E2E/2- 26- 2017 9- 49- 50 AM/Image 28.png,./Macular-Dataset-R.Rasti_old/Normal Part2/Normal (31).E2E/2- 26- 2017 9- 49- 50 AM/Image 28.TIFF
../Images/Images_Automatic/Normal Part2/Normal (31).E2E/2- 26- 2017 9- 49- 50 AM/Image 29.png,./Macular-Dataset-R.Rasti_old/Normal Part2/Normal (31).E2E/2- 26- 2017 9- 49- 50 AM/Image 29.TIFF
../Images/Images_Automatic/Normal Part2/Normal (31).E2E/2- 26- 2017 9- 49- 50 AM/Image 30.png,./Macular-Dataset-R.Rasti_old/Normal Part2/Normal (31).E2E/2- 26- 2017 9- 49- 50 AM/Image 30.TIFF
../Images/Images_Automatic/Normal Part2/Normal (31).E2E/2- 26- 2017 9- 49- 50 AM/Image 31.png,./Macular-Dataset-R.Rasti_old/Normal Part2/Normal (31).E2E/2- 26- 2017 9- 49- 50 AM/Image 31.TIFF
../Images/Images_Automatic/Normal Part2/Normal (32).E2E/2- 26- 2017 9- 50- 55 AM/Image 1.png,./Macular-Dataset-R.Rasti_old/Normal Part2/Normal (32).E2E/2- 26- 2017 9- 50- 55 AM/Image 1.TIFF
../Images/Images_Automatic/Normal Part2/Normal (32).E2E/2- 26- 2017 9- 50- 55 AM/Image 2.png,./Macular-Dataset-R.Rasti_old/Normal Part2/Normal (32).E2E/2- 26- 2017 9- 50- 55 AM/Image 2.TIFF
../Images/Images_Automatic/Normal Part2/Normal (32).E2E/2- 26- 2017 9- 50- 55 AM/Image 3.png,./Macular-Dataset-R.Rasti_old/Normal Part2/Normal (32).E2E/2- 26- 2017 9- 50- 55 AM/Image 3.TIFF
../Images/Images_Automatic/Normal Part2/Normal (32).E2E/2- 26- 2017 9- 50- 55 AM/Image 4.png,./Macular-Dataset-R.Rasti_old/Normal Part2/Normal (32).E2E/2- 26- 2017 9- 50- 55 AM/Image 4.TIFF
../Images/Images_Automatic/Normal Part2/Normal (32).E2E/2- 26- 2017 9- 50- 55 AM/Image 5.png,./Macular-Dataset-R.Rasti_old/Normal Part2/Normal (32).E2E/2- 26- 2017 9- 50- 55 AM/Image 5.TIFF
../Images/Images_Automatic/Normal Part2/Normal (32).E2E/2- 26- 2017 9- 50- 55 AM/Image 6.png,./Macular-Dataset-R.Rasti_old/Normal Part2/Normal (32).E2E/2- 26- 2017 9- 50- 55 AM/Image 6.TIFF
../Images/Images_Automatic/Normal Part2/Normal (32).E2E/2- 26- 2017 9- 50- 55 AM/Image 7.png,./Macular-Dataset-R.Rasti_old/Normal Part2/Normal (32).E2E/2- 26- 2017 9- 50- 55 AM/Image 7.TIFF
../Images/Images_Automatic/Normal Part2/Normal (32).E2E/2- 26- 2017 9- 50- 55 AM/Image 8.png,./Macular-Dataset-R.Rasti_old/Normal Part2/Normal (32).E2E/2- 26- 2017 9- 50- 55 AM/Image 8.TIFF
../Images/Images_Automatic/Normal Part2/Normal (32).E2E/2- 26- 2017 9- 50- 55 AM/Image 9.png,./Macular-Dataset-R.Rasti_old/Normal Part2/Normal (32).E2E/2- 26- 2017 9- 50- 55 AM/Image 9.TIFF
../Images/Images_Automatic/Normal Part2/Normal (32).E2E/2- 26- 2017 9- 50- 55 AM/Image 10.png,./Macular-Dataset-R.Rasti_old/Normal Part2/Normal (32).E2E/2- 26- 2017 9- 50- 55 AM/Image 10.TIFF
../Images/Images_Automatic/Normal Part2/Normal (32).E2E/2- 26- 2017 9- 50- 55 AM/Image 11.png,./Macular-Dataset-R.Rasti_old/Normal Part2/Normal (32).E2E/2- 26- 2017 9- 50- 55 AM/Image 11.TIFF
../Images/Images_Automatic/Normal Part2/Normal (32).E2E/2- 26- 2017 9- 50- 55 AM/Image 12.png,./Macular-Dataset-R.Rasti_old/Normal Part2/Normal (32).E2E/2- 26- 2017 9- 50- 55 AM/Image 12.TIFF
../Images/Images_Automatic/Normal Part2/Normal (32).E2E/2- 26- 2017 9- 50- 55 AM/Image 13.png,./Macular-Dataset-R.Rasti_old/Normal Part2/Normal (32).E2E/2- 26- 2017 9- 50- 55 AM/Image 13.TIFF
../Images/Images_Automatic/Normal Part2/Normal (32).E2E/2- 26- 2017 9- 50- 55 AM/Image 14.png,./Macular-Dataset-R.Rasti_old/Normal Part2/Normal (32).E2E/2- 26- 2017 9- 50- 55 AM/Image 14.TIFF
../Images/Images_Automatic/Normal Part2/Normal (32).E2E/2- 26- 2017 9- 50- 55 AM/Image 15.png,./Macular-Dataset-R.Rasti_old/Normal Part2/Normal (32).E2E/2- 26- 2017 9- 50- 55 AM/Image 15.TIFF
../Images/Images_Automatic/Normal Part2/Normal (32).E2E/2- 26- 2017 9- 50- 55 AM/Image 16.png,./Macular-Dataset-R.Rasti_old/Normal Part2/Normal (32).E2E/2- 26- 2017 9- 50- 55 AM/Image 16.TIFF
../Images/Images_Automatic/Normal Part2/Normal (32).E2E/2- 26- 2017 9- 50- 55 AM/Image 17.png,./Macular-Dataset-R.Rasti_old/Normal Part2/Normal (32).E2E/2- 26- 2017 9- 50- 55 AM/Image 17.TIFF
../Images/Images_Automatic/Normal Part2/Normal (32).E2E/2- 26- 2017 9- 50- 55 AM/Image 18.png,./Macular-Dataset-R.Rasti_old/Normal Part2/Normal (32).E2E/2- 26- 2017 9- 50- 55 AM/Image 18.TIFF
../Images/Images_Automatic/Normal Part2/Normal (32).E2E/2- 26- 2017 9- 50- 55 AM/Image 19.png,./Macular-Dataset-R.Rasti_old/Normal Part2/Normal (32).E2E/2- 26- 2017 9- 50- 55 AM/Image 19.TIFF
../Images/Images_Automatic/Normal Part2/Normal (32).E2E/2- 26- 2017 9- 50- 55 AM/Image 20.png,./Macular-Dataset-R.Rasti_old/Normal Part2/Normal (32).E2E/2- 26- 2017 9- 50- 55 AM/Image 20.TIFF
../Images/Images_Automatic/Normal Part2/Normal (32).E2E/2- 26- 2017 9- 50- 55 AM/Image 21.png,./Macular-Dataset-R.Rasti_old/Normal Part2/Normal (32).E2E/2- 26- 2017 9- 50- 55 AM/Image 21.TIFF
../Images/Images_Automatic/Normal Part2/Normal (32).E2E/2- 26- 2017 9- 50- 55 AM/Image 22.png,./Macular-Dataset-R.Rasti_old/Normal Part2/Normal (32).E2E/2- 26- 2017 9- 50- 55 AM/Image 22.TIFF
../Images/Images_Automatic/Normal Part2/Normal (32).E2E/2- 26- 2017 9- 50- 55 AM/Image 23.png,./Macular-Dataset-R.Rasti_old/Normal Part2/Normal (32).E2E/2- 26- 2017 9- 50- 55 AM/Image 23.TIFF
../Images/Images_Automatic/Normal Part2/Normal (32).E2E/2- 26- 2017 9- 50- 55 AM/Image 24.png,./Macular-Dataset-R.Rasti_old/Normal Part2/Normal (32).E2E/2- 26- 2017 9- 50- 55 AM/Image 24.TIFF
../Images/Images_Automatic/Normal Part2/Normal (32).E2E/2- 26- 2017 9- 50- 55 AM/Image 25.png,./Macular-Dataset-R.Rasti_old/Normal Part2/Normal (32).E2E/2- 26- 2017 9- 50- 55 AM/Image 25.TIFF
../Images/Images_Automatic/Normal Part2/Normal (32).E2E/2- 26- 2017 9- 50- 55 AM/Image 26.png,./Macular-Dataset-R.Rasti_old/Normal Part2/Normal (32).E2E/2- 26- 2017 9- 50- 55 AM/Image 26.TIFF
../Images/Images_Automatic/Normal Part2/Normal (32).E2E/2- 26- 2017 9- 50- 55 AM/Image 27.png,./Macular-Dataset-R.Rasti_old/Normal Part2/Normal (32).E2E/2- 26- 2017 9- 50- 55 AM/Image 27.TIFF
../Images/Images_Automatic/Normal Part2/Normal (32).E2E/2- 26- 2017 9- 50- 55 AM/Image 28.png,./Macular-Dataset-R.Rasti_old/Normal Part2/Normal (32).E2E/2- 26- 2017 9- 50- 55 AM/Image 28.TIFF
../Images/Images_Automatic/Normal Part2/Normal (32).E2E/2- 26- 2017 9- 50- 55 AM/Image 29.png,./Macular-Dataset-R.Rasti_old/Normal Part2/Normal (32).E2E/2- 26- 2017 9- 50- 55 AM/Image 29.TIFF
../Images/Images_Automatic/Normal Part2/Normal (32).E2E/2- 26- 2017 9- 50- 55 AM/Image 30.png,./Macular-Dataset-R.Rasti_old/Normal Part2/Normal (32).E2E/2- 26- 2017 9- 50- 55 AM/Image 30.TIFF
../Images/Images_Automatic/Normal Part2/Normal (32).E2E/2- 26- 2017 9- 50- 55 AM/Image 31.png,./Macular-Dataset-R.Rasti_old/Normal Part2/Normal (32).E2E/2- 26- 2017 9- 50- 55 AM/Image 31.TIFF
../Images/Images_Automatic/Normal Part2/Normal (32).E2E/2- 26- 2017 9- 50- 55 AM/Image 32.png,./Macular-Dataset-R.Rasti_old/Normal Part2/Normal (32).E2E/2- 26- 2017 9- 50- 55 AM/Image 32.TIFF
../Images/Images_Automatic/Normal Part2/Normal (32).E2E/2- 26- 2017 9- 50- 55 AM/Image 33.png,./Macular-Dataset-R.Rasti_old/Normal Part2/Normal (32).E2E/2- 26- 2017 9- 50- 55 AM/Image 33.TIFF
../Images/Images_Automatic/Normal Part2/Normal (32).E2E/2- 26- 2017 9- 50- 55 AM/Image 34.png,./Macular-Dataset-R.Rasti_old/Normal Part2/Normal (32).E2E/2- 26- 2017 9- 50- 55 AM/Image 34.TIFF
../Images/Images_Automatic/Normal Part2/Normal (32).E2E/2- 26- 2017 9- 50- 55 AM/Image 35.png,./Macular-Dataset-R.Rasti_old/Normal Part2/Normal (32).E2E/2- 26- 2017 9- 50- 55 AM/Image 35.TIFF
../Images/Images_Automatic/Normal Part2/Normal (32).E2E/2- 26- 2017 9- 50- 55 AM/Image 36.png,./Macular-Dataset-R.Rasti_old/Normal Part2/Normal (32).E2E/2- 26- 2017 9- 50- 55 AM/Image 36.TIFF
../Images/Images_Automatic/Normal Part2/Normal (32).E2E/2- 26- 2017 9- 50- 55 AM/Image 37.png,./Macular-Dataset-R.Rasti_old/Normal Part2/Normal (32).E2E/2- 26- 2017 9- 50- 55 AM/Image 37.TIFF
../Images/Images_Automatic/Normal Part2/Normal (32).E2E/2- 26- 2017 9- 50- 55 AM/Image 38.png,./Macular-Dataset-R.Rasti_old/Normal Part2/Normal (32).E2E/2- 26- 2017 9- 50- 55 AM/Image 38.TIFF
../Images/Images_Automatic/Normal Part2/Normal (32).E2E/2- 26- 2017 9- 50- 55 AM/Image 39.png,./Macular-Dataset-R.Rasti_old/Normal Part2/Normal (32).E2E/2- 26- 2017 9- 50- 55 AM/Image 39.TIFF
../Images/Images_Automatic/Normal Part2/Normal (32).E2E/2- 26- 2017 9- 50- 55 AM/Image 40.png,./Macular-Dataset-R.Rasti_old/Normal Part2/Normal (32).E2E/2- 26- 2017 9- 50- 55 AM/Image 40.TIFF
../Images/Images_Automatic/Normal Part2/Normal (32).E2E/2- 26- 2017 9- 50- 55 AM/Image 41.png,./Macular-Dataset-R.Rasti_old/Normal Part2/Normal (32).E2E/2- 26- 2017 9- 50- 55 AM/Image 41.TIFF
../Images/Images_Automatic/Normal Part2/Normal (32).E2E/2- 26- 2017 9- 50- 55 AM/Image 42.png,./Macular-Dataset-R.Rasti_old/Normal Part2/Normal (32).E2E/2- 26- 2017 9- 50- 55 AM/Image 42.TIFF
../Images/Images_Automatic/Normal Part2/Normal (32).E2E/2- 26- 2017 9- 50- 55 AM/Image 43.png,./Macular-Dataset-R.Rasti_old/Normal Part2/Normal (32).E2E/2- 26- 2017 9- 50- 55 AM/Image 43.TIFF
../Images/Images_Automatic/Normal Part2/Normal (32).E2E/2- 26- 2017 9- 50- 55 AM/Image 44.png,./Macular-Dataset-R.Rasti_old/Normal Part2/Normal (32).E2E/2- 26- 2017 9- 50- 55 AM/Image 44.TIFF
../Images/Images_Automatic/Normal Part2/Normal (32).E2E/2- 26- 2017 9- 50- 55 AM/Image 45.png,./Macular-Dataset-R.Rasti_old/Normal Part2/Normal (32).E2E/2- 26- 2017 9- 50- 55 AM/Image 45.TIFF
../Images/Images_Automatic/Normal Part2/Normal (32).E2E/2- 26- 2017 9- 50- 55 AM/Image 46.png,./Macular-Dataset-R.Rasti_old/Normal Part2/Normal (32).E2E/2- 26- 2017 9- 50- 55 AM/Image 46.TIFF
../Images/Images_Automatic/Normal Part2/Normal (32).E2E/2- 26- 2017 9- 50- 55 AM/Image 47.png,./Macular-Dataset-R.Rasti_old/Normal Part2/Normal (32).E2E/2- 26- 2017 9- 50- 55 AM/Image 47.TIFF
../Images/Images_Automatic/Normal Part2/Normal (32).E2E/2- 26- 2017 9- 50- 55 AM/Image 48.png,./Macular-Dataset-R.Rasti_old/Normal Part2/Normal (32).E2E/2- 26- 2017 9- 50- 55 AM/Image 48.TIFF
../Images/Images_Automatic/Normal Part2/Normal (32).E2E/2- 26- 2017 9- 50- 55 AM/Image 49.png,./Macular-Dataset-R.Rasti_old/Normal Part2/Normal (32).E2E/2- 26- 2017 9- 50- 55 AM/Image 49.TIFF
../Images/Images_Automatic/Normal Part2/Normal (32).E2E/2- 26- 2017 9- 50- 55 AM/Image 50.png,./Macular-Dataset-R.Rasti_old/Normal Part2/Normal (32).E2E/2- 26- 2017 9- 50- 55 AM/Image 50.TIFF
../Images/Images_Automatic/Normal Part2/Normal (32).E2E/2- 26- 2017 9- 50- 55 AM/Image 51.png,./Macular-Dataset-R.Rasti_old/Normal Part2/Normal (32).E2E/2- 26- 2017 9- 50- 55 AM/Image 51.TIFF
../Images/Images_Automatic/Normal Part2/Normal (32).E2E/2- 26- 2017 9- 50- 55 AM/Image 52.png,./Macular-Dataset-R.Rasti_old/Normal Part2/Normal (32).E2E/2- 26- 2017 9- 50- 55 AM/Image 52.TIFF
../Images/Images_Automatic/Normal Part2/Normal (32).E2E/2- 26- 2017 9- 50- 55 AM/Image 53.png,./Macular-Dataset-R.Rasti_old/Normal Part2/Normal (32).E2E/2- 26- 2017 9- 50- 55 AM/Image 53.TIFF
../Images/Images_Automatic/Normal Part2/Normal (32).E2E/2- 26- 2017 9- 50- 55 AM/Image 54.png,./Macular-Dataset-R.Rasti_old/Normal Part2/Normal (32).E2E/2- 26- 2017 9- 50- 55 AM/Image 54.TIFF
../Images/Images_Automatic/Normal Part2/Normal (32).E2E/2- 26- 2017 9- 50- 55 AM/Image 55.png,./Macular-Dataset-R.Rasti_old/Normal Part2/Normal (32).E2E/2- 26- 2017 9- 50- 55 AM/Image 55.TIFF
../Images/Images_Automatic/Normal Part2/Normal (32).E2E/2- 26- 2017 9- 50- 55 AM/Image 56.png,./Macular-Dataset-R.Rasti_old/Normal Part2/Normal (32).E2E/2- 26- 2017 9- 50- 55 AM/Image 56.TIFF
../Images/Images_Automatic/Normal Part2/Normal (32).E2E/2- 26- 2017 9- 50- 55 AM/Image 57.png,./Macular-Dataset-R.Rasti_old/Normal Part2/Normal (32).E2E/2- 26- 2017 9- 50- 55 AM/Image 57.TIFF
../Images/Images_Automatic/Normal Part2/Normal (32).E2E/2- 26- 2017 9- 50- 55 AM/Image 58.png,./Macular-Dataset-R.Rasti_old/Normal Part2/Normal (32).E2E/2- 26- 2017 9- 50- 55 AM/Image 58.TIFF
../Images/Images_Automatic/Normal Part2/Normal (32).E2E/2- 26- 2017 9- 50- 55 AM/Image 59.png,./Macular-Dataset-R.Rasti_old/Normal Part2/Normal (32).E2E/2- 26- 2017 9- 50- 55 AM/Image 59.TIFF
../Images/Images_Automatic/Normal Part2/Normal (32).E2E/2- 26- 2017 9- 50- 55 AM/Image 60.png,./Macular-Dataset-R.Rasti_old/Normal Part2/Normal (32).E2E/2- 26- 2017 9- 50- 55 AM/Image 60.TIFF
../Images/Images_Automatic/Normal Part2/Normal (32).E2E/2- 26- 2017 9- 50- 55 AM/Image 61.png,./Macular-Dataset-R.Rasti_old/Normal Part2/Normal (32).E2E/2- 26- 2017 9- 50- 55 AM/Image 61.TIFF
../Images/Images_Automatic/Normal Part2/Normal (33).E2E/2- 26- 2017 9- 52- 42 AM/Image 1.png,./Macular-Dataset-R.Rasti_old/Normal Part2/Normal (33).E2E/2- 26- 2017 9- 52- 42 AM/Image 1.TIFF
../Images/Images_Automatic/Normal Part2/Normal (33).E2E/2- 26- 2017 9- 52- 42 AM/Image 2.png,./Macular-Dataset-R.Rasti_old/Normal Part2/Normal (33).E2E/2- 26- 2017 9- 52- 42 AM/Image 2.TIFF
../Images/Images_Automatic/Normal Part2/Normal (33).E2E/2- 26- 2017 9- 52- 42 AM/Image 3.png,./Macular-Dataset-R.Rasti_old/Normal Part2/Normal (33).E2E/2- 26- 2017 9- 52- 42 AM/Image 3.TIFF
../Images/Images_Automatic/Normal Part2/Normal (33).E2E/2- 26- 2017 9- 52- 42 AM/Image 4.png,./Macular-Dataset-R.Rasti_old/Normal Part2/Normal (33).E2E/2- 26- 2017 9- 52- 42 AM/Image 4.TIFF
../Images/Images_Automatic/Normal Part2/Normal (33).E2E/2- 26- 2017 9- 52- 42 AM/Image 5.png,./Macular-Dataset-R.Rasti_old/Normal Part2/Normal (33).E2E/2- 26- 2017 9- 52- 42 AM/Image 5.TIFF
../Images/Images_Automatic/Normal Part2/Normal (33).E2E/2- 26- 2017 9- 52- 42 AM/Image 6.png,./Macular-Dataset-R.Rasti_old/Normal Part2/Normal (33).E2E/2- 26- 2017 9- 52- 42 AM/Image 6.TIFF
../Images/Images_Automatic/Normal Part2/Normal (33).E2E/2- 26- 2017 9- 52- 42 AM/Image 7.png,./Macular-Dataset-R.Rasti_old/Normal Part2/Normal (33).E2E/2- 26- 2017 9- 52- 42 AM/Image 7.TIFF
../Images/Images_Automatic/Normal Part2/Normal (33).E2E/2- 26- 2017 9- 52- 42 AM/Image 8.png,./Macular-Dataset-R.Rasti_old/Normal Part2/Normal (33).E2E/2- 26- 2017 9- 52- 42 AM/Image 8.TIFF
../Images/Images_Automatic/Normal Part2/Normal (33).E2E/2- 26- 2017 9- 52- 42 AM/Image 9.png,./Macular-Dataset-R.Rasti_old/Normal Part2/Normal (33).E2E/2- 26- 2017 9- 52- 42 AM/Image 9.TIFF
../Images/Images_Automatic/Normal Part2/Normal (33).E2E/2- 26- 2017 9- 52- 42 AM/Image 10.png,./Macular-Dataset-R.Rasti_old/Normal Part2/Normal (33).E2E/2- 26- 2017 9- 52- 42 AM/Image 10.TIFF
../Images/Images_Automatic/Normal Part2/Normal (33).E2E/2- 26- 2017 9- 52- 42 AM/Image 11.png,./Macular-Dataset-R.Rasti_old/Normal Part2/Normal (33).E2E/2- 26- 2017 9- 52- 42 AM/Image 11.TIFF
../Images/Images_Automatic/Normal Part2/Normal (33).E2E/2- 26- 2017 9- 52- 42 AM/Image 12.png,./Macular-Dataset-R.Rasti_old/Normal Part2/Normal (33).E2E/2- 26- 2017 9- 52- 42 AM/Image 12.TIFF
../Images/Images_Automatic/Normal Part2/Normal (33).E2E/2- 26- 2017 9- 52- 42 AM/Image 13.png,./Macular-Dataset-R.Rasti_old/Normal Part2/Normal (33).E2E/2- 26- 2017 9- 52- 42 AM/Image 13.TIFF
../Images/Images_Automatic/Normal Part2/Normal (33).E2E/2- 26- 2017 9- 52- 42 AM/Image 14.png,./Macular-Dataset-R.Rasti_old/Normal Part2/Normal (33).E2E/2- 26- 2017 9- 52- 42 AM/Image 14.TIFF
../Images/Images_Automatic/Normal Part2/Normal (33).E2E/2- 26- 2017 9- 52- 42 AM/Image 15.png,./Macular-Dataset-R.Rasti_old/Normal Part2/Normal (33).E2E/2- 26- 2017 9- 52- 42 AM/Image 15.TIFF
../Images/Images_Automatic/Normal Part2/Normal (33).E2E/2- 26- 2017 9- 52- 42 AM/Image 16.png,./Macular-Dataset-R.Rasti_old/Normal Part2/Normal (33).E2E/2- 26- 2017 9- 52- 42 AM/Image 16.TIFF
../Images/Images_Automatic/Normal Part2/Normal (33).E2E/2- 26- 2017 9- 52- 42 AM/Image 17.png,./Macular-Dataset-R.Rasti_old/Normal Part2/Normal (33).E2E/2- 26- 2017 9- 52- 42 AM/Image 17.TIFF
../Images/Images_Automatic/Normal Part2/Normal (33).E2E/2- 26- 2017 9- 52- 42 AM/Image 18.png,./Macular-Dataset-R.Rasti_old/Normal Part2/Normal (33).E2E/2- 26- 2017 9- 52- 42 AM/Image 18.TIFF
../Images/Images_Automatic/Normal Part2/Normal (33).E2E/2- 26- 2017 9- 52- 42 AM/Image 19.png,./Macular-Dataset-R.Rasti_old/Normal Part2/Normal (33).E2E/2- 26- 2017 9- 52- 42 AM/Image 19.TIFF
../Images/Images_Automatic/Normal Part2/Normal (33).E2E/2- 26- 2017 9- 52- 42 AM/Image 20.png,./Macular-Dataset-R.Rasti_old/Normal Part2/Normal (33).E2E/2- 26- 2017 9- 52- 42 AM/Image 20.TIFF
../Images/Images_Automatic/Normal Part2/Normal (33).E2E/2- 26- 2017 9- 52- 42 AM/Image 21.png,./Macular-Dataset-R.Rasti_old/Normal Part2/Normal (33).E2E/2- 26- 2017 9- 52- 42 AM/Image 21.TIFF
../Images/Images_Automatic/Normal Part2/Normal (33).E2E/2- 26- 2017 9- 52- 42 AM/Image 22.png,./Macular-Dataset-R.Rasti_old/Normal Part2/Normal (33).E2E/2- 26- 2017 9- 52- 42 AM/Image 22.TIFF
../Images/Images_Automatic/Normal Part2/Normal (33).E2E/2- 26- 2017 9- 52- 42 AM/Image 23.png,./Macular-Dataset-R.Rasti_old/Normal Part2/Normal (33).E2E/2- 26- 2017 9- 52- 42 AM/Image 23.TIFF
../Images/Images_Automatic/Normal Part2/Normal (33).E2E/2- 26- 2017 9- 52- 42 AM/Image 24.png,./Macular-Dataset-R.Rasti_old/Normal Part2/Normal (33).E2E/2- 26- 2017 9- 52- 42 AM/Image 24.TIFF
../Images/Images_Automatic/Normal Part2/Normal (33).E2E/2- 26- 2017 9- 52- 42 AM/Image 25.png,./Macular-Dataset-R.Rasti_old/Normal Part2/Normal (33).E2E/2- 26- 2017 9- 52- 42 AM/Image 25.TIFF
../Images/Images_Automatic/Normal Part2/Normal (33).E2E/2- 26- 2017 9- 52- 42 AM/Image 26.png,./Macular-Dataset-R.Rasti_old/Normal Part2/Normal (33).E2E/2- 26- 2017 9- 52- 42 AM/Image 26.TIFF
../Images/Images_Automatic/Normal Part2/Normal (33).E2E/2- 26- 2017 9- 52- 42 AM/Image 27.png,./Macular-Dataset-R.Rasti_old/Normal Part2/Normal (33).E2E/2- 26- 2017 9- 52- 42 AM/Image 27.TIFF
../Images/Images_Automatic/Normal Part2/Normal (33).E2E/2- 26- 2017 9- 52- 42 AM/Image 28.png,./Macular-Dataset-R.Rasti_old/Normal Part2/Normal (33).E2E/2- 26- 2017 9- 52- 42 AM/Image 28.TIFF
../Images/Images_Automatic/Normal Part2/Normal (33).E2E/2- 26- 2017 9- 52- 42 AM/Image 29.png,./Macular-Dataset-R.Rasti_old/Normal Part2/Normal (33).E2E/2- 26- 2017 9- 52- 42 AM/Image 29.TIFF
../Images/Images_Automatic/Normal Part2/Normal (33).E2E/2- 26- 2017 9- 52- 42 AM/Image 30.png,./Macular-Dataset-R.Rasti_old/Normal Part2/Normal (33).E2E/2- 26- 2017 9- 52- 42 AM/Image 30.TIFF
../Images/Images_Automatic/Normal Part2/Normal (33).E2E/2- 26- 2017 9- 52- 42 AM/Image 31.png,./Macular-Dataset-R.Rasti_old/Normal Part2/Normal (33).E2E/2- 26- 2017 9- 52- 42 AM/Image 31.TIFF
../Images/Images_Automatic/Normal Part2/Normal (33).E2E/2- 26- 2017 9- 52- 42 AM/Image 32.png,./Macular-Dataset-R.Rasti_old/Normal Part2/Normal (33).E2E/2- 26- 2017 9- 52- 42 AM/Image 32.TIFF
../Images/Images_Automatic/Normal Part2/Normal (33).E2E/2- 26- 2017 9- 52- 42 AM/Image 33.png,./Macular-Dataset-R.Rasti_old/Normal Part2/Normal (33).E2E/2- 26- 2017 9- 52- 42 AM/Image 33.TIFF
../Images/Images_Automatic/Normal Part2/Normal (33).E2E/2- 26- 2017 9- 52- 42 AM/Image 34.png,./Macular-Dataset-R.Rasti_old/Normal Part2/Normal (33).E2E/2- 26- 2017 9- 52- 42 AM/Image 34.TIFF
../Images/Images_Automatic/Normal Part2/Normal (33).E2E/2- 26- 2017 9- 52- 42 AM/Image 35.png,./Macular-Dataset-R.Rasti_old/Normal Part2/Normal (33).E2E/2- 26- 2017 9- 52- 42 AM/Image 35.TIFF
../Images/Images_Automatic/Normal Part2/Normal (33).E2E/2- 26- 2017 9- 52- 42 AM/Image 36.png,./Macular-Dataset-R.Rasti_old/Normal Part2/Normal (33).E2E/2- 26- 2017 9- 52- 42 AM/Image 36.TIFF
../Images/Images_Automatic/Normal Part2/Normal (33).E2E/2- 26- 2017 9- 52- 42 AM/Image 37.png,./Macular-Dataset-R.Rasti_old/Normal Part2/Normal (33).E2E/2- 26- 2017 9- 52- 42 AM/Image 37.TIFF
../Images/Images_Automatic/Normal Part2/Normal (33).E2E/2- 26- 2017 9- 52- 42 AM/Image 38.png,./Macular-Dataset-R.Rasti_old/Normal Part2/Normal (33).E2E/2- 26- 2017 9- 52- 42 AM/Image 38.TIFF
../Images/Images_Automatic/Normal Part2/Normal (33).E2E/2- 26- 2017 9- 52- 42 AM/Image 39.png,./Macular-Dataset-R.Rasti_old/Normal Part2/Normal (33).E2E/2- 26- 2017 9- 52- 42 AM/Image 39.TIFF
../Images/Images_Automatic/Normal Part2/Normal (33).E2E/2- 26- 2017 9- 52- 42 AM/Image 40.png,./Macular-Dataset-R.Rasti_old/Normal Part2/Normal (33).E2E/2- 26- 2017 9- 52- 42 AM/Image 40.TIFF
../Images/Images_Automatic/Normal Part2/Normal (33).E2E/2- 26- 2017 9- 52- 42 AM/Image 41.png,./Macular-Dataset-R.Rasti_old/Normal Part2/Normal (33).E2E/2- 26- 2017 9- 52- 42 AM/Image 41.TIFF
../Images/Images_Automatic/Normal Part2/Normal (33).E2E/2- 26- 2017 9- 52- 42 AM/Image 42.png,./Macular-Dataset-R.Rasti_old/Normal Part2/Normal (33).E2E/2- 26- 2017 9- 52- 42 AM/Image 42.TIFF
../Images/Images_Automatic/Normal Part2/Normal (33).E2E/2- 26- 2017 9- 52- 42 AM/Image 43.png,./Macular-Dataset-R.Rasti_old/Normal Part2/Normal (33).E2E/2- 26- 2017 9- 52- 42 AM/Image 43.TIFF
../Images/Images_Automatic/Normal Part2/Normal (33).E2E/2- 26- 2017 9- 52- 42 AM/Image 44.png,./Macular-Dataset-R.Rasti_old/Normal Part2/Normal (33).E2E/2- 26- 2017 9- 52- 42 AM/Image 44.TIFF
../Images/Images_Automatic/Normal Part2/Normal (33).E2E/2- 26- 2017 9- 52- 42 AM/Image 45.png,./Macular-Dataset-R.Rasti_old/Normal Part2/Normal (33).E2E/2- 26- 2017 9- 52- 42 AM/Image 45.TIFF
../Images/Images_Automatic/Normal Part2/Normal (33).E2E/2- 26- 2017 9- 52- 42 AM/Image 46.png,./Macular-Dataset-R.Rasti_old/Normal Part2/Normal (33).E2E/2- 26- 2017 9- 52- 42 AM/Image 46.TIFF
../Images/Images_Automatic/Normal Part2/Normal (33).E2E/2- 26- 2017 9- 52- 42 AM/Image 47.png,./Macular-Dataset-R.Rasti_old/Normal Part2/Normal (33).E2E/2- 26- 2017 9- 52- 42 AM/Image 47.TIFF
../Images/Images_Automatic/Normal Part2/Normal (33).E2E/2- 26- 2017 9- 52- 42 AM/Image 48.png,./Macular-Dataset-R.Rasti_old/Normal Part2/Normal (33).E2E/2- 26- 2017 9- 52- 42 AM/Image 48.TIFF
../Images/Images_Automatic/Normal Part2/Normal (33).E2E/2- 26- 2017 9- 52- 42 AM/Image 49.png,./Macular-Dataset-R.Rasti_old/Normal Part2/Normal (33).E2E/2- 26- 2017 9- 52- 42 AM/Image 49.TIFF
../Images/Images_Automatic/Normal Part2/Normal (33).E2E/2- 26- 2017 9- 52- 42 AM/Image 50.png,./Macular-Dataset-R.Rasti_old/Normal Part2/Normal (33).E2E/2- 26- 2017 9- 52- 42 AM/Image 50.TIFF
../Images/Images_Automatic/Normal Part2/Normal (33).E2E/2- 26- 2017 9- 52- 42 AM/Image 51.png,./Macular-Dataset-R.Rasti_old/Normal Part2/Normal (33).E2E/2- 26- 2017 9- 52- 42 AM/Image 51.TIFF
../Images/Images_Automatic/Normal Part2/Normal (33).E2E/2- 26- 2017 9- 52- 42 AM/Image 52.png,./Macular-Dataset-R.Rasti_old/Normal Part2/Normal (33).E2E/2- 26- 2017 9- 52- 42 AM/Image 52.TIFF
../Images/Images_Automatic/Normal Part2/Normal (33).E2E/2- 26- 2017 9- 52- 42 AM/Image 53.png,./Macular-Dataset-R.Rasti_old/Normal Part2/Normal (33).E2E/2- 26- 2017 9- 52- 42 AM/Image 53.TIFF
../Images/Images_Automatic/Normal Part2/Normal (33).E2E/2- 26- 2017 9- 52- 42 AM/Image 54.png,./Macular-Dataset-R.Rasti_old/Normal Part2/Normal (33).E2E/2- 26- 2017 9- 52- 42 AM/Image 54.TIFF
../Images/Images_Automatic/Normal Part2/Normal (33).E2E/2- 26- 2017 9- 52- 42 AM/Image 55.png,./Macular-Dataset-R.Rasti_old/Normal Part2/Normal (33).E2E/2- 26- 2017 9- 52- 42 AM/Image 55.TIFF
../Images/Images_Automatic/Normal Part2/Normal (33).E2E/2- 26- 2017 9- 52- 42 AM/Image 56.png,./Macular-Dataset-R.Rasti_old/Normal Part2/Normal (33).E2E/2- 26- 2017 9- 52- 42 AM/Image 56.TIFF
../Images/Images_Automatic/Normal Part2/Normal (33).E2E/2- 26- 2017 9- 52- 42 AM/Image 57.png,./Macular-Dataset-R.Rasti_old/Normal Part2/Normal (33).E2E/2- 26- 2017 9- 52- 42 AM/Image 57.TIFF
../Images/Images_Automatic/Normal Part2/Normal (33).E2E/2- 26- 2017 9- 52- 42 AM/Image 58.png,./Macular-Dataset-R.Rasti_old/Normal Part2/Normal (33).E2E/2- 26- 2017 9- 52- 42 AM/Image 58.TIFF
../Images/Images_Automatic/Normal Part2/Normal (33).E2E/2- 26- 2017 9- 52- 42 AM/Image 59.png,./Macular-Dataset-R.Rasti_old/Normal Part2/Normal (33).E2E/2- 26- 2017 9- 52- 42 AM/Image 59.TIFF
../Images/Images_Automatic/Normal Part2/Normal (33).E2E/2- 26- 2017 9- 52- 42 AM/Image 60.png,./Macular-Dataset-R.Rasti_old/Normal Part2/Normal (33).E2E/2- 26- 2017 9- 52- 42 AM/Image 60.TIFF
../Images/Images_Automatic/Normal Part2/Normal (33).E2E/2- 26- 2017 9- 52- 42 AM/Image 61.png,./Macular-Dataset-R.Rasti_old/Normal Part2/Normal (33).E2E/2- 26- 2017 9- 52- 42 AM/Image 61.TIFF
../Images/Images_Automatic/Normal Part2/Normal (41).E2E/2- 26- 2017 10- 13- 17 AM/Image 1.png,./Macular-Dataset-R.Rasti_old/Normal Part2/Normal (41).E2E/2- 26- 2017 10- 13- 17 AM/Image 1.TIFF
../Images/Images_Automatic/Normal Part2/Normal (41).E2E/2- 26- 2017 10- 13- 17 AM/Image 2.png,./Macular-Dataset-R.Rasti_old/Normal Part2/Normal (41).E2E/2- 26- 2017 10- 13- 17 AM/Image 2.TIFF
../Images/Images_Automatic/Normal Part2/Normal (41).E2E/2- 26- 2017 10- 13- 17 AM/Image 3.png,./Macular-Dataset-R.Rasti_old/Normal Part2/Normal (41).E2E/2- 26- 2017 10- 13- 17 AM/Image 3.TIFF
../Images/Images_Automatic/Normal Part2/Normal (41).E2E/2- 26- 2017 10- 13- 17 AM/Image 4.png,./Macular-Dataset-R.Rasti_old/Normal Part2/Normal (41).E2E/2- 26- 2017 10- 13- 17 AM/Image 4.TIFF
../Images/Images_Automatic/Normal Part2/Normal (41).E2E/2- 26- 2017 10- 13- 17 AM/Image 5.png,./Macular-Dataset-R.Rasti_old/Normal Part2/Normal (41).E2E/2- 26- 2017 10- 13- 17 AM/Image 5.TIFF
../Images/Images_Automatic/Normal Part2/Normal (41).E2E/2- 26- 2017 10- 13- 17 AM/Image 6.png,./Macular-Dataset-R.Rasti_old/Normal Part2/Normal (41).E2E/2- 26- 2017 10- 13- 17 AM/Image 6.TIFF
../Images/Images_Automatic/Normal Part2/Normal (41).E2E/2- 26- 2017 10- 13- 17 AM/Image 7.png,./Macular-Dataset-R.Rasti_old/Normal Part2/Normal (41).E2E/2- 26- 2017 10- 13- 17 AM/Image 7.TIFF
../Images/Images_Automatic/Normal Part2/Normal (41).E2E/2- 26- 2017 10- 13- 17 AM/Image 8.png,./Macular-Dataset-R.Rasti_old/Normal Part2/Normal (41).E2E/2- 26- 2017 10- 13- 17 AM/Image 8.TIFF
../Images/Images_Automatic/Normal Part2/Normal (41).E2E/2- 26- 2017 10- 13- 17 AM/Image 9.png,./Macular-Dataset-R.Rasti_old/Normal Part2/Normal (41).E2E/2- 26- 2017 10- 13- 17 AM/Image 9.TIFF
../Images/Images_Automatic/Normal Part2/Normal (41).E2E/2- 26- 2017 10- 13- 17 AM/Image 10.png,./Macular-Dataset-R.Rasti_old/Normal Part2/Normal (41).E2E/2- 26- 2017 10- 13- 17 AM/Image 10.TIFF
../Images/Images_Automatic/Normal Part2/Normal (41).E2E/2- 26- 2017 10- 13- 17 AM/Image 11.png,./Macular-Dataset-R.Rasti_old/Normal Part2/Normal (41).E2E/2- 26- 2017 10- 13- 17 AM/Image 11.TIFF
../Images/Images_Automatic/Normal Part2/Normal (41).E2E/2- 26- 2017 10- 13- 17 AM/Image 12.png,./Macular-Dataset-R.Rasti_old/Normal Part2/Normal (41).E2E/2- 26- 2017 10- 13- 17 AM/Image 12.TIFF
../Images/Images_Automatic/Normal Part2/Normal (41).E2E/2- 26- 2017 10- 13- 17 AM/Image 13.png,./Macular-Dataset-R.Rasti_old/Normal Part2/Normal (41).E2E/2- 26- 2017 10- 13- 17 AM/Image 13.TIFF
../Images/Images_Automatic/Normal Part2/Normal (41).E2E/2- 26- 2017 10- 13- 17 AM/Image 14.png,./Macular-Dataset-R.Rasti_old/Normal Part2/Normal (41).E2E/2- 26- 2017 10- 13- 17 AM/Image 14.TIFF
../Images/Images_Automatic/Normal Part2/Normal (41).E2E/2- 26- 2017 10- 13- 17 AM/Image 15.png,./Macular-Dataset-R.Rasti_old/Normal Part2/Normal (41).E2E/2- 26- 2017 10- 13- 17 AM/Image 15.TIFF
../Images/Images_Automatic/Normal Part2/Normal (41).E2E/2- 26- 2017 10- 13- 17 AM/Image 16.png,./Macular-Dataset-R.Rasti_old/Normal Part2/Normal (41).E2E/2- 26- 2017 10- 13- 17 AM/Image 16.TIFF
../Images/Images_Automatic/Normal Part2/Normal (41).E2E/2- 26- 2017 10- 13- 17 AM/Image 17.png,./Macular-Dataset-R.Rasti_old/Normal Part2/Normal (41).E2E/2- 26- 2017 10- 13- 17 AM/Image 17.TIFF
../Images/Images_Automatic/Normal Part2/Normal (41).E2E/2- 26- 2017 10- 13- 17 AM/Image 18.png,./Macular-Dataset-R.Rasti_old/Normal Part2/Normal (41).E2E/2- 26- 2017 10- 13- 17 AM/Image 18.TIFF
../Images/Images_Automatic/Normal Part2/Normal (41).E2E/2- 26- 2017 10- 13- 17 AM/Image 19.png,./Macular-Dataset-R.Rasti_old/Normal Part2/Normal (41).E2E/2- 26- 2017 10- 13- 17 AM/Image 19.TIFF
../Images/Images_Automatic/Normal Part2/Normal (42).E2E/2- 26- 2017 10- 15- 48 AM/Image 1.png,./Macular-Dataset-R.Rasti_old/Normal Part2/Normal (42).E2E/2- 26- 2017 10- 15- 48 AM/Image 1.TIFF
../Images/Images_Automatic/Normal Part2/Normal (42).E2E/2- 26- 2017 10- 15- 48 AM/Image 2.png,./Macular-Dataset-R.Rasti_old/Normal Part2/Normal (42).E2E/2- 26- 2017 10- 15- 48 AM/Image 2.TIFF
../Images/Images_Automatic/Normal Part2/Normal (42).E2E/2- 26- 2017 10- 15- 48 AM/Image 3.png,./Macular-Dataset-R.Rasti_old/Normal Part2/Normal (42).E2E/2- 26- 2017 10- 15- 48 AM/Image 3.TIFF
../Images/Images_Automatic/Normal Part2/Normal (42).E2E/2- 26- 2017 10- 15- 48 AM/Image 4.png,./Macular-Dataset-R.Rasti_old/Normal Part2/Normal (42).E2E/2- 26- 2017 10- 15- 48 AM/Image 4.TIFF
../Images/Images_Automatic/Normal Part2/Normal (42).E2E/2- 26- 2017 10- 15- 48 AM/Image 5.png,./Macular-Dataset-R.Rasti_old/Normal Part2/Normal (42).E2E/2- 26- 2017 10- 15- 48 AM/Image 5.TIFF
../Images/Images_Automatic/Normal Part2/Normal (42).E2E/2- 26- 2017 10- 15- 48 AM/Image 6.png,./Macular-Dataset-R.Rasti_old/Normal Part2/Normal (42).E2E/2- 26- 2017 10- 15- 48 AM/Image 6.TIFF
../Images/Images_Automatic/Normal Part2/Normal (42).E2E/2- 26- 2017 10- 15- 48 AM/Image 7.png,./Macular-Dataset-R.Rasti_old/Normal Part2/Normal (42).E2E/2- 26- 2017 10- 15- 48 AM/Image 7.TIFF
../Images/Images_Automatic/Normal Part2/Normal (42).E2E/2- 26- 2017 10- 15- 48 AM/Image 8.png,./Macular-Dataset-R.Rasti_old/Normal Part2/Normal (42).E2E/2- 26- 2017 10- 15- 48 AM/Image 8.TIFF
../Images/Images_Automatic/Normal Part2/Normal (42).E2E/2- 26- 2017 10- 15- 48 AM/Image 9.png,./Macular-Dataset-R.Rasti_old/Normal Part2/Normal (42).E2E/2- 26- 2017 10- 15- 48 AM/Image 9.TIFF
../Images/Images_Automatic/Normal Part2/Normal (42).E2E/2- 26- 2017 10- 15- 48 AM/Image 10.png,./Macular-Dataset-R.Rasti_old/Normal Part2/Normal (42).E2E/2- 26- 2017 10- 15- 48 AM/Image 10.TIFF
../Images/Images_Automatic/Normal Part2/Normal (42).E2E/2- 26- 2017 10- 15- 48 AM/Image 11.png,./Macular-Dataset-R.Rasti_old/Normal Part2/Normal (42).E2E/2- 26- 2017 10- 15- 48 AM/Image 11.TIFF
../Images/Images_Automatic/Normal Part2/Normal (42).E2E/2- 26- 2017 10- 15- 48 AM/Image 12.png,./Macular-Dataset-R.Rasti_old/Normal Part2/Normal (42).E2E/2- 26- 2017 10- 15- 48 AM/Image 12.TIFF
../Images/Images_Automatic/Normal Part2/Normal (42).E2E/2- 26- 2017 10- 15- 48 AM/Image 13.png,./Macular-Dataset-R.Rasti_old/Normal Part2/Normal (42).E2E/2- 26- 2017 10- 15- 48 AM/Image 13.TIFF
../Images/Images_Automatic/Normal Part2/Normal (42).E2E/2- 26- 2017 10- 15- 48 AM/Image 14.png,./Macular-Dataset-R.Rasti_old/Normal Part2/Normal (42).E2E/2- 26- 2017 10- 15- 48 AM/Image 14.TIFF
../Images/Images_Automatic/Normal Part2/Normal (42).E2E/2- 26- 2017 10- 15- 48 AM/Image 15.png,./Macular-Dataset-R.Rasti_old/Normal Part2/Normal (42).E2E/2- 26- 2017 10- 15- 48 AM/Image 15.TIFF
../Images/Images_Automatic/Normal Part2/Normal (42).E2E/2- 26- 2017 10- 15- 48 AM/Image 16.png,./Macular-Dataset-R.Rasti_old/Normal Part2/Normal (42).E2E/2- 26- 2017 10- 15- 48 AM/Image 16.TIFF
../Images/Images_Automatic/Normal Part2/Normal (42).E2E/2- 26- 2017 10- 15- 48 AM/Image 17.png,./Macular-Dataset-R.Rasti_old/Normal Part2/Normal (42).E2E/2- 26- 2017 10- 15- 48 AM/Image 17.TIFF
../Images/Images_Automatic/Normal Part2/Normal (42).E2E/2- 26- 2017 10- 15- 48 AM/Image 18.png,./Macular-Dataset-R.Rasti_old/Normal Part2/Normal (42).E2E/2- 26- 2017 10- 15- 48 AM/Image 18.TIFF
../Images/Images_Automatic/Normal Part2/Normal (42).E2E/2- 26- 2017 10- 15- 48 AM/Image 19.png,./Macular-Dataset-R.Rasti_old/Normal Part2/Normal (42).E2E/2- 26- 2017 10- 15- 48 AM/Image 19.TIFF
../Images/Images_Automatic/Normal Part2/Normal (43).E2E/2- 26- 2017 10- 16- 46 AM/Image 1.png,./Macular-Dataset-R.Rasti_old/Normal Part2/Normal (43).E2E/2- 26- 2017 10- 16- 46 AM/Image 1.TIFF
../Images/Images_Automatic/Normal Part2/Normal (43).E2E/2- 26- 2017 10- 16- 46 AM/Image 2.png,./Macular-Dataset-R.Rasti_old/Normal Part2/Normal (43).E2E/2- 26- 2017 10- 16- 46 AM/Image 2.TIFF
../Images/Images_Automatic/Normal Part2/Normal (43).E2E/2- 26- 2017 10- 16- 46 AM/Image 3.png,./Macular-Dataset-R.Rasti_old/Normal Part2/Normal (43).E2E/2- 26- 2017 10- 16- 46 AM/Image 3.TIFF
../Images/Images_Automatic/Normal Part2/Normal (43).E2E/2- 26- 2017 10- 16- 46 AM/Image 4.png,./Macular-Dataset-R.Rasti_old/Normal Part2/Normal (43).E2E/2- 26- 2017 10- 16- 46 AM/Image 4.TIFF
../Images/Images_Automatic/Normal Part2/Normal (43).E2E/2- 26- 2017 10- 16- 46 AM/Image 5.png,./Macular-Dataset-R.Rasti_old/Normal Part2/Normal (43).E2E/2- 26- 2017 10- 16- 46 AM/Image 5.TIFF
../Images/Images_Automatic/Normal Part2/Normal (43).E2E/2- 26- 2017 10- 16- 46 AM/Image 6.png,./Macular-Dataset-R.Rasti_old/Normal Part2/Normal (43).E2E/2- 26- 2017 10- 16- 46 AM/Image 6.TIFF
../Images/Images_Automatic/Normal Part2/Normal (43).E2E/2- 26- 2017 10- 16- 46 AM/Image 7.png,./Macular-Dataset-R.Rasti_old/Normal Part2/Normal (43).E2E/2- 26- 2017 10- 16- 46 AM/Image 7.TIFF
../Images/Images_Automatic/Normal Part2/Normal (43).E2E/2- 26- 2017 10- 16- 46 AM/Image 8.png,./Macular-Dataset-R.Rasti_old/Normal Part2/Normal (43).E2E/2- 26- 2017 10- 16- 46 AM/Image 8.TIFF
../Images/Images_Automatic/Normal Part2/Normal (43).E2E/2- 26- 2017 10- 16- 46 AM/Image 9.png,./Macular-Dataset-R.Rasti_old/Normal Part2/Normal (43).E2E/2- 26- 2017 10- 16- 46 AM/Image 9.TIFF
../Images/Images_Automatic/Normal Part2/Normal (43).E2E/2- 26- 2017 10- 16- 46 AM/Image 10.png,./Macular-Dataset-R.Rasti_old/Normal Part2/Normal (43).E2E/2- 26- 2017 10- 16- 46 AM/Image 10.TIFF
../Images/Images_Automatic/Normal Part2/Normal (43).E2E/2- 26- 2017 10- 16- 46 AM/Image 11.png,./Macular-Dataset-R.Rasti_old/Normal Part2/Normal (43).E2E/2- 26- 2017 10- 16- 46 AM/Image 11.TIFF
../Images/Images_Automatic/Normal Part2/Normal (43).E2E/2- 26- 2017 10- 16- 46 AM/Image 12.png,./Macular-Dataset-R.Rasti_old/Normal Part2/Normal (43).E2E/2- 26- 2017 10- 16- 46 AM/Image 12.TIFF
../Images/Images_Automatic/Normal Part2/Normal (43).E2E/2- 26- 2017 10- 16- 46 AM/Image 13.png,./Macular-Dataset-R.Rasti_old/Normal Part2/Normal (43).E2E/2- 26- 2017 10- 16- 46 AM/Image 13.TIFF
../Images/Images_Automatic/Normal Part2/Normal (43).E2E/2- 26- 2017 10- 16- 46 AM/Image 14.png,./Macular-Dataset-R.Rasti_old/Normal Part2/Normal (43).E2E/2- 26- 2017 10- 16- 46 AM/Image 14.TIFF
../Images/Images_Automatic/Normal Part2/Normal (43).E2E/2- 26- 2017 10- 16- 46 AM/Image 15.png,./Macular-Dataset-R.Rasti_old/Normal Part2/Normal (43).E2E/2- 26- 2017 10- 16- 46 AM/Image 15.TIFF
../Images/Images_Automatic/Normal Part2/Normal (43).E2E/2- 26- 2017 10- 16- 46 AM/Image 16.png,./Macular-Dataset-R.Rasti_old/Normal Part2/Normal (43).E2E/2- 26- 2017 10- 16- 46 AM/Image 16.TIFF
../Images/Images_Automatic/Normal Part2/Normal (43).E2E/2- 26- 2017 10- 16- 46 AM/Image 17.png,./Macular-Dataset-R.Rasti_old/Normal Part2/Normal (43).E2E/2- 26- 2017 10- 16- 46 AM/Image 17.TIFF
../Images/Images_Automatic/Normal Part2/Normal (43).E2E/2- 26- 2017 10- 16- 46 AM/Image 18.png,./Macular-Dataset-R.Rasti_old/Normal Part2/Normal (43).E2E/2- 26- 2017 10- 16- 46 AM/Image 18.TIFF
../Images/Images_Automatic/Normal Part2/Normal (43).E2E/2- 26- 2017 10- 16- 46 AM/Image 19.png,./Macular-Dataset-R.Rasti_old/Normal Part2/Normal (43).E2E/2- 26- 2017 10- 16- 46 AM/Image 19.TIFF
../Images/Images_Automatic/Normal Part2/Normal (43).E2E/2- 26- 2017 10- 16- 46 AM/Image 20.png,./Macular-Dataset-R.Rasti_old/Normal Part2/Normal (43).E2E/2- 26- 2017 10- 16- 46 AM/Image 20.TIFF
../Images/Images_Automatic/Normal Part2/Normal (43).E2E/2- 26- 2017 10- 16- 46 AM/Image 21.png,./Macular-Dataset-R.Rasti_old/Normal Part2/Normal (43).E2E/2- 26- 2017 10- 16- 46 AM/Image 21.TIFF
../Images/Images_Automatic/Normal Part2/Normal (43).E2E/2- 26- 2017 10- 16- 46 AM/Image 22.png,./Macular-Dataset-R.Rasti_old/Normal Part2/Normal (43).E2E/2- 26- 2017 10- 16- 46 AM/Image 22.TIFF
../Images/Images_Automatic/Normal Part2/Normal (43).E2E/2- 26- 2017 10- 16- 46 AM/Image 23.png,./Macular-Dataset-R.Rasti_old/Normal Part2/Normal (43).E2E/2- 26- 2017 10- 16- 46 AM/Image 23.TIFF
../Images/Images_Automatic/Normal Part2/Normal (43).E2E/2- 26- 2017 10- 16- 46 AM/Image 24.png,./Macular-Dataset-R.Rasti_old/Normal Part2/Normal (43).E2E/2- 26- 2017 10- 16- 46 AM/Image 24.TIFF
../Images/Images_Automatic/Normal Part2/Normal (43).E2E/2- 26- 2017 10- 16- 46 AM/Image 25.png,./Macular-Dataset-R.Rasti_old/Normal Part2/Normal (43).E2E/2- 26- 2017 10- 16- 46 AM/Image 25.TIFF
../Images/Images_Automatic/Normal Part2/Normal (43).E2E/2- 26- 2017 10- 16- 46 AM/Image 26.png,./Macular-Dataset-R.Rasti_old/Normal Part2/Normal (43).E2E/2- 26- 2017 10- 16- 46 AM/Image 26.TIFF
../Images/Images_Automatic/Normal Part2/Normal (43).E2E/2- 26- 2017 10- 16- 46 AM/Image 27.png,./Macular-Dataset-R.Rasti_old/Normal Part2/Normal (43).E2E/2- 26- 2017 10- 16- 46 AM/Image 27.TIFF
../Images/Images_Automatic/Normal Part2/Normal (43).E2E/2- 26- 2017 10- 16- 46 AM/Image 28.png,./Macular-Dataset-R.Rasti_old/Normal Part2/Normal (43).E2E/2- 26- 2017 10- 16- 46 AM/Image 28.TIFF
../Images/Images_Automatic/Normal Part2/Normal (43).E2E/2- 26- 2017 10- 16- 46 AM/Image 29.png,./Macular-Dataset-R.Rasti_old/Normal Part2/Normal (43).E2E/2- 26- 2017 10- 16- 46 AM/Image 29.TIFF
../Images/Images_Automatic/Normal Part2/Normal (43).E2E/2- 26- 2017 10- 16- 46 AM/Image 30.png,./Macular-Dataset-R.Rasti_old/Normal Part2/Normal (43).E2E/2- 26- 2017 10- 16- 46 AM/Image 30.TIFF
../Images/Images_Automatic/Normal Part2/Normal (43).E2E/2- 26- 2017 10- 16- 46 AM/Image 31.png,./Macular-Dataset-R.Rasti_old/Normal Part2/Normal (43).E2E/2- 26- 2017 10- 16- 46 AM/Image 31.TIFF
../Images/Images_Automatic/Normal Part2/Normal (44).E2E/2- 26- 2017 10- 17- 25 AM/Image 1.png,./Macular-Dataset-R.Rasti_old/Normal Part2/Normal (44).E2E/2- 26- 2017 10- 17- 25 AM/Image 1.TIFF
../Images/Images_Automatic/Normal Part2/Normal (44).E2E/2- 26- 2017 10- 17- 25 AM/Image 2.png,./Macular-Dataset-R.Rasti_old/Normal Part2/Normal (44).E2E/2- 26- 2017 10- 17- 25 AM/Image 2.TIFF
../Images/Images_Automatic/Normal Part2/Normal (44).E2E/2- 26- 2017 10- 17- 25 AM/Image 3.png,./Macular-Dataset-R.Rasti_old/Normal Part2/Normal (44).E2E/2- 26- 2017 10- 17- 25 AM/Image 3.TIFF
../Images/Images_Automatic/Normal Part2/Normal (44).E2E/2- 26- 2017 10- 17- 25 AM/Image 4.png,./Macular-Dataset-R.Rasti_old/Normal Part2/Normal (44).E2E/2- 26- 2017 10- 17- 25 AM/Image 4.TIFF
../Images/Images_Automatic/Normal Part2/Normal (44).E2E/2- 26- 2017 10- 17- 25 AM/Image 5.png,./Macular-Dataset-R.Rasti_old/Normal Part2/Normal (44).E2E/2- 26- 2017 10- 17- 25 AM/Image 5.TIFF
../Images/Images_Automatic/Normal Part2/Normal (44).E2E/2- 26- 2017 10- 17- 25 AM/Image 6.png,./Macular-Dataset-R.Rasti_old/Normal Part2/Normal (44).E2E/2- 26- 2017 10- 17- 25 AM/Image 6.TIFF
../Images/Images_Automatic/Normal Part2/Normal (44).E2E/2- 26- 2017 10- 17- 25 AM/Image 7.png,./Macular-Dataset-R.Rasti_old/Normal Part2/Normal (44).E2E/2- 26- 2017 10- 17- 25 AM/Image 7.TIFF
../Images/Images_Automatic/Normal Part2/Normal (44).E2E/2- 26- 2017 10- 17- 25 AM/Image 8.png,./Macular-Dataset-R.Rasti_old/Normal Part2/Normal (44).E2E/2- 26- 2017 10- 17- 25 AM/Image 8.TIFF
../Images/Images_Automatic/Normal Part2/Normal (44).E2E/2- 26- 2017 10- 17- 25 AM/Image 9.png,./Macular-Dataset-R.Rasti_old/Normal Part2/Normal (44).E2E/2- 26- 2017 10- 17- 25 AM/Image 9.TIFF
../Images/Images_Automatic/Normal Part2/Normal (44).E2E/2- 26- 2017 10- 17- 25 AM/Image 10.png,./Macular-Dataset-R.Rasti_old/Normal Part2/Normal (44).E2E/2- 26- 2017 10- 17- 25 AM/Image 10.TIFF
../Images/Images_Automatic/Normal Part2/Normal (44).E2E/2- 26- 2017 10- 17- 25 AM/Image 11.png,./Macular-Dataset-R.Rasti_old/Normal Part2/Normal (44).E2E/2- 26- 2017 10- 17- 25 AM/Image 11.TIFF
../Images/Images_Automatic/Normal Part2/Normal (44).E2E/2- 26- 2017 10- 17- 25 AM/Image 12.png,./Macular-Dataset-R.Rasti_old/Normal Part2/Normal (44).E2E/2- 26- 2017 10- 17- 25 AM/Image 12.TIFF
../Images/Images_Automatic/Normal Part2/Normal (44).E2E/2- 26- 2017 10- 17- 25 AM/Image 13.png,./Macular-Dataset-R.Rasti_old/Normal Part2/Normal (44).E2E/2- 26- 2017 10- 17- 25 AM/Image 13.TIFF
../Images/Images_Automatic/Normal Part2/Normal (44).E2E/2- 26- 2017 10- 17- 25 AM/Image 14.png,./Macular-Dataset-R.Rasti_old/Normal Part2/Normal (44).E2E/2- 26- 2017 10- 17- 25 AM/Image 14.TIFF
../Images/Images_Automatic/Normal Part2/Normal (44).E2E/2- 26- 2017 10- 17- 25 AM/Image 15.png,./Macular-Dataset-R.Rasti_old/Normal Part2/Normal (44).E2E/2- 26- 2017 10- 17- 25 AM/Image 15.TIFF
../Images/Images_Automatic/Normal Part2/Normal (44).E2E/2- 26- 2017 10- 17- 25 AM/Image 16.png,./Macular-Dataset-R.Rasti_old/Normal Part2/Normal (44).E2E/2- 26- 2017 10- 17- 25 AM/Image 16.TIFF
../Images/Images_Automatic/Normal Part2/Normal (44).E2E/2- 26- 2017 10- 17- 25 AM/Image 17.png,./Macular-Dataset-R.Rasti_old/Normal Part2/Normal (44).E2E/2- 26- 2017 10- 17- 25 AM/Image 17.TIFF
../Images/Images_Automatic/Normal Part2/Normal (44).E2E/2- 26- 2017 10- 17- 25 AM/Image 18.png,./Macular-Dataset-R.Rasti_old/Normal Part2/Normal (44).E2E/2- 26- 2017 10- 17- 25 AM/Image 18.TIFF
../Images/Images_Automatic/Normal Part2/Normal (44).E2E/2- 26- 2017 10- 17- 25 AM/Image 19.png,./Macular-Dataset-R.Rasti_old/Normal Part2/Normal (44).E2E/2- 26- 2017 10- 17- 25 AM/Image 19.TIFF
../Images/Images_Automatic/Normal Part2/Normal (44).E2E/2- 26- 2017 10- 17- 25 AM/Image 20.png,./Macular-Dataset-R.Rasti_old/Normal Part2/Normal (44).E2E/2- 26- 2017 10- 17- 25 AM/Image 20.TIFF
../Images/Images_Automatic/Normal Part2/Normal (44).E2E/2- 26- 2017 10- 17- 25 AM/Image 21.png,./Macular-Dataset-R.Rasti_old/Normal Part2/Normal (44).E2E/2- 26- 2017 10- 17- 25 AM/Image 21.TIFF
../Images/Images_Automatic/Normal Part2/Normal (44).E2E/2- 26- 2017 10- 17- 25 AM/Image 22.png,./Macular-Dataset-R.Rasti_old/Normal Part2/Normal (44).E2E/2- 26- 2017 10- 17- 25 AM/Image 22.TIFF
../Images/Images_Automatic/Normal Part2/Normal (44).E2E/2- 26- 2017 10- 17- 25 AM/Image 23.png,./Macular-Dataset-R.Rasti_old/Normal Part2/Normal (44).E2E/2- 26- 2017 10- 17- 25 AM/Image 23.TIFF
../Images/Images_Automatic/Normal Part2/Normal (44).E2E/2- 26- 2017 10- 17- 25 AM/Image 24.png,./Macular-Dataset-R.Rasti_old/Normal Part2/Normal (44).E2E/2- 26- 2017 10- 17- 25 AM/Image 24.TIFF
../Images/Images_Automatic/Normal Part2/Normal (44).E2E/2- 26- 2017 10- 17- 25 AM/Image 25.png,./Macular-Dataset-R.Rasti_old/Normal Part2/Normal (44).E2E/2- 26- 2017 10- 17- 25 AM/Image 25.TIFF
../Images/Images_Automatic/Normal Part2/Normal (44).E2E/2- 26- 2017 10- 17- 25 AM/Image 26.png,./Macular-Dataset-R.Rasti_old/Normal Part2/Normal (44).E2E/2- 26- 2017 10- 17- 25 AM/Image 26.TIFF
../Images/Images_Automatic/Normal Part2/Normal (44).E2E/2- 26- 2017 10- 17- 25 AM/Image 27.png,./Macular-Dataset-R.Rasti_old/Normal Part2/Normal (44).E2E/2- 26- 2017 10- 17- 25 AM/Image 27.TIFF
../Images/Images_Automatic/Normal Part2/Normal (44).E2E/2- 26- 2017 10- 17- 25 AM/Image 28.png,./Macular-Dataset-R.Rasti_old/Normal Part2/Normal (44).E2E/2- 26- 2017 10- 17- 25 AM/Image 28.TIFF
../Images/Images_Automatic/Normal Part2/Normal (44).E2E/2- 26- 2017 10- 17- 25 AM/Image 29.png,./Macular-Dataset-R.Rasti_old/Normal Part2/Normal (44).E2E/2- 26- 2017 10- 17- 25 AM/Image 29.TIFF
../Images/Images_Automatic/Normal Part2/Normal (44).E2E/2- 26- 2017 10- 17- 25 AM/Image 30.png,./Macular-Dataset-R.Rasti_old/Normal Part2/Normal (44).E2E/2- 26- 2017 10- 17- 25 AM/Image 30.TIFF
../Images/Images_Automatic/Normal Part2/Normal (44).E2E/2- 26- 2017 10- 17- 25 AM/Image 31.png,./Macular-Dataset-R.Rasti_old/Normal Part2/Normal (44).E2E/2- 26- 2017 10- 17- 25 AM/Image 31.TIFF
../Images/Images_Automatic/Normal Part2/Normal (45).E2E/2- 26- 2017 10- 19- 22 AM/Image 1.png,./Macular-Dataset-R.Rasti_old/Normal Part2/Normal (45).E2E/2- 26- 2017 10- 19- 22 AM/Image 1.TIFF
../Images/Images_Automatic/Normal Part2/Normal (45).E2E/2- 26- 2017 10- 19- 22 AM/Image 2.png,./Macular-Dataset-R.Rasti_old/Normal Part2/Normal (45).E2E/2- 26- 2017 10- 19- 22 AM/Image 2.TIFF
../Images/Images_Automatic/Normal Part2/Normal (45).E2E/2- 26- 2017 10- 19- 22 AM/Image 3.png,./Macular-Dataset-R.Rasti_old/Normal Part2/Normal (45).E2E/2- 26- 2017 10- 19- 22 AM/Image 3.TIFF
../Images/Images_Automatic/Normal Part2/Normal (45).E2E/2- 26- 2017 10- 19- 22 AM/Image 4.png,./Macular-Dataset-R.Rasti_old/Normal Part2/Normal (45).E2E/2- 26- 2017 10- 19- 22 AM/Image 4.TIFF
../Images/Images_Automatic/Normal Part2/Normal (45).E2E/2- 26- 2017 10- 19- 22 AM/Image 5.png,./Macular-Dataset-R.Rasti_old/Normal Part2/Normal (45).E2E/2- 26- 2017 10- 19- 22 AM/Image 5.TIFF
../Images/Images_Automatic/Normal Part2/Normal (45).E2E/2- 26- 2017 10- 19- 22 AM/Image 6.png,./Macular-Dataset-R.Rasti_old/Normal Part2/Normal (45).E2E/2- 26- 2017 10- 19- 22 AM/Image 6.TIFF
../Images/Images_Automatic/Normal Part2/Normal (45).E2E/2- 26- 2017 10- 19- 22 AM/Image 7.png,./Macular-Dataset-R.Rasti_old/Normal Part2/Normal (45).E2E/2- 26- 2017 10- 19- 22 AM/Image 7.TIFF
../Images/Images_Automatic/Normal Part2/Normal (45).E2E/2- 26- 2017 10- 19- 22 AM/Image 8.png,./Macular-Dataset-R.Rasti_old/Normal Part2/Normal (45).E2E/2- 26- 2017 10- 19- 22 AM/Image 8.TIFF
../Images/Images_Automatic/Normal Part2/Normal (45).E2E/2- 26- 2017 10- 19- 22 AM/Image 9.png,./Macular-Dataset-R.Rasti_old/Normal Part2/Normal (45).E2E/2- 26- 2017 10- 19- 22 AM/Image 9.TIFF
../Images/Images_Automatic/Normal Part2/Normal (45).E2E/2- 26- 2017 10- 19- 22 AM/Image 10.png,./Macular-Dataset-R.Rasti_old/Normal Part2/Normal (45).E2E/2- 26- 2017 10- 19- 22 AM/Image 10.TIFF
../Images/Images_Automatic/Normal Part2/Normal (45).E2E/2- 26- 2017 10- 19- 22 AM/Image 11.png,./Macular-Dataset-R.Rasti_old/Normal Part2/Normal (45).E2E/2- 26- 2017 10- 19- 22 AM/Image 11.TIFF
../Images/Images_Automatic/Normal Part2/Normal (45).E2E/2- 26- 2017 10- 19- 22 AM/Image 12.png,./Macular-Dataset-R.Rasti_old/Normal Part2/Normal (45).E2E/2- 26- 2017 10- 19- 22 AM/Image 12.TIFF
../Images/Images_Automatic/Normal Part2/Normal (45).E2E/2- 26- 2017 10- 19- 22 AM/Image 13.png,./Macular-Dataset-R.Rasti_old/Normal Part2/Normal (45).E2E/2- 26- 2017 10- 19- 22 AM/Image 13.TIFF
../Images/Images_Automatic/Normal Part2/Normal (45).E2E/2- 26- 2017 10- 19- 22 AM/Image 14.png,./Macular-Dataset-R.Rasti_old/Normal Part2/Normal (45).E2E/2- 26- 2017 10- 19- 22 AM/Image 14.TIFF
../Images/Images_Automatic/Normal Part2/Normal (45).E2E/2- 26- 2017 10- 19- 22 AM/Image 15.png,./Macular-Dataset-R.Rasti_old/Normal Part2/Normal (45).E2E/2- 26- 2017 10- 19- 22 AM/Image 15.TIFF
../Images/Images_Automatic/Normal Part2/Normal (45).E2E/2- 26- 2017 10- 19- 22 AM/Image 16.png,./Macular-Dataset-R.Rasti_old/Normal Part2/Normal (45).E2E/2- 26- 2017 10- 19- 22 AM/Image 16.TIFF
../Images/Images_Automatic/Normal Part2/Normal (45).E2E/2- 26- 2017 10- 19- 22 AM/Image 17.png,./Macular-Dataset-R.Rasti_old/Normal Part2/Normal (45).E2E/2- 26- 2017 10- 19- 22 AM/Image 17.TIFF
../Images/Images_Automatic/Normal Part2/Normal (45).E2E/2- 26- 2017 10- 19- 22 AM/Image 18.png,./Macular-Dataset-R.Rasti_old/Normal Part2/Normal (45).E2E/2- 26- 2017 10- 19- 22 AM/Image 18.TIFF
../Images/Images_Automatic/Normal Part2/Normal (45).E2E/2- 26- 2017 10- 19- 22 AM/Image 19.png,./Macular-Dataset-R.Rasti_old/Normal Part2/Normal (45).E2E/2- 26- 2017 10- 19- 22 AM/Image 19.TIFF
../Images/Images_Automatic/Normal Part2/Normal (46).E2E/2- 26- 2017 10- 20- 30 AM/Image 1.png,./Macular-Dataset-R.Rasti_old/Normal Part2/Normal (46).E2E/2- 26- 2017 10- 20- 30 AM/Image 1.TIFF
../Images/Images_Automatic/Normal Part2/Normal (46).E2E/2- 26- 2017 10- 20- 30 AM/Image 2.png,./Macular-Dataset-R.Rasti_old/Normal Part2/Normal (46).E2E/2- 26- 2017 10- 20- 30 AM/Image 2.TIFF
../Images/Images_Automatic/Normal Part2/Normal (46).E2E/2- 26- 2017 10- 20- 30 AM/Image 3.png,./Macular-Dataset-R.Rasti_old/Normal Part2/Normal (46).E2E/2- 26- 2017 10- 20- 30 AM/Image 3.TIFF
../Images/Images_Automatic/Normal Part2/Normal (46).E2E/2- 26- 2017 10- 20- 30 AM/Image 4.png,./Macular-Dataset-R.Rasti_old/Normal Part2/Normal (46).E2E/2- 26- 2017 10- 20- 30 AM/Image 4.TIFF
../Images/Images_Automatic/Normal Part2/Normal (46).E2E/2- 26- 2017 10- 20- 30 AM/Image 5.png,./Macular-Dataset-R.Rasti_old/Normal Part2/Normal (46).E2E/2- 26- 2017 10- 20- 30 AM/Image 5.TIFF
../Images/Images_Automatic/Normal Part2/Normal (46).E2E/2- 26- 2017 10- 20- 30 AM/Image 6.png,./Macular-Dataset-R.Rasti_old/Normal Part2/Normal (46).E2E/2- 26- 2017 10- 20- 30 AM/Image 6.TIFF
../Images/Images_Automatic/Normal Part2/Normal (46).E2E/2- 26- 2017 10- 20- 30 AM/Image 7.png,./Macular-Dataset-R.Rasti_old/Normal Part2/Normal (46).E2E/2- 26- 2017 10- 20- 30 AM/Image 7.TIFF
../Images/Images_Automatic/Normal Part2/Normal (46).E2E/2- 26- 2017 10- 20- 30 AM/Image 8.png,./Macular-Dataset-R.Rasti_old/Normal Part2/Normal (46).E2E/2- 26- 2017 10- 20- 30 AM/Image 8.TIFF
../Images/Images_Automatic/Normal Part2/Normal (46).E2E/2- 26- 2017 10- 20- 30 AM/Image 9.png,./Macular-Dataset-R.Rasti_old/Normal Part2/Normal (46).E2E/2- 26- 2017 10- 20- 30 AM/Image 9.TIFF
../Images/Images_Automatic/Normal Part2/Normal (46).E2E/2- 26- 2017 10- 20- 30 AM/Image 10.png,./Macular-Dataset-R.Rasti_old/Normal Part2/Normal (46).E2E/2- 26- 2017 10- 20- 30 AM/Image 10.TIFF
../Images/Images_Automatic/Normal Part2/Normal (46).E2E/2- 26- 2017 10- 20- 30 AM/Image 11.png,./Macular-Dataset-R.Rasti_old/Normal Part2/Normal (46).E2E/2- 26- 2017 10- 20- 30 AM/Image 11.TIFF
../Images/Images_Automatic/Normal Part2/Normal (46).E2E/2- 26- 2017 10- 20- 30 AM/Image 12.png,./Macular-Dataset-R.Rasti_old/Normal Part2/Normal (46).E2E/2- 26- 2017 10- 20- 30 AM/Image 12.TIFF
../Images/Images_Automatic/Normal Part2/Normal (46).E2E/2- 26- 2017 10- 20- 30 AM/Image 13.png,./Macular-Dataset-R.Rasti_old/Normal Part2/Normal (46).E2E/2- 26- 2017 10- 20- 30 AM/Image 13.TIFF
../Images/Images_Automatic/Normal Part2/Normal (46).E2E/2- 26- 2017 10- 20- 30 AM/Image 14.png,./Macular-Dataset-R.Rasti_old/Normal Part2/Normal (46).E2E/2- 26- 2017 10- 20- 30 AM/Image 14.TIFF
../Images/Images_Automatic/Normal Part2/Normal (46).E2E/2- 26- 2017 10- 20- 30 AM/Image 15.png,./Macular-Dataset-R.Rasti_old/Normal Part2/Normal (46).E2E/2- 26- 2017 10- 20- 30 AM/Image 15.TIFF
../Images/Images_Automatic/Normal Part2/Normal (46).E2E/2- 26- 2017 10- 20- 30 AM/Image 16.png,./Macular-Dataset-R.Rasti_old/Normal Part2/Normal (46).E2E/2- 26- 2017 10- 20- 30 AM/Image 16.TIFF
../Images/Images_Automatic/Normal Part2/Normal (46).E2E/2- 26- 2017 10- 20- 30 AM/Image 17.png,./Macular-Dataset-R.Rasti_old/Normal Part2/Normal (46).E2E/2- 26- 2017 10- 20- 30 AM/Image 17.TIFF
../Images/Images_Automatic/Normal Part2/Normal (46).E2E/2- 26- 2017 10- 20- 30 AM/Image 18.png,./Macular-Dataset-R.Rasti_old/Normal Part2/Normal (46).E2E/2- 26- 2017 10- 20- 30 AM/Image 18.TIFF
../Images/Images_Automatic/Normal Part2/Normal (46).E2E/2- 26- 2017 10- 20- 30 AM/Image 19.png,./Macular-Dataset-R.Rasti_old/Normal Part2/Normal (46).E2E/2- 26- 2017 10- 20- 30 AM/Image 19.TIFF
../Images/Images_Automatic/Normal Part2/Normal (46).E2E/2- 26- 2017 10- 20- 30 AM/Image 20.png,./Macular-Dataset-R.Rasti_old/Normal Part2/Normal (46).E2E/2- 26- 2017 10- 20- 30 AM/Image 20.TIFF
../Images/Images_Automatic/Normal Part2/Normal (46).E2E/2- 26- 2017 10- 20- 30 AM/Image 21.png,./Macular-Dataset-R.Rasti_old/Normal Part2/Normal (46).E2E/2- 26- 2017 10- 20- 30 AM/Image 21.TIFF
../Images/Images_Automatic/Normal Part2/Normal (46).E2E/2- 26- 2017 10- 20- 30 AM/Image 22.png,./Macular-Dataset-R.Rasti_old/Normal Part2/Normal (46).E2E/2- 26- 2017 10- 20- 30 AM/Image 22.TIFF
../Images/Images_Automatic/Normal Part2/Normal (46).E2E/2- 26- 2017 10- 20- 30 AM/Image 23.png,./Macular-Dataset-R.Rasti_old/Normal Part2/Normal (46).E2E/2- 26- 2017 10- 20- 30 AM/Image 23.TIFF
../Images/Images_Automatic/Normal Part2/Normal (46).E2E/2- 26- 2017 10- 20- 30 AM/Image 24.png,./Macular-Dataset-R.Rasti_old/Normal Part2/Normal (46).E2E/2- 26- 2017 10- 20- 30 AM/Image 24.TIFF
../Images/Images_Automatic/Normal Part2/Normal (46).E2E/2- 26- 2017 10- 20- 30 AM/Image 25.png,./Macular-Dataset-R.Rasti_old/Normal Part2/Normal (46).E2E/2- 26- 2017 10- 20- 30 AM/Image 25.TIFF
../Images/Images_Automatic/Normal Part2/Normal (46).E2E/2- 26- 2017 10- 20- 30 AM/Image 26.png,./Macular-Dataset-R.Rasti_old/Normal Part2/Normal (46).E2E/2- 26- 2017 10- 20- 30 AM/Image 26.TIFF
../Images/Images_Automatic/Normal Part2/Normal (46).E2E/2- 26- 2017 10- 20- 30 AM/Image 27.png,./Macular-Dataset-R.Rasti_old/Normal Part2/Normal (46).E2E/2- 26- 2017 10- 20- 30 AM/Image 27.TIFF
../Images/Images_Automatic/Normal Part2/Normal (46).E2E/2- 26- 2017 10- 20- 30 AM/Image 28.png,./Macular-Dataset-R.Rasti_old/Normal Part2/Normal (46).E2E/2- 26- 2017 10- 20- 30 AM/Image 28.TIFF
../Images/Images_Automatic/Normal Part2/Normal (46).E2E/2- 26- 2017 10- 20- 30 AM/Image 29.png,./Macular-Dataset-R.Rasti_old/Normal Part2/Normal (46).E2E/2- 26- 2017 10- 20- 30 AM/Image 29.TIFF
../Images/Images_Automatic/Normal Part2/Normal (46).E2E/2- 26- 2017 10- 20- 30 AM/Image 30.png,./Macular-Dataset-R.Rasti_old/Normal Part2/Normal (46).E2E/2- 26- 2017 10- 20- 30 AM/Image 30.TIFF
../Images/Images_Automatic/Normal Part2/Normal (46).E2E/2- 26- 2017 10- 20- 30 AM/Image 31.png,./Macular-Dataset-R.Rasti_old/Normal Part2/Normal (46).E2E/2- 26- 2017 10- 20- 30 AM/Image 31.TIFF
../Images/Images_Automatic/Normal Part2/Normal (46).E2E/2- 26- 2017 10- 20- 30 AM/Image 32.png,./Macular-Dataset-R.Rasti_old/Normal Part2/Normal (46).E2E/2- 26- 2017 10- 20- 30 AM/Image 32.TIFF
../Images/Images_Automatic/Normal Part2/Normal (46).E2E/2- 26- 2017 10- 20- 30 AM/Image 33.png,./Macular-Dataset-R.Rasti_old/Normal Part2/Normal (46).E2E/2- 26- 2017 10- 20- 30 AM/Image 33.TIFF
../Images/Images_Automatic/Normal Part2/Normal (46).E2E/2- 26- 2017 10- 20- 30 AM/Image 34.png,./Macular-Dataset-R.Rasti_old/Normal Part2/Normal (46).E2E/2- 26- 2017 10- 20- 30 AM/Image 34.TIFF
../Images/Images_Automatic/Normal Part2/Normal (46).E2E/2- 26- 2017 10- 20- 30 AM/Image 35.png,./Macular-Dataset-R.Rasti_old/Normal Part2/Normal (46).E2E/2- 26- 2017 10- 20- 30 AM/Image 35.TIFF
../Images/Images_Automatic/Normal Part2/Normal (46).E2E/2- 26- 2017 10- 20- 30 AM/Image 36.png,./Macular-Dataset-R.Rasti_old/Normal Part2/Normal (46).E2E/2- 26- 2017 10- 20- 30 AM/Image 36.TIFF
../Images/Images_Automatic/Normal Part2/Normal (46).E2E/2- 26- 2017 10- 20- 30 AM/Image 37.png,./Macular-Dataset-R.Rasti_old/Normal Part2/Normal (46).E2E/2- 26- 2017 10- 20- 30 AM/Image 37.TIFF
../Images/Images_Automatic/Normal Part2/Normal (46).E2E/2- 26- 2017 10- 20- 30 AM/Image 38.png,./Macular-Dataset-R.Rasti_old/Normal Part2/Normal (46).E2E/2- 26- 2017 10- 20- 30 AM/Image 38.TIFF
../Images/Images_Automatic/Normal Part2/Normal (46).E2E/2- 26- 2017 10- 20- 30 AM/Image 39.png,./Macular-Dataset-R.Rasti_old/Normal Part2/Normal (46).E2E/2- 26- 2017 10- 20- 30 AM/Image 39.TIFF
../Images/Images_Automatic/Normal Part2/Normal (46).E2E/2- 26- 2017 10- 20- 30 AM/Image 40.png,./Macular-Dataset-R.Rasti_old/Normal Part2/Normal (46).E2E/2- 26- 2017 10- 20- 30 AM/Image 40.TIFF
../Images/Images_Automatic/Normal Part2/Normal (46).E2E/2- 26- 2017 10- 20- 30 AM/Image 41.png,./Macular-Dataset-R.Rasti_old/Normal Part2/Normal (46).E2E/2- 26- 2017 10- 20- 30 AM/Image 41.TIFF
../Images/Images_Automatic/Normal Part2/Normal (46).E2E/2- 26- 2017 10- 20- 30 AM/Image 42.png,./Macular-Dataset-R.Rasti_old/Normal Part2/Normal (46).E2E/2- 26- 2017 10- 20- 30 AM/Image 42.TIFF
../Images/Images_Automatic/Normal Part2/Normal (46).E2E/2- 26- 2017 10- 20- 30 AM/Image 43.png,./Macular-Dataset-R.Rasti_old/Normal Part2/Normal (46).E2E/2- 26- 2017 10- 20- 30 AM/Image 43.TIFF
../Images/Images_Automatic/Normal Part2/Normal (46).E2E/2- 26- 2017 10- 20- 30 AM/Image 44.png,./Macular-Dataset-R.Rasti_old/Normal Part2/Normal (46).E2E/2- 26- 2017 10- 20- 30 AM/Image 44.TIFF
../Images/Images_Automatic/Normal Part2/Normal (46).E2E/2- 26- 2017 10- 20- 30 AM/Image 45.png,./Macular-Dataset-R.Rasti_old/Normal Part2/Normal (46).E2E/2- 26- 2017 10- 20- 30 AM/Image 45.TIFF
../Images/Images_Automatic/Normal Part2/Normal (46).E2E/2- 26- 2017 10- 20- 30 AM/Image 46.png,./Macular-Dataset-R.Rasti_old/Normal Part2/Normal (46).E2E/2- 26- 2017 10- 20- 30 AM/Image 46.TIFF
../Images/Images_Automatic/Normal Part2/Normal (46).E2E/2- 26- 2017 10- 20- 30 AM/Image 47.png,./Macular-Dataset-R.Rasti_old/Normal Part2/Normal (46).E2E/2- 26- 2017 10- 20- 30 AM/Image 47.TIFF
../Images/Images_Automatic/Normal Part2/Normal (46).E2E/2- 26- 2017 10- 20- 30 AM/Image 48.png,./Macular-Dataset-R.Rasti_old/Normal Part2/Normal (46).E2E/2- 26- 2017 10- 20- 30 AM/Image 48.TIFF
../Images/Images_Automatic/Normal Part2/Normal (46).E2E/2- 26- 2017 10- 20- 30 AM/Image 49.png,./Macular-Dataset-R.Rasti_old/Normal Part2/Normal (46).E2E/2- 26- 2017 10- 20- 30 AM/Image 49.TIFF
../Images/Images_Automatic/Normal Part2/Normal (46).E2E/2- 26- 2017 10- 20- 30 AM/Image 50.png,./Macular-Dataset-R.Rasti_old/Normal Part2/Normal (46).E2E/2- 26- 2017 10- 20- 30 AM/Image 50.TIFF
../Images/Images_Automatic/Normal Part2/Normal (46).E2E/2- 26- 2017 10- 20- 30 AM/Image 51.png,./Macular-Dataset-R.Rasti_old/Normal Part2/Normal (46).E2E/2- 26- 2017 10- 20- 30 AM/Image 51.TIFF
../Images/Images_Automatic/Normal Part2/Normal (46).E2E/2- 26- 2017 10- 20- 30 AM/Image 52.png,./Macular-Dataset-R.Rasti_old/Normal Part2/Normal (46).E2E/2- 26- 2017 10- 20- 30 AM/Image 52.TIFF
../Images/Images_Automatic/Normal Part2/Normal (46).E2E/2- 26- 2017 10- 20- 30 AM/Image 53.png,./Macular-Dataset-R.Rasti_old/Normal Part2/Normal (46).E2E/2- 26- 2017 10- 20- 30 AM/Image 53.TIFF
../Images/Images_Automatic/Normal Part2/Normal (46).E2E/2- 26- 2017 10- 20- 30 AM/Image 54.png,./Macular-Dataset-R.Rasti_old/Normal Part2/Normal (46).E2E/2- 26- 2017 10- 20- 30 AM/Image 54.TIFF
../Images/Images_Automatic/Normal Part2/Normal (46).E2E/2- 26- 2017 10- 20- 30 AM/Image 55.png,./Macular-Dataset-R.Rasti_old/Normal Part2/Normal (46).E2E/2- 26- 2017 10- 20- 30 AM/Image 55.TIFF
../Images/Images_Automatic/Normal Part2/Normal (46).E2E/2- 26- 2017 10- 20- 30 AM/Image 56.png,./Macular-Dataset-R.Rasti_old/Normal Part2/Normal (46).E2E/2- 26- 2017 10- 20- 30 AM/Image 56.TIFF
../Images/Images_Automatic/Normal Part2/Normal (46).E2E/2- 26- 2017 10- 20- 30 AM/Image 57.png,./Macular-Dataset-R.Rasti_old/Normal Part2/Normal (46).E2E/2- 26- 2017 10- 20- 30 AM/Image 57.TIFF
../Images/Images_Automatic/Normal Part2/Normal (46).E2E/2- 26- 2017 10- 20- 30 AM/Image 58.png,./Macular-Dataset-R.Rasti_old/Normal Part2/Normal (46).E2E/2- 26- 2017 10- 20- 30 AM/Image 58.TIFF
../Images/Images_Automatic/Normal Part2/Normal (46).E2E/2- 26- 2017 10- 20- 30 AM/Image 59.png,./Macular-Dataset-R.Rasti_old/Normal Part2/Normal (46).E2E/2- 26- 2017 10- 20- 30 AM/Image 59.TIFF
../Images/Images_Automatic/Normal Part2/Normal (46).E2E/2- 26- 2017 10- 20- 30 AM/Image 60.png,./Macular-Dataset-R.Rasti_old/Normal Part2/Normal (46).E2E/2- 26- 2017 10- 20- 30 AM/Image 60.TIFF
../Images/Images_Automatic/Normal Part2/Normal (46).E2E/2- 26- 2017 10- 20- 30 AM/Image 61.png,./Macular-Dataset-R.Rasti_old/Normal Part2/Normal (46).E2E/2- 26- 2017 10- 20- 30 AM/Image 61.TIFF
../Images/Images_Automatic/Normal Part2/Normal (48).E2E/2- 26- 2017 10- 23- 24 AM/Image 2.png,./Macular-Dataset-R.Rasti_old/Normal Part2/Normal (48).E2E/2- 26- 2017 10- 23- 24 AM/Image 2.TIFF
../Images/Images_Automatic/Normal Part2/Normal (48).E2E/2- 26- 2017 10- 23- 24 AM/Image 3.png,./Macular-Dataset-R.Rasti_old/Normal Part2/Normal (48).E2E/2- 26- 2017 10- 23- 24 AM/Image 3.TIFF
../Images/Images_Automatic/Normal Part2/Normal (48).E2E/2- 26- 2017 10- 23- 24 AM/Image 4.png,./Macular-Dataset-R.Rasti_old/Normal Part2/Normal (48).E2E/2- 26- 2017 10- 23- 24 AM/Image 4.TIFF
../Images/Images_Automatic/Normal Part2/Normal (48).E2E/2- 26- 2017 10- 23- 24 AM/Image 5.png,./Macular-Dataset-R.Rasti_old/Normal Part2/Normal (48).E2E/2- 26- 2017 10- 23- 24 AM/Image 5.TIFF
../Images/Images_Automatic/Normal Part2/Normal (48).E2E/2- 26- 2017 10- 23- 24 AM/Image 6.png,./Macular-Dataset-R.Rasti_old/Normal Part2/Normal (48).E2E/2- 26- 2017 10- 23- 24 AM/Image 6.TIFF
../Images/Images_Automatic/Normal Part2/Normal (48).E2E/2- 26- 2017 10- 23- 24 AM/Image 7.png,./Macular-Dataset-R.Rasti_old/Normal Part2/Normal (48).E2E/2- 26- 2017 10- 23- 24 AM/Image 7.TIFF
../Images/Images_Automatic/Normal Part2/Normal (48).E2E/2- 26- 2017 10- 23- 24 AM/Image 8.png,./Macular-Dataset-R.Rasti_old/Normal Part2/Normal (48).E2E/2- 26- 2017 10- 23- 24 AM/Image 8.TIFF
../Images/Images_Automatic/Normal Part2/Normal (48).E2E/2- 26- 2017 10- 23- 24 AM/Image 9.png,./Macular-Dataset-R.Rasti_old/Normal Part2/Normal (48).E2E/2- 26- 2017 10- 23- 24 AM/Image 9.TIFF
../Images/Images_Automatic/Normal Part2/Normal (48).E2E/2- 26- 2017 10- 23- 24 AM/Image 10.png,./Macular-Dataset-R.Rasti_old/Normal Part2/Normal (48).E2E/2- 26- 2017 10- 23- 24 AM/Image 10.TIFF
../Images/Images_Automatic/Normal Part2/Normal (48).E2E/2- 26- 2017 10- 23- 24 AM/Image 11.png,./Macular-Dataset-R.Rasti_old/Normal Part2/Normal (48).E2E/2- 26- 2017 10- 23- 24 AM/Image 11.TIFF
../Images/Images_Automatic/Normal Part2/Normal (48).E2E/2- 26- 2017 10- 23- 24 AM/Image 12.png,./Macular-Dataset-R.Rasti_old/Normal Part2/Normal (48).E2E/2- 26- 2017 10- 23- 24 AM/Image 12.TIFF
../Images/Images_Automatic/Normal Part2/Normal (48).E2E/2- 26- 2017 10- 23- 24 AM/Image 13.png,./Macular-Dataset-R.Rasti_old/Normal Part2/Normal (48).E2E/2- 26- 2017 10- 23- 24 AM/Image 13.TIFF
../Images/Images_Automatic/Normal Part2/Normal (48).E2E/2- 26- 2017 10- 23- 24 AM/Image 14.png,./Macular-Dataset-R.Rasti_old/Normal Part2/Normal (48).E2E/2- 26- 2017 10- 23- 24 AM/Image 14.TIFF
../Images/Images_Automatic/Normal Part2/Normal (48).E2E/2- 26- 2017 10- 23- 24 AM/Image 15.png,./Macular-Dataset-R.Rasti_old/Normal Part2/Normal (48).E2E/2- 26- 2017 10- 23- 24 AM/Image 15.TIFF
../Images/Images_Automatic/Normal Part2/Normal (48).E2E/2- 26- 2017 10- 23- 24 AM/Image 16.png,./Macular-Dataset-R.Rasti_old/Normal Part2/Normal (48).E2E/2- 26- 2017 10- 23- 24 AM/Image 16.TIFF
../Images/Images_Automatic/Normal Part2/Normal (48).E2E/2- 26- 2017 10- 23- 24 AM/Image 17.png,./Macular-Dataset-R.Rasti_old/Normal Part2/Normal (48).E2E/2- 26- 2017 10- 23- 24 AM/Image 17.TIFF
../Images/Images_Automatic/Normal Part2/Normal (48).E2E/2- 26- 2017 10- 23- 24 AM/Image 18.png,./Macular-Dataset-R.Rasti_old/Normal Part2/Normal (48).E2E/2- 26- 2017 10- 23- 24 AM/Image 18.TIFF
../Images/Images_Automatic/Normal Part2/Normal (48).E2E/2- 26- 2017 10- 23- 24 AM/Image 19.png,./Macular-Dataset-R.Rasti_old/Normal Part2/Normal (48).E2E/2- 26- 2017 10- 23- 24 AM/Image 19.TIFF
../Images/Images_Automatic/Normal Part2/Normal (50).E2E/2- 26- 2017 10- 24- 32 AM/Image 1.png,./Macular-Dataset-R.Rasti_old/Normal Part2/Normal (50).E2E/2- 26- 2017 10- 24- 32 AM/Image 1.TIFF
../Images/Images_Automatic/Normal Part2/Normal (50).E2E/2- 26- 2017 10- 24- 32 AM/Image 2.png,./Macular-Dataset-R.Rasti_old/Normal Part2/Normal (50).E2E/2- 26- 2017 10- 24- 32 AM/Image 2.TIFF
../Images/Images_Automatic/Normal Part2/Normal (50).E2E/2- 26- 2017 10- 24- 32 AM/Image 3.png,./Macular-Dataset-R.Rasti_old/Normal Part2/Normal (50).E2E/2- 26- 2017 10- 24- 32 AM/Image 3.TIFF
../Images/Images_Automatic/Normal Part2/Normal (50).E2E/2- 26- 2017 10- 24- 32 AM/Image 4.png,./Macular-Dataset-R.Rasti_old/Normal Part2/Normal (50).E2E/2- 26- 2017 10- 24- 32 AM/Image 4.TIFF
../Images/Images_Automatic/Normal Part2/Normal (50).E2E/2- 26- 2017 10- 24- 32 AM/Image 5.png,./Macular-Dataset-R.Rasti_old/Normal Part2/Normal (50).E2E/2- 26- 2017 10- 24- 32 AM/Image 5.TIFF
../Images/Images_Automatic/Normal Part2/Normal (50).E2E/2- 26- 2017 10- 24- 32 AM/Image 6.png,./Macular-Dataset-R.Rasti_old/Normal Part2/Normal (50).E2E/2- 26- 2017 10- 24- 32 AM/Image 6.TIFF
../Images/Images_Automatic/Normal Part2/Normal (50).E2E/2- 26- 2017 10- 24- 32 AM/Image 7.png,./Macular-Dataset-R.Rasti_old/Normal Part2/Normal (50).E2E/2- 26- 2017 10- 24- 32 AM/Image 7.TIFF
../Images/Images_Automatic/Normal Part2/Normal (50).E2E/2- 26- 2017 10- 24- 32 AM/Image 8.png,./Macular-Dataset-R.Rasti_old/Normal Part2/Normal (50).E2E/2- 26- 2017 10- 24- 32 AM/Image 8.TIFF
../Images/Images_Automatic/Normal Part2/Normal (50).E2E/2- 26- 2017 10- 24- 32 AM/Image 9.png,./Macular-Dataset-R.Rasti_old/Normal Part2/Normal (50).E2E/2- 26- 2017 10- 24- 32 AM/Image 9.TIFF
../Images/Images_Automatic/Normal Part2/Normal (50).E2E/2- 26- 2017 10- 24- 32 AM/Image 10.png,./Macular-Dataset-R.Rasti_old/Normal Part2/Normal (50).E2E/2- 26- 2017 10- 24- 32 AM/Image 10.TIFF
../Images/Images_Automatic/Normal Part2/Normal (50).E2E/2- 26- 2017 10- 24- 32 AM/Image 11.png,./Macular-Dataset-R.Rasti_old/Normal Part2/Normal (50).E2E/2- 26- 2017 10- 24- 32 AM/Image 11.TIFF
../Images/Images_Automatic/Normal Part2/Normal (50).E2E/2- 26- 2017 10- 24- 32 AM/Image 12.png,./Macular-Dataset-R.Rasti_old/Normal Part2/Normal (50).E2E/2- 26- 2017 10- 24- 32 AM/Image 12.TIFF
../Images/Images_Automatic/Normal Part2/Normal (50).E2E/2- 26- 2017 10- 24- 32 AM/Image 13.png,./Macular-Dataset-R.Rasti_old/Normal Part2/Normal (50).E2E/2- 26- 2017 10- 24- 32 AM/Image 13.TIFF
../Images/Images_Automatic/Normal Part2/Normal (50).E2E/2- 26- 2017 10- 24- 32 AM/Image 14.png,./Macular-Dataset-R.Rasti_old/Normal Part2/Normal (50).E2E/2- 26- 2017 10- 24- 32 AM/Image 14.TIFF
../Images/Images_Automatic/Normal Part2/Normal (50).E2E/2- 26- 2017 10- 24- 32 AM/Image 15.png,./Macular-Dataset-R.Rasti_old/Normal Part2/Normal (50).E2E/2- 26- 2017 10- 24- 32 AM/Image 15.TIFF
../Images/Images_Automatic/Normal Part2/Normal (50).E2E/2- 26- 2017 10- 24- 32 AM/Image 16.png,./Macular-Dataset-R.Rasti_old/Normal Part2/Normal (50).E2E/2- 26- 2017 10- 24- 32 AM/Image 16.TIFF
../Images/Images_Automatic/Normal Part2/Normal (50).E2E/2- 26- 2017 10- 24- 32 AM/Image 17.png,./Macular-Dataset-R.Rasti_old/Normal Part2/Normal (50).E2E/2- 26- 2017 10- 24- 32 AM/Image 17.TIFF
../Images/Images_Automatic/Normal Part2/Normal (50).E2E/2- 26- 2017 10- 24- 32 AM/Image 18.png,./Macular-Dataset-R.Rasti_old/Normal Part2/Normal (50).E2E/2- 26- 2017 10- 24- 32 AM/Image 18.TIFF
../Images/Images_Automatic/Normal Part2/Normal (50).E2E/2- 26- 2017 10- 24- 32 AM/Image 19.png,./Macular-Dataset-R.Rasti_old/Normal Part2/Normal (50).E2E/2- 26- 2017 10- 24- 32 AM/Image 19.TIFF
../Images/Images_Automatic/Normal Part2/Normal (50).E2E/2- 26- 2017 10- 24- 32 AM/Image 20.png,./Macular-Dataset-R.Rasti_old/Normal Part2/Normal (50).E2E/2- 26- 2017 10- 24- 32 AM/Image 20.TIFF
../Images/Images_Automatic/Normal Part2/Normal (50).E2E/2- 26- 2017 10- 24- 32 AM/Image 21.png,./Macular-Dataset-R.Rasti_old/Normal Part2/Normal (50).E2E/2- 26- 2017 10- 24- 32 AM/Image 21.TIFF
../Images/Images_Automatic/Normal Part2/Normal (50).E2E/2- 26- 2017 10- 24- 32 AM/Image 22.png,./Macular-Dataset-R.Rasti_old/Normal Part2/Normal (50).E2E/2- 26- 2017 10- 24- 32 AM/Image 22.TIFF
../Images/Images_Automatic/Normal Part2/Normal (50).E2E/2- 26- 2017 10- 24- 32 AM/Image 23.png,./Macular-Dataset-R.Rasti_old/Normal Part2/Normal (50).E2E/2- 26- 2017 10- 24- 32 AM/Image 23.TIFF
../Images/Images_Automatic/Normal Part2/Normal (50).E2E/2- 26- 2017 10- 24- 32 AM/Image 24.png,./Macular-Dataset-R.Rasti_old/Normal Part2/Normal (50).E2E/2- 26- 2017 10- 24- 32 AM/Image 24.TIFF
../Images/Images_Automatic/Normal Part2/Normal (50).E2E/2- 26- 2017 10- 24- 32 AM/Image 25.png,./Macular-Dataset-R.Rasti_old/Normal Part2/Normal (50).E2E/2- 26- 2017 10- 24- 32 AM/Image 25.TIFF