../Images/Images_Manual/AMD Part1/AMD (1).E2E/2- 25- 2017 9- 10- 42 PM/Image 2.png,./Macular-Dataset-R.Rasti_old/AMD Part1/AMD (1).E2E/2- 25- 2017 9- 10- 42 PM/Image 2.TIFF
../Images/Images_Manual/AMD Part1/AMD (1).E2E/2- 25- 2017 9- 10- 42 PM/Image 3.png,./Macular-Dataset-R.Rasti_old/AMD Part1/AMD (1).E2E/2- 25- 2017 9- 10- 42 PM/Image 3.TIFF
../Images/Images_Manual/AMD Part1/AMD (1).E2E/2- 25- 2017 9- 10- 42 PM/Image 4.png,./Macular-Dataset-R.Rasti_old/AMD Part1/AMD (1).E2E/2- 25- 2017 9- 10- 42 PM/Image 4.TIFF
../Images/Images_Manual/AMD Part1/AMD (1).E2E/2- 25- 2017 9- 10- 42 PM/Image 5.png,./Macular-Dataset-R.Rasti_old/AMD Part1/AMD (1).E2E/2- 25- 2017 9- 10- 42 PM/Image 5.TIFF
../Images/Images_Manual/AMD Part1/AMD (1).E2E/2- 25- 2017 9- 10- 42 PM/Image 6.png,./Macular-Dataset-R.Rasti_old/AMD Part1/AMD (1).E2E/2- 25- 2017 9- 10- 42 PM/Image 6.TIFF
../Images/Images_Manual/AMD Part1/AMD (1).E2E/2- 25- 2017 9- 10- 42 PM/Image 7.png,./Macular-Dataset-R.Rasti_old/AMD Part1/AMD (1).E2E/2- 25- 2017 9- 10- 42 PM/Image 7.TIFF
../Images/Images_Manual/AMD Part1/AMD (1).E2E/2- 25- 2017 9- 10- 42 PM/Image 8.png,./Macular-Dataset-R.Rasti_old/AMD Part1/AMD (1).E2E/2- 25- 2017 9- 10- 42 PM/Image 8.TIFF
../Images/Images_Manual/AMD Part1/AMD (1).E2E/2- 25- 2017 9- 10- 42 PM/Image 9.png,./Macular-Dataset-R.Rasti_old/AMD Part1/AMD (1).E2E/2- 25- 2017 9- 10- 42 PM/Image 9.TIFF
../Images/Images_Manual/AMD Part1/AMD (1).E2E/2- 25- 2017 9- 10- 42 PM/Image 10.png,./Macular-Dataset-R.Rasti_old/AMD Part1/AMD (1).E2E/2- 25- 2017 9- 10- 42 PM/Image 10.TIFF
../Images/Images_Manual/AMD Part1/AMD (1).E2E/2- 25- 2017 9- 10- 42 PM/Image 11.png,./Macular-Dataset-R.Rasti_old/AMD Part1/AMD (1).E2E/2- 25- 2017 9- 10- 42 PM/Image 11.TIFF
../Images/Images_Manual/AMD Part1/AMD (1).E2E/2- 25- 2017 9- 10- 42 PM/Image 12.png,./Macular-Dataset-R.Rasti_old/AMD Part1/AMD (1).E2E/2- 25- 2017 9- 10- 42 PM/Image 12.TIFF
../Images/Images_Manual/AMD Part1/AMD (1).E2E/2- 25- 2017 9- 10- 42 PM/Image 13.png,./Macular-Dataset-R.Rasti_old/AMD Part1/AMD (1).E2E/2- 25- 2017 9- 10- 42 PM/Image 13.TIFF
../Images/Images_Manual/AMD Part1/AMD (1).E2E/2- 25- 2017 9- 10- 42 PM/Image 14.png,./Macular-Dataset-R.Rasti_old/AMD Part1/AMD (1).E2E/2- 25- 2017 9- 10- 42 PM/Image 14.TIFF
../Images/Images_Manual/AMD Part1/AMD (1).E2E/2- 25- 2017 9- 10- 42 PM/Image 15.png,./Macular-Dataset-R.Rasti_old/AMD Part1/AMD (1).E2E/2- 25- 2017 9- 10- 42 PM/Image 15.TIFF
../Images/Images_Manual/AMD Part1/AMD (1).E2E/2- 25- 2017 9- 10- 42 PM/Image 16.png,./Macular-Dataset-R.Rasti_old/AMD Part1/AMD (1).E2E/2- 25- 2017 9- 10- 42 PM/Image 16.TIFF
../Images/Images_Manual/AMD Part1/AMD (1).E2E/2- 25- 2017 9- 10- 42 PM/Image 17.png,./Macular-Dataset-R.Rasti_old/AMD Part1/AMD (1).E2E/2- 25- 2017 9- 10- 42 PM/Image 17.TIFF
../Images/Images_Manual/AMD Part1/AMD (1).E2E/2- 25- 2017 9- 10- 42 PM/Image 18.png,./Macular-Dataset-R.Rasti_old/AMD Part1/AMD (1).E2E/2- 25- 2017 9- 10- 42 PM/Image 18.TIFF
../Images/Images_Manual/AMD Part1/AMD (1).E2E/2- 25- 2017 9- 10- 42 PM/Image 19.png,./Macular-Dataset-R.Rasti_old/AMD Part1/AMD (1).E2E/2- 25- 2017 9- 10- 42 PM/Image 19.TIFF
../Images/Images_Manual/AMD Part1/AMD (1).E2E/2- 25- 2017 9- 10- 42 PM/Image 20.png,./Macular-Dataset-R.Rasti_old/AMD Part1/AMD (1).E2E/2- 25- 2017 9- 10- 42 PM/Image 20.TIFF
../Images/Images_Manual/AMD Part1/AMD (1).E2E/2- 25- 2017 9- 10- 42 PM/Image 21.png,./Macular-Dataset-R.Rasti_old/AMD Part1/AMD (1).E2E/2- 25- 2017 9- 10- 42 PM/Image 21.TIFF
../Images/Images_Manual/AMD Part1/AMD (1).E2E/2- 25- 2017 9- 10- 42 PM/Image 22.png,./Macular-Dataset-R.Rasti_old/AMD Part1/AMD (1).E2E/2- 25- 2017 9- 10- 42 PM/Image 22.TIFF
../Images/Images_Manual/AMD Part1/AMD (1).E2E/2- 25- 2017 9- 10- 42 PM/Image 23.png,./Macular-Dataset-R.Rasti_old/AMD Part1/AMD (1).E2E/2- 25- 2017 9- 10- 42 PM/Image 23.TIFF
../Images/Images_Manual/AMD Part1/AMD (1).E2E/2- 25- 2017 9- 10- 42 PM/Image 24.png,./Macular-Dataset-R.Rasti_old/AMD Part1/AMD (1).E2E/2- 25- 2017 9- 10- 42 PM/Image 24.TIFF
../Images/Images_Manual/AMD Part1/AMD (1).E2E/2- 25- 2017 9- 10- 42 PM/Image 25.png,./Macular-Dataset-R.Rasti_old/AMD Part1/AMD (1).E2E/2- 25- 2017 9- 10- 42 PM/Image 25.TIFF
../Images/Images_Manual/AMD Part1/AMD (2).E2E/2- 25- 2017 9- 12- 39 PM/Image 2.png,./Macular-Dataset-R.Rasti_old/AMD Part1/AMD (2).E2E/2- 25- 2017 9- 12- 39 PM/Image 2.TIFF
../Images/Images_Manual/AMD Part1/AMD (2).E2E/2- 25- 2017 9- 12- 39 PM/Image 3.png,./Macular-Dataset-R.Rasti_old/AMD Part1/AMD (2).E2E/2- 25- 2017 9- 12- 39 PM/Image 3.TIFF
../Images/Images_Manual/AMD Part1/AMD (2).E2E/2- 25- 2017 9- 12- 39 PM/Image 4.png,./Macular-Dataset-R.Rasti_old/AMD Part1/AMD (2).E2E/2- 25- 2017 9- 12- 39 PM/Image 4.TIFF
../Images/Images_Manual/AMD Part1/AMD (2).E2E/2- 25- 2017 9- 12- 39 PM/Image 5.png,./Macular-Dataset-R.Rasti_old/AMD Part1/AMD (2).E2E/2- 25- 2017 9- 12- 39 PM/Image 5.TIFF
../Images/Images_Manual/AMD Part1/AMD (2).E2E/2- 25- 2017 9- 12- 39 PM/Image 6.png,./Macular-Dataset-R.Rasti_old/AMD Part1/AMD (2).E2E/2- 25- 2017 9- 12- 39 PM/Image 6.TIFF
../Images/Images_Manual/AMD Part1/AMD (2).E2E/2- 25- 2017 9- 12- 39 PM/Image 7.png,./Macular-Dataset-R.Rasti_old/AMD Part1/AMD (2).E2E/2- 25- 2017 9- 12- 39 PM/Image 7.TIFF
../Images/Images_Manual/AMD Part1/AMD (2).E2E/2- 25- 2017 9- 12- 39 PM/Image 8.png,./Macular-Dataset-R.Rasti_old/AMD Part1/AMD (2).E2E/2- 25- 2017 9- 12- 39 PM/Image 8.TIFF
../Images/Images_Manual/AMD Part1/AMD (2).E2E/2- 25- 2017 9- 12- 39 PM/Image 9.png,./Macular-Dataset-R.Rasti_old/AMD Part1/AMD (2).E2E/2- 25- 2017 9- 12- 39 PM/Image 9.TIFF
../Images/Images_Manual/AMD Part1/AMD (2).E2E/2- 25- 2017 9- 12- 39 PM/Image 10.png,./Macular-Dataset-R.Rasti_old/AMD Part1/AMD (2).E2E/2- 25- 2017 9- 12- 39 PM/Image 10.TIFF
../Images/Images_Manual/AMD Part1/AMD (2).E2E/2- 25- 2017 9- 12- 39 PM/Image 11.png,./Macular-Dataset-R.Rasti_old/AMD Part1/AMD (2).E2E/2- 25- 2017 9- 12- 39 PM/Image 11.TIFF
../Images/Images_Manual/AMD Part1/AMD (2).E2E/2- 25- 2017 9- 12- 39 PM/Image 12.png,./Macular-Dataset-R.Rasti_old/AMD Part1/AMD (2).E2E/2- 25- 2017 9- 12- 39 PM/Image 12.TIFF
../Images/Images_Manual/AMD Part1/AMD (2).E2E/2- 25- 2017 9- 12- 39 PM/Image 13.png,./Macular-Dataset-R.Rasti_old/AMD Part1/AMD (2).E2E/2- 25- 2017 9- 12- 39 PM/Image 13.TIFF
../Images/Images_Manual/AMD Part1/AMD (2).E2E/2- 25- 2017 9- 12- 39 PM/Image 14.png,./Macular-Dataset-R.Rasti_old/AMD Part1/AMD (2).E2E/2- 25- 2017 9- 12- 39 PM/Image 14.TIFF
../Images/Images_Manual/AMD Part1/AMD (2).E2E/2- 25- 2017 9- 12- 39 PM/Image 15.png,./Macular-Dataset-R.Rasti_old/AMD Part1/AMD (2).E2E/2- 25- 2017 9- 12- 39 PM/Image 15.TIFF
../Images/Images_Manual/AMD Part1/AMD (2).E2E/2- 25- 2017 9- 12- 39 PM/Image 16.png,./Macular-Dataset-R.Rasti_old/AMD Part1/AMD (2).E2E/2- 25- 2017 9- 12- 39 PM/Image 16.TIFF
../Images/Images_Manual/AMD Part1/AMD (2).E2E/2- 25- 2017 9- 12- 39 PM/Image 17.png,./Macular-Dataset-R.Rasti_old/AMD Part1/AMD (2).E2E/2- 25- 2017 9- 12- 39 PM/Image 17.TIFF
../Images/Images_Manual/AMD Part1/AMD (2).E2E/2- 25- 2017 9- 12- 39 PM/Image 18.png,./Macular-Dataset-R.Rasti_old/AMD Part1/AMD (2).E2E/2- 25- 2017 9- 12- 39 PM/Image 18.TIFF
../Images/Images_Manual/AMD Part1/AMD (2).E2E/2- 25- 2017 9- 12- 39 PM/Image 19.png,./Macular-Dataset-R.Rasti_old/AMD Part1/AMD (2).E2E/2- 25- 2017 9- 12- 39 PM/Image 19.TIFF
../Images/Images_Manual/AMD Part1/AMD (2).E2E/2- 25- 2017 9- 12- 39 PM/Image 20.png,./Macular-Dataset-R.Rasti_old/AMD Part1/AMD (2).E2E/2- 25- 2017 9- 12- 39 PM/Image 20.TIFF
../Images/Images_Manual/AMD Part1/AMD (2).E2E/2- 25- 2017 9- 12- 39 PM/Image 21.png,./Macular-Dataset-R.Rasti_old/AMD Part1/AMD (2).E2E/2- 25- 2017 9- 12- 39 PM/Image 21.TIFF
../Images/Images_Manual/AMD Part1/AMD (2).E2E/2- 25- 2017 9- 12- 39 PM/Image 22.png,./Macular-Dataset-R.Rasti_old/AMD Part1/AMD (2).E2E/2- 25- 2017 9- 12- 39 PM/Image 22.TIFF
../Images/Images_Manual/AMD Part1/AMD (2).E2E/2- 25- 2017 9- 12- 39 PM/Image 23.png,./Macular-Dataset-R.Rasti_old/AMD Part1/AMD (2).E2E/2- 25- 2017 9- 12- 39 PM/Image 23.TIFF
../Images/Images_Manual/AMD Part1/AMD (2).E2E/2- 25- 2017 9- 12- 39 PM/Image 24.png,./Macular-Dataset-R.Rasti_old/AMD Part1/AMD (2).E2E/2- 25- 2017 9- 12- 39 PM/Image 24.TIFF
../Images/Images_Manual/AMD Part1/AMD (2).E2E/2- 25- 2017 9- 12- 39 PM/Image 25.png,./Macular-Dataset-R.Rasti_old/AMD Part1/AMD (2).E2E/2- 25- 2017 9- 12- 39 PM/Image 25.TIFF
../Images/Images_Manual/AMD Part1/AMD (3).E2E/2- 25- 2017 9- 13- 55 PM/Image 1.png,./Macular-Dataset-R.Rasti_old/AMD Part1/AMD (3).E2E/2- 25- 2017 9- 13- 55 PM/Image 1.TIFF
../Images/Images_Manual/AMD Part1/AMD (3).E2E/2- 25- 2017 9- 13- 55 PM/Image 2.png,./Macular-Dataset-R.Rasti_old/AMD Part1/AMD (3).E2E/2- 25- 2017 9- 13- 55 PM/Image 2.TIFF
../Images/Images_Manual/AMD Part1/AMD (3).E2E/2- 25- 2017 9- 13- 55 PM/Image 3.png,./Macular-Dataset-R.Rasti_old/AMD Part1/AMD (3).E2E/2- 25- 2017 9- 13- 55 PM/Image 3.TIFF
../Images/Images_Manual/AMD Part1/AMD (3).E2E/2- 25- 2017 9- 13- 55 PM/Image 4.png,./Macular-Dataset-R.Rasti_old/AMD Part1/AMD (3).E2E/2- 25- 2017 9- 13- 55 PM/Image 4.TIFF
../Images/Images_Manual/AMD Part1/AMD (3).E2E/2- 25- 2017 9- 13- 55 PM/Image 5.png,./Macular-Dataset-R.Rasti_old/AMD Part1/AMD (3).E2E/2- 25- 2017 9- 13- 55 PM/Image 5.TIFF
../Images/Images_Manual/AMD Part1/AMD (3).E2E/2- 25- 2017 9- 13- 55 PM/Image 6.png,./Macular-Dataset-R.Rasti_old/AMD Part1/AMD (3).E2E/2- 25- 2017 9- 13- 55 PM/Image 6.TIFF
../Images/Images_Manual/AMD Part1/AMD (3).E2E/2- 25- 2017 9- 13- 55 PM/Image 7.png,./Macular-Dataset-R.Rasti_old/AMD Part1/AMD (3).E2E/2- 25- 2017 9- 13- 55 PM/Image 7.TIFF
../Images/Images_Manual/AMD Part1/AMD (3).E2E/2- 25- 2017 9- 13- 55 PM/Image 8.png,./Macular-Dataset-R.Rasti_old/AMD Part1/AMD (3).E2E/2- 25- 2017 9- 13- 55 PM/Image 8.TIFF
../Images/Images_Manual/AMD Part1/AMD (3).E2E/2- 25- 2017 9- 13- 55 PM/Image 9.png,./Macular-Dataset-R.Rasti_old/AMD Part1/AMD (3).E2E/2- 25- 2017 9- 13- 55 PM/Image 9.TIFF
../Images/Images_Manual/AMD Part1/AMD (3).E2E/2- 25- 2017 9- 13- 55 PM/Image 10.png,./Macular-Dataset-R.Rasti_old/AMD Part1/AMD (3).E2E/2- 25- 2017 9- 13- 55 PM/Image 10.TIFF
../Images/Images_Manual/AMD Part1/AMD (3).E2E/2- 25- 2017 9- 13- 55 PM/Image 11.png,./Macular-Dataset-R.Rasti_old/AMD Part1/AMD (3).E2E/2- 25- 2017 9- 13- 55 PM/Image 11.TIFF
../Images/Images_Manual/AMD Part1/AMD (3).E2E/2- 25- 2017 9- 13- 55 PM/Image 12.png,./Macular-Dataset-R.Rasti_old/AMD Part1/AMD (3).E2E/2- 25- 2017 9- 13- 55 PM/Image 12.TIFF
../Images/Images_Manual/AMD Part1/AMD (3).E2E/2- 25- 2017 9- 13- 55 PM/Image 13.png,./Macular-Dataset-R.Rasti_old/AMD Part1/AMD (3).E2E/2- 25- 2017 9- 13- 55 PM/Image 13.TIFF
../Images/Images_Manual/AMD Part1/AMD (3).E2E/2- 25- 2017 9- 13- 55 PM/Image 14.png,./Macular-Dataset-R.Rasti_old/AMD Part1/AMD (3).E2E/2- 25- 2017 9- 13- 55 PM/Image 14.TIFF
../Images/Images_Manual/AMD Part1/AMD (3).E2E/2- 25- 2017 9- 13- 55 PM/Image 15.png,./Macular-Dataset-R.Rasti_old/AMD Part1/AMD (3).E2E/2- 25- 2017 9- 13- 55 PM/Image 15.TIFF
../Images/Images_Manual/AMD Part1/AMD (3).E2E/2- 25- 2017 9- 13- 55 PM/Image 16.png,./Macular-Dataset-R.Rasti_old/AMD Part1/AMD (3).E2E/2- 25- 2017 9- 13- 55 PM/Image 16.TIFF
../Images/Images_Manual/AMD Part1/AMD (3).E2E/2- 25- 2017 9- 13- 55 PM/Image 17.png,./Macular-Dataset-R.Rasti_old/AMD Part1/AMD (3).E2E/2- 25- 2017 9- 13- 55 PM/Image 17.TIFF
../Images/Images_Manual/AMD Part1/AMD (3).E2E/2- 25- 2017 9- 13- 55 PM/Image 18.png,./Macular-Dataset-R.Rasti_old/AMD Part1/AMD (3).E2E/2- 25- 2017 9- 13- 55 PM/Image 18.TIFF
../Images/Images_Manual/AMD Part1/AMD (3).E2E/2- 25- 2017 9- 13- 55 PM/Image 19.png,./Macular-Dataset-R.Rasti_old/AMD Part1/AMD (3).E2E/2- 25- 2017 9- 13- 55 PM/Image 19.TIFF
../Images/Images_Manual/AMD Part1/AMD (3).E2E/2- 25- 2017 9- 13- 55 PM/Image 20.png,./Macular-Dataset-R.Rasti_old/AMD Part1/AMD (3).E2E/2- 25- 2017 9- 13- 55 PM/Image 20.TIFF
../Images/Images_Manual/AMD Part1/AMD (3).E2E/2- 25- 2017 9- 13- 55 PM/Image 21.png,./Macular-Dataset-R.Rasti_old/AMD Part1/AMD (3).E2E/2- 25- 2017 9- 13- 55 PM/Image 21.TIFF
../Images/Images_Manual/AMD Part1/AMD (3).E2E/2- 25- 2017 9- 13- 55 PM/Image 22.png,./Macular-Dataset-R.Rasti_old/AMD Part1/AMD (3).E2E/2- 25- 2017 9- 13- 55 PM/Image 22.TIFF
../Images/Images_Manual/AMD Part1/AMD (3).E2E/2- 25- 2017 9- 13- 55 PM/Image 23.png,./Macular-Dataset-R.Rasti_old/AMD Part1/AMD (3).E2E/2- 25- 2017 9- 13- 55 PM/Image 23.TIFF
../Images/Images_Manual/AMD Part1/AMD (3).E2E/2- 25- 2017 9- 13- 55 PM/Image 24.png,./Macular-Dataset-R.Rasti_old/AMD Part1/AMD (3).E2E/2- 25- 2017 9- 13- 55 PM/Image 24.TIFF
../Images/Images_Manual/AMD Part1/AMD (3).E2E/2- 25- 2017 9- 13- 55 PM/Image 25.png,./Macular-Dataset-R.Rasti_old/AMD Part1/AMD (3).E2E/2- 25- 2017 9- 13- 55 PM/Image 25.TIFF
../Images/Images_Manual/AMD Part1/AMD (3).E2E/2- 25- 2017 9- 13- 55 PM/Image 26.png,./Macular-Dataset-R.Rasti_old/AMD Part1/AMD (3).E2E/2- 25- 2017 9- 13- 55 PM/Image 26.TIFF
../Images/Images_Manual/AMD Part1/AMD (3).E2E/2- 25- 2017 9- 13- 55 PM/Image 27.png,./Macular-Dataset-R.Rasti_old/AMD Part1/AMD (3).E2E/2- 25- 2017 9- 13- 55 PM/Image 27.TIFF
../Images/Images_Manual/AMD Part1/AMD (3).E2E/2- 25- 2017 9- 13- 55 PM/Image 28.png,./Macular-Dataset-R.Rasti_old/AMD Part1/AMD (3).E2E/2- 25- 2017 9- 13- 55 PM/Image 28.TIFF
../Images/Images_Manual/AMD Part1/AMD (3).E2E/2- 25- 2017 9- 13- 55 PM/Image 29.png,./Macular-Dataset-R.Rasti_old/AMD Part1/AMD (3).E2E/2- 25- 2017 9- 13- 55 PM/Image 29.TIFF
../Images/Images_Manual/AMD Part1/AMD (3).E2E/2- 25- 2017 9- 13- 55 PM/Image 30.png,./Macular-Dataset-R.Rasti_old/AMD Part1/AMD (3).E2E/2- 25- 2017 9- 13- 55 PM/Image 30.TIFF
../Images/Images_Manual/AMD Part1/AMD (3).E2E/2- 25- 2017 9- 13- 55 PM/Image 31.png,./Macular-Dataset-R.Rasti_old/AMD Part1/AMD (3).E2E/2- 25- 2017 9- 13- 55 PM/Image 31.TIFF
../Images/Images_Manual/AMD Part1/AMD (3).E2E/2- 25- 2017 9- 13- 55 PM/Image 32.png,./Macular-Dataset-R.Rasti_old/AMD Part1/AMD (3).E2E/2- 25- 2017 9- 13- 55 PM/Image 32.TIFF
../Images/Images_Manual/AMD Part1/AMD (3).E2E/2- 25- 2017 9- 13- 55 PM/Image 33.png,./Macular-Dataset-R.Rasti_old/AMD Part1/AMD (3).E2E/2- 25- 2017 9- 13- 55 PM/Image 33.TIFF
../Images/Images_Manual/AMD Part1/AMD (3).E2E/2- 25- 2017 9- 13- 55 PM/Image 34.png,./Macular-Dataset-R.Rasti_old/AMD Part1/AMD (3).E2E/2- 25- 2017 9- 13- 55 PM/Image 34.TIFF
../Images/Images_Manual/AMD Part1/AMD (3).E2E/2- 25- 2017 9- 13- 55 PM/Image 35.png,./Macular-Dataset-R.Rasti_old/AMD Part1/AMD (3).E2E/2- 25- 2017 9- 13- 55 PM/Image 35.TIFF
../Images/Images_Manual/AMD Part1/AMD (3).E2E/2- 25- 2017 9- 13- 55 PM/Image 36.png,./Macular-Dataset-R.Rasti_old/AMD Part1/AMD (3).E2E/2- 25- 2017 9- 13- 55 PM/Image 36.TIFF
../Images/Images_Manual/AMD Part1/AMD (3).E2E/2- 25- 2017 9- 13- 55 PM/Image 37.png,./Macular-Dataset-R.Rasti_old/AMD Part1/AMD (3).E2E/2- 25- 2017 9- 13- 55 PM/Image 37.TIFF
../Images/Images_Manual/AMD Part1/AMD (3).E2E/2- 25- 2017 9- 13- 55 PM/Image 38.png,./Macular-Dataset-R.Rasti_old/AMD Part1/AMD (3).E2E/2- 25- 2017 9- 13- 55 PM/Image 38.TIFF
../Images/Images_Manual/AMD Part1/AMD (3).E2E/2- 25- 2017 9- 13- 55 PM/Image 39.png,./Macular-Dataset-R.Rasti_old/AMD Part1/AMD (3).E2E/2- 25- 2017 9- 13- 55 PM/Image 39.TIFF
../Images/Images_Manual/AMD Part1/AMD (3).E2E/2- 25- 2017 9- 13- 55 PM/Image 40.png,./Macular-Dataset-R.Rasti_old/AMD Part1/AMD (3).E2E/2- 25- 2017 9- 13- 55 PM/Image 40.TIFF
../Images/Images_Manual/AMD Part1/AMD (3).E2E/2- 25- 2017 9- 13- 55 PM/Image 41.png,./Macular-Dataset-R.Rasti_old/AMD Part1/AMD (3).E2E/2- 25- 2017 9- 13- 55 PM/Image 41.TIFF
../Images/Images_Manual/AMD Part1/AMD (3).E2E/2- 25- 2017 9- 13- 55 PM/Image 42.png,./Macular-Dataset-R.Rasti_old/AMD Part1/AMD (3).E2E/2- 25- 2017 9- 13- 55 PM/Image 42.TIFF
../Images/Images_Manual/AMD Part1/AMD (3).E2E/2- 25- 2017 9- 13- 55 PM/Image 43.png,./Macular-Dataset-R.Rasti_old/AMD Part1/AMD (3).E2E/2- 25- 2017 9- 13- 55 PM/Image 43.TIFF
../Images/Images_Manual/AMD Part1/AMD (3).E2E/2- 25- 2017 9- 13- 55 PM/Image 44.png,./Macular-Dataset-R.Rasti_old/AMD Part1/AMD (3).E2E/2- 25- 2017 9- 13- 55 PM/Image 44.TIFF
../Images/Images_Manual/AMD Part1/AMD (3).E2E/2- 25- 2017 9- 13- 55 PM/Image 45.png,./Macular-Dataset-R.Rasti_old/AMD Part1/AMD (3).E2E/2- 25- 2017 9- 13- 55 PM/Image 45.TIFF
../Images/Images_Manual/AMD Part1/AMD (3).E2E/2- 25- 2017 9- 13- 55 PM/Image 46.png,./Macular-Dataset-R.Rasti_old/AMD Part1/AMD (3).E2E/2- 25- 2017 9- 13- 55 PM/Image 46.TIFF
../Images/Images_Manual/AMD Part1/AMD (3).E2E/2- 25- 2017 9- 13- 55 PM/Image 47.png,./Macular-Dataset-R.Rasti_old/AMD Part1/AMD (3).E2E/2- 25- 2017 9- 13- 55 PM/Image 47.TIFF
../Images/Images_Manual/AMD Part1/AMD (3).E2E/2- 25- 2017 9- 13- 55 PM/Image 48.png,./Macular-Dataset-R.Rasti_old/AMD Part1/AMD (3).E2E/2- 25- 2017 9- 13- 55 PM/Image 48.TIFF
../Images/Images_Manual/AMD Part1/AMD (3).E2E/2- 25- 2017 9- 13- 55 PM/Image 49.png,./Macular-Dataset-R.Rasti_old/AMD Part1/AMD (3).E2E/2- 25- 2017 9- 13- 55 PM/Image 49.TIFF
../Images/Images_Manual/AMD Part1/AMD (3).E2E/2- 25- 2017 9- 13- 55 PM/Image 50.png,./Macular-Dataset-R.Rasti_old/AMD Part1/AMD (3).E2E/2- 25- 2017 9- 13- 55 PM/Image 50.TIFF
../Images/Images_Manual/AMD Part1/AMD (3).E2E/2- 25- 2017 9- 13- 55 PM/Image 51.png,./Macular-Dataset-R.Rasti_old/AMD Part1/AMD (3).E2E/2- 25- 2017 9- 13- 55 PM/Image 51.TIFF
../Images/Images_Manual/AMD Part1/AMD (3).E2E/2- 25- 2017 9- 13- 55 PM/Image 52.png,./Macular-Dataset-R.Rasti_old/AMD Part1/AMD (3).E2E/2- 25- 2017 9- 13- 55 PM/Image 52.TIFF
../Images/Images_Manual/AMD Part1/AMD (3).E2E/2- 25- 2017 9- 13- 55 PM/Image 53.png,./Macular-Dataset-R.Rasti_old/AMD Part1/AMD (3).E2E/2- 25- 2017 9- 13- 55 PM/Image 53.TIFF
../Images/Images_Manual/AMD Part1/AMD (3).E2E/2- 25- 2017 9- 13- 55 PM/Image 54.png,./Macular-Dataset-R.Rasti_old/AMD Part1/AMD (3).E2E/2- 25- 2017 9- 13- 55 PM/Image 54.TIFF
../Images/Images_Manual/AMD Part1/AMD (3).E2E/2- 25- 2017 9- 13- 55 PM/Image 55.png,./Macular-Dataset-R.Rasti_old/AMD Part1/AMD (3).E2E/2- 25- 2017 9- 13- 55 PM/Image 55.TIFF
../Images/Images_Manual/AMD Part1/AMD (3).E2E/2- 25- 2017 9- 13- 55 PM/Image 56.png,./Macular-Dataset-R.Rasti_old/AMD Part1/AMD (3).E2E/2- 25- 2017 9- 13- 55 PM/Image 56.TIFF
../Images/Images_Manual/AMD Part1/AMD (3).E2E/2- 25- 2017 9- 13- 55 PM/Image 57.png,./Macular-Dataset-R.Rasti_old/AMD Part1/AMD (3).E2E/2- 25- 2017 9- 13- 55 PM/Image 57.TIFF
../Images/Images_Manual/AMD Part1/AMD (3).E2E/2- 25- 2017 9- 13- 55 PM/Image 58.png,./Macular-Dataset-R.Rasti_old/AMD Part1/AMD (3).E2E/2- 25- 2017 9- 13- 55 PM/Image 58.TIFF
../Images/Images_Manual/AMD Part1/AMD (3).E2E/2- 25- 2017 9- 13- 55 PM/Image 59.png,./Macular-Dataset-R.Rasti_old/AMD Part1/AMD (3).E2E/2- 25- 2017 9- 13- 55 PM/Image 59.TIFF
../Images/Images_Manual/AMD Part1/AMD (3).E2E/2- 25- 2017 9- 13- 55 PM/Image 60.png,./Macular-Dataset-R.Rasti_old/AMD Part1/AMD (3).E2E/2- 25- 2017 9- 13- 55 PM/Image 60.TIFF
../Images/Images_Manual/AMD Part1/AMD (3).E2E/2- 25- 2017 9- 13- 55 PM/Image 61.png,./Macular-Dataset-R.Rasti_old/AMD Part1/AMD (3).E2E/2- 25- 2017 9- 13- 55 PM/Image 61.TIFF
../Images/Images_Manual/AMD Part1/AMD (8).E2E/2- 25- 2017 9- 21- 50 PM/Image 1.png,./Macular-Dataset-R.Rasti_old/AMD Part1/AMD (8).E2E/2- 25- 2017 9- 21- 50 PM/Image 1.TIFF
../Images/Images_Manual/AMD Part1/AMD (8).E2E/2- 25- 2017 9- 21- 50 PM/Image 2.png,./Macular-Dataset-R.Rasti_old/AMD Part1/AMD (8).E2E/2- 25- 2017 9- 21- 50 PM/Image 2.TIFF
../Images/Images_Manual/AMD Part1/AMD (8).E2E/2- 25- 2017 9- 21- 50 PM/Image 3.png,./Macular-Dataset-R.Rasti_old/AMD Part1/AMD (8).E2E/2- 25- 2017 9- 21- 50 PM/Image 3.TIFF
../Images/Images_Manual/AMD Part1/AMD (8).E2E/2- 25- 2017 9- 21- 50 PM/Image 4.png,./Macular-Dataset-R.Rasti_old/AMD Part1/AMD (8).E2E/2- 25- 2017 9- 21- 50 PM/Image 4.TIFF
../Images/Images_Manual/AMD Part1/AMD (8).E2E/2- 25- 2017 9- 21- 50 PM/Image 5.png,./Macular-Dataset-R.Rasti_old/AMD Part1/AMD (8).E2E/2- 25- 2017 9- 21- 50 PM/Image 5.TIFF
../Images/Images_Manual/AMD Part1/AMD (8).E2E/2- 25- 2017 9- 21- 50 PM/Image 6.png,./Macular-Dataset-R.Rasti_old/AMD Part1/AMD (8).E2E/2- 25- 2017 9- 21- 50 PM/Image 6.TIFF
../Images/Images_Manual/AMD Part1/AMD (8).E2E/2- 25- 2017 9- 21- 50 PM/Image 7.png,./Macular-Dataset-R.Rasti_old/AMD Part1/AMD (8).E2E/2- 25- 2017 9- 21- 50 PM/Image 7.TIFF
../Images/Images_Manual/AMD Part1/AMD (8).E2E/2- 25- 2017 9- 21- 50 PM/Image 8.png,./Macular-Dataset-R.Rasti_old/AMD Part1/AMD (8).E2E/2- 25- 2017 9- 21- 50 PM/Image 8.TIFF
../Images/Images_Manual/AMD Part1/AMD (8).E2E/2- 25- 2017 9- 21- 50 PM/Image 9.png,./Macular-Dataset-R.Rasti_old/AMD Part1/AMD (8).E2E/2- 25- 2017 9- 21- 50 PM/Image 9.TIFF
../Images/Images_Manual/AMD Part1/AMD (8).E2E/2- 25- 2017 9- 21- 50 PM/Image 10.png,./Macular-Dataset-R.Rasti_old/AMD Part1/AMD (8).E2E/2- 25- 2017 9- 21- 50 PM/Image 10.TIFF
../Images/Images_Manual/AMD Part1/AMD (8).E2E/2- 25- 2017 9- 21- 50 PM/Image 11.png,./Macular-Dataset-R.Rasti_old/AMD Part1/AMD (8).E2E/2- 25- 2017 9- 21- 50 PM/Image 11.TIFF
../Images/Images_Manual/AMD Part1/AMD (8).E2E/2- 25- 2017 9- 21- 50 PM/Image 12.png,./Macular-Dataset-R.Rasti_old/AMD Part1/AMD (8).E2E/2- 25- 2017 9- 21- 50 PM/Image 12.TIFF
../Images/Images_Manual/AMD Part1/AMD (8).E2E/2- 25- 2017 9- 21- 50 PM/Image 13.png,./Macular-Dataset-R.Rasti_old/AMD Part1/AMD (8).E2E/2- 25- 2017 9- 21- 50 PM/Image 13.TIFF
../Images/Images_Manual/AMD Part1/AMD (8).E2E/2- 25- 2017 9- 21- 50 PM/Image 14.png,./Macular-Dataset-R.Rasti_old/AMD Part1/AMD (8).E2E/2- 25- 2017 9- 21- 50 PM/Image 14.TIFF
../Images/Images_Manual/AMD Part1/AMD (8).E2E/2- 25- 2017 9- 21- 50 PM/Image 15.png,./Macular-Dataset-R.Rasti_old/AMD Part1/AMD (8).E2E/2- 25- 2017 9- 21- 50 PM/Image 15.TIFF
../Images/Images_Manual/AMD Part1/AMD (8).E2E/2- 25- 2017 9- 21- 50 PM/Image 16.png,./Macular-Dataset-R.Rasti_old/AMD Part1/AMD (8).E2E/2- 25- 2017 9- 21- 50 PM/Image 16.TIFF
../Images/Images_Manual/AMD Part1/AMD (8).E2E/2- 25- 2017 9- 21- 50 PM/Image 17.png,./Macular-Dataset-R.Rasti_old/AMD Part1/AMD (8).E2E/2- 25- 2017 9- 21- 50 PM/Image 17.TIFF
../Images/Images_Manual/AMD Part1/AMD (8).E2E/2- 25- 2017 9- 21- 50 PM/Image 18.png,./Macular-Dataset-R.Rasti_old/AMD Part1/AMD (8).E2E/2- 25- 2017 9- 21- 50 PM/Image 18.TIFF
../Images/Images_Manual/AMD Part1/AMD (8).E2E/2- 25- 2017 9- 21- 50 PM/Image 19.png,./Macular-Dataset-R.Rasti_old/AMD Part1/AMD (8).E2E/2- 25- 2017 9- 21- 50 PM/Image 19.TIFF
../Images/Images_Manual/AMD Part1/AMD (9).E2E/2- 25- 2017 9- 25- 22 PM/Image 1.png,./Macular-Dataset-R.Rasti_old/AMD Part1/AMD (9).E2E/2- 25- 2017 9- 25- 22 PM/Image 1.TIFF
../Images/Images_Manual/AMD Part1/AMD (9).E2E/2- 25- 2017 9- 25- 22 PM/Image 2.png,./Macular-Dataset-R.Rasti_old/AMD Part1/AMD (9).E2E/2- 25- 2017 9- 25- 22 PM/Image 2.TIFF
../Images/Images_Manual/AMD Part1/AMD (9).E2E/2- 25- 2017 9- 25- 22 PM/Image 3.png,./Macular-Dataset-R.Rasti_old/AMD Part1/AMD (9).E2E/2- 25- 2017 9- 25- 22 PM/Image 3.TIFF
../Images/Images_Manual/AMD Part1/AMD (9).E2E/2- 25- 2017 9- 25- 22 PM/Image 4.png,./Macular-Dataset-R.Rasti_old/AMD Part1/AMD (9).E2E/2- 25- 2017 9- 25- 22 PM/Image 4.TIFF
../Images/Images_Manual/AMD Part1/AMD (9).E2E/2- 25- 2017 9- 25- 22 PM/Image 5.png,./Macular-Dataset-R.Rasti_old/AMD Part1/AMD (9).E2E/2- 25- 2017 9- 25- 22 PM/Image 5.TIFF
../Images/Images_Manual/AMD Part1/AMD (9).E2E/2- 25- 2017 9- 25- 22 PM/Image 6.png,./Macular-Dataset-R.Rasti_old/AMD Part1/AMD (9).E2E/2- 25- 2017 9- 25- 22 PM/Image 6.TIFF
../Images/Images_Manual/AMD Part1/AMD (9).E2E/2- 25- 2017 9- 25- 22 PM/Image 7.png,./Macular-Dataset-R.Rasti_old/AMD Part1/AMD (9).E2E/2- 25- 2017 9- 25- 22 PM/Image 7.TIFF
../Images/Images_Manual/AMD Part1/AMD (9).E2E/2- 25- 2017 9- 25- 22 PM/Image 8.png,./Macular-Dataset-R.Rasti_old/AMD Part1/AMD (9).E2E/2- 25- 2017 9- 25- 22 PM/Image 8.TIFF
../Images/Images_Manual/AMD Part1/AMD (9).E2E/2- 25- 2017 9- 25- 22 PM/Image 9.png,./Macular-Dataset-R.Rasti_old/AMD Part1/AMD (9).E2E/2- 25- 2017 9- 25- 22 PM/Image 9.TIFF
../Images/Images_Manual/AMD Part1/AMD (9).E2E/2- 25- 2017 9- 25- 22 PM/Image 10.png,./Macular-Dataset-R.Rasti_old/AMD Part1/AMD (9).E2E/2- 25- 2017 9- 25- 22 PM/Image 10.TIFF
../Images/Images_Manual/AMD Part1/AMD (9).E2E/2- 25- 2017 9- 25- 22 PM/Image 11.png,./Macular-Dataset-R.Rasti_old/AMD Part1/AMD (9).E2E/2- 25- 2017 9- 25- 22 PM/Image 11.TIFF
../Images/Images_Manual/AMD Part1/AMD (9).E2E/2- 25- 2017 9- 25- 22 PM/Image 12.png,./Macular-Dataset-R.Rasti_old/AMD Part1/AMD (9).E2E/2- 25- 2017 9- 25- 22 PM/Image 12.TIFF
../Images/Images_Manual/AMD Part1/AMD (9).E2E/2- 25- 2017 9- 25- 22 PM/Image 13.png,./Macular-Dataset-R.Rasti_old/AMD Part1/AMD (9).E2E/2- 25- 2017 9- 25- 22 PM/Image 13.TIFF
../Images/Images_Manual/AMD Part1/AMD (9).E2E/2- 25- 2017 9- 25- 22 PM/Image 14.png,./Macular-Dataset-R.Rasti_old/AMD Part1/AMD (9).E2E/2- 25- 2017 9- 25- 22 PM/Image 14.TIFF
../Images/Images_Manual/AMD Part1/AMD (9).E2E/2- 25- 2017 9- 25- 22 PM/Image 15.png,./Macular-Dataset-R.Rasti_old/AMD Part1/AMD (9).E2E/2- 25- 2017 9- 25- 22 PM/Image 15.TIFF
../Images/Images_Manual/AMD Part1/AMD (9).E2E/2- 25- 2017 9- 25- 22 PM/Image 16.png,./Macular-Dataset-R.Rasti_old/AMD Part1/AMD (9).E2E/2- 25- 2017 9- 25- 22 PM/Image 16.TIFF
../Images/Images_Manual/AMD Part1/AMD (9).E2E/2- 25- 2017 9- 25- 22 PM/Image 17.png,./Macular-Dataset-R.Rasti_old/AMD Part1/AMD (9).E2E/2- 25- 2017 9- 25- 22 PM/Image 17.TIFF
../Images/Images_Manual/AMD Part1/AMD (9).E2E/2- 25- 2017 9- 25- 22 PM/Image 18.png,./Macular-Dataset-R.Rasti_old/AMD Part1/AMD (9).E2E/2- 25- 2017 9- 25- 22 PM/Image 18.TIFF
../Images/Images_Manual/AMD Part1/AMD (9).E2E/2- 25- 2017 9- 25- 22 PM/Image 19.png,./Macular-Dataset-R.Rasti_old/AMD Part1/AMD (9).E2E/2- 25- 2017 9- 25- 22 PM/Image 19.TIFF
../Images/Images_Manual/AMD Part1/AMD (10).E2E/2- 25- 2017 9- 27- 53 PM/Image 1.png,./Macular-Dataset-R.Rasti_old/AMD Part1/AMD (10).E2E/2- 25- 2017 9- 27- 53 PM/Image 1.TIFF
../Images/Images_Manual/AMD Part1/AMD (10).E2E/2- 25- 2017 9- 27- 53 PM/Image 2.png,./Macular-Dataset-R.Rasti_old/AMD Part1/AMD (10).E2E/2- 25- 2017 9- 27- 53 PM/Image 2.TIFF
../Images/Images_Manual/AMD Part1/AMD (10).E2E/2- 25- 2017 9- 27- 53 PM/Image 3.png,./Macular-Dataset-R.Rasti_old/AMD Part1/AMD (10).E2E/2- 25- 2017 9- 27- 53 PM/Image 3.TIFF
../Images/Images_Manual/AMD Part1/AMD (10).E2E/2- 25- 2017 9- 27- 53 PM/Image 4.png,./Macular-Dataset-R.Rasti_old/AMD Part1/AMD (10).E2E/2- 25- 2017 9- 27- 53 PM/Image 4.TIFF
../Images/Images_Manual/AMD Part1/AMD (10).E2E/2- 25- 2017 9- 27- 53 PM/Image 5.png,./Macular-Dataset-R.Rasti_old/AMD Part1/AMD (10).E2E/2- 25- 2017 9- 27- 53 PM/Image 5.TIFF
../Images/Images_Manual/AMD Part1/AMD (10).E2E/2- 25- 2017 9- 27- 53 PM/Image 6.png,./Macular-Dataset-R.Rasti_old/AMD Part1/AMD (10).E2E/2- 25- 2017 9- 27- 53 PM/Image 6.TIFF
../Images/Images_Manual/AMD Part1/AMD (10).E2E/2- 25- 2017 9- 27- 53 PM/Image 7.png,./Macular-Dataset-R.Rasti_old/AMD Part1/AMD (10).E2E/2- 25- 2017 9- 27- 53 PM/Image 7.TIFF
../Images/Images_Manual/AMD Part1/AMD (10).E2E/2- 25- 2017 9- 27- 53 PM/Image 8.png,./Macular-Dataset-R.Rasti_old/AMD Part1/AMD (10).E2E/2- 25- 2017 9- 27- 53 PM/Image 8.TIFF
../Images/Images_Manual/AMD Part1/AMD (10).E2E/2- 25- 2017 9- 27- 53 PM/Image 9.png,./Macular-Dataset-R.Rasti_old/AMD Part1/AMD (10).E2E/2- 25- 2017 9- 27- 53 PM/Image 9.TIFF
../Images/Images_Manual/AMD Part1/AMD (10).E2E/2- 25- 2017 9- 27- 53 PM/Image 10.png,./Macular-Dataset-R.Rasti_old/AMD Part1/AMD (10).E2E/2- 25- 2017 9- 27- 53 PM/Image 10.TIFF
../Images/Images_Manual/AMD Part1/AMD (10).E2E/2- 25- 2017 9- 27- 53 PM/Image 11.png,./Macular-Dataset-R.Rasti_old/AMD Part1/AMD (10).E2E/2- 25- 2017 9- 27- 53 PM/Image 11.TIFF
../Images/Images_Manual/AMD Part1/AMD (10).E2E/2- 25- 2017 9- 27- 53 PM/Image 12.png,./Macular-Dataset-R.Rasti_old/AMD Part1/AMD (10).E2E/2- 25- 2017 9- 27- 53 PM/Image 12.TIFF
../Images/Images_Manual/AMD Part1/AMD (10).E2E/2- 25- 2017 9- 27- 53 PM/Image 13.png,./Macular-Dataset-R.Rasti_old/AMD Part1/AMD (10).E2E/2- 25- 2017 9- 27- 53 PM/Image 13.TIFF
../Images/Images_Manual/AMD Part1/AMD (10).E2E/2- 25- 2017 9- 27- 53 PM/Image 14.png,./Macular-Dataset-R.Rasti_old/AMD Part1/AMD (10).E2E/2- 25- 2017 9- 27- 53 PM/Image 14.TIFF
../Images/Images_Manual/AMD Part1/AMD (10).E2E/2- 25- 2017 9- 27- 53 PM/Image 15.png,./Macular-Dataset-R.Rasti_old/AMD Part1/AMD (10).E2E/2- 25- 2017 9- 27- 53 PM/Image 15.TIFF
../Images/Images_Manual/AMD Part1/AMD (10).E2E/2- 25- 2017 9- 27- 53 PM/Image 16.png,./Macular-Dataset-R.Rasti_old/AMD Part1/AMD (10).E2E/2- 25- 2017 9- 27- 53 PM/Image 16.TIFF
../Images/Images_Manual/AMD Part1/AMD (10).E2E/2- 25- 2017 9- 27- 53 PM/Image 17.png,./Macular-Dataset-R.Rasti_old/AMD Part1/AMD (10).E2E/2- 25- 2017 9- 27- 53 PM/Image 17.TIFF
../Images/Images_Manual/AMD Part1/AMD (10).E2E/2- 25- 2017 9- 27- 53 PM/Image 18.png,./Macular-Dataset-R.Rasti_old/AMD Part1/AMD (10).E2E/2- 25- 2017 9- 27- 53 PM/Image 18.TIFF
../Images/Images_Manual/AMD Part1/AMD (10).E2E/2- 25- 2017 9- 27- 53 PM/Image 19.png,./Macular-Dataset-R.Rasti_old/AMD Part1/AMD (10).E2E/2- 25- 2017 9- 27- 53 PM/Image 19.TIFF
../Images/Images_Manual/AMD Part1/AMD (10).E2E/2- 25- 2017 9- 27- 53 PM/Image 20.png,./Macular-Dataset-R.Rasti_old/AMD Part1/AMD (10).E2E/2- 25- 2017 9- 27- 53 PM/Image 20.TIFF
../Images/Images_Manual/AMD Part1/AMD (10).E2E/2- 25- 2017 9- 27- 53 PM/Image 21.png,./Macular-Dataset-R.Rasti_old/AMD Part1/AMD (10).E2E/2- 25- 2017 9- 27- 53 PM/Image 21.TIFF
../Images/Images_Manual/AMD Part1/AMD (10).E2E/2- 25- 2017 9- 27- 53 PM/Image 22.png,./Macular-Dataset-R.Rasti_old/AMD Part1/AMD (10).E2E/2- 25- 2017 9- 27- 53 PM/Image 22.TIFF
../Images/Images_Manual/AMD Part1/AMD (10).E2E/2- 25- 2017 9- 27- 53 PM/Image 23.png,./Macular-Dataset-R.Rasti_old/AMD Part1/AMD (10).E2E/2- 25- 2017 9- 27- 53 PM/Image 23.TIFF
../Images/Images_Manual/AMD Part1/AMD (10).E2E/2- 25- 2017 9- 27- 53 PM/Image 24.png,./Macular-Dataset-R.Rasti_old/AMD Part1/AMD (10).E2E/2- 25- 2017 9- 27- 53 PM/Image 24.TIFF
../Images/Images_Manual/AMD Part1/AMD (10).E2E/2- 25- 2017 9- 27- 53 PM/Image 25.png,./Macular-Dataset-R.Rasti_old/AMD Part1/AMD (10).E2E/2- 25- 2017 9- 27- 53 PM/Image 25.TIFF
../Images/Images_Manual/AMD Part1/AMD (11).E2E/2- 25- 2017 4- 44- 26 PM/Image 1.png,./Macular-Dataset-R.Rasti_old/AMD Part1/AMD (11).E2E/2- 25- 2017 4- 44- 26 PM/Image 1.TIFF
../Images/Images_Manual/AMD Part1/AMD (11).E2E/2- 25- 2017 4- 44- 26 PM/Image 2.png,./Macular-Dataset-R.Rasti_old/AMD Part1/AMD (11).E2E/2- 25- 2017 4- 44- 26 PM/Image 2.TIFF
../Images/Images_Manual/AMD Part1/AMD (11).E2E/2- 25- 2017 4- 44- 26 PM/Image 3.png,./Macular-Dataset-R.Rasti_old/AMD Part1/AMD (11).E2E/2- 25- 2017 4- 44- 26 PM/Image 3.TIFF
../Images/Images_Manual/AMD Part1/AMD (11).E2E/2- 25- 2017 4- 44- 26 PM/Image 4.png,./Macular-Dataset-R.Rasti_old/AMD Part1/AMD (11).E2E/2- 25- 2017 4- 44- 26 PM/Image 4.TIFF
../Images/Images_Manual/AMD Part1/AMD (11).E2E/2- 25- 2017 4- 44- 26 PM/Image 5.png,./Macular-Dataset-R.Rasti_old/AMD Part1/AMD (11).E2E/2- 25- 2017 4- 44- 26 PM/Image 5.TIFF
../Images/Images_Manual/AMD Part1/AMD (11).E2E/2- 25- 2017 4- 44- 26 PM/Image 6.png,./Macular-Dataset-R.Rasti_old/AMD Part1/AMD (11).E2E/2- 25- 2017 4- 44- 26 PM/Image 6.TIFF
../Images/Images_Manual/AMD Part1/AMD (11).E2E/2- 25- 2017 4- 44- 26 PM/Image 7.png,./Macular-Dataset-R.Rasti_old/AMD Part1/AMD (11).E2E/2- 25- 2017 4- 44- 26 PM/Image 7.TIFF
../Images/Images_Manual/AMD Part1/AMD (11).E2E/2- 25- 2017 4- 44- 26 PM/Image 8.png,./Macular-Dataset-R.Rasti_old/AMD Part1/AMD (11).E2E/2- 25- 2017 4- 44- 26 PM/Image 8.TIFF
../Images/Images_Manual/AMD Part1/AMD (11).E2E/2- 25- 2017 4- 44- 26 PM/Image 9.png,./Macular-Dataset-R.Rasti_old/AMD Part1/AMD (11).E2E/2- 25- 2017 4- 44- 26 PM/Image 9.TIFF
../Images/Images_Manual/AMD Part1/AMD (11).E2E/2- 25- 2017 4- 44- 26 PM/Image 10.png,./Macular-Dataset-R.Rasti_old/AMD Part1/AMD (11).E2E/2- 25- 2017 4- 44- 26 PM/Image 10.TIFF
../Images/Images_Manual/AMD Part1/AMD (11).E2E/2- 25- 2017 4- 44- 26 PM/Image 11.png,./Macular-Dataset-R.Rasti_old/AMD Part1/AMD (11).E2E/2- 25- 2017 4- 44- 26 PM/Image 11.TIFF
../Images/Images_Manual/AMD Part1/AMD (11).E2E/2- 25- 2017 4- 44- 26 PM/Image 12.png,./Macular-Dataset-R.Rasti_old/AMD Part1/AMD (11).E2E/2- 25- 2017 4- 44- 26 PM/Image 12.TIFF
../Images/Images_Manual/AMD Part1/AMD (11).E2E/2- 25- 2017 4- 44- 26 PM/Image 13.png,./Macular-Dataset-R.Rasti_old/AMD Part1/AMD (11).E2E/2- 25- 2017 4- 44- 26 PM/Image 13.TIFF
../Images/Images_Manual/AMD Part1/AMD (11).E2E/2- 25- 2017 4- 44- 26 PM/Image 14.png,./Macular-Dataset-R.Rasti_old/AMD Part1/AMD (11).E2E/2- 25- 2017 4- 44- 26 PM/Image 14.TIFF
../Images/Images_Manual/AMD Part1/AMD (11).E2E/2- 25- 2017 4- 44- 26 PM/Image 15.png,./Macular-Dataset-R.Rasti_old/AMD Part1/AMD (11).E2E/2- 25- 2017 4- 44- 26 PM/Image 15.TIFF
../Images/Images_Manual/AMD Part1/AMD (11).E2E/2- 25- 2017 4- 44- 26 PM/Image 16.png,./Macular-Dataset-R.Rasti_old/AMD Part1/AMD (11).E2E/2- 25- 2017 4- 44- 26 PM/Image 16.TIFF
../Images/Images_Manual/AMD Part1/AMD (11).E2E/2- 25- 2017 4- 44- 26 PM/Image 17.png,./Macular-Dataset-R.Rasti_old/AMD Part1/AMD (11).E2E/2- 25- 2017 4- 44- 26 PM/Image 17.TIFF
../Images/Images_Manual/AMD Part1/AMD (11).E2E/2- 25- 2017 4- 44- 26 PM/Image 18.png,./Macular-Dataset-R.Rasti_old/AMD Part1/AMD (11).E2E/2- 25- 2017 4- 44- 26 PM/Image 18.TIFF
../Images/Images_Manual/AMD Part1/AMD (11).E2E/2- 25- 2017 4- 44- 26 PM/Image 19.png,./Macular-Dataset-R.Rasti_old/AMD Part1/AMD (11).E2E/2- 25- 2017 4- 44- 26 PM/Image 19.TIFF
../Images/Images_Manual/AMD Part1/AMD (13).E2E/2- 25- 2017 4- 48- 43 PM/Image 1.png,./Macular-Dataset-R.Rasti_old/AMD Part1/AMD (13).E2E/2- 25- 2017 4- 48- 43 PM/Image 1.TIFF
../Images/Images_Manual/AMD Part1/AMD (13).E2E/2- 25- 2017 4- 48- 43 PM/Image 2.png,./Macular-Dataset-R.Rasti_old/AMD Part1/AMD (13).E2E/2- 25- 2017 4- 48- 43 PM/Image 2.TIFF
../Images/Images_Manual/AMD Part1/AMD (13).E2E/2- 25- 2017 4- 48- 43 PM/Image 3.png,./Macular-Dataset-R.Rasti_old/AMD Part1/AMD (13).E2E/2- 25- 2017 4- 48- 43 PM/Image 3.TIFF
../Images/Images_Manual/AMD Part1/AMD (13).E2E/2- 25- 2017 4- 48- 43 PM/Image 4.png,./Macular-Dataset-R.Rasti_old/AMD Part1/AMD (13).E2E/2- 25- 2017 4- 48- 43 PM/Image 4.TIFF
../Images/Images_Manual/AMD Part1/AMD (13).E2E/2- 25- 2017 4- 48- 43 PM/Image 5.png,./Macular-Dataset-R.Rasti_old/AMD Part1/AMD (13).E2E/2- 25- 2017 4- 48- 43 PM/Image 5.TIFF
../Images/Images_Manual/AMD Part1/AMD (13).E2E/2- 25- 2017 4- 48- 43 PM/Image 6.png,./Macular-Dataset-R.Rasti_old/AMD Part1/AMD (13).E2E/2- 25- 2017 4- 48- 43 PM/Image 6.TIFF
../Images/Images_Manual/AMD Part1/AMD (13).E2E/2- 25- 2017 4- 48- 43 PM/Image 7.png,./Macular-Dataset-R.Rasti_old/AMD Part1/AMD (13).E2E/2- 25- 2017 4- 48- 43 PM/Image 7.TIFF
../Images/Images_Manual/AMD Part1/AMD (13).E2E/2- 25- 2017 4- 48- 43 PM/Image 8.png,./Macular-Dataset-R.Rasti_old/AMD Part1/AMD (13).E2E/2- 25- 2017 4- 48- 43 PM/Image 8.TIFF
../Images/Images_Manual/AMD Part1/AMD (13).E2E/2- 25- 2017 4- 48- 43 PM/Image 9.png,./Macular-Dataset-R.Rasti_old/AMD Part1/AMD (13).E2E/2- 25- 2017 4- 48- 43 PM/Image 9.TIFF
../Images/Images_Manual/AMD Part1/AMD (13).E2E/2- 25- 2017 4- 48- 43 PM/Image 10.png,./Macular-Dataset-R.Rasti_old/AMD Part1/AMD (13).E2E/2- 25- 2017 4- 48- 43 PM/Image 10.TIFF
../Images/Images_Manual/AMD Part1/AMD (13).E2E/2- 25- 2017 4- 48- 43 PM/Image 11.png,./Macular-Dataset-R.Rasti_old/AMD Part1/AMD (13).E2E/2- 25- 2017 4- 48- 43 PM/Image 11.TIFF
../Images/Images_Manual/AMD Part1/AMD (13).E2E/2- 25- 2017 4- 48- 43 PM/Image 12.png,./Macular-Dataset-R.Rasti_old/AMD Part1/AMD (13).E2E/2- 25- 2017 4- 48- 43 PM/Image 12.TIFF
../Images/Images_Manual/AMD Part1/AMD (13).E2E/2- 25- 2017 4- 48- 43 PM/Image 13.png,./Macular-Dataset-R.Rasti_old/AMD Part1/AMD (13).E2E/2- 25- 2017 4- 48- 43 PM/Image 13.TIFF
../Images/Images_Manual/AMD Part1/AMD (13).E2E/2- 25- 2017 4- 48- 43 PM/Image 14.png,./Macular-Dataset-R.Rasti_old/AMD Part1/AMD (13).E2E/2- 25- 2017 4- 48- 43 PM/Image 14.TIFF
../Images/Images_Manual/AMD Part1/AMD (13).E2E/2- 25- 2017 4- 48- 43 PM/Image 15.png,./Macular-Dataset-R.Rasti_old/AMD Part1/AMD (13).E2E/2- 25- 2017 4- 48- 43 PM/Image 15.TIFF
../Images/Images_Manual/AMD Part1/AMD (13).E2E/2- 25- 2017 4- 48- 43 PM/Image 16.png,./Macular-Dataset-R.Rasti_old/AMD Part1/AMD (13).E2E/2- 25- 2017 4- 48- 43 PM/Image 16.TIFF
../Images/Images_Manual/AMD Part1/AMD (13).E2E/2- 25- 2017 4- 48- 43 PM/Image 17.png,./Macular-Dataset-R.Rasti_old/AMD Part1/AMD (13).E2E/2- 25- 2017 4- 48- 43 PM/Image 17.TIFF
../Images/Images_Manual/AMD Part1/AMD (13).E2E/2- 25- 2017 4- 48- 43 PM/Image 18.png,./Macular-Dataset-R.Rasti_old/AMD Part1/AMD (13).E2E/2- 25- 2017 4- 48- 43 PM/Image 18.TIFF
../Images/Images_Manual/AMD Part1/AMD (13).E2E/2- 25- 2017 4- 48- 43 PM/Image 19.png,./Macular-Dataset-R.Rasti_old/AMD Part1/AMD (13).E2E/2- 25- 2017 4- 48- 43 PM/Image 19.TIFF
../Images/Images_Manual/AMD Part1/AMD (13).E2E/2- 25- 2017 4- 48- 43 PM/Image 20.png,./Macular-Dataset-R.Rasti_old/AMD Part1/AMD (13).E2E/2- 25- 2017 4- 48- 43 PM/Image 20.TIFF
../Images/Images_Manual/AMD Part1/AMD (13).E2E/2- 25- 2017 4- 48- 43 PM/Image 21.png,./Macular-Dataset-R.Rasti_old/AMD Part1/AMD (13).E2E/2- 25- 2017 4- 48- 43 PM/Image 21.TIFF
../Images/Images_Manual/AMD Part1/AMD (13).E2E/2- 25- 2017 4- 48- 43 PM/Image 22.png,./Macular-Dataset-R.Rasti_old/AMD Part1/AMD (13).E2E/2- 25- 2017 4- 48- 43 PM/Image 22.TIFF
../Images/Images_Manual/AMD Part1/AMD (13).E2E/2- 25- 2017 4- 48- 43 PM/Image 23.png,./Macular-Dataset-R.Rasti_old/AMD Part1/AMD (13).E2E/2- 25- 2017 4- 48- 43 PM/Image 23.TIFF
../Images/Images_Manual/AMD Part1/AMD (13).E2E/2- 25- 2017 4- 48- 43 PM/Image 24.png,./Macular-Dataset-R.Rasti_old/AMD Part1/AMD (13).E2E/2- 25- 2017 4- 48- 43 PM/Image 24.TIFF
../Images/Images_Manual/AMD Part1/AMD (13).E2E/2- 25- 2017 4- 48- 43 PM/Image 25.png,./Macular-Dataset-R.Rasti_old/AMD Part1/AMD (13).E2E/2- 25- 2017 4- 48- 43 PM/Image 25.TIFF
../Images/Images_Manual/AMD Part1/AMD (13).E2E/2- 25- 2017 4- 48- 43 PM/Image 26.png,./Macular-Dataset-R.Rasti_old/AMD Part1/AMD (13).E2E/2- 25- 2017 4- 48- 43 PM/Image 26.TIFF
../Images/Images_Manual/AMD Part1/AMD (13).E2E/2- 25- 2017 4- 48- 43 PM/Image 27.png,./Macular-Dataset-R.Rasti_old/AMD Part1/AMD (13).E2E/2- 25- 2017 4- 48- 43 PM/Image 27.TIFF
../Images/Images_Manual/AMD Part1/AMD (13).E2E/2- 25- 2017 4- 48- 43 PM/Image 28.png,./Macular-Dataset-R.Rasti_old/AMD Part1/AMD (13).E2E/2- 25- 2017 4- 48- 43 PM/Image 28.TIFF
../Images/Images_Manual/AMD Part1/AMD (13).E2E/2- 25- 2017 4- 48- 43 PM/Image 29.png,./Macular-Dataset-R.Rasti_old/AMD Part1/AMD (13).E2E/2- 25- 2017 4- 48- 43 PM/Image 29.TIFF
../Images/Images_Manual/AMD Part1/AMD (13).E2E/2- 25- 2017 4- 48- 43 PM/Image 30.png,./Macular-Dataset-R.Rasti_old/AMD Part1/AMD (13).E2E/2- 25- 2017 4- 48- 43 PM/Image 30.TIFF
../Images/Images_Manual/AMD Part1/AMD (13).E2E/2- 25- 2017 4- 48- 43 PM/Image 31.png,./Macular-Dataset-R.Rasti_old/AMD Part1/AMD (13).E2E/2- 25- 2017 4- 48- 43 PM/Image 31.TIFF
../Images/Images_Manual/AMD Part1/AMD (13).E2E/2- 25- 2017 4- 48- 43 PM/Image 32.png,./Macular-Dataset-R.Rasti_old/AMD Part1/AMD (13).E2E/2- 25- 2017 4- 48- 43 PM/Image 32.TIFF
../Images/Images_Manual/AMD Part1/AMD (13).E2E/2- 25- 2017 4- 48- 43 PM/Image 33.png,./Macular-Dataset-R.Rasti_old/AMD Part1/AMD (13).E2E/2- 25- 2017 4- 48- 43 PM/Image 33.TIFF
../Images/Images_Manual/AMD Part1/AMD (13).E2E/2- 25- 2017 4- 48- 43 PM/Image 34.png,./Macular-Dataset-R.Rasti_old/AMD Part1/AMD (13).E2E/2- 25- 2017 4- 48- 43 PM/Image 34.TIFF
../Images/Images_Manual/AMD Part1/AMD (13).E2E/2- 25- 2017 4- 48- 43 PM/Image 35.png,./Macular-Dataset-R.Rasti_old/AMD Part1/AMD (13).E2E/2- 25- 2017 4- 48- 43 PM/Image 35.TIFF
../Images/Images_Manual/AMD Part1/AMD (13).E2E/2- 25- 2017 4- 48- 43 PM/Image 36.png,./Macular-Dataset-R.Rasti_old/AMD Part1/AMD (13).E2E/2- 25- 2017 4- 48- 43 PM/Image 36.TIFF
../Images/Images_Manual/AMD Part1/AMD (13).E2E/2- 25- 2017 4- 48- 43 PM/Image 37.png,./Macular-Dataset-R.Rasti_old/AMD Part1/AMD (13).E2E/2- 25- 2017 4- 48- 43 PM/Image 37.TIFF
../Images/Images_Manual/AMD Part1/AMD (13).E2E/2- 25- 2017 4- 48- 43 PM/Image 38.png,./Macular-Dataset-R.Rasti_old/AMD Part1/AMD (13).E2E/2- 25- 2017 4- 48- 43 PM/Image 38.TIFF
../Images/Images_Manual/AMD Part1/AMD (13).E2E/2- 25- 2017 4- 48- 43 PM/Image 39.png,./Macular-Dataset-R.Rasti_old/AMD Part1/AMD (13).E2E/2- 25- 2017 4- 48- 43 PM/Image 39.TIFF
../Images/Images_Manual/AMD Part1/AMD (13).E2E/2- 25- 2017 4- 48- 43 PM/Image 40.png,./Macular-Dataset-R.Rasti_old/AMD Part1/AMD (13).E2E/2- 25- 2017 4- 48- 43 PM/Image 40.TIFF
../Images/Images_Manual/AMD Part1/AMD (13).E2E/2- 25- 2017 4- 48- 43 PM/Image 41.png,./Macular-Dataset-R.Rasti_old/AMD Part1/AMD (13).E2E/2- 25- 2017 4- 48- 43 PM/Image 41.TIFF
../Images/Images_Manual/AMD Part1/AMD (13).E2E/2- 25- 2017 4- 48- 43 PM/Image 42.png,./Macular-Dataset-R.Rasti_old/AMD Part1/AMD (13).E2E/2- 25- 2017 4- 48- 43 PM/Image 42.TIFF
../Images/Images_Manual/AMD Part1/AMD (13).E2E/2- 25- 2017 4- 48- 43 PM/Image 43.png,./Macular-Dataset-R.Rasti_old/AMD Part1/AMD (13).E2E/2- 25- 2017 4- 48- 43 PM/Image 43.TIFF
../Images/Images_Manual/AMD Part1/AMD (13).E2E/2- 25- 2017 4- 48- 43 PM/Image 44.png,./Macular-Dataset-R.Rasti_old/AMD Part1/AMD (13).E2E/2- 25- 2017 4- 48- 43 PM/Image 44.TIFF
../Images/Images_Manual/AMD Part1/AMD (13).E2E/2- 25- 2017 4- 48- 43 PM/Image 45.png,./Macular-Dataset-R.Rasti_old/AMD Part1/AMD (13).E2E/2- 25- 2017 4- 48- 43 PM/Image 45.TIFF
../Images/Images_Manual/AMD Part1/AMD (13).E2E/2- 25- 2017 4- 48- 43 PM/Image 46.png,./Macular-Dataset-R.Rasti_old/AMD Part1/AMD (13).E2E/2- 25- 2017 4- 48- 43 PM/Image 46.TIFF
../Images/Images_Manual/AMD Part1/AMD (13).E2E/2- 25- 2017 4- 48- 43 PM/Image 47.png,./Macular-Dataset-R.Rasti_old/AMD Part1/AMD (13).E2E/2- 25- 2017 4- 48- 43 PM/Image 47.TIFF
../Images/Images_Manual/AMD Part1/AMD (13).E2E/2- 25- 2017 4- 48- 43 PM/Image 48.png,./Macular-Dataset-R.Rasti_old/AMD Part1/AMD (13).E2E/2- 25- 2017 4- 48- 43 PM/Image 48.TIFF
../Images/Images_Manual/AMD Part1/AMD (13).E2E/2- 25- 2017 4- 48- 43 PM/Image 49.png,./Macular-Dataset-R.Rasti_old/AMD Part1/AMD (13).E2E/2- 25- 2017 4- 48- 43 PM/Image 49.TIFF
../Images/Images_Manual/AMD Part1/AMD (13).E2E/2- 25- 2017 4- 48- 43 PM/Image 50.png,./Macular-Dataset-R.Rasti_old/AMD Part1/AMD (13).E2E/2- 25- 2017 4- 48- 43 PM/Image 50.TIFF
../Images/Images_Manual/AMD Part1/AMD (13).E2E/2- 25- 2017 4- 48- 43 PM/Image 51.png,./Macular-Dataset-R.Rasti_old/AMD Part1/AMD (13).E2E/2- 25- 2017 4- 48- 43 PM/Image 51.TIFF
../Images/Images_Manual/AMD Part1/AMD (13).E2E/2- 25- 2017 4- 48- 43 PM/Image 52.png,./Macular-Dataset-R.Rasti_old/AMD Part1/AMD (13).E2E/2- 25- 2017 4- 48- 43 PM/Image 52.TIFF
../Images/Images_Manual/AMD Part1/AMD (13).E2E/2- 25- 2017 4- 48- 43 PM/Image 53.png,./Macular-Dataset-R.Rasti_old/AMD Part1/AMD (13).E2E/2- 25- 2017 4- 48- 43 PM/Image 53.TIFF
../Images/Images_Manual/AMD Part1/AMD (13).E2E/2- 25- 2017 4- 48- 43 PM/Image 54.png,./Macular-Dataset-R.Rasti_old/AMD Part1/AMD (13).E2E/2- 25- 2017 4- 48- 43 PM/Image 54.TIFF
../Images/Images_Manual/AMD Part1/AMD (13).E2E/2- 25- 2017 4- 48- 43 PM/Image 55.png,./Macular-Dataset-R.Rasti_old/AMD Part1/AMD (13).E2E/2- 25- 2017 4- 48- 43 PM/Image 55.TIFF
../Images/Images_Manual/AMD Part1/AMD (13).E2E/2- 25- 2017 4- 48- 43 PM/Image 56.png,./Macular-Dataset-R.Rasti_old/AMD Part1/AMD (13).E2E/2- 25- 2017 4- 48- 43 PM/Image 56.TIFF
../Images/Images_Manual/AMD Part1/AMD (13).E2E/2- 25- 2017 4- 48- 43 PM/Image 57.png,./Macular-Dataset-R.Rasti_old/AMD Part1/AMD (13).E2E/2- 25- 2017 4- 48- 43 PM/Image 57.TIFF
../Images/Images_Manual/AMD Part1/AMD (13).E2E/2- 25- 2017 4- 48- 43 PM/Image 58.png,./Macular-Dataset-R.Rasti_old/AMD Part1/AMD (13).E2E/2- 25- 2017 4- 48- 43 PM/Image 58.TIFF
../Images/Images_Manual/AMD Part1/AMD (13).E2E/2- 25- 2017 4- 48- 43 PM/Image 59.png,./Macular-Dataset-R.Rasti_old/AMD Part1/AMD (13).E2E/2- 25- 2017 4- 48- 43 PM/Image 59.TIFF
../Images/Images_Manual/AMD Part1/AMD (13).E2E/2- 25- 2017 4- 48- 43 PM/Image 60.png,./Macular-Dataset-R.Rasti_old/AMD Part1/AMD (13).E2E/2- 25- 2017 4- 48- 43 PM/Image 60.TIFF
../Images/Images_Manual/AMD Part1/AMD (13).E2E/2- 25- 2017 4- 48- 43 PM/Image 61.png,./Macular-Dataset-R.Rasti_old/AMD Part1/AMD (13).E2E/2- 25- 2017 4- 48- 43 PM/Image 61.TIFF
../Images/Images_Manual/AMD Part1/AMD (21).E2E/2- 25- 2017 5- 10- 29 PM/Image 1.png,./Macular-Dataset-R.Rasti_old/AMD Part1/AMD (21).E2E/2- 25- 2017 5- 10- 29 PM/Image 1.TIFF
../Images/Images_Manual/AMD Part1/AMD (21).E2E/2- 25- 2017 5- 10- 29 PM/Image 2.png,./Macular-Dataset-R.Rasti_old/AMD Part1/AMD (21).E2E/2- 25- 2017 5- 10- 29 PM/Image 2.TIFF
../Images/Images_Manual/AMD Part1/AMD (21).E2E/2- 25- 2017 5- 10- 29 PM/Image 3.png,./Macular-Dataset-R.Rasti_old/AMD Part1/AMD (21).E2E/2- 25- 2017 5- 10- 29 PM/Image 3.TIFF
../Images/Images_Manual/AMD Part1/AMD (21).E2E/2- 25- 2017 5- 10- 29 PM/Image 4.png,./Macular-Dataset-R.Rasti_old/AMD Part1/AMD (21).E2E/2- 25- 2017 5- 10- 29 PM/Image 4.TIFF
../Images/Images_Manual/AMD Part1/AMD (21).E2E/2- 25- 2017 5- 10- 29 PM/Image 5.png,./Macular-Dataset-R.Rasti_old/AMD Part1/AMD (21).E2E/2- 25- 2017 5- 10- 29 PM/Image 5.TIFF
../Images/Images_Manual/AMD Part1/AMD (21).E2E/2- 25- 2017 5- 10- 29 PM/Image 6.png,./Macular-Dataset-R.Rasti_old/AMD Part1/AMD (21).E2E/2- 25- 2017 5- 10- 29 PM/Image 6.TIFF
../Images/Images_Manual/AMD Part1/AMD (21).E2E/2- 25- 2017 5- 10- 29 PM/Image 7.png,./Macular-Dataset-R.Rasti_old/AMD Part1/AMD (21).E2E/2- 25- 2017 5- 10- 29 PM/Image 7.TIFF
../Images/Images_Manual/AMD Part1/AMD (21).E2E/2- 25- 2017 5- 10- 29 PM/Image 8.png,./Macular-Dataset-R.Rasti_old/AMD Part1/AMD (21).E2E/2- 25- 2017 5- 10- 29 PM/Image 8.TIFF
../Images/Images_Manual/AMD Part1/AMD (21).E2E/2- 25- 2017 5- 10- 29 PM/Image 9.png,./Macular-Dataset-R.Rasti_old/AMD Part1/AMD (21).E2E/2- 25- 2017 5- 10- 29 PM/Image 9.TIFF
../Images/Images_Manual/AMD Part1/AMD (21).E2E/2- 25- 2017 5- 10- 29 PM/Image 10.png,./Macular-Dataset-R.Rasti_old/AMD Part1/AMD (21).E2E/2- 25- 2017 5- 10- 29 PM/Image 10.TIFF
../Images/Images_Manual/AMD Part1/AMD (21).E2E/2- 25- 2017 5- 10- 29 PM/Image 11.png,./Macular-Dataset-R.Rasti_old/AMD Part1/AMD (21).E2E/2- 25- 2017 5- 10- 29 PM/Image 11.TIFF
../Images/Images_Manual/AMD Part1/AMD (21).E2E/2- 25- 2017 5- 10- 29 PM/Image 12.png,./Macular-Dataset-R.Rasti_old/AMD Part1/AMD (21).E2E/2- 25- 2017 5- 10- 29 PM/Image 12.TIFF
../Images/Images_Manual/AMD Part1/AMD (21).E2E/2- 25- 2017 5- 10- 29 PM/Image 13.png,./Macular-Dataset-R.Rasti_old/AMD Part1/AMD (21).E2E/2- 25- 2017 5- 10- 29 PM/Image 13.TIFF
../Images/Images_Manual/AMD Part1/AMD (21).E2E/2- 25- 2017 5- 10- 29 PM/Image 14.png,./Macular-Dataset-R.Rasti_old/AMD Part1/AMD (21).E2E/2- 25- 2017 5- 10- 29 PM/Image 14.TIFF
../Images/Images_Manual/AMD Part1/AMD (21).E2E/2- 25- 2017 5- 10- 29 PM/Image 15.png,./Macular-Dataset-R.Rasti_old/AMD Part1/AMD (21).E2E/2- 25- 2017 5- 10- 29 PM/Image 15.TIFF
../Images/Images_Manual/AMD Part1/AMD (21).E2E/2- 25- 2017 5- 10- 29 PM/Image 16.png,./Macular-Dataset-R.Rasti_old/AMD Part1/AMD (21).E2E/2- 25- 2017 5- 10- 29 PM/Image 16.TIFF
../Images/Images_Manual/AMD Part1/AMD (21).E2E/2- 25- 2017 5- 10- 29 PM/Image 17.png,./Macular-Dataset-R.Rasti_old/AMD Part1/AMD (21).E2E/2- 25- 2017 5- 10- 29 PM/Image 17.TIFF
../Images/Images_Manual/AMD Part1/AMD (21).E2E/2- 25- 2017 5- 10- 29 PM/Image 18.png,./Macular-Dataset-R.Rasti_old/AMD Part1/AMD (21).E2E/2- 25- 2017 5- 10- 29 PM/Image 18.TIFF
../Images/Images_Manual/AMD Part1/AMD (21).E2E/2- 25- 2017 5- 10- 29 PM/Image 19.png,./Macular-Dataset-R.Rasti_old/AMD Part1/AMD (21).E2E/2- 25- 2017 5- 10- 29 PM/Image 19.TIFF
../Images/Images_Manual/AMD Part1/AMD (21).E2E/2- 25- 2017 5- 10- 29 PM/Image 20.png,./Macular-Dataset-R.Rasti_old/AMD Part1/AMD (21).E2E/2- 25- 2017 5- 10- 29 PM/Image 20.TIFF
../Images/Images_Manual/AMD Part1/AMD (21).E2E/2- 25- 2017 5- 10- 29 PM/Image 21.png,./Macular-Dataset-R.Rasti_old/AMD Part1/AMD (21).E2E/2- 25- 2017 5- 10- 29 PM/Image 21.TIFF
../Images/Images_Manual/AMD Part1/AMD (21).E2E/2- 25- 2017 5- 10- 29 PM/Image 22.png,./Macular-Dataset-R.Rasti_old/AMD Part1/AMD (21).E2E/2- 25- 2017 5- 10- 29 PM/Image 22.TIFF
../Images/Images_Manual/AMD Part1/AMD (21).E2E/2- 25- 2017 5- 10- 29 PM/Image 23.png,./Macular-Dataset-R.Rasti_old/AMD Part1/AMD (21).E2E/2- 25- 2017 5- 10- 29 PM/Image 23.TIFF
../Images/Images_Manual/AMD Part1/AMD (21).E2E/2- 25- 2017 5- 10- 29 PM/Image 24.png,./Macular-Dataset-R.Rasti_old/AMD Part1/AMD (21).E2E/2- 25- 2017 5- 10- 29 PM/Image 24.TIFF
../Images/Images_Manual/AMD Part1/AMD (21).E2E/2- 25- 2017 5- 10- 29 PM/Image 25.png,./Macular-Dataset-R.Rasti_old/AMD Part1/AMD (21).E2E/2- 25- 2017 5- 10- 29 PM/Image 25.TIFF
../Images/Images_Manual/AMD Part1/AMD (21).E2E/2- 25- 2017 5- 10- 29 PM/Image 26.png,./Macular-Dataset-R.Rasti_old/AMD Part1/AMD (21).E2E/2- 25- 2017 5- 10- 29 PM/Image 26.TIFF
../Images/Images_Manual/AMD Part1/AMD (21).E2E/2- 25- 2017 5- 10- 29 PM/Image 27.png,./Macular-Dataset-R.Rasti_old/AMD Part1/AMD (21).E2E/2- 25- 2017 5- 10- 29 PM/Image 27.TIFF
../Images/Images_Manual/AMD Part1/AMD (21).E2E/2- 25- 2017 5- 10- 29 PM/Image 28.png,./Macular-Dataset-R.Rasti_old/AMD Part1/AMD (21).E2E/2- 25- 2017 5- 10- 29 PM/Image 28.TIFF
../Images/Images_Manual/AMD Part1/AMD (21).E2E/2- 25- 2017 5- 10- 29 PM/Image 29.png,./Macular-Dataset-R.Rasti_old/AMD Part1/AMD (21).E2E/2- 25- 2017 5- 10- 29 PM/Image 29.TIFF
../Images/Images_Manual/AMD Part1/AMD (21).E2E/2- 25- 2017 5- 10- 29 PM/Image 30.png,./Macular-Dataset-R.Rasti_old/AMD Part1/AMD (21).E2E/2- 25- 2017 5- 10- 29 PM/Image 30.TIFF
../Images/Images_Manual/AMD Part1/AMD (21).E2E/2- 25- 2017 5- 10- 29 PM/Image 31.png,./Macular-Dataset-R.Rasti_old/AMD Part1/AMD (21).E2E/2- 25- 2017 5- 10- 29 PM/Image 31.TIFF
../Images/Images_Manual/AMD Part1/AMD (21).E2E/2- 25- 2017 5- 10- 29 PM/Image 32.png,./Macular-Dataset-R.Rasti_old/AMD Part1/AMD (21).E2E/2- 25- 2017 5- 10- 29 PM/Image 32.TIFF
../Images/Images_Manual/AMD Part1/AMD (21).E2E/2- 25- 2017 5- 10- 29 PM/Image 33.png,./Macular-Dataset-R.Rasti_old/AMD Part1/AMD (21).E2E/2- 25- 2017 5- 10- 29 PM/Image 33.TIFF
../Images/Images_Manual/AMD Part1/AMD (21).E2E/2- 25- 2017 5- 10- 29 PM/Image 34.png,./Macular-Dataset-R.Rasti_old/AMD Part1/AMD (21).E2E/2- 25- 2017 5- 10- 29 PM/Image 34.TIFF
../Images/Images_Manual/AMD Part1/AMD (21).E2E/2- 25- 2017 5- 10- 29 PM/Image 35.png,./Macular-Dataset-R.Rasti_old/AMD Part1/AMD (21).E2E/2- 25- 2017 5- 10- 29 PM/Image 35.TIFF
../Images/Images_Manual/AMD Part1/AMD (21).E2E/2- 25- 2017 5- 10- 29 PM/Image 36.png,./Macular-Dataset-R.Rasti_old/AMD Part1/AMD (21).E2E/2- 25- 2017 5- 10- 29 PM/Image 36.TIFF
../Images/Images_Manual/AMD Part1/AMD (21).E2E/2- 25- 2017 5- 10- 29 PM/Image 37.png,./Macular-Dataset-R.Rasti_old/AMD Part1/AMD (21).E2E/2- 25- 2017 5- 10- 29 PM/Image 37.TIFF
../Images/Images_Manual/AMD Part1/AMD (21).E2E/2- 25- 2017 5- 10- 29 PM/Image 38.png,./Macular-Dataset-R.Rasti_old/AMD Part1/AMD (21).E2E/2- 25- 2017 5- 10- 29 PM/Image 38.TIFF
../Images/Images_Manual/AMD Part1/AMD (21).E2E/2- 25- 2017 5- 10- 29 PM/Image 39.png,./Macular-Dataset-R.Rasti_old/AMD Part1/AMD (21).E2E/2- 25- 2017 5- 10- 29 PM/Image 39.TIFF
../Images/Images_Manual/AMD Part1/AMD (21).E2E/2- 25- 2017 5- 10- 29 PM/Image 40.png,./Macular-Dataset-R.Rasti_old/AMD Part1/AMD (21).E2E/2- 25- 2017 5- 10- 29 PM/Image 40.TIFF
../Images/Images_Manual/AMD Part1/AMD (21).E2E/2- 25- 2017 5- 10- 29 PM/Image 41.png,./Macular-Dataset-R.Rasti_old/AMD Part1/AMD (21).E2E/2- 25- 2017 5- 10- 29 PM/Image 41.TIFF
../Images/Images_Manual/AMD Part1/AMD (21).E2E/2- 25- 2017 5- 10- 29 PM/Image 42.png,./Macular-Dataset-R.Rasti_old/AMD Part1/AMD (21).E2E/2- 25- 2017 5- 10- 29 PM/Image 42.TIFF
../Images/Images_Manual/AMD Part1/AMD (21).E2E/2- 25- 2017 5- 10- 29 PM/Image 43.png,./Macular-Dataset-R.Rasti_old/AMD Part1/AMD (21).E2E/2- 25- 2017 5- 10- 29 PM/Image 43.TIFF
../Images/Images_Manual/AMD Part1/AMD (21).E2E/2- 25- 2017 5- 10- 29 PM/Image 44.png,./Macular-Dataset-R.Rasti_old/AMD Part1/AMD (21).E2E/2- 25- 2017 5- 10- 29 PM/Image 44.TIFF
../Images/Images_Manual/AMD Part1/AMD (21).E2E/2- 25- 2017 5- 10- 29 PM/Image 45.png,./Macular-Dataset-R.Rasti_old/AMD Part1/AMD (21).E2E/2- 25- 2017 5- 10- 29 PM/Image 45.TIFF
../Images/Images_Manual/AMD Part1/AMD (21).E2E/2- 25- 2017 5- 10- 29 PM/Image 46.png,./Macular-Dataset-R.Rasti_old/AMD Part1/AMD (21).E2E/2- 25- 2017 5- 10- 29 PM/Image 46.TIFF
../Images/Images_Manual/AMD Part1/AMD (21).E2E/2- 25- 2017 5- 10- 29 PM/Image 47.png,./Macular-Dataset-R.Rasti_old/AMD Part1/AMD (21).E2E/2- 25- 2017 5- 10- 29 PM/Image 47.TIFF
../Images/Images_Manual/AMD Part1/AMD (21).E2E/2- 25- 2017 5- 10- 29 PM/Image 48.png,./Macular-Dataset-R.Rasti_old/AMD Part1/AMD (21).E2E/2- 25- 2017 5- 10- 29 PM/Image 48.TIFF
../Images/Images_Manual/AMD Part1/AMD (21).E2E/2- 25- 2017 5- 10- 29 PM/Image 49.png,./Macular-Dataset-R.Rasti_old/AMD Part1/AMD (21).E2E/2- 25- 2017 5- 10- 29 PM/Image 49.TIFF
../Images/Images_Manual/AMD Part1/AMD (21).E2E/2- 25- 2017 5- 10- 29 PM/Image 50.png,./Macular-Dataset-R.Rasti_old/AMD Part1/AMD (21).E2E/2- 25- 2017 5- 10- 29 PM/Image 50.TIFF
../Images/Images_Manual/AMD Part1/AMD (21).E2E/2- 25- 2017 5- 10- 29 PM/Image 51.png,./Macular-Dataset-R.Rasti_old/AMD Part1/AMD (21).E2E/2- 25- 2017 5- 10- 29 PM/Image 51.TIFF
../Images/Images_Manual/AMD Part1/AMD (21).E2E/2- 25- 2017 5- 10- 29 PM/Image 52.png,./Macular-Dataset-R.Rasti_old/AMD Part1/AMD (21).E2E/2- 25- 2017 5- 10- 29 PM/Image 52.TIFF
../Images/Images_Manual/AMD Part1/AMD (21).E2E/2- 25- 2017 5- 10- 29 PM/Image 53.png,./Macular-Dataset-R.Rasti_old/AMD Part1/AMD (21).E2E/2- 25- 2017 5- 10- 29 PM/Image 53.TIFF
../Images/Images_Manual/AMD Part1/AMD (21).E2E/2- 25- 2017 5- 10- 29 PM/Image 54.png,./Macular-Dataset-R.Rasti_old/AMD Part1/AMD (21).E2E/2- 25- 2017 5- 10- 29 PM/Image 54.TIFF
../Images/Images_Manual/AMD Part1/AMD (21).E2E/2- 25- 2017 5- 10- 29 PM/Image 55.png,./Macular-Dataset-R.Rasti_old/AMD Part1/AMD (21).E2E/2- 25- 2017 5- 10- 29 PM/Image 55.TIFF
../Images/Images_Manual/AMD Part1/AMD (21).E2E/2- 25- 2017 5- 10- 29 PM/Image 56.png,./Macular-Dataset-R.Rasti_old/AMD Part1/AMD (21).E2E/2- 25- 2017 5- 10- 29 PM/Image 56.TIFF
../Images/Images_Manual/AMD Part1/AMD (21).E2E/2- 25- 2017 5- 10- 29 PM/Image 57.png,./Macular-Dataset-R.Rasti_old/AMD Part1/AMD (21).E2E/2- 25- 2017 5- 10- 29 PM/Image 57.TIFF
../Images/Images_Manual/AMD Part1/AMD (21).E2E/2- 25- 2017 5- 10- 29 PM/Image 58.png,./Macular-Dataset-R.Rasti_old/AMD Part1/AMD (21).E2E/2- 25- 2017 5- 10- 29 PM/Image 58.TIFF
../Images/Images_Manual/AMD Part1/AMD (21).E2E/2- 25- 2017 5- 10- 29 PM/Image 59.png,./Macular-Dataset-R.Rasti_old/AMD Part1/AMD (21).E2E/2- 25- 2017 5- 10- 29 PM/Image 59.TIFF
../Images/Images_Manual/AMD Part1/AMD (21).E2E/2- 25- 2017 5- 10- 29 PM/Image 60.png,./Macular-Dataset-R.Rasti_old/AMD Part1/AMD (21).E2E/2- 25- 2017 5- 10- 29 PM/Image 60.TIFF
../Images/Images_Manual/AMD Part1/AMD (21).E2E/2- 25- 2017 5- 10- 29 PM/Image 61.png,./Macular-Dataset-R.Rasti_old/AMD Part1/AMD (21).E2E/2- 25- 2017 5- 10- 29 PM/Image 61.TIFF
../Images/Images_Manual/AMD Part1/AMD (22).E2E/2- 25- 2017 5- 11- 45 PM/Image 1.png,./Macular-Dataset-R.Rasti_old/AMD Part1/AMD (22).E2E/2- 25- 2017 5- 11- 45 PM/Image 1.TIFF
../Images/Images_Manual/AMD Part1/AMD (22).E2E/2- 25- 2017 5- 11- 45 PM/Image 2.png,./Macular-Dataset-R.Rasti_old/AMD Part1/AMD (22).E2E/2- 25- 2017 5- 11- 45 PM/Image 2.TIFF
../Images/Images_Manual/AMD Part1/AMD (22).E2E/2- 25- 2017 5- 11- 45 PM/Image 3.png,./Macular-Dataset-R.Rasti_old/AMD Part1/AMD (22).E2E/2- 25- 2017 5- 11- 45 PM/Image 3.TIFF
../Images/Images_Manual/AMD Part1/AMD (22).E2E/2- 25- 2017 5- 11- 45 PM/Image 4.png,./Macular-Dataset-R.Rasti_old/AMD Part1/AMD (22).E2E/2- 25- 2017 5- 11- 45 PM/Image 4.TIFF
../Images/Images_Manual/AMD Part1/AMD (22).E2E/2- 25- 2017 5- 11- 45 PM/Image 5.png,./Macular-Dataset-R.Rasti_old/AMD Part1/AMD (22).E2E/2- 25- 2017 5- 11- 45 PM/Image 5.TIFF
../Images/Images_Manual/AMD Part1/AMD (22).E2E/2- 25- 2017 5- 11- 45 PM/Image 6.png,./Macular-Dataset-R.Rasti_old/AMD Part1/AMD (22).E2E/2- 25- 2017 5- 11- 45 PM/Image 6.TIFF
../Images/Images_Manual/AMD Part1/AMD (22).E2E/2- 25- 2017 5- 11- 45 PM/Image 7.png,./Macular-Dataset-R.Rasti_old/AMD Part1/AMD (22).E2E/2- 25- 2017 5- 11- 45 PM/Image 7.TIFF
../Images/Images_Manual/AMD Part1/AMD (22).E2E/2- 25- 2017 5- 11- 45 PM/Image 8.png,./Macular-Dataset-R.Rasti_old/AMD Part1/AMD (22).E2E/2- 25- 2017 5- 11- 45 PM/Image 8.TIFF
../Images/Images_Manual/AMD Part1/AMD (22).E2E/2- 25- 2017 5- 11- 45 PM/Image 9.png,./Macular-Dataset-R.Rasti_old/AMD Part1/AMD (22).E2E/2- 25- 2017 5- 11- 45 PM/Image 9.TIFF
../Images/Images_Manual/AMD Part1/AMD (22).E2E/2- 25- 2017 5- 11- 45 PM/Image 10.png,./Macular-Dataset-R.Rasti_old/AMD Part1/AMD (22).E2E/2- 25- 2017 5- 11- 45 PM/Image 10.TIFF
../Images/Images_Manual/AMD Part1/AMD (22).E2E/2- 25- 2017 5- 11- 45 PM/Image 11.png,./Macular-Dataset-R.Rasti_old/AMD Part1/AMD (22).E2E/2- 25- 2017 5- 11- 45 PM/Image 11.TIFF
../Images/Images_Manual/AMD Part1/AMD (22).E2E/2- 25- 2017 5- 11- 45 PM/Image 12.png,./Macular-Dataset-R.Rasti_old/AMD Part1/AMD (22).E2E/2- 25- 2017 5- 11- 45 PM/Image 12.TIFF
../Images/Images_Manual/AMD Part1/AMD (22).E2E/2- 25- 2017 5- 11- 45 PM/Image 13.png,./Macular-Dataset-R.Rasti_old/AMD Part1/AMD (22).E2E/2- 25- 2017 5- 11- 45 PM/Image 13.TIFF
../Images/Images_Manual/AMD Part1/AMD (22).E2E/2- 25- 2017 5- 11- 45 PM/Image 14.png,./Macular-Dataset-R.Rasti_old/AMD Part1/AMD (22).E2E/2- 25- 2017 5- 11- 45 PM/Image 14.TIFF
../Images/Images_Manual/AMD Part1/AMD (22).E2E/2- 25- 2017 5- 11- 45 PM/Image 15.png,./Macular-Dataset-R.Rasti_old/AMD Part1/AMD (22).E2E/2- 25- 2017 5- 11- 45 PM/Image 15.TIFF
../Images/Images_Manual/AMD Part1/AMD (22).E2E/2- 25- 2017 5- 11- 45 PM/Image 16.png,./Macular-Dataset-R.Rasti_old/AMD Part1/AMD (22).E2E/2- 25- 2017 5- 11- 45 PM/Image 16.TIFF
../Images/Images_Manual/AMD Part1/AMD (22).E2E/2- 25- 2017 5- 11- 45 PM/Image 17.png,./Macular-Dataset-R.Rasti_old/AMD Part1/AMD (22).E2E/2- 25- 2017 5- 11- 45 PM/Image 17.TIFF
../Images/Images_Manual/AMD Part1/AMD (22).E2E/2- 25- 2017 5- 11- 45 PM/Image 18.png,./Macular-Dataset-R.Rasti_old/AMD Part1/AMD (22).E2E/2- 25- 2017 5- 11- 45 PM/Image 18.TIFF
../Images/Images_Manual/AMD Part1/AMD (22).E2E/2- 25- 2017 5- 11- 45 PM/Image 19.png,./Macular-Dataset-R.Rasti_old/AMD Part1/AMD (22).E2E/2- 25- 2017 5- 11- 45 PM/Image 19.TIFF
../Images/Images_Manual/AMD Part1/AMD (22).E2E/2- 25- 2017 5- 11- 45 PM/Image 20.png,./Macular-Dataset-R.Rasti_old/AMD Part1/AMD (22).E2E/2- 25- 2017 5- 11- 45 PM/Image 20.TIFF
../Images/Images_Manual/AMD Part1/AMD (22).E2E/2- 25- 2017 5- 11- 45 PM/Image 21.png,./Macular-Dataset-R.Rasti_old/AMD Part1/AMD (22).E2E/2- 25- 2017 5- 11- 45 PM/Image 21.TIFF
../Images/Images_Manual/AMD Part1/AMD (22).E2E/2- 25- 2017 5- 11- 45 PM/Image 22.png,./Macular-Dataset-R.Rasti_old/AMD Part1/AMD (22).E2E/2- 25- 2017 5- 11- 45 PM/Image 22.TIFF
../Images/Images_Manual/AMD Part1/AMD (22).E2E/2- 25- 2017 5- 11- 45 PM/Image 23.png,./Macular-Dataset-R.Rasti_old/AMD Part1/AMD (22).E2E/2- 25- 2017 5- 11- 45 PM/Image 23.TIFF
../Images/Images_Manual/AMD Part1/AMD (22).E2E/2- 25- 2017 5- 11- 45 PM/Image 24.png,./Macular-Dataset-R.Rasti_old/AMD Part1/AMD (22).E2E/2- 25- 2017 5- 11- 45 PM/Image 24.TIFF
../Images/Images_Manual/AMD Part1/AMD (22).E2E/2- 25- 2017 5- 11- 45 PM/Image 25.png,./Macular-Dataset-R.Rasti_old/AMD Part1/AMD (22).E2E/2- 25- 2017 5- 11- 45 PM/Image 25.TIFF
../Images/Images_Manual/AMD Part1/AMD (22).E2E/2- 25- 2017 5- 11- 45 PM/Image 26.png,./Macular-Dataset-R.Rasti_old/AMD Part1/AMD (22).E2E/2- 25- 2017 5- 11- 45 PM/Image 26.TIFF
../Images/Images_Manual/AMD Part1/AMD (22).E2E/2- 25- 2017 5- 11- 45 PM/Image 27.png,./Macular-Dataset-R.Rasti_old/AMD Part1/AMD (22).E2E/2- 25- 2017 5- 11- 45 PM/Image 27.TIFF
../Images/Images_Manual/AMD Part1/AMD (22).E2E/2- 25- 2017 5- 11- 45 PM/Image 28.png,./Macular-Dataset-R.Rasti_old/AMD Part1/AMD (22).E2E/2- 25- 2017 5- 11- 45 PM/Image 28.TIFF
../Images/Images_Manual/AMD Part1/AMD (22).E2E/2- 25- 2017 5- 11- 45 PM/Image 29.png,./Macular-Dataset-R.Rasti_old/AMD Part1/AMD (22).E2E/2- 25- 2017 5- 11- 45 PM/Image 29.TIFF
../Images/Images_Manual/AMD Part1/AMD (22).E2E/2- 25- 2017 5- 11- 45 PM/Image 30.png,./Macular-Dataset-R.Rasti_old/AMD Part1/AMD (22).E2E/2- 25- 2017 5- 11- 45 PM/Image 30.TIFF
../Images/Images_Manual/AMD Part1/AMD (22).E2E/2- 25- 2017 5- 11- 45 PM/Image 31.png,./Macular-Dataset-R.Rasti_old/AMD Part1/AMD (22).E2E/2- 25- 2017 5- 11- 45 PM/Image 31.TIFF
../Images/Images_Manual/AMD Part1/AMD (22).E2E/2- 25- 2017 5- 11- 45 PM/Image 32.png,./Macular-Dataset-R.Rasti_old/AMD Part1/AMD (22).E2E/2- 25- 2017 5- 11- 45 PM/Image 32.TIFF
../Images/Images_Manual/AMD Part1/AMD (22).E2E/2- 25- 2017 5- 11- 45 PM/Image 33.png,./Macular-Dataset-R.Rasti_old/AMD Part1/AMD (22).E2E/2- 25- 2017 5- 11- 45 PM/Image 33.TIFF
../Images/Images_Manual/AMD Part1/AMD (22).E2E/2- 25- 2017 5- 11- 45 PM/Image 34.png,./Macular-Dataset-R.Rasti_old/AMD Part1/AMD (22).E2E/2- 25- 2017 5- 11- 45 PM/Image 34.TIFF
../Images/Images_Manual/AMD Part1/AMD (22).E2E/2- 25- 2017 5- 11- 45 PM/Image 35.png,./Macular-Dataset-R.Rasti_old/AMD Part1/AMD (22).E2E/2- 25- 2017 5- 11- 45 PM/Image 35.TIFF
../Images/Images_Manual/AMD Part1/AMD (22).E2E/2- 25- 2017 5- 11- 45 PM/Image 36.png,./Macular-Dataset-R.Rasti_old/AMD Part1/AMD (22).E2E/2- 25- 2017 5- 11- 45 PM/Image 36.TIFF
../Images/Images_Manual/AMD Part1/AMD (22).E2E/2- 25- 2017 5- 11- 45 PM/Image 37.png,./Macular-Dataset-R.Rasti_old/AMD Part1/AMD (22).E2E/2- 25- 2017 5- 11- 45 PM/Image 37.TIFF
../Images/Images_Manual/AMD Part1/AMD (22).E2E/2- 25- 2017 5- 11- 45 PM/Image 38.png,./Macular-Dataset-R.Rasti_old/AMD Part1/AMD (22).E2E/2- 25- 2017 5- 11- 45 PM/Image 38.TIFF
../Images/Images_Manual/AMD Part1/AMD (22).E2E/2- 25- 2017 5- 11- 45 PM/Image 39.png,./Macular-Dataset-R.Rasti_old/AMD Part1/AMD (22).E2E/2- 25- 2017 5- 11- 45 PM/Image 39.TIFF
../Images/Images_Manual/AMD Part1/AMD (22).E2E/2- 25- 2017 5- 11- 45 PM/Image 40.png,./Macular-Dataset-R.Rasti_old/AMD Part1/AMD (22).E2E/2- 25- 2017 5- 11- 45 PM/Image 40.TIFF
../Images/Images_Manual/AMD Part1/AMD (22).E2E/2- 25- 2017 5- 11- 45 PM/Image 41.png,./Macular-Dataset-R.Rasti_old/AMD Part1/AMD (22).E2E/2- 25- 2017 5- 11- 45 PM/Image 41.TIFF
../Images/Images_Manual/AMD Part1/AMD (22).E2E/2- 25- 2017 5- 11- 45 PM/Image 42.png,./Macular-Dataset-R.Rasti_old/AMD Part1/AMD (22).E2E/2- 25- 2017 5- 11- 45 PM/Image 42.TIFF
../Images/Images_Manual/AMD Part1/AMD (22).E2E/2- 25- 2017 5- 11- 45 PM/Image 43.png,./Macular-Dataset-R.Rasti_old/AMD Part1/AMD (22).E2E/2- 25- 2017 5- 11- 45 PM/Image 43.TIFF
../Images/Images_Manual/AMD Part1/AMD (22).E2E/2- 25- 2017 5- 11- 45 PM/Image 44.png,./Macular-Dataset-R.Rasti_old/AMD Part1/AMD (22).E2E/2- 25- 2017 5- 11- 45 PM/Image 44.TIFF
../Images/Images_Manual/AMD Part1/AMD (22).E2E/2- 25- 2017 5- 11- 45 PM/Image 45.png,./Macular-Dataset-R.Rasti_old/AMD Part1/AMD (22).E2E/2- 25- 2017 5- 11- 45 PM/Image 45.TIFF
../Images/Images_Manual/AMD Part1/AMD (22).E2E/2- 25- 2017 5- 11- 45 PM/Image 46.png,./Macular-Dataset-R.Rasti_old/AMD Part1/AMD (22).E2E/2- 25- 2017 5- 11- 45 PM/Image 46.TIFF
../Images/Images_Manual/AMD Part1/AMD (22).E2E/2- 25- 2017 5- 11- 45 PM/Image 47.png,./Macular-Dataset-R.Rasti_old/AMD Part1/AMD (22).E2E/2- 25- 2017 5- 11- 45 PM/Image 47.TIFF
../Images/Images_Manual/AMD Part1/AMD (22).E2E/2- 25- 2017 5- 11- 45 PM/Image 48.png,./Macular-Dataset-R.Rasti_old/AMD Part1/AMD (22).E2E/2- 25- 2017 5- 11- 45 PM/Image 48.TIFF
../Images/Images_Manual/AMD Part1/AMD (22).E2E/2- 25- 2017 5- 11- 45 PM/Image 49.png,./Macular-Dataset-R.Rasti_old/AMD Part1/AMD (22).E2E/2- 25- 2017 5- 11- 45 PM/Image 49.TIFF
../Images/Images_Manual/AMD Part1/AMD (22).E2E/2- 25- 2017 5- 11- 45 PM/Image 50.png,./Macular-Dataset-R.Rasti_old/AMD Part1/AMD (22).E2E/2- 25- 2017 5- 11- 45 PM/Image 50.TIFF
../Images/Images_Manual/AMD Part1/AMD (22).E2E/2- 25- 2017 5- 11- 45 PM/Image 51.png,./Macular-Dataset-R.Rasti_old/AMD Part1/AMD (22).E2E/2- 25- 2017 5- 11- 45 PM/Image 51.TIFF
../Images/Images_Manual/AMD Part1/AMD (22).E2E/2- 25- 2017 5- 11- 45 PM/Image 52.png,./Macular-Dataset-R.Rasti_old/AMD Part1/AMD (22).E2E/2- 25- 2017 5- 11- 45 PM/Image 52.TIFF
../Images/Images_Manual/AMD Part1/AMD (22).E2E/2- 25- 2017 5- 11- 45 PM/Image 53.png,./Macular-Dataset-R.Rasti_old/AMD Part1/AMD (22).E2E/2- 25- 2017 5- 11- 45 PM/Image 53.TIFF
../Images/Images_Manual/AMD Part1/AMD (22).E2E/2- 25- 2017 5- 11- 45 PM/Image 54.png,./Macular-Dataset-R.Rasti_old/AMD Part1/AMD (22).E2E/2- 25- 2017 5- 11- 45 PM/Image 54.TIFF
../Images/Images_Manual/AMD Part1/AMD (22).E2E/2- 25- 2017 5- 11- 45 PM/Image 55.png,./Macular-Dataset-R.Rasti_old/AMD Part1/AMD (22).E2E/2- 25- 2017 5- 11- 45 PM/Image 55.TIFF
../Images/Images_Manual/AMD Part1/AMD (22).E2E/2- 25- 2017 5- 11- 45 PM/Image 56.png,./Macular-Dataset-R.Rasti_old/AMD Part1/AMD (22).E2E/2- 25- 2017 5- 11- 45 PM/Image 56.TIFF
../Images/Images_Manual/AMD Part1/AMD (22).E2E/2- 25- 2017 5- 11- 45 PM/Image 57.png,./Macular-Dataset-R.Rasti_old/AMD Part1/AMD (22).E2E/2- 25- 2017 5- 11- 45 PM/Image 57.TIFF
../Images/Images_Manual/AMD Part1/AMD (22).E2E/2- 25- 2017 5- 11- 45 PM/Image 58.png,./Macular-Dataset-R.Rasti_old/AMD Part1/AMD (22).E2E/2- 25- 2017 5- 11- 45 PM/Image 58.TIFF
../Images/Images_Manual/AMD Part1/AMD (22).E2E/2- 25- 2017 5- 11- 45 PM/Image 59.png,./Macular-Dataset-R.Rasti_old/AMD Part1/AMD (22).E2E/2- 25- 2017 5- 11- 45 PM/Image 59.TIFF
../Images/Images_Manual/AMD Part1/AMD (22).E2E/2- 25- 2017 5- 11- 45 PM/Image 60.png,./Macular-Dataset-R.Rasti_old/AMD Part1/AMD (22).E2E/2- 25- 2017 5- 11- 45 PM/Image 60.TIFF
../Images/Images_Manual/AMD Part1/AMD (22).E2E/2- 25- 2017 5- 11- 45 PM/Image 61.png,./Macular-Dataset-R.Rasti_old/AMD Part1/AMD (22).E2E/2- 25- 2017 5- 11- 45 PM/Image 61.TIFF
../Images/Images_Manual/AMD Part1/AMD (23).E2E/2- 25- 2017 5- 14- 57 PM/Image 1.png,./Macular-Dataset-R.Rasti_old/AMD Part1/AMD (23).E2E/2- 25- 2017 5- 14- 57 PM/Image 1.TIFF
../Images/Images_Manual/AMD Part1/AMD (23).E2E/2- 25- 2017 5- 14- 57 PM/Image 2.png,./Macular-Dataset-R.Rasti_old/AMD Part1/AMD (23).E2E/2- 25- 2017 5- 14- 57 PM/Image 2.TIFF
../Images/Images_Manual/AMD Part1/AMD (23).E2E/2- 25- 2017 5- 14- 57 PM/Image 3.png,./Macular-Dataset-R.Rasti_old/AMD Part1/AMD (23).E2E/2- 25- 2017 5- 14- 57 PM/Image 3.TIFF
../Images/Images_Manual/AMD Part1/AMD (23).E2E/2- 25- 2017 5- 14- 57 PM/Image 4.png,./Macular-Dataset-R.Rasti_old/AMD Part1/AMD (23).E2E/2- 25- 2017 5- 14- 57 PM/Image 4.TIFF
../Images/Images_Manual/AMD Part1/AMD (23).E2E/2- 25- 2017 5- 14- 57 PM/Image 5.png,./Macular-Dataset-R.Rasti_old/AMD Part1/AMD (23).E2E/2- 25- 2017 5- 14- 57 PM/Image 5.TIFF
../Images/Images_Manual/AMD Part1/AMD (23).E2E/2- 25- 2017 5- 14- 57 PM/Image 6.png,./Macular-Dataset-R.Rasti_old/AMD Part1/AMD (23).E2E/2- 25- 2017 5- 14- 57 PM/Image 6.TIFF
../Images/Images_Manual/AMD Part1/AMD (23).E2E/2- 25- 2017 5- 14- 57 PM/Image 7.png,./Macular-Dataset-R.Rasti_old/AMD Part1/AMD (23).E2E/2- 25- 2017 5- 14- 57 PM/Image 7.TIFF
../Images/Images_Manual/AMD Part1/AMD (23).E2E/2- 25- 2017 5- 14- 57 PM/Image 8.png,./Macular-Dataset-R.Rasti_old/AMD Part1/AMD (23).E2E/2- 25- 2017 5- 14- 57 PM/Image 8.TIFF
../Images/Images_Manual/AMD Part1/AMD (23).E2E/2- 25- 2017 5- 14- 57 PM/Image 9.png,./Macular-Dataset-R.Rasti_old/AMD Part1/AMD (23).E2E/2- 25- 2017 5- 14- 57 PM/Image 9.TIFF
../Images/Images_Manual/AMD Part1/AMD (23).E2E/2- 25- 2017 5- 14- 57 PM/Image 10.png,./Macular-Dataset-R.Rasti_old/AMD Part1/AMD (23).E2E/2- 25- 2017 5- 14- 57 PM/Image 10.TIFF
../Images/Images_Manual/AMD Part1/AMD (23).E2E/2- 25- 2017 5- 14- 57 PM/Image 11.png,./Macular-Dataset-R.Rasti_old/AMD Part1/AMD (23).E2E/2- 25- 2017 5- 14- 57 PM/Image 11.TIFF
../Images/Images_Manual/AMD Part1/AMD (23).E2E/2- 25- 2017 5- 14- 57 PM/Image 12.png,./Macular-Dataset-R.Rasti_old/AMD Part1/AMD (23).E2E/2- 25- 2017 5- 14- 57 PM/Image 12.TIFF
../Images/Images_Manual/AMD Part1/AMD (23).E2E/2- 25- 2017 5- 14- 57 PM/Image 13.png,./Macular-Dataset-R.Rasti_old/AMD Part1/AMD (23).E2E/2- 25- 2017 5- 14- 57 PM/Image 13.TIFF
../Images/Images_Manual/AMD Part1/AMD (23).E2E/2- 25- 2017 5- 14- 57 PM/Image 14.png,./Macular-Dataset-R.Rasti_old/AMD Part1/AMD (23).E2E/2- 25- 2017 5- 14- 57 PM/Image 14.TIFF
../Images/Images_Manual/AMD Part1/AMD (23).E2E/2- 25- 2017 5- 14- 57 PM/Image 15.png,./Macular-Dataset-R.Rasti_old/AMD Part1/AMD (23).E2E/2- 25- 2017 5- 14- 57 PM/Image 15.TIFF
../Images/Images_Manual/AMD Part1/AMD (23).E2E/2- 25- 2017 5- 14- 57 PM/Image 16.png,./Macular-Dataset-R.Rasti_old/AMD Part1/AMD (23).E2E/2- 25- 2017 5- 14- 57 PM/Image 16.TIFF
../Images/Images_Manual/AMD Part1/AMD (23).E2E/2- 25- 2017 5- 14- 57 PM/Image 17.png,./Macular-Dataset-R.Rasti_old/AMD Part1/AMD (23).E2E/2- 25- 2017 5- 14- 57 PM/Image 17.TIFF
../Images/Images_Manual/AMD Part1/AMD (23).E2E/2- 25- 2017 5- 14- 57 PM/Image 18.png,./Macular-Dataset-R.Rasti_old/AMD Part1/AMD (23).E2E/2- 25- 2017 5- 14- 57 PM/Image 18.TIFF
../Images/Images_Manual/AMD Part1/AMD (23).E2E/2- 25- 2017 5- 14- 57 PM/Image 19.png,./Macular-Dataset-R.Rasti_old/AMD Part1/AMD (23).E2E/2- 25- 2017 5- 14- 57 PM/Image 19.TIFF
../Images/Images_Manual/AMD Part1/AMD (23).E2E/2- 25- 2017 5- 14- 57 PM/Image 20.png,./Macular-Dataset-R.Rasti_old/AMD Part1/AMD (23).E2E/2- 25- 2017 5- 14- 57 PM/Image 20.TIFF
../Images/Images_Manual/AMD Part1/AMD (23).E2E/2- 25- 2017 5- 14- 57 PM/Image 21.png,./Macular-Dataset-R.Rasti_old/AMD Part1/AMD (23).E2E/2- 25- 2017 5- 14- 57 PM/Image 21.TIFF
../Images/Images_Manual/AMD Part1/AMD (23).E2E/2- 25- 2017 5- 14- 57 PM/Image 22.png,./Macular-Dataset-R.Rasti_old/AMD Part1/AMD (23).E2E/2- 25- 2017 5- 14- 57 PM/Image 22.TIFF
../Images/Images_Manual/AMD Part1/AMD (23).E2E/2- 25- 2017 5- 14- 57 PM/Image 23.png,./Macular-Dataset-R.Rasti_old/AMD Part1/AMD (23).E2E/2- 25- 2017 5- 14- 57 PM/Image 23.TIFF
../Images/Images_Manual/AMD Part1/AMD (23).E2E/2- 25- 2017 5- 14- 57 PM/Image 24.png,./Macular-Dataset-R.Rasti_old/AMD Part1/AMD (23).E2E/2- 25- 2017 5- 14- 57 PM/Image 24.TIFF
../Images/Images_Manual/AMD Part1/AMD (23).E2E/2- 25- 2017 5- 14- 57 PM/Image 25.png,./Macular-Dataset-R.Rasti_old/AMD Part1/AMD (23).E2E/2- 25- 2017 5- 14- 57 PM/Image 25.TIFF
../Images/Images_Manual/AMD Part1/AMD (23).E2E/2- 25- 2017 5- 14- 57 PM/Image 26.png,./Macular-Dataset-R.Rasti_old/AMD Part1/AMD (23).E2E/2- 25- 2017 5- 14- 57 PM/Image 26.TIFF
../Images/Images_Manual/AMD Part1/AMD (23).E2E/2- 25- 2017 5- 14- 57 PM/Image 27.png,./Macular-Dataset-R.Rasti_old/AMD Part1/AMD (23).E2E/2- 25- 2017 5- 14- 57 PM/Image 27.TIFF
../Images/Images_Manual/AMD Part1/AMD (23).E2E/2- 25- 2017 5- 14- 57 PM/Image 28.png,./Macular-Dataset-R.Rasti_old/AMD Part1/AMD (23).E2E/2- 25- 2017 5- 14- 57 PM/Image 28.TIFF
../Images/Images_Manual/AMD Part1/AMD (23).E2E/2- 25- 2017 5- 14- 57 PM/Image 29.png,./Macular-Dataset-R.Rasti_old/AMD Part1/AMD (23).E2E/2- 25- 2017 5- 14- 57 PM/Image 29.TIFF
../Images/Images_Manual/AMD Part1/AMD (23).E2E/2- 25- 2017 5- 14- 57 PM/Image 30.png,./Macular-Dataset-R.Rasti_old/AMD Part1/AMD (23).E2E/2- 25- 2017 5- 14- 57 PM/Image 30.TIFF
../Images/Images_Manual/AMD Part1/AMD (23).E2E/2- 25- 2017 5- 14- 57 PM/Image 31.png,./Macular-Dataset-R.Rasti_old/AMD Part1/AMD (23).E2E/2- 25- 2017 5- 14- 57 PM/Image 31.TIFF
../Images/Images_Manual/AMD Part1/AMD (23).E2E/2- 25- 2017 5- 14- 57 PM/Image 32.png,./Macular-Dataset-R.Rasti_old/AMD Part1/AMD (23).E2E/2- 25- 2017 5- 14- 57 PM/Image 32.TIFF
../Images/Images_Manual/AMD Part1/AMD (23).E2E/2- 25- 2017 5- 14- 57 PM/Image 33.png,./Macular-Dataset-R.Rasti_old/AMD Part1/AMD (23).E2E/2- 25- 2017 5- 14- 57 PM/Image 33.TIFF
../Images/Images_Manual/AMD Part1/AMD (23).E2E/2- 25- 2017 5- 14- 57 PM/Image 34.png,./Macular-Dataset-R.Rasti_old/AMD Part1/AMD (23).E2E/2- 25- 2017 5- 14- 57 PM/Image 34.TIFF
../Images/Images_Manual/AMD Part1/AMD (23).E2E/2- 25- 2017 5- 14- 57 PM/Image 35.png,./Macular-Dataset-R.Rasti_old/AMD Part1/AMD (23).E2E/2- 25- 2017 5- 14- 57 PM/Image 35.TIFF
../Images/Images_Manual/AMD Part1/AMD (23).E2E/2- 25- 2017 5- 14- 57 PM/Image 36.png,./Macular-Dataset-R.Rasti_old/AMD Part1/AMD (23).E2E/2- 25- 2017 5- 14- 57 PM/Image 36.TIFF
../Images/Images_Manual/AMD Part1/AMD (23).E2E/2- 25- 2017 5- 14- 57 PM/Image 37.png,./Macular-Dataset-R.Rasti_old/AMD Part1/AMD (23).E2E/2- 25- 2017 5- 14- 57 PM/Image 37.TIFF
../Images/Images_Manual/AMD Part1/AMD (23).E2E/2- 25- 2017 5- 14- 57 PM/Image 38.png,./Macular-Dataset-R.Rasti_old/AMD Part1/AMD (23).E2E/2- 25- 2017 5- 14- 57 PM/Image 38.TIFF
../Images/Images_Manual/AMD Part1/AMD (23).E2E/2- 25- 2017 5- 14- 57 PM/Image 39.png,./Macular-Dataset-R.Rasti_old/AMD Part1/AMD (23).E2E/2- 25- 2017 5- 14- 57 PM/Image 39.TIFF
../Images/Images_Manual/AMD Part1/AMD (23).E2E/2- 25- 2017 5- 14- 57 PM/Image 40.png,./Macular-Dataset-R.Rasti_old/AMD Part1/AMD (23).E2E/2- 25- 2017 5- 14- 57 PM/Image 40.TIFF
../Images/Images_Manual/AMD Part1/AMD (23).E2E/2- 25- 2017 5- 14- 57 PM/Image 41.png,./Macular-Dataset-R.Rasti_old/AMD Part1/AMD (23).E2E/2- 25- 2017 5- 14- 57 PM/Image 41.TIFF
../Images/Images_Manual/AMD Part1/AMD (23).E2E/2- 25- 2017 5- 14- 57 PM/Image 42.png,./Macular-Dataset-R.Rasti_old/AMD Part1/AMD (23).E2E/2- 25- 2017 5- 14- 57 PM/Image 42.TIFF
../Images/Images_Manual/AMD Part1/AMD (23).E2E/2- 25- 2017 5- 14- 57 PM/Image 43.png,./Macular-Dataset-R.Rasti_old/AMD Part1/AMD (23).E2E/2- 25- 2017 5- 14- 57 PM/Image 43.TIFF
../Images/Images_Manual/AMD Part1/AMD (23).E2E/2- 25- 2017 5- 14- 57 PM/Image 44.png,./Macular-Dataset-R.Rasti_old/AMD Part1/AMD (23).E2E/2- 25- 2017 5- 14- 57 PM/Image 44.TIFF
../Images/Images_Manual/AMD Part1/AMD (23).E2E/2- 25- 2017 5- 14- 57 PM/Image 45.png,./Macular-Dataset-R.Rasti_old/AMD Part1/AMD (23).E2E/2- 25- 2017 5- 14- 57 PM/Image 45.TIFF
../Images/Images_Manual/AMD Part1/AMD (23).E2E/2- 25- 2017 5- 14- 57 PM/Image 46.png,./Macular-Dataset-R.Rasti_old/AMD Part1/AMD (23).E2E/2- 25- 2017 5- 14- 57 PM/Image 46.TIFF
../Images/Images_Manual/AMD Part1/AMD (23).E2E/2- 25- 2017 5- 14- 57 PM/Image 47.png,./Macular-Dataset-R.Rasti_old/AMD Part1/AMD (23).E2E/2- 25- 2017 5- 14- 57 PM/Image 47.TIFF
../Images/Images_Manual/AMD Part1/AMD (23).E2E/2- 25- 2017 5- 14- 57 PM/Image 48.png,./Macular-Dataset-R.Rasti_old/AMD Part1/AMD (23).E2E/2- 25- 2017 5- 14- 57 PM/Image 48.TIFF
../Images/Images_Manual/AMD Part1/AMD (23).E2E/2- 25- 2017 5- 14- 57 PM/Image 49.png,./Macular-Dataset-R.Rasti_old/AMD Part1/AMD (23).E2E/2- 25- 2017 5- 14- 57 PM/Image 49.TIFF
../Images/Images_Manual/AMD Part1/AMD (23).E2E/2- 25- 2017 5- 14- 57 PM/Image 50.png,./Macular-Dataset-R.Rasti_old/AMD Part1/AMD (23).E2E/2- 25- 2017 5- 14- 57 PM/Image 50.TIFF
../Images/Images_Manual/AMD Part1/AMD (23).E2E/2- 25- 2017 5- 14- 57 PM/Image 51.png,./Macular-Dataset-R.Rasti_old/AMD Part1/AMD (23).E2E/2- 25- 2017 5- 14- 57 PM/Image 51.TIFF
../Images/Images_Manual/AMD Part1/AMD (23).E2E/2- 25- 2017 5- 14- 57 PM/Image 52.png,./Macular-Dataset-R.Rasti_old/AMD Part1/AMD (23).E2E/2- 25- 2017 5- 14- 57 PM/Image 52.TIFF
../Images/Images_Manual/AMD Part1/AMD (23).E2E/2- 25- 2017 5- 14- 57 PM/Image 53.png,./Macular-Dataset-R.Rasti_old/AMD Part1/AMD (23).E2E/2- 25- 2017 5- 14- 57 PM/Image 53.TIFF
../Images/Images_Manual/AMD Part1/AMD (23).E2E/2- 25- 2017 5- 14- 57 PM/Image 54.png,./Macular-Dataset-R.Rasti_old/AMD Part1/AMD (23).E2E/2- 25- 2017 5- 14- 57 PM/Image 54.TIFF
../Images/Images_Manual/AMD Part1/AMD (23).E2E/2- 25- 2017 5- 14- 57 PM/Image 55.png,./Macular-Dataset-R.Rasti_old/AMD Part1/AMD (23).E2E/2- 25- 2017 5- 14- 57 PM/Image 55.TIFF
../Images/Images_Manual/AMD Part1/AMD (23).E2E/2- 25- 2017 5- 14- 57 PM/Image 56.png,./Macular-Dataset-R.Rasti_old/AMD Part1/AMD (23).E2E/2- 25- 2017 5- 14- 57 PM/Image 56.TIFF
../Images/Images_Manual/AMD Part1/AMD (23).E2E/2- 25- 2017 5- 14- 57 PM/Image 57.png,./Macular-Dataset-R.Rasti_old/AMD Part1/AMD (23).E2E/2- 25- 2017 5- 14- 57 PM/Image 57.TIFF
../Images/Images_Manual/AMD Part1/AMD (23).E2E/2- 25- 2017 5- 14- 57 PM/Image 58.png,./Macular-Dataset-R.Rasti_old/AMD Part1/AMD (23).E2E/2- 25- 2017 5- 14- 57 PM/Image 58.TIFF
../Images/Images_Manual/AMD Part1/AMD (23).E2E/2- 25- 2017 5- 14- 57 PM/Image 59.png,./Macular-Dataset-R.Rasti_old/AMD Part1/AMD (23).E2E/2- 25- 2017 5- 14- 57 PM/Image 59.TIFF
../Images/Images_Manual/AMD Part1/AMD (23).E2E/2- 25- 2017 5- 14- 57 PM/Image 60.png,./Macular-Dataset-R.Rasti_old/AMD Part1/AMD (23).E2E/2- 25- 2017 5- 14- 57 PM/Image 60.TIFF
../Images/Images_Manual/AMD Part1/AMD (23).E2E/2- 25- 2017 5- 14- 57 PM/Image 61.png,./Macular-Dataset-R.Rasti_old/AMD Part1/AMD (23).E2E/2- 25- 2017 5- 14- 57 PM/Image 61.TIFF
../Images/Images_Manual/AMD Part1/AMD (24).E2E/2- 25- 2017 5- 17- 27 PM/Image 1.png,./Macular-Dataset-R.Rasti_old/AMD Part1/AMD (24).E2E/2- 25- 2017 5- 17- 27 PM/Image 1.TIFF
../Images/Images_Manual/AMD Part1/AMD (24).E2E/2- 25- 2017 5- 17- 27 PM/Image 2.png,./Macular-Dataset-R.Rasti_old/AMD Part1/AMD (24).E2E/2- 25- 2017 5- 17- 27 PM/Image 2.TIFF
../Images/Images_Manual/AMD Part1/AMD (24).E2E/2- 25- 2017 5- 17- 27 PM/Image 3.png,./Macular-Dataset-R.Rasti_old/AMD Part1/AMD (24).E2E/2- 25- 2017 5- 17- 27 PM/Image 3.TIFF
../Images/Images_Manual/AMD Part1/AMD (24).E2E/2- 25- 2017 5- 17- 27 PM/Image 4.png,./Macular-Dataset-R.Rasti_old/AMD Part1/AMD (24).E2E/2- 25- 2017 5- 17- 27 PM/Image 4.TIFF
../Images/Images_Manual/AMD Part1/AMD (24).E2E/2- 25- 2017 5- 17- 27 PM/Image 5.png,./Macular-Dataset-R.Rasti_old/AMD Part1/AMD (24).E2E/2- 25- 2017 5- 17- 27 PM/Image 5.TIFF
../Images/Images_Manual/AMD Part1/AMD (24).E2E/2- 25- 2017 5- 17- 27 PM/Image 6.png,./Macular-Dataset-R.Rasti_old/AMD Part1/AMD (24).E2E/2- 25- 2017 5- 17- 27 PM/Image 6.TIFF
../Images/Images_Manual/AMD Part1/AMD (24).E2E/2- 25- 2017 5- 17- 27 PM/Image 7.png,./Macular-Dataset-R.Rasti_old/AMD Part1/AMD (24).E2E/2- 25- 2017 5- 17- 27 PM/Image 7.TIFF
../Images/Images_Manual/AMD Part1/AMD (24).E2E/2- 25- 2017 5- 17- 27 PM/Image 8.png,./Macular-Dataset-R.Rasti_old/AMD Part1/AMD (24).E2E/2- 25- 2017 5- 17- 27 PM/Image 8.TIFF
../Images/Images_Manual/AMD Part1/AMD (24).E2E/2- 25- 2017 5- 17- 27 PM/Image 9.png,./Macular-Dataset-R.Rasti_old/AMD Part1/AMD (24).E2E/2- 25- 2017 5- 17- 27 PM/Image 9.TIFF
../Images/Images_Manual/AMD Part1/AMD (24).E2E/2- 25- 2017 5- 17- 27 PM/Image 10.png,./Macular-Dataset-R.Rasti_old/AMD Part1/AMD (24).E2E/2- 25- 2017 5- 17- 27 PM/Image 10.TIFF
../Images/Images_Manual/AMD Part1/AMD (24).E2E/2- 25- 2017 5- 17- 27 PM/Image 11.png,./Macular-Dataset-R.Rasti_old/AMD Part1/AMD (24).E2E/2- 25- 2017 5- 17- 27 PM/Image 11.TIFF
../Images/Images_Manual/AMD Part1/AMD (24).E2E/2- 25- 2017 5- 17- 27 PM/Image 12.png,./Macular-Dataset-R.Rasti_old/AMD Part1/AMD (24).E2E/2- 25- 2017 5- 17- 27 PM/Image 12.TIFF
../Images/Images_Manual/AMD Part1/AMD (24).E2E/2- 25- 2017 5- 17- 27 PM/Image 13.png,./Macular-Dataset-R.Rasti_old/AMD Part1/AMD (24).E2E/2- 25- 2017 5- 17- 27 PM/Image 13.TIFF
../Images/Images_Manual/AMD Part1/AMD (24).E2E/2- 25- 2017 5- 17- 27 PM/Image 14.png,./Macular-Dataset-R.Rasti_old/AMD Part1/AMD (24).E2E/2- 25- 2017 5- 17- 27 PM/Image 14.TIFF
../Images/Images_Manual/AMD Part1/AMD (24).E2E/2- 25- 2017 5- 17- 27 PM/Image 15.png,./Macular-Dataset-R.Rasti_old/AMD Part1/AMD (24).E2E/2- 25- 2017 5- 17- 27 PM/Image 15.TIFF
../Images/Images_Manual/AMD Part1/AMD (24).E2E/2- 25- 2017 5- 17- 27 PM/Image 16.png,./Macular-Dataset-R.Rasti_old/AMD Part1/AMD (24).E2E/2- 25- 2017 5- 17- 27 PM/Image 16.TIFF
../Images/Images_Manual/AMD Part1/AMD (24).E2E/2- 25- 2017 5- 17- 27 PM/Image 17.png,./Macular-Dataset-R.Rasti_old/AMD Part1/AMD (24).E2E/2- 25- 2017 5- 17- 27 PM/Image 17.TIFF
../Images/Images_Manual/AMD Part1/AMD (24).E2E/2- 25- 2017 5- 17- 27 PM/Image 18.png,./Macular-Dataset-R.Rasti_old/AMD Part1/AMD (24).E2E/2- 25- 2017 5- 17- 27 PM/Image 18.TIFF
../Images/Images_Manual/AMD Part1/AMD (24).E2E/2- 25- 2017 5- 17- 27 PM/Image 19.png,./Macular-Dataset-R.Rasti_old/AMD Part1/AMD (24).E2E/2- 25- 2017 5- 17- 27 PM/Image 19.TIFF
../Images/Images_Manual/AMD Part1/AMD (24).E2E/2- 25- 2017 5- 17- 27 PM/Image 20.png,./Macular-Dataset-R.Rasti_old/AMD Part1/AMD (24).E2E/2- 25- 2017 5- 17- 27 PM/Image 20.TIFF
../Images/Images_Manual/AMD Part1/AMD (24).E2E/2- 25- 2017 5- 17- 27 PM/Image 21.png,./Macular-Dataset-R.Rasti_old/AMD Part1/AMD (24).E2E/2- 25- 2017 5- 17- 27 PM/Image 21.TIFF
../Images/Images_Manual/AMD Part1/AMD (24).E2E/2- 25- 2017 5- 17- 27 PM/Image 22.png,./Macular-Dataset-R.Rasti_old/AMD Part1/AMD (24).E2E/2- 25- 2017 5- 17- 27 PM/Image 22.TIFF
../Images/Images_Manual/AMD Part1/AMD (24).E2E/2- 25- 2017 5- 17- 27 PM/Image 23.png,./Macular-Dataset-R.Rasti_old/AMD Part1/AMD (24).E2E/2- 25- 2017 5- 17- 27 PM/Image 23.TIFF
../Images/Images_Manual/AMD Part1/AMD (24).E2E/2- 25- 2017 5- 17- 27 PM/Image 24.png,./Macular-Dataset-R.Rasti_old/AMD Part1/AMD (24).E2E/2- 25- 2017 5- 17- 27 PM/Image 24.TIFF
../Images/Images_Manual/AMD Part1/AMD (24).E2E/2- 25- 2017 5- 17- 27 PM/Image 25.png,./Macular-Dataset-R.Rasti_old/AMD Part1/AMD (24).E2E/2- 25- 2017 5- 17- 27 PM/Image 25.TIFF
../Images/Images_Manual/AMD Part1/AMD (24).E2E/2- 25- 2017 5- 17- 27 PM/Image 26.png,./Macular-Dataset-R.Rasti_old/AMD Part1/AMD (24).E2E/2- 25- 2017 5- 17- 27 PM/Image 26.TIFF
../Images/Images_Manual/AMD Part1/AMD (24).E2E/2- 25- 2017 5- 17- 27 PM/Image 27.png,./Macular-Dataset-R.Rasti_old/AMD Part1/AMD (24).E2E/2- 25- 2017 5- 17- 27 PM/Image 27.TIFF
../Images/Images_Manual/AMD Part1/AMD (24).E2E/2- 25- 2017 5- 17- 27 PM/Image 28.png,./Macular-Dataset-R.Rasti_old/AMD Part1/AMD (24).E2E/2- 25- 2017 5- 17- 27 PM/Image 28.TIFF
../Images/Images_Manual/AMD Part1/AMD (24).E2E/2- 25- 2017 5- 17- 27 PM/Image 29.png,./Macular-Dataset-R.Rasti_old/AMD Part1/AMD (24).E2E/2- 25- 2017 5- 17- 27 PM/Image 29.TIFF
../Images/Images_Manual/AMD Part1/AMD (24).E2E/2- 25- 2017 5- 17- 27 PM/Image 30.png,./Macular-Dataset-R.Rasti_old/AMD Part1/AMD (24).E2E/2- 25- 2017 5- 17- 27 PM/Image 30.TIFF
../Images/Images_Manual/AMD Part1/AMD (24).E2E/2- 25- 2017 5- 17- 27 PM/Image 31.png,./Macular-Dataset-R.Rasti_old/AMD Part1/AMD (24).E2E/2- 25- 2017 5- 17- 27 PM/Image 31.TIFF
../Images/Images_Manual/AMD Part1/AMD (24).E2E/2- 25- 2017 5- 17- 27 PM/Image 32.png,./Macular-Dataset-R.Rasti_old/AMD Part1/AMD (24).E2E/2- 25- 2017 5- 17- 27 PM/Image 32.TIFF
../Images/Images_Manual/AMD Part1/AMD (24).E2E/2- 25- 2017 5- 17- 27 PM/Image 33.png,./Macular-Dataset-R.Rasti_old/AMD Part1/AMD (24).E2E/2- 25- 2017 5- 17- 27 PM/Image 33.TIFF
../Images/Images_Manual/AMD Part1/AMD (24).E2E/2- 25- 2017 5- 17- 27 PM/Image 34.png,./Macular-Dataset-R.Rasti_old/AMD Part1/AMD (24).E2E/2- 25- 2017 5- 17- 27 PM/Image 34.TIFF
../Images/Images_Manual/AMD Part1/AMD (24).E2E/2- 25- 2017 5- 17- 27 PM/Image 35.png,./Macular-Dataset-R.Rasti_old/AMD Part1/AMD (24).E2E/2- 25- 2017 5- 17- 27 PM/Image 35.TIFF
../Images/Images_Manual/AMD Part1/AMD (24).E2E/2- 25- 2017 5- 17- 27 PM/Image 36.png,./Macular-Dataset-R.Rasti_old/AMD Part1/AMD (24).E2E/2- 25- 2017 5- 17- 27 PM/Image 36.TIFF
../Images/Images_Manual/AMD Part1/AMD (24).E2E/2- 25- 2017 5- 17- 27 PM/Image 37.png,./Macular-Dataset-R.Rasti_old/AMD Part1/AMD (24).E2E/2- 25- 2017 5- 17- 27 PM/Image 37.TIFF
../Images/Images_Manual/AMD Part1/AMD (24).E2E/2- 25- 2017 5- 17- 27 PM/Image 38.png,./Macular-Dataset-R.Rasti_old/AMD Part1/AMD (24).E2E/2- 25- 2017 5- 17- 27 PM/Image 38.TIFF
../Images/Images_Manual/AMD Part1/AMD (24).E2E/2- 25- 2017 5- 17- 27 PM/Image 39.png,./Macular-Dataset-R.Rasti_old/AMD Part1/AMD (24).E2E/2- 25- 2017 5- 17- 27 PM/Image 39.TIFF
../Images/Images_Manual/AMD Part1/AMD (24).E2E/2- 25- 2017 5- 17- 27 PM/Image 40.png,./Macular-Dataset-R.Rasti_old/AMD Part1/AMD (24).E2E/2- 25- 2017 5- 17- 27 PM/Image 40.TIFF
../Images/Images_Manual/AMD Part1/AMD (24).E2E/2- 25- 2017 5- 17- 27 PM/Image 41.png,./Macular-Dataset-R.Rasti_old/AMD Part1/AMD (24).E2E/2- 25- 2017 5- 17- 27 PM/Image 41.TIFF
../Images/Images_Manual/AMD Part1/AMD (24).E2E/2- 25- 2017 5- 17- 27 PM/Image 42.png,./Macular-Dataset-R.Rasti_old/AMD Part1/AMD (24).E2E/2- 25- 2017 5- 17- 27 PM/Image 42.TIFF
../Images/Images_Manual/AMD Part1/AMD (24).E2E/2- 25- 2017 5- 17- 27 PM/Image 43.png,./Macular-Dataset-R.Rasti_old/AMD Part1/AMD (24).E2E/2- 25- 2017 5- 17- 27 PM/Image 43.TIFF
../Images/Images_Manual/AMD Part1/AMD (24).E2E/2- 25- 2017 5- 17- 27 PM/Image 44.png,./Macular-Dataset-R.Rasti_old/AMD Part1/AMD (24).E2E/2- 25- 2017 5- 17- 27 PM/Image 44.TIFF
../Images/Images_Manual/AMD Part1/AMD (24).E2E/2- 25- 2017 5- 17- 27 PM/Image 45.png,./Macular-Dataset-R.Rasti_old/AMD Part1/AMD (24).E2E/2- 25- 2017 5- 17- 27 PM/Image 45.TIFF
../Images/Images_Manual/AMD Part1/AMD (24).E2E/2- 25- 2017 5- 17- 27 PM/Image 46.png,./Macular-Dataset-R.Rasti_old/AMD Part1/AMD (24).E2E/2- 25- 2017 5- 17- 27 PM/Image 46.TIFF
../Images/Images_Manual/AMD Part1/AMD (24).E2E/2- 25- 2017 5- 17- 27 PM/Image 47.png,./Macular-Dataset-R.Rasti_old/AMD Part1/AMD (24).E2E/2- 25- 2017 5- 17- 27 PM/Image 47.TIFF
../Images/Images_Manual/AMD Part1/AMD (24).E2E/2- 25- 2017 5- 17- 27 PM/Image 48.png,./Macular-Dataset-R.Rasti_old/AMD Part1/AMD (24).E2E/2- 25- 2017 5- 17- 27 PM/Image 48.TIFF
../Images/Images_Manual/AMD Part1/AMD (24).E2E/2- 25- 2017 5- 17- 27 PM/Image 49.png,./Macular-Dataset-R.Rasti_old/AMD Part1/AMD (24).E2E/2- 25- 2017 5- 17- 27 PM/Image 49.TIFF
../Images/Images_Manual/AMD Part1/AMD (24).E2E/2- 25- 2017 5- 17- 27 PM/Image 50.png,./Macular-Dataset-R.Rasti_old/AMD Part1/AMD (24).E2E/2- 25- 2017 5- 17- 27 PM/Image 50.TIFF
../Images/Images_Manual/AMD Part1/AMD (24).E2E/2- 25- 2017 5- 17- 27 PM/Image 51.png,./Macular-Dataset-R.Rasti_old/AMD Part1/AMD (24).E2E/2- 25- 2017 5- 17- 27 PM/Image 51.TIFF
../Images/Images_Manual/AMD Part1/AMD (24).E2E/2- 25- 2017 5- 17- 27 PM/Image 52.png,./Macular-Dataset-R.Rasti_old/AMD Part1/AMD (24).E2E/2- 25- 2017 5- 17- 27 PM/Image 52.TIFF
../Images/Images_Manual/AMD Part1/AMD (24).E2E/2- 25- 2017 5- 17- 27 PM/Image 53.png,./Macular-Dataset-R.Rasti_old/AMD Part1/AMD (24).E2E/2- 25- 2017 5- 17- 27 PM/Image 53.TIFF
../Images/Images_Manual/AMD Part1/AMD (24).E2E/2- 25- 2017 5- 17- 27 PM/Image 54.png,./Macular-Dataset-R.Rasti_old/AMD Part1/AMD (24).E2E/2- 25- 2017 5- 17- 27 PM/Image 54.TIFF
../Images/Images_Manual/AMD Part1/AMD (24).E2E/2- 25- 2017 5- 17- 27 PM/Image 55.png,./Macular-Dataset-R.Rasti_old/AMD Part1/AMD (24).E2E/2- 25- 2017 5- 17- 27 PM/Image 55.TIFF
../Images/Images_Manual/AMD Part1/AMD (24).E2E/2- 25- 2017 5- 17- 27 PM/Image 56.png,./Macular-Dataset-R.Rasti_old/AMD Part1/AMD (24).E2E/2- 25- 2017 5- 17- 27 PM/Image 56.TIFF
../Images/Images_Manual/AMD Part1/AMD (24).E2E/2- 25- 2017 5- 17- 27 PM/Image 57.png,./Macular-Dataset-R.Rasti_old/AMD Part1/AMD (24).E2E/2- 25- 2017 5- 17- 27 PM/Image 57.TIFF
../Images/Images_Manual/AMD Part1/AMD (24).E2E/2- 25- 2017 5- 17- 27 PM/Image 58.png,./Macular-Dataset-R.Rasti_old/AMD Part1/AMD (24).E2E/2- 25- 2017 5- 17- 27 PM/Image 58.TIFF
../Images/Images_Manual/AMD Part1/AMD (24).E2E/2- 25- 2017 5- 17- 27 PM/Image 59.png,./Macular-Dataset-R.Rasti_old/AMD Part1/AMD (24).E2E/2- 25- 2017 5- 17- 27 PM/Image 59.TIFF
../Images/Images_Manual/AMD Part1/AMD (24).E2E/2- 25- 2017 5- 17- 27 PM/Image 60.png,./Macular-Dataset-R.Rasti_old/AMD Part1/AMD (24).E2E/2- 25- 2017 5- 17- 27 PM/Image 60.TIFF
../Images/Images_Manual/AMD Part1/AMD (24).E2E/2- 25- 2017 5- 17- 27 PM/Image 61.png,./Macular-Dataset-R.Rasti_old/AMD Part1/AMD (24).E2E/2- 25- 2017 5- 17- 27 PM/Image 61.TIFF
../Images/Images_Manual/AMD Part1/AMD (26).E2E/2- 25- 2017 5- 23- 01 PM/Image 1.png,./Macular-Dataset-R.Rasti_old/AMD Part1/AMD (26).E2E/2- 25- 2017 5- 23- 01 PM/Image 1.TIFF
../Images/Images_Manual/AMD Part1/AMD (26).E2E/2- 25- 2017 5- 23- 01 PM/Image 2.png,./Macular-Dataset-R.Rasti_old/AMD Part1/AMD (26).E2E/2- 25- 2017 5- 23- 01 PM/Image 2.TIFF
../Images/Images_Manual/AMD Part1/AMD (26).E2E/2- 25- 2017 5- 23- 01 PM/Image 3.png,./Macular-Dataset-R.Rasti_old/AMD Part1/AMD (26).E2E/2- 25- 2017 5- 23- 01 PM/Image 3.TIFF
../Images/Images_Manual/AMD Part1/AMD (26).E2E/2- 25- 2017 5- 23- 01 PM/Image 4.png,./Macular-Dataset-R.Rasti_old/AMD Part1/AMD (26).E2E/2- 25- 2017 5- 23- 01 PM/Image 4.TIFF
../Images/Images_Manual/AMD Part1/AMD (26).E2E/2- 25- 2017 5- 23- 01 PM/Image 5.png,./Macular-Dataset-R.Rasti_old/AMD Part1/AMD (26).E2E/2- 25- 2017 5- 23- 01 PM/Image 5.TIFF
../Images/Images_Manual/AMD Part1/AMD (26).E2E/2- 25- 2017 5- 23- 01 PM/Image 6.png,./Macular-Dataset-R.Rasti_old/AMD Part1/AMD (26).E2E/2- 25- 2017 5- 23- 01 PM/Image 6.TIFF
../Images/Images_Manual/AMD Part1/AMD (26).E2E/2- 25- 2017 5- 23- 01 PM/Image 7.png,./Macular-Dataset-R.Rasti_old/AMD Part1/AMD (26).E2E/2- 25- 2017 5- 23- 01 PM/Image 7.TIFF
../Images/Images_Manual/AMD Part1/AMD (26).E2E/2- 25- 2017 5- 23- 01 PM/Image 8.png,./Macular-Dataset-R.Rasti_old/AMD Part1/AMD (26).E2E/2- 25- 2017 5- 23- 01 PM/Image 8.TIFF
../Images/Images_Manual/AMD Part1/AMD (26).E2E/2- 25- 2017 5- 23- 01 PM/Image 9.png,./Macular-Dataset-R.Rasti_old/AMD Part1/AMD (26).E2E/2- 25- 2017 5- 23- 01 PM/Image 9.TIFF
../Images/Images_Manual/AMD Part1/AMD (26).E2E/2- 25- 2017 5- 23- 01 PM/Image 10.png,./Macular-Dataset-R.Rasti_old/AMD Part1/AMD (26).E2E/2- 25- 2017 5- 23- 01 PM/Image 10.TIFF
../Images/Images_Manual/AMD Part1/AMD (26).E2E/2- 25- 2017 5- 23- 01 PM/Image 11.png,./Macular-Dataset-R.Rasti_old/AMD Part1/AMD (26).E2E/2- 25- 2017 5- 23- 01 PM/Image 11.TIFF
../Images/Images_Manual/AMD Part1/AMD (26).E2E/2- 25- 2017 5- 23- 01 PM/Image 12.png,./Macular-Dataset-R.Rasti_old/AMD Part1/AMD (26).E2E/2- 25- 2017 5- 23- 01 PM/Image 12.TIFF
../Images/Images_Manual/AMD Part1/AMD (26).E2E/2- 25- 2017 5- 23- 01 PM/Image 13.png,./Macular-Dataset-R.Rasti_old/AMD Part1/AMD (26).E2E/2- 25- 2017 5- 23- 01 PM/Image 13.TIFF
../Images/Images_Manual/AMD Part1/AMD (26).E2E/2- 25- 2017 5- 23- 01 PM/Image 14.png,./Macular-Dataset-R.Rasti_old/AMD Part1/AMD (26).E2E/2- 25- 2017 5- 23- 01 PM/Image 14.TIFF
../Images/Images_Manual/AMD Part1/AMD (26).E2E/2- 25- 2017 5- 23- 01 PM/Image 15.png,./Macular-Dataset-R.Rasti_old/AMD Part1/AMD (26).E2E/2- 25- 2017 5- 23- 01 PM/Image 15.TIFF
../Images/Images_Manual/AMD Part1/AMD (26).E2E/2- 25- 2017 5- 23- 01 PM/Image 16.png,./Macular-Dataset-R.Rasti_old/AMD Part1/AMD (26).E2E/2- 25- 2017 5- 23- 01 PM/Image 16.TIFF
../Images/Images_Manual/AMD Part1/AMD (26).E2E/2- 25- 2017 5- 23- 01 PM/Image 17.png,./Macular-Dataset-R.Rasti_old/AMD Part1/AMD (26).E2E/2- 25- 2017 5- 23- 01 PM/Image 17.TIFF
../Images/Images_Manual/AMD Part1/AMD (26).E2E/2- 25- 2017 5- 23- 01 PM/Image 18.png,./Macular-Dataset-R.Rasti_old/AMD Part1/AMD (26).E2E/2- 25- 2017 5- 23- 01 PM/Image 18.TIFF
../Images/Images_Manual/AMD Part1/AMD (26).E2E/2- 25- 2017 5- 23- 01 PM/Image 19.png,./Macular-Dataset-R.Rasti_old/AMD Part1/AMD (26).E2E/2- 25- 2017 5- 23- 01 PM/Image 19.TIFF
../Images/Images_Manual/AMD Part1/AMD (26).E2E/2- 25- 2017 5- 23- 01 PM/Image 20.png,./Macular-Dataset-R.Rasti_old/AMD Part1/AMD (26).E2E/2- 25- 2017 5- 23- 01 PM/Image 20.TIFF
../Images/Images_Manual/AMD Part1/AMD (26).E2E/2- 25- 2017 5- 23- 01 PM/Image 21.png,./Macular-Dataset-R.Rasti_old/AMD Part1/AMD (26).E2E/2- 25- 2017 5- 23- 01 PM/Image 21.TIFF
../Images/Images_Manual/AMD Part1/AMD (26).E2E/2- 25- 2017 5- 23- 01 PM/Image 22.png,./Macular-Dataset-R.Rasti_old/AMD Part1/AMD (26).E2E/2- 25- 2017 5- 23- 01 PM/Image 22.TIFF
../Images/Images_Manual/AMD Part1/AMD (26).E2E/2- 25- 2017 5- 23- 01 PM/Image 23.png,./Macular-Dataset-R.Rasti_old/AMD Part1/AMD (26).E2E/2- 25- 2017 5- 23- 01 PM/Image 23.TIFF
../Images/Images_Manual/AMD Part1/AMD (26).E2E/2- 25- 2017 5- 23- 01 PM/Image 24.png,./Macular-Dataset-R.Rasti_old/AMD Part1/AMD (26).E2E/2- 25- 2017 5- 23- 01 PM/Image 24.TIFF
../Images/Images_Manual/AMD Part1/AMD (26).E2E/2- 25- 2017 5- 23- 01 PM/Image 25.png,./Macular-Dataset-R.Rasti_old/AMD Part1/AMD (26).E2E/2- 25- 2017 5- 23- 01 PM/Image 25.TIFF
../Images/Images_Manual/AMD Part1/AMD (26).E2E/2- 25- 2017 5- 23- 01 PM/Image 26.png,./Macular-Dataset-R.Rasti_old/AMD Part1/AMD (26).E2E/2- 25- 2017 5- 23- 01 PM/Image 26.TIFF
../Images/Images_Manual/AMD Part1/AMD (26).E2E/2- 25- 2017 5- 23- 01 PM/Image 27.png,./Macular-Dataset-R.Rasti_old/AMD Part1/AMD (26).E2E/2- 25- 2017 5- 23- 01 PM/Image 27.TIFF
../Images/Images_Manual/AMD Part1/AMD (26).E2E/2- 25- 2017 5- 23- 01 PM/Image 28.png,./Macular-Dataset-R.Rasti_old/AMD Part1/AMD (26).E2E/2- 25- 2017 5- 23- 01 PM/Image 28.TIFF
../Images/Images_Manual/AMD Part1/AMD (26).E2E/2- 25- 2017 5- 23- 01 PM/Image 29.png,./Macular-Dataset-R.Rasti_old/AMD Part1/AMD (26).E2E/2- 25- 2017 5- 23- 01 PM/Image 29.TIFF
../Images/Images_Manual/AMD Part1/AMD (26).E2E/2- 25- 2017 5- 23- 01 PM/Image 30.png,./Macular-Dataset-R.Rasti_old/AMD Part1/AMD (26).E2E/2- 25- 2017 5- 23- 01 PM/Image 30.TIFF
../Images/Images_Manual/AMD Part1/AMD (26).E2E/2- 25- 2017 5- 23- 01 PM/Image 31.png,./Macular-Dataset-R.Rasti_old/AMD Part1/AMD (26).E2E/2- 25- 2017 5- 23- 01 PM/Image 31.TIFF
../Images/Images_Manual/AMD Part1/AMD (26).E2E/2- 25- 2017 5- 23- 01 PM/Image 32.png,./Macular-Dataset-R.Rasti_old/AMD Part1/AMD (26).E2E/2- 25- 2017 5- 23- 01 PM/Image 32.TIFF
../Images/Images_Manual/AMD Part1/AMD (26).E2E/2- 25- 2017 5- 23- 01 PM/Image 33.png,./Macular-Dataset-R.Rasti_old/AMD Part1/AMD (26).E2E/2- 25- 2017 5- 23- 01 PM/Image 33.TIFF
../Images/Images_Manual/AMD Part1/AMD (26).E2E/2- 25- 2017 5- 23- 01 PM/Image 34.png,./Macular-Dataset-R.Rasti_old/AMD Part1/AMD (26).E2E/2- 25- 2017 5- 23- 01 PM/Image 34.TIFF
../Images/Images_Manual/AMD Part1/AMD (26).E2E/2- 25- 2017 5- 23- 01 PM/Image 35.png,./Macular-Dataset-R.Rasti_old/AMD Part1/AMD (26).E2E/2- 25- 2017 5- 23- 01 PM/Image 35.TIFF
../Images/Images_Manual/AMD Part1/AMD (26).E2E/2- 25- 2017 5- 23- 01 PM/Image 36.png,./Macular-Dataset-R.Rasti_old/AMD Part1/AMD (26).E2E/2- 25- 2017 5- 23- 01 PM/Image 36.TIFF
../Images/Images_Manual/AMD Part1/AMD (26).E2E/2- 25- 2017 5- 23- 01 PM/Image 37.png,./Macular-Dataset-R.Rasti_old/AMD Part1/AMD (26).E2E/2- 25- 2017 5- 23- 01 PM/Image 37.TIFF
../Images/Images_Manual/AMD Part1/AMD (26).E2E/2- 25- 2017 5- 23- 01 PM/Image 38.png,./Macular-Dataset-R.Rasti_old/AMD Part1/AMD (26).E2E/2- 25- 2017 5- 23- 01 PM/Image 38.TIFF
../Images/Images_Manual/AMD Part1/AMD (26).E2E/2- 25- 2017 5- 23- 01 PM/Image 39.png,./Macular-Dataset-R.Rasti_old/AMD Part1/AMD (26).E2E/2- 25- 2017 5- 23- 01 PM/Image 39.TIFF
../Images/Images_Manual/AMD Part1/AMD (26).E2E/2- 25- 2017 5- 23- 01 PM/Image 40.png,./Macular-Dataset-R.Rasti_old/AMD Part1/AMD (26).E2E/2- 25- 2017 5- 23- 01 PM/Image 40.TIFF
../Images/Images_Manual/AMD Part1/AMD (26).E2E/2- 25- 2017 5- 23- 01 PM/Image 41.png,./Macular-Dataset-R.Rasti_old/AMD Part1/AMD (26).E2E/2- 25- 2017 5- 23- 01 PM/Image 41.TIFF
../Images/Images_Manual/AMD Part1/AMD (26).E2E/2- 25- 2017 5- 23- 01 PM/Image 42.png,./Macular-Dataset-R.Rasti_old/AMD Part1/AMD (26).E2E/2- 25- 2017 5- 23- 01 PM/Image 42.TIFF
../Images/Images_Manual/AMD Part1/AMD (26).E2E/2- 25- 2017 5- 23- 01 PM/Image 43.png,./Macular-Dataset-R.Rasti_old/AMD Part1/AMD (26).E2E/2- 25- 2017 5- 23- 01 PM/Image 43.TIFF
../Images/Images_Manual/AMD Part1/AMD (26).E2E/2- 25- 2017 5- 23- 01 PM/Image 44.png,./Macular-Dataset-R.Rasti_old/AMD Part1/AMD (26).E2E/2- 25- 2017 5- 23- 01 PM/Image 44.TIFF
../Images/Images_Manual/AMD Part1/AMD (26).E2E/2- 25- 2017 5- 23- 01 PM/Image 45.png,./Macular-Dataset-R.Rasti_old/AMD Part1/AMD (26).E2E/2- 25- 2017 5- 23- 01 PM/Image 45.TIFF
../Images/Images_Manual/AMD Part1/AMD (26).E2E/2- 25- 2017 5- 23- 01 PM/Image 46.png,./Macular-Dataset-R.Rasti_old/AMD Part1/AMD (26).E2E/2- 25- 2017 5- 23- 01 PM/Image 46.TIFF
../Images/Images_Manual/AMD Part1/AMD (26).E2E/2- 25- 2017 5- 23- 01 PM/Image 47.png,./Macular-Dataset-R.Rasti_old/AMD Part1/AMD (26).E2E/2- 25- 2017 5- 23- 01 PM/Image 47.TIFF
../Images/Images_Manual/AMD Part1/AMD (26).E2E/2- 25- 2017 5- 23- 01 PM/Image 48.png,./Macular-Dataset-R.Rasti_old/AMD Part1/AMD (26).E2E/2- 25- 2017 5- 23- 01 PM/Image 48.TIFF
../Images/Images_Manual/AMD Part1/AMD (26).E2E/2- 25- 2017 5- 23- 01 PM/Image 49.png,./Macular-Dataset-R.Rasti_old/AMD Part1/AMD (26).E2E/2- 25- 2017 5- 23- 01 PM/Image 49.TIFF
../Images/Images_Manual/AMD Part1/AMD (26).E2E/2- 25- 2017 5- 23- 01 PM/Image 50.png,./Macular-Dataset-R.Rasti_old/AMD Part1/AMD (26).E2E/2- 25- 2017 5- 23- 01 PM/Image 50.TIFF
../Images/Images_Manual/AMD Part1/AMD (26).E2E/2- 25- 2017 5- 23- 01 PM/Image 51.png,./Macular-Dataset-R.Rasti_old/AMD Part1/AMD (26).E2E/2- 25- 2017 5- 23- 01 PM/Image 51.TIFF
../Images/Images_Manual/AMD Part1/AMD (26).E2E/2- 25- 2017 5- 23- 01 PM/Image 52.png,./Macular-Dataset-R.Rasti_old/AMD Part1/AMD (26).E2E/2- 25- 2017 5- 23- 01 PM/Image 52.TIFF
../Images/Images_Manual/AMD Part1/AMD (26).E2E/2- 25- 2017 5- 23- 01 PM/Image 53.png,./Macular-Dataset-R.Rasti_old/AMD Part1/AMD (26).E2E/2- 25- 2017 5- 23- 01 PM/Image 53.TIFF
../Images/Images_Manual/AMD Part1/AMD (26).E2E/2- 25- 2017 5- 23- 01 PM/Image 54.png,./Macular-Dataset-R.Rasti_old/AMD Part1/AMD (26).E2E/2- 25- 2017 5- 23- 01 PM/Image 54.TIFF
../Images/Images_Manual/AMD Part1/AMD (26).E2E/2- 25- 2017 5- 23- 01 PM/Image 55.png,./Macular-Dataset-R.Rasti_old/AMD Part1/AMD (26).E2E/2- 25- 2017 5- 23- 01 PM/Image 55.TIFF
../Images/Images_Manual/AMD Part1/AMD (26).E2E/2- 25- 2017 5- 23- 01 PM/Image 56.png,./Macular-Dataset-R.Rasti_old/AMD Part1/AMD (26).E2E/2- 25- 2017 5- 23- 01 PM/Image 56.TIFF
../Images/Images_Manual/AMD Part1/AMD (26).E2E/2- 25- 2017 5- 23- 01 PM/Image 57.png,./Macular-Dataset-R.Rasti_old/AMD Part1/AMD (26).E2E/2- 25- 2017 5- 23- 01 PM/Image 57.TIFF
../Images/Images_Manual/AMD Part1/AMD (26).E2E/2- 25- 2017 5- 23- 01 PM/Image 58.png,./Macular-Dataset-R.Rasti_old/AMD Part1/AMD (26).E2E/2- 25- 2017 5- 23- 01 PM/Image 58.TIFF
../Images/Images_Manual/AMD Part1/AMD (26).E2E/2- 25- 2017 5- 23- 01 PM/Image 59.png,./Macular-Dataset-R.Rasti_old/AMD Part1/AMD (26).E2E/2- 25- 2017 5- 23- 01 PM/Image 59.TIFF
../Images/Images_Manual/AMD Part1/AMD (26).E2E/2- 25- 2017 5- 23- 01 PM/Image 60.png,./Macular-Dataset-R.Rasti_old/AMD Part1/AMD (26).E2E/2- 25- 2017 5- 23- 01 PM/Image 60.TIFF
../Images/Images_Manual/AMD Part1/AMD (26).E2E/2- 25- 2017 5- 23- 01 PM/Image 61.png,./Macular-Dataset-R.Rasti_old/AMD Part1/AMD (26).E2E/2- 25- 2017 5- 23- 01 PM/Image 61.TIFF
../Images/Images_Manual/AMD Part1/AMD (27).E2E/2- 25- 2017 8- 35- 28 PM/Image 1.png,./Macular-Dataset-R.Rasti_old/AMD Part1/AMD (27).E2E/2- 25- 2017 8- 35- 28 PM/Image 1.TIFF
../Images/Images_Manual/AMD Part1/AMD (27).E2E/2- 25- 2017 8- 35- 28 PM/Image 2.png,./Macular-Dataset-R.Rasti_old/AMD Part1/AMD (27).E2E/2- 25- 2017 8- 35- 28 PM/Image 2.TIFF
../Images/Images_Manual/AMD Part1/AMD (27).E2E/2- 25- 2017 8- 35- 28 PM/Image 3.png,./Macular-Dataset-R.Rasti_old/AMD Part1/AMD (27).E2E/2- 25- 2017 8- 35- 28 PM/Image 3.TIFF
../Images/Images_Manual/AMD Part1/AMD (27).E2E/2- 25- 2017 8- 35- 28 PM/Image 4.png,./Macular-Dataset-R.Rasti_old/AMD Part1/AMD (27).E2E/2- 25- 2017 8- 35- 28 PM/Image 4.TIFF
../Images/Images_Manual/AMD Part1/AMD (27).E2E/2- 25- 2017 8- 35- 28 PM/Image 5.png,./Macular-Dataset-R.Rasti_old/AMD Part1/AMD (27).E2E/2- 25- 2017 8- 35- 28 PM/Image 5.TIFF
../Images/Images_Manual/AMD Part1/AMD (27).E2E/2- 25- 2017 8- 35- 28 PM/Image 6.png,./Macular-Dataset-R.Rasti_old/AMD Part1/AMD (27).E2E/2- 25- 2017 8- 35- 28 PM/Image 6.TIFF
../Images/Images_Manual/AMD Part1/AMD (27).E2E/2- 25- 2017 8- 35- 28 PM/Image 7.png,./Macular-Dataset-R.Rasti_old/AMD Part1/AMD (27).E2E/2- 25- 2017 8- 35- 28 PM/Image 7.TIFF
../Images/Images_Manual/AMD Part1/AMD (27).E2E/2- 25- 2017 8- 35- 28 PM/Image 8.png,./Macular-Dataset-R.Rasti_old/AMD Part1/AMD (27).E2E/2- 25- 2017 8- 35- 28 PM/Image 8.TIFF
../Images/Images_Manual/AMD Part1/AMD (27).E2E/2- 25- 2017 8- 35- 28 PM/Image 9.png,./Macular-Dataset-R.Rasti_old/AMD Part1/AMD (27).E2E/2- 25- 2017 8- 35- 28 PM/Image 9.TIFF
../Images/Images_Manual/AMD Part1/AMD (27).E2E/2- 25- 2017 8- 35- 28 PM/Image 10.png,./Macular-Dataset-R.Rasti_old/AMD Part1/AMD (27).E2E/2- 25- 2017 8- 35- 28 PM/Image 10.TIFF
../Images/Images_Manual/AMD Part1/AMD (27).E2E/2- 25- 2017 8- 35- 28 PM/Image 11.png,./Macular-Dataset-R.Rasti_old/AMD Part1/AMD (27).E2E/2- 25- 2017 8- 35- 28 PM/Image 11.TIFF
../Images/Images_Manual/AMD Part1/AMD (27).E2E/2- 25- 2017 8- 35- 28 PM/Image 12.png,./Macular-Dataset-R.Rasti_old/AMD Part1/AMD (27).E2E/2- 25- 2017 8- 35- 28 PM/Image 12.TIFF
../Images/Images_Manual/AMD Part1/AMD (27).E2E/2- 25- 2017 8- 35- 28 PM/Image 13.png,./Macular-Dataset-R.Rasti_old/AMD Part1/AMD (27).E2E/2- 25- 2017 8- 35- 28 PM/Image 13.TIFF
../Images/Images_Manual/AMD Part1/AMD (27).E2E/2- 25- 2017 8- 35- 28 PM/Image 14.png,./Macular-Dataset-R.Rasti_old/AMD Part1/AMD (27).E2E/2- 25- 2017 8- 35- 28 PM/Image 14.TIFF
../Images/Images_Manual/AMD Part1/AMD (27).E2E/2- 25- 2017 8- 35- 28 PM/Image 15.png,./Macular-Dataset-R.Rasti_old/AMD Part1/AMD (27).E2E/2- 25- 2017 8- 35- 28 PM/Image 15.TIFF
../Images/Images_Manual/AMD Part1/AMD (27).E2E/2- 25- 2017 8- 35- 28 PM/Image 16.png,./Macular-Dataset-R.Rasti_old/AMD Part1/AMD (27).E2E/2- 25- 2017 8- 35- 28 PM/Image 16.TIFF
../Images/Images_Manual/AMD Part1/AMD (27).E2E/2- 25- 2017 8- 35- 28 PM/Image 17.png,./Macular-Dataset-R.Rasti_old/AMD Part1/AMD (27).E2E/2- 25- 2017 8- 35- 28 PM/Image 17.TIFF
../Images/Images_Manual/AMD Part1/AMD (27).E2E/2- 25- 2017 8- 35- 28 PM/Image 18.png,./Macular-Dataset-R.Rasti_old/AMD Part1/AMD (27).E2E/2- 25- 2017 8- 35- 28 PM/Image 18.TIFF
../Images/Images_Manual/AMD Part1/AMD (27).E2E/2- 25- 2017 8- 35- 28 PM/Image 19.png,./Macular-Dataset-R.Rasti_old/AMD Part1/AMD (27).E2E/2- 25- 2017 8- 35- 28 PM/Image 19.TIFF
../Images/Images_Manual/AMD Part1/AMD (27).E2E/2- 25- 2017 8- 35- 28 PM/Image 20.png,./Macular-Dataset-R.Rasti_old/AMD Part1/AMD (27).E2E/2- 25- 2017 8- 35- 28 PM/Image 20.TIFF
../Images/Images_Manual/AMD Part1/AMD (27).E2E/2- 25- 2017 8- 35- 28 PM/Image 21.png,./Macular-Dataset-R.Rasti_old/AMD Part1/AMD (27).E2E/2- 25- 2017 8- 35- 28 PM/Image 21.TIFF
../Images/Images_Manual/AMD Part1/AMD (27).E2E/2- 25- 2017 8- 35- 28 PM/Image 22.png,./Macular-Dataset-R.Rasti_old/AMD Part1/AMD (27).E2E/2- 25- 2017 8- 35- 28 PM/Image 22.TIFF
../Images/Images_Manual/AMD Part1/AMD (27).E2E/2- 25- 2017 8- 35- 28 PM/Image 23.png,./Macular-Dataset-R.Rasti_old/AMD Part1/AMD (27).E2E/2- 25- 2017 8- 35- 28 PM/Image 23.TIFF
../Images/Images_Manual/AMD Part1/AMD (27).E2E/2- 25- 2017 8- 35- 28 PM/Image 24.png,./Macular-Dataset-R.Rasti_old/AMD Part1/AMD (27).E2E/2- 25- 2017 8- 35- 28 PM/Image 24.TIFF
../Images/Images_Manual/AMD Part1/AMD (27).E2E/2- 25- 2017 8- 35- 28 PM/Image 25.png,./Macular-Dataset-R.Rasti_old/AMD Part1/AMD (27).E2E/2- 25- 2017 8- 35- 28 PM/Image 25.TIFF
../Images/Images_Manual/AMD Part1/AMD (28).E2E/2- 25- 2017 8- 37- 13 PM/Image 1.png,./Macular-Dataset-R.Rasti_old/AMD Part1/AMD (28).E2E/2- 25- 2017 8- 37- 13 PM/Image 1.TIFF
../Images/Images_Manual/AMD Part1/AMD (28).E2E/2- 25- 2017 8- 37- 13 PM/Image 2.png,./Macular-Dataset-R.Rasti_old/AMD Part1/AMD (28).E2E/2- 25- 2017 8- 37- 13 PM/Image 2.TIFF
../Images/Images_Manual/AMD Part1/AMD (28).E2E/2- 25- 2017 8- 37- 13 PM/Image 3.png,./Macular-Dataset-R.Rasti_old/AMD Part1/AMD (28).E2E/2- 25- 2017 8- 37- 13 PM/Image 3.TIFF
../Images/Images_Manual/AMD Part1/AMD (28).E2E/2- 25- 2017 8- 37- 13 PM/Image 4.png,./Macular-Dataset-R.Rasti_old/AMD Part1/AMD (28).E2E/2- 25- 2017 8- 37- 13 PM/Image 4.TIFF
../Images/Images_Manual/AMD Part1/AMD (28).E2E/2- 25- 2017 8- 37- 13 PM/Image 5.png,./Macular-Dataset-R.Rasti_old/AMD Part1/AMD (28).E2E/2- 25- 2017 8- 37- 13 PM/Image 5.TIFF
../Images/Images_Manual/AMD Part1/AMD (28).E2E/2- 25- 2017 8- 37- 13 PM/Image 6.png,./Macular-Dataset-R.Rasti_old/AMD Part1/AMD (28).E2E/2- 25- 2017 8- 37- 13 PM/Image 6.TIFF
../Images/Images_Manual/AMD Part1/AMD (28).E2E/2- 25- 2017 8- 37- 13 PM/Image 7.png,./Macular-Dataset-R.Rasti_old/AMD Part1/AMD (28).E2E/2- 25- 2017 8- 37- 13 PM/Image 7.TIFF
../Images/Images_Manual/AMD Part1/AMD (28).E2E/2- 25- 2017 8- 37- 13 PM/Image 8.png,./Macular-Dataset-R.Rasti_old/AMD Part1/AMD (28).E2E/2- 25- 2017 8- 37- 13 PM/Image 8.TIFF
../Images/Images_Manual/AMD Part1/AMD (28).E2E/2- 25- 2017 8- 37- 13 PM/Image 9.png,./Macular-Dataset-R.Rasti_old/AMD Part1/AMD (28).E2E/2- 25- 2017 8- 37- 13 PM/Image 9.TIFF
../Images/Images_Manual/AMD Part1/AMD (28).E2E/2- 25- 2017 8- 37- 13 PM/Image 10.png,./Macular-Dataset-R.Rasti_old/AMD Part1/AMD (28).E2E/2- 25- 2017 8- 37- 13 PM/Image 10.TIFF
../Images/Images_Manual/AMD Part1/AMD (28).E2E/2- 25- 2017 8- 37- 13 PM/Image 11.png,./Macular-Dataset-R.Rasti_old/AMD Part1/AMD (28).E2E/2- 25- 2017 8- 37- 13 PM/Image 11.TIFF
../Images/Images_Manual/AMD Part1/AMD (28).E2E/2- 25- 2017 8- 37- 13 PM/Image 12.png,./Macular-Dataset-R.Rasti_old/AMD Part1/AMD (28).E2E/2- 25- 2017 8- 37- 13 PM/Image 12.TIFF
../Images/Images_Manual/AMD Part1/AMD (28).E2E/2- 25- 2017 8- 37- 13 PM/Image 13.png,./Macular-Dataset-R.Rasti_old/AMD Part1/AMD (28).E2E/2- 25- 2017 8- 37- 13 PM/Image 13.TIFF
../Images/Images_Manual/AMD Part1/AMD (28).E2E/2- 25- 2017 8- 37- 13 PM/Image 14.png,./Macular-Dataset-R.Rasti_old/AMD Part1/AMD (28).E2E/2- 25- 2017 8- 37- 13 PM/Image 14.TIFF
../Images/Images_Manual/AMD Part1/AMD (28).E2E/2- 25- 2017 8- 37- 13 PM/Image 15.png,./Macular-Dataset-R.Rasti_old/AMD Part1/AMD (28).E2E/2- 25- 2017 8- 37- 13 PM/Image 15.TIFF
../Images/Images_Manual/AMD Part1/AMD (28).E2E/2- 25- 2017 8- 37- 13 PM/Image 16.png,./Macular-Dataset-R.Rasti_old/AMD Part1/AMD (28).E2E/2- 25- 2017 8- 37- 13 PM/Image 16.TIFF
../Images/Images_Manual/AMD Part1/AMD (28).E2E/2- 25- 2017 8- 37- 13 PM/Image 17.png,./Macular-Dataset-R.Rasti_old/AMD Part1/AMD (28).E2E/2- 25- 2017 8- 37- 13 PM/Image 17.TIFF
../Images/Images_Manual/AMD Part1/AMD (28).E2E/2- 25- 2017 8- 37- 13 PM/Image 18.png,./Macular-Dataset-R.Rasti_old/AMD Part1/AMD (28).E2E/2- 25- 2017 8- 37- 13 PM/Image 18.TIFF
../Images/Images_Manual/AMD Part1/AMD (28).E2E/2- 25- 2017 8- 37- 13 PM/Image 19.png,./Macular-Dataset-R.Rasti_old/AMD Part1/AMD (28).E2E/2- 25- 2017 8- 37- 13 PM/Image 19.TIFF
../Images/Images_Manual/AMD Part1/AMD (29).E2E/2- 25- 2017 8- 39- 05 PM/Image 1.png,./Macular-Dataset-R.Rasti_old/AMD Part1/AMD (29).E2E/2- 25- 2017 8- 39- 05 PM/Image 1.TIFF
../Images/Images_Manual/AMD Part1/AMD (29).E2E/2- 25- 2017 8- 39- 05 PM/Image 2.png,./Macular-Dataset-R.Rasti_old/AMD Part1/AMD (29).E2E/2- 25- 2017 8- 39- 05 PM/Image 2.TIFF
../Images/Images_Manual/AMD Part1/AMD (29).E2E/2- 25- 2017 8- 39- 05 PM/Image 3.png,./Macular-Dataset-R.Rasti_old/AMD Part1/AMD (29).E2E/2- 25- 2017 8- 39- 05 PM/Image 3.TIFF
../Images/Images_Manual/AMD Part1/AMD (29).E2E/2- 25- 2017 8- 39- 05 PM/Image 4.png,./Macular-Dataset-R.Rasti_old/AMD Part1/AMD (29).E2E/2- 25- 2017 8- 39- 05 PM/Image 4.TIFF
../Images/Images_Manual/AMD Part1/AMD (29).E2E/2- 25- 2017 8- 39- 05 PM/Image 5.png,./Macular-Dataset-R.Rasti_old/AMD Part1/AMD (29).E2E/2- 25- 2017 8- 39- 05 PM/Image 5.TIFF
../Images/Images_Manual/AMD Part1/AMD (29).E2E/2- 25- 2017 8- 39- 05 PM/Image 6.png,./Macular-Dataset-R.Rasti_old/AMD Part1/AMD (29).E2E/2- 25- 2017 8- 39- 05 PM/Image 6.TIFF
../Images/Images_Manual/AMD Part1/AMD (29).E2E/2- 25- 2017 8- 39- 05 PM/Image 7.png,./Macular-Dataset-R.Rasti_old/AMD Part1/AMD (29).E2E/2- 25- 2017 8- 39- 05 PM/Image 7.TIFF
../Images/Images_Manual/AMD Part1/AMD (29).E2E/2- 25- 2017 8- 39- 05 PM/Image 8.png,./Macular-Dataset-R.Rasti_old/AMD Part1/AMD (29).E2E/2- 25- 2017 8- 39- 05 PM/Image 8.TIFF
../Images/Images_Manual/AMD Part1/AMD (29).E2E/2- 25- 2017 8- 39- 05 PM/Image 9.png,./Macular-Dataset-R.Rasti_old/AMD Part1/AMD (29).E2E/2- 25- 2017 8- 39- 05 PM/Image 9.TIFF
../Images/Images_Manual/AMD Part1/AMD (29).E2E/2- 25- 2017 8- 39- 05 PM/Image 10.png,./Macular-Dataset-R.Rasti_old/AMD Part1/AMD (29).E2E/2- 25- 2017 8- 39- 05 PM/Image 10.TIFF
../Images/Images_Manual/AMD Part1/AMD (29).E2E/2- 25- 2017 8- 39- 05 PM/Image 11.png,./Macular-Dataset-R.Rasti_old/AMD Part1/AMD (29).E2E/2- 25- 2017 8- 39- 05 PM/Image 11.TIFF
../Images/Images_Manual/AMD Part1/AMD (29).E2E/2- 25- 2017 8- 39- 05 PM/Image 12.png,./Macular-Dataset-R.Rasti_old/AMD Part1/AMD (29).E2E/2- 25- 2017 8- 39- 05 PM/Image 12.TIFF
../Images/Images_Manual/AMD Part1/AMD (29).E2E/2- 25- 2017 8- 39- 05 PM/Image 13.png,./Macular-Dataset-R.Rasti_old/AMD Part1/AMD (29).E2E/2- 25- 2017 8- 39- 05 PM/Image 13.TIFF
../Images/Images_Manual/AMD Part1/AMD (29).E2E/2- 25- 2017 8- 39- 05 PM/Image 14.png,./Macular-Dataset-R.Rasti_old/AMD Part1/AMD (29).E2E/2- 25- 2017 8- 39- 05 PM/Image 14.TIFF
../Images/Images_Manual/AMD Part1/AMD (29).E2E/2- 25- 2017 8- 39- 05 PM/Image 15.png,./Macular-Dataset-R.Rasti_old/AMD Part1/AMD (29).E2E/2- 25- 2017 8- 39- 05 PM/Image 15.TIFF
../Images/Images_Manual/AMD Part1/AMD (29).E2E/2- 25- 2017 8- 39- 05 PM/Image 16.png,./Macular-Dataset-R.Rasti_old/AMD Part1/AMD (29).E2E/2- 25- 2017 8- 39- 05 PM/Image 16.TIFF
../Images/Images_Manual/AMD Part1/AMD (29).E2E/2- 25- 2017 8- 39- 05 PM/Image 17.png,./Macular-Dataset-R.Rasti_old/AMD Part1/AMD (29).E2E/2- 25- 2017 8- 39- 05 PM/Image 17.TIFF
../Images/Images_Manual/AMD Part1/AMD (29).E2E/2- 25- 2017 8- 39- 05 PM/Image 18.png,./Macular-Dataset-R.Rasti_old/AMD Part1/AMD (29).E2E/2- 25- 2017 8- 39- 05 PM/Image 18.TIFF
../Images/Images_Manual/AMD Part1/AMD (29).E2E/2- 25- 2017 8- 39- 05 PM/Image 19.png,./Macular-Dataset-R.Rasti_old/AMD Part1/AMD (29).E2E/2- 25- 2017 8- 39- 05 PM/Image 19.TIFF
../Images/Images_Manual/AMD Part1/AMD (31).E2E/2- 25- 2017 8- 43- 15 PM/Image 1.png,./Macular-Dataset-R.Rasti_old/AMD Part1/AMD (31).E2E/2- 25- 2017 8- 43- 15 PM/Image 1.TIFF
../Images/Images_Manual/AMD Part1/AMD (31).E2E/2- 25- 2017 8- 43- 15 PM/Image 2.png,./Macular-Dataset-R.Rasti_old/AMD Part1/AMD (31).E2E/2- 25- 2017 8- 43- 15 PM/Image 2.TIFF
../Images/Images_Manual/AMD Part1/AMD (31).E2E/2- 25- 2017 8- 43- 15 PM/Image 3.png,./Macular-Dataset-R.Rasti_old/AMD Part1/AMD (31).E2E/2- 25- 2017 8- 43- 15 PM/Image 3.TIFF
../Images/Images_Manual/AMD Part1/AMD (31).E2E/2- 25- 2017 8- 43- 15 PM/Image 4.png,./Macular-Dataset-R.Rasti_old/AMD Part1/AMD (31).E2E/2- 25- 2017 8- 43- 15 PM/Image 4.TIFF
../Images/Images_Manual/AMD Part1/AMD (31).E2E/2- 25- 2017 8- 43- 15 PM/Image 5.png,./Macular-Dataset-R.Rasti_old/AMD Part1/AMD (31).E2E/2- 25- 2017 8- 43- 15 PM/Image 5.TIFF
../Images/Images_Manual/AMD Part1/AMD (31).E2E/2- 25- 2017 8- 43- 15 PM/Image 6.png,./Macular-Dataset-R.Rasti_old/AMD Part1/AMD (31).E2E/2- 25- 2017 8- 43- 15 PM/Image 6.TIFF
../Images/Images_Manual/AMD Part1/AMD (31).E2E/2- 25- 2017 8- 43- 15 PM/Image 7.png,./Macular-Dataset-R.Rasti_old/AMD Part1/AMD (31).E2E/2- 25- 2017 8- 43- 15 PM/Image 7.TIFF
../Images/Images_Manual/AMD Part1/AMD (31).E2E/2- 25- 2017 8- 43- 15 PM/Image 8.png,./Macular-Dataset-R.Rasti_old/AMD Part1/AMD (31).E2E/2- 25- 2017 8- 43- 15 PM/Image 8.TIFF
../Images/Images_Manual/AMD Part1/AMD (31).E2E/2- 25- 2017 8- 43- 15 PM/Image 9.png,./Macular-Dataset-R.Rasti_old/AMD Part1/AMD (31).E2E/2- 25- 2017 8- 43- 15 PM/Image 9.TIFF
../Images/Images_Manual/AMD Part1/AMD (31).E2E/2- 25- 2017 8- 43- 15 PM/Image 10.png,./Macular-Dataset-R.Rasti_old/AMD Part1/AMD (31).E2E/2- 25- 2017 8- 43- 15 PM/Image 10.TIFF
../Images/Images_Manual/AMD Part1/AMD (31).E2E/2- 25- 2017 8- 43- 15 PM/Image 11.png,./Macular-Dataset-R.Rasti_old/AMD Part1/AMD (31).E2E/2- 25- 2017 8- 43- 15 PM/Image 11.TIFF
../Images/Images_Manual/AMD Part1/AMD (31).E2E/2- 25- 2017 8- 43- 15 PM/Image 12.png,./Macular-Dataset-R.Rasti_old/AMD Part1/AMD (31).E2E/2- 25- 2017 8- 43- 15 PM/Image 12.TIFF
../Images/Images_Manual/AMD Part1/AMD (31).E2E/2- 25- 2017 8- 43- 15 PM/Image 13.png,./Macular-Dataset-R.Rasti_old/AMD Part1/AMD (31).E2E/2- 25- 2017 8- 43- 15 PM/Image 13.TIFF
../Images/Images_Manual/AMD Part1/AMD (31).E2E/2- 25- 2017 8- 43- 15 PM/Image 14.png,./Macular-Dataset-R.Rasti_old/AMD Part1/AMD (31).E2E/2- 25- 2017 8- 43- 15 PM/Image 14.TIFF
../Images/Images_Manual/AMD Part1/AMD (31).E2E/2- 25- 2017 8- 43- 15 PM/Image 15.png,./Macular-Dataset-R.Rasti_old/AMD Part1/AMD (31).E2E/2- 25- 2017 8- 43- 15 PM/Image 15.TIFF
../Images/Images_Manual/AMD Part1/AMD (31).E2E/2- 25- 2017 8- 43- 15 PM/Image 16.png,./Macular-Dataset-R.Rasti_old/AMD Part1/AMD (31).E2E/2- 25- 2017 8- 43- 15 PM/Image 16.TIFF
../Images/Images_Manual/AMD Part1/AMD (31).E2E/2- 25- 2017 8- 43- 15 PM/Image 17.png,./Macular-Dataset-R.Rasti_old/AMD Part1/AMD (31).E2E/2- 25- 2017 8- 43- 15 PM/Image 17.TIFF
../Images/Images_Manual/AMD Part1/AMD (31).E2E/2- 25- 2017 8- 43- 15 PM/Image 18.png,./Macular-Dataset-R.Rasti_old/AMD Part1/AMD (31).E2E/2- 25- 2017 8- 43- 15 PM/Image 18.TIFF
../Images/Images_Manual/AMD Part1/AMD (31).E2E/2- 25- 2017 8- 43- 15 PM/Image 19.png,./Macular-Dataset-R.Rasti_old/AMD Part1/AMD (31).E2E/2- 25- 2017 8- 43- 15 PM/Image 19.TIFF
../Images/Images_Manual/AMD Part1/AMD (34).E2E/2- 25- 2017 8- 59- 29 PM/Image 1.png,./Macular-Dataset-R.Rasti_old/AMD Part1/AMD (34).E2E/2- 25- 2017 8- 59- 29 PM/Image 1.TIFF
../Images/Images_Manual/AMD Part1/AMD (34).E2E/2- 25- 2017 8- 59- 29 PM/Image 2.png,./Macular-Dataset-R.Rasti_old/AMD Part1/AMD (34).E2E/2- 25- 2017 8- 59- 29 PM/Image 2.TIFF
../Images/Images_Manual/AMD Part1/AMD (34).E2E/2- 25- 2017 8- 59- 29 PM/Image 3.png,./Macular-Dataset-R.Rasti_old/AMD Part1/AMD (34).E2E/2- 25- 2017 8- 59- 29 PM/Image 3.TIFF
../Images/Images_Manual/AMD Part1/AMD (34).E2E/2- 25- 2017 8- 59- 29 PM/Image 4.png,./Macular-Dataset-R.Rasti_old/AMD Part1/AMD (34).E2E/2- 25- 2017 8- 59- 29 PM/Image 4.TIFF
../Images/Images_Manual/AMD Part1/AMD (34).E2E/2- 25- 2017 8- 59- 29 PM/Image 5.png,./Macular-Dataset-R.Rasti_old/AMD Part1/AMD (34).E2E/2- 25- 2017 8- 59- 29 PM/Image 5.TIFF
../Images/Images_Manual/AMD Part1/AMD (34).E2E/2- 25- 2017 8- 59- 29 PM/Image 6.png,./Macular-Dataset-R.Rasti_old/AMD Part1/AMD (34).E2E/2- 25- 2017 8- 59- 29 PM/Image 6.TIFF
../Images/Images_Manual/AMD Part1/AMD (34).E2E/2- 25- 2017 8- 59- 29 PM/Image 7.png,./Macular-Dataset-R.Rasti_old/AMD Part1/AMD (34).E2E/2- 25- 2017 8- 59- 29 PM/Image 7.TIFF
../Images/Images_Manual/AMD Part1/AMD (34).E2E/2- 25- 2017 8- 59- 29 PM/Image 8.png,./Macular-Dataset-R.Rasti_old/AMD Part1/AMD (34).E2E/2- 25- 2017 8- 59- 29 PM/Image 8.TIFF
../Images/Images_Manual/AMD Part1/AMD (34).E2E/2- 25- 2017 8- 59- 29 PM/Image 9.png,./Macular-Dataset-R.Rasti_old/AMD Part1/AMD (34).E2E/2- 25- 2017 8- 59- 29 PM/Image 9.TIFF
../Images/Images_Manual/AMD Part1/AMD (34).E2E/2- 25- 2017 8- 59- 29 PM/Image 10.png,./Macular-Dataset-R.Rasti_old/AMD Part1/AMD (34).E2E/2- 25- 2017 8- 59- 29 PM/Image 10.TIFF
../Images/Images_Manual/AMD Part1/AMD (34).E2E/2- 25- 2017 8- 59- 29 PM/Image 11.png,./Macular-Dataset-R.Rasti_old/AMD Part1/AMD (34).E2E/2- 25- 2017 8- 59- 29 PM/Image 11.TIFF
../Images/Images_Manual/AMD Part1/AMD (34).E2E/2- 25- 2017 8- 59- 29 PM/Image 12.png,./Macular-Dataset-R.Rasti_old/AMD Part1/AMD (34).E2E/2- 25- 2017 8- 59- 29 PM/Image 12.TIFF
../Images/Images_Manual/AMD Part1/AMD (34).E2E/2- 25- 2017 8- 59- 29 PM/Image 13.png,./Macular-Dataset-R.Rasti_old/AMD Part1/AMD (34).E2E/2- 25- 2017 8- 59- 29 PM/Image 13.TIFF
../Images/Images_Manual/AMD Part1/AMD (34).E2E/2- 25- 2017 8- 59- 29 PM/Image 14.png,./Macular-Dataset-R.Rasti_old/AMD Part1/AMD (34).E2E/2- 25- 2017 8- 59- 29 PM/Image 14.TIFF
../Images/Images_Manual/AMD Part1/AMD (34).E2E/2- 25- 2017 8- 59- 29 PM/Image 15.png,./Macular-Dataset-R.Rasti_old/AMD Part1/AMD (34).E2E/2- 25- 2017 8- 59- 29 PM/Image 15.TIFF
../Images/Images_Manual/AMD Part1/AMD (34).E2E/2- 25- 2017 8- 59- 29 PM/Image 16.png,./Macular-Dataset-R.Rasti_old/AMD Part1/AMD (34).E2E/2- 25- 2017 8- 59- 29 PM/Image 16.TIFF
../Images/Images_Manual/AMD Part1/AMD (34).E2E/2- 25- 2017 8- 59- 29 PM/Image 17.png,./Macular-Dataset-R.Rasti_old/AMD Part1/AMD (34).E2E/2- 25- 2017 8- 59- 29 PM/Image 17.TIFF
../Images/Images_Manual/AMD Part1/AMD (34).E2E/2- 25- 2017 8- 59- 29 PM/Image 18.png,./Macular-Dataset-R.Rasti_old/AMD Part1/AMD (34).E2E/2- 25- 2017 8- 59- 29 PM/Image 18.TIFF
../Images/Images_Manual/AMD Part1/AMD (34).E2E/2- 25- 2017 8- 59- 29 PM/Image 19.png,./Macular-Dataset-R.Rasti_old/AMD Part1/AMD (34).E2E/2- 25- 2017 8- 59- 29 PM/Image 19.TIFF
../Images/Images_Manual/AMD Part1/AMD (34).E2E/2- 25- 2017 8- 59- 29 PM/Image 20.png,./Macular-Dataset-R.Rasti_old/AMD Part1/AMD (34).E2E/2- 25- 2017 8- 59- 29 PM/Image 20.TIFF
../Images/Images_Manual/AMD Part1/AMD (34).E2E/2- 25- 2017 8- 59- 29 PM/Image 21.png,./Macular-Dataset-R.Rasti_old/AMD Part1/AMD (34).E2E/2- 25- 2017 8- 59- 29 PM/Image 21.TIFF
../Images/Images_Manual/AMD Part1/AMD (34).E2E/2- 25- 2017 8- 59- 29 PM/Image 22.png,./Macular-Dataset-R.Rasti_old/AMD Part1/AMD (34).E2E/2- 25- 2017 8- 59- 29 PM/Image 22.TIFF
../Images/Images_Manual/AMD Part1/AMD (34).E2E/2- 25- 2017 8- 59- 29 PM/Image 23.png,./Macular-Dataset-R.Rasti_old/AMD Part1/AMD (34).E2E/2- 25- 2017 8- 59- 29 PM/Image 23.TIFF
../Images/Images_Manual/AMD Part1/AMD (34).E2E/2- 25- 2017 8- 59- 29 PM/Image 24.png,./Macular-Dataset-R.Rasti_old/AMD Part1/AMD (34).E2E/2- 25- 2017 8- 59- 29 PM/Image 24.TIFF
../Images/Images_Manual/AMD Part1/AMD (34).E2E/2- 25- 2017 8- 59- 29 PM/Image 25.png,./Macular-Dataset-R.Rasti_old/AMD Part1/AMD (34).E2E/2- 25- 2017 8- 59- 29 PM/Image 25.TIFF
../Images/Images_Manual/AMD Part1/AMD (34).E2E/2- 25- 2017 8- 59- 29 PM/Image 26.png,./Macular-Dataset-R.Rasti_old/AMD Part1/AMD (34).E2E/2- 25- 2017 8- 59- 29 PM/Image 26.TIFF
../Images/Images_Manual/AMD Part1/AMD (34).E2E/2- 25- 2017 8- 59- 29 PM/Image 27.png,./Macular-Dataset-R.Rasti_old/AMD Part1/AMD (34).E2E/2- 25- 2017 8- 59- 29 PM/Image 27.TIFF
../Images/Images_Manual/AMD Part1/AMD (34).E2E/2- 25- 2017 8- 59- 29 PM/Image 28.png,./Macular-Dataset-R.Rasti_old/AMD Part1/AMD (34).E2E/2- 25- 2017 8- 59- 29 PM/Image 28.TIFF
../Images/Images_Manual/AMD Part1/AMD (34).E2E/2- 25- 2017 8- 59- 29 PM/Image 29.png,./Macular-Dataset-R.Rasti_old/AMD Part1/AMD (34).E2E/2- 25- 2017 8- 59- 29 PM/Image 29.TIFF
../Images/Images_Manual/AMD Part1/AMD (34).E2E/2- 25- 2017 8- 59- 29 PM/Image 30.png,./Macular-Dataset-R.Rasti_old/AMD Part1/AMD (34).E2E/2- 25- 2017 8- 59- 29 PM/Image 30.TIFF
../Images/Images_Manual/AMD Part1/AMD (34).E2E/2- 25- 2017 8- 59- 29 PM/Image 31.png,./Macular-Dataset-R.Rasti_old/AMD Part1/AMD (34).E2E/2- 25- 2017 8- 59- 29 PM/Image 31.TIFF
../Images/Images_Manual/AMD Part1/AMD (35).E2E/2- 25- 2017 9- 00- 52 PM/Image 1.png,./Macular-Dataset-R.Rasti_old/AMD Part1/AMD (35).E2E/2- 25- 2017 9- 00- 52 PM/Image 1.TIFF
../Images/Images_Manual/AMD Part1/AMD (35).E2E/2- 25- 2017 9- 00- 52 PM/Image 2.png,./Macular-Dataset-R.Rasti_old/AMD Part1/AMD (35).E2E/2- 25- 2017 9- 00- 52 PM/Image 2.TIFF
../Images/Images_Manual/AMD Part1/AMD (35).E2E/2- 25- 2017 9- 00- 52 PM/Image 3.png,./Macular-Dataset-R.Rasti_old/AMD Part1/AMD (35).E2E/2- 25- 2017 9- 00- 52 PM/Image 3.TIFF
../Images/Images_Manual/AMD Part1/AMD (35).E2E/2- 25- 2017 9- 00- 52 PM/Image 4.png,./Macular-Dataset-R.Rasti_old/AMD Part1/AMD (35).E2E/2- 25- 2017 9- 00- 52 PM/Image 4.TIFF
../Images/Images_Manual/AMD Part1/AMD (35).E2E/2- 25- 2017 9- 00- 52 PM/Image 5.png,./Macular-Dataset-R.Rasti_old/AMD Part1/AMD (35).E2E/2- 25- 2017 9- 00- 52 PM/Image 5.TIFF
../Images/Images_Manual/AMD Part1/AMD (35).E2E/2- 25- 2017 9- 00- 52 PM/Image 6.png,./Macular-Dataset-R.Rasti_old/AMD Part1/AMD (35).E2E/2- 25- 2017 9- 00- 52 PM/Image 6.TIFF
../Images/Images_Manual/AMD Part1/AMD (35).E2E/2- 25- 2017 9- 00- 52 PM/Image 7.png,./Macular-Dataset-R.Rasti_old/AMD Part1/AMD (35).E2E/2- 25- 2017 9- 00- 52 PM/Image 7.TIFF
../Images/Images_Manual/AMD Part1/AMD (35).E2E/2- 25- 2017 9- 00- 52 PM/Image 8.png,./Macular-Dataset-R.Rasti_old/AMD Part1/AMD (35).E2E/2- 25- 2017 9- 00- 52 PM/Image 8.TIFF
../Images/Images_Manual/AMD Part1/AMD (35).E2E/2- 25- 2017 9- 00- 52 PM/Image 9.png,./Macular-Dataset-R.Rasti_old/AMD Part1/AMD (35).E2E/2- 25- 2017 9- 00- 52 PM/Image 9.TIFF
../Images/Images_Manual/AMD Part1/AMD (35).E2E/2- 25- 2017 9- 00- 52 PM/Image 10.png,./Macular-Dataset-R.Rasti_old/AMD Part1/AMD (35).E2E/2- 25- 2017 9- 00- 52 PM/Image 10.TIFF
../Images/Images_Manual/AMD Part1/AMD (35).E2E/2- 25- 2017 9- 00- 52 PM/Image 11.png,./Macular-Dataset-R.Rasti_old/AMD Part1/AMD (35).E2E/2- 25- 2017 9- 00- 52 PM/Image 11.TIFF
../Images/Images_Manual/AMD Part1/AMD (35).E2E/2- 25- 2017 9- 00- 52 PM/Image 12.png,./Macular-Dataset-R.Rasti_old/AMD Part1/AMD (35).E2E/2- 25- 2017 9- 00- 52 PM/Image 12.TIFF
../Images/Images_Manual/AMD Part1/AMD (35).E2E/2- 25- 2017 9- 00- 52 PM/Image 13.png,./Macular-Dataset-R.Rasti_old/AMD Part1/AMD (35).E2E/2- 25- 2017 9- 00- 52 PM/Image 13.TIFF
../Images/Images_Manual/AMD Part1/AMD (35).E2E/2- 25- 2017 9- 00- 52 PM/Image 14.png,./Macular-Dataset-R.Rasti_old/AMD Part1/AMD (35).E2E/2- 25- 2017 9- 00- 52 PM/Image 14.TIFF
../Images/Images_Manual/AMD Part1/AMD (35).E2E/2- 25- 2017 9- 00- 52 PM/Image 15.png,./Macular-Dataset-R.Rasti_old/AMD Part1/AMD (35).E2E/2- 25- 2017 9- 00- 52 PM/Image 15.TIFF
../Images/Images_Manual/AMD Part1/AMD (35).E2E/2- 25- 2017 9- 00- 52 PM/Image 16.png,./Macular-Dataset-R.Rasti_old/AMD Part1/AMD (35).E2E/2- 25- 2017 9- 00- 52 PM/Image 16.TIFF
../Images/Images_Manual/AMD Part1/AMD (35).E2E/2- 25- 2017 9- 00- 52 PM/Image 17.png,./Macular-Dataset-R.Rasti_old/AMD Part1/AMD (35).E2E/2- 25- 2017 9- 00- 52 PM/Image 17.TIFF
../Images/Images_Manual/AMD Part1/AMD (35).E2E/2- 25- 2017 9- 00- 52 PM/Image 18.png,./Macular-Dataset-R.Rasti_old/AMD Part1/AMD (35).E2E/2- 25- 2017 9- 00- 52 PM/Image 18.TIFF
../Images/Images_Manual/AMD Part1/AMD (35).E2E/2- 25- 2017 9- 00- 52 PM/Image 19.png,./Macular-Dataset-R.Rasti_old/AMD Part1/AMD (35).E2E/2- 25- 2017 9- 00- 52 PM/Image 19.TIFF
../Images/Images_Manual/AMD Part1/AMD (35).E2E/2- 25- 2017 9- 00- 52 PM/Image 20.png,./Macular-Dataset-R.Rasti_old/AMD Part1/AMD (35).E2E/2- 25- 2017 9- 00- 52 PM/Image 20.TIFF
../Images/Images_Manual/AMD Part1/AMD (35).E2E/2- 25- 2017 9- 00- 52 PM/Image 21.png,./Macular-Dataset-R.Rasti_old/AMD Part1/AMD (35).E2E/2- 25- 2017 9- 00- 52 PM/Image 21.TIFF
../Images/Images_Manual/AMD Part1/AMD (35).E2E/2- 25- 2017 9- 00- 52 PM/Image 22.png,./Macular-Dataset-R.Rasti_old/AMD Part1/AMD (35).E2E/2- 25- 2017 9- 00- 52 PM/Image 22.TIFF
../Images/Images_Manual/AMD Part1/AMD (35).E2E/2- 25- 2017 9- 00- 52 PM/Image 23.png,./Macular-Dataset-R.Rasti_old/AMD Part1/AMD (35).E2E/2- 25- 2017 9- 00- 52 PM/Image 23.TIFF
../Images/Images_Manual/AMD Part1/AMD (35).E2E/2- 25- 2017 9- 00- 52 PM/Image 24.png,./Macular-Dataset-R.Rasti_old/AMD Part1/AMD (35).E2E/2- 25- 2017 9- 00- 52 PM/Image 24.TIFF
../Images/Images_Manual/AMD Part1/AMD (35).E2E/2- 25- 2017 9- 00- 52 PM/Image 25.png,./Macular-Dataset-R.Rasti_old/AMD Part1/AMD (35).E2E/2- 25- 2017 9- 00- 52 PM/Image 25.TIFF
../Images/Images_Manual/AMD Part1/AMD (35).E2E/2- 25- 2017 9- 00- 52 PM/Image 26.png,./Macular-Dataset-R.Rasti_old/AMD Part1/AMD (35).E2E/2- 25- 2017 9- 00- 52 PM/Image 26.TIFF
../Images/Images_Manual/AMD Part1/AMD (35).E2E/2- 25- 2017 9- 00- 52 PM/Image 27.png,./Macular-Dataset-R.Rasti_old/AMD Part1/AMD (35).E2E/2- 25- 2017 9- 00- 52 PM/Image 27.TIFF
../Images/Images_Manual/AMD Part1/AMD (35).E2E/2- 25- 2017 9- 00- 52 PM/Image 28.png,./Macular-Dataset-R.Rasti_old/AMD Part1/AMD (35).E2E/2- 25- 2017 9- 00- 52 PM/Image 28.TIFF
../Images/Images_Manual/AMD Part1/AMD (35).E2E/2- 25- 2017 9- 00- 52 PM/Image 29.png,./Macular-Dataset-R.Rasti_old/AMD Part1/AMD (35).E2E/2- 25- 2017 9- 00- 52 PM/Image 29.TIFF
../Images/Images_Manual/AMD Part1/AMD (35).E2E/2- 25- 2017 9- 00- 52 PM/Image 30.png,./Macular-Dataset-R.Rasti_old/AMD Part1/AMD (35).E2E/2- 25- 2017 9- 00- 52 PM/Image 30.TIFF
../Images/Images_Manual/AMD Part1/AMD (35).E2E/2- 25- 2017 9- 00- 52 PM/Image 31.png,./Macular-Dataset-R.Rasti_old/AMD Part1/AMD (35).E2E/2- 25- 2017 9- 00- 52 PM/Image 31.TIFF
../Images/Images_Manual/AMD Part2/AMD (40).E2E/2- 25- 2017 9- 08- 13 PM/Image 1.png,./Macular-Dataset-R.Rasti_old/AMD Part2/AMD (40).E2E/2- 25- 2017 9- 08- 13 PM/Image 1.TIFF
../Images/Images_Manual/AMD Part2/AMD (40).E2E/2- 25- 2017 9- 08- 13 PM/Image 2.png,./Macular-Dataset-R.Rasti_old/AMD Part2/AMD (40).E2E/2- 25- 2017 9- 08- 13 PM/Image 2.TIFF
../Images/Images_Manual/AMD Part2/AMD (40).E2E/2- 25- 2017 9- 08- 13 PM/Image 3.png,./Macular-Dataset-R.Rasti_old/AMD Part2/AMD (40).E2E/2- 25- 2017 9- 08- 13 PM/Image 3.TIFF
../Images/Images_Manual/AMD Part2/AMD (40).E2E/2- 25- 2017 9- 08- 13 PM/Image 4.png,./Macular-Dataset-R.Rasti_old/AMD Part2/AMD (40).E2E/2- 25- 2017 9- 08- 13 PM/Image 4.TIFF
../Images/Images_Manual/AMD Part2/AMD (40).E2E/2- 25- 2017 9- 08- 13 PM/Image 5.png,./Macular-Dataset-R.Rasti_old/AMD Part2/AMD (40).E2E/2- 25- 2017 9- 08- 13 PM/Image 5.TIFF
../Images/Images_Manual/AMD Part2/AMD (40).E2E/2- 25- 2017 9- 08- 13 PM/Image 6.png,./Macular-Dataset-R.Rasti_old/AMD Part2/AMD (40).E2E/2- 25- 2017 9- 08- 13 PM/Image 6.TIFF
../Images/Images_Manual/AMD Part2/AMD (40).E2E/2- 25- 2017 9- 08- 13 PM/Image 7.png,./Macular-Dataset-R.Rasti_old/AMD Part2/AMD (40).E2E/2- 25- 2017 9- 08- 13 PM/Image 7.TIFF
../Images/Images_Manual/AMD Part2/AMD (40).E2E/2- 25- 2017 9- 08- 13 PM/Image 8.png,./Macular-Dataset-R.Rasti_old/AMD Part2/AMD (40).E2E/2- 25- 2017 9- 08- 13 PM/Image 8.TIFF
../Images/Images_Manual/AMD Part2/AMD (40).E2E/2- 25- 2017 9- 08- 13 PM/Image 9.png,./Macular-Dataset-R.Rasti_old/AMD Part2/AMD (40).E2E/2- 25- 2017 9- 08- 13 PM/Image 9.TIFF
../Images/Images_Manual/AMD Part2/AMD (40).E2E/2- 25- 2017 9- 08- 13 PM/Image 10.png,./Macular-Dataset-R.Rasti_old/AMD Part2/AMD (40).E2E/2- 25- 2017 9- 08- 13 PM/Image 10.TIFF
../Images/Images_Manual/AMD Part2/AMD (40).E2E/2- 25- 2017 9- 08- 13 PM/Image 11.png,./Macular-Dataset-R.Rasti_old/AMD Part2/AMD (40).E2E/2- 25- 2017 9- 08- 13 PM/Image 11.TIFF
../Images/Images_Manual/AMD Part2/AMD (40).E2E/2- 25- 2017 9- 08- 13 PM/Image 12.png,./Macular-Dataset-R.Rasti_old/AMD Part2/AMD (40).E2E/2- 25- 2017 9- 08- 13 PM/Image 12.TIFF
../Images/Images_Manual/AMD Part2/AMD (40).E2E/2- 25- 2017 9- 08- 13 PM/Image 13.png,./Macular-Dataset-R.Rasti_old/AMD Part2/AMD (40).E2E/2- 25- 2017 9- 08- 13 PM/Image 13.TIFF
../Images/Images_Manual/AMD Part2/AMD (40).E2E/2- 25- 2017 9- 08- 13 PM/Image 14.png,./Macular-Dataset-R.Rasti_old/AMD Part2/AMD (40).E2E/2- 25- 2017 9- 08- 13 PM/Image 14.TIFF
../Images/Images_Manual/AMD Part2/AMD (40).E2E/2- 25- 2017 9- 08- 13 PM/Image 15.png,./Macular-Dataset-R.Rasti_old/AMD Part2/AMD (40).E2E/2- 25- 2017 9- 08- 13 PM/Image 15.TIFF
../Images/Images_Manual/AMD Part2/AMD (40).E2E/2- 25- 2017 9- 08- 13 PM/Image 16.png,./Macular-Dataset-R.Rasti_old/AMD Part2/AMD (40).E2E/2- 25- 2017 9- 08- 13 PM/Image 16.TIFF
../Images/Images_Manual/AMD Part2/AMD (40).E2E/2- 25- 2017 9- 08- 13 PM/Image 17.png,./Macular-Dataset-R.Rasti_old/AMD Part2/AMD (40).E2E/2- 25- 2017 9- 08- 13 PM/Image 17.TIFF
../Images/Images_Manual/AMD Part2/AMD (40).E2E/2- 25- 2017 9- 08- 13 PM/Image 18.png,./Macular-Dataset-R.Rasti_old/AMD Part2/AMD (40).E2E/2- 25- 2017 9- 08- 13 PM/Image 18.TIFF
../Images/Images_Manual/AMD Part2/AMD (40).E2E/2- 25- 2017 9- 08- 13 PM/Image 19.png,./Macular-Dataset-R.Rasti_old/AMD Part2/AMD (40).E2E/2- 25- 2017 9- 08- 13 PM/Image 19.TIFF
../Images/Images_Manual/AMD Part2/AMD (48).E2E/2- 25- 2017 4- 42- 21 PM/Image 1.png,./Macular-Dataset-R.Rasti_old/AMD Part2/AMD (48).E2E/2- 25- 2017 4- 42- 21 PM/Image 1.TIFF
../Images/Images_Manual/AMD Part2/AMD (48).E2E/2- 25- 2017 4- 42- 21 PM/Image 2.png,./Macular-Dataset-R.Rasti_old/AMD Part2/AMD (48).E2E/2- 25- 2017 4- 42- 21 PM/Image 2.TIFF
../Images/Images_Manual/AMD Part2/AMD (48).E2E/2- 25- 2017 4- 42- 21 PM/Image 3.png,./Macular-Dataset-R.Rasti_old/AMD Part2/AMD (48).E2E/2- 25- 2017 4- 42- 21 PM/Image 3.TIFF
../Images/Images_Manual/AMD Part2/AMD (48).E2E/2- 25- 2017 4- 42- 21 PM/Image 4.png,./Macular-Dataset-R.Rasti_old/AMD Part2/AMD (48).E2E/2- 25- 2017 4- 42- 21 PM/Image 4.TIFF
../Images/Images_Manual/AMD Part2/AMD (48).E2E/2- 25- 2017 4- 42- 21 PM/Image 5.png,./Macular-Dataset-R.Rasti_old/AMD Part2/AMD (48).E2E/2- 25- 2017 4- 42- 21 PM/Image 5.TIFF
../Images/Images_Manual/AMD Part2/AMD (48).E2E/2- 25- 2017 4- 42- 21 PM/Image 6.png,./Macular-Dataset-R.Rasti_old/AMD Part2/AMD (48).E2E/2- 25- 2017 4- 42- 21 PM/Image 6.TIFF
../Images/Images_Manual/AMD Part2/AMD (48).E2E/2- 25- 2017 4- 42- 21 PM/Image 7.png,./Macular-Dataset-R.Rasti_old/AMD Part2/AMD (48).E2E/2- 25- 2017 4- 42- 21 PM/Image 7.TIFF
../Images/Images_Manual/AMD Part2/AMD (48).E2E/2- 25- 2017 4- 42- 21 PM/Image 8.png,./Macular-Dataset-R.Rasti_old/AMD Part2/AMD (48).E2E/2- 25- 2017 4- 42- 21 PM/Image 8.TIFF
../Images/Images_Manual/AMD Part2/AMD (48).E2E/2- 25- 2017 4- 42- 21 PM/Image 9.png,./Macular-Dataset-R.Rasti_old/AMD Part2/AMD (48).E2E/2- 25- 2017 4- 42- 21 PM/Image 9.TIFF
../Images/Images_Manual/AMD Part2/AMD (48).E2E/2- 25- 2017 4- 42- 21 PM/Image 10.png,./Macular-Dataset-R.Rasti_old/AMD Part2/AMD (48).E2E/2- 25- 2017 4- 42- 21 PM/Image 10.TIFF
../Images/Images_Manual/AMD Part2/AMD (48).E2E/2- 25- 2017 4- 42- 21 PM/Image 11.png,./Macular-Dataset-R.Rasti_old/AMD Part2/AMD (48).E2E/2- 25- 2017 4- 42- 21 PM/Image 11.TIFF
../Images/Images_Manual/AMD Part2/AMD (48).E2E/2- 25- 2017 4- 42- 21 PM/Image 12.png,./Macular-Dataset-R.Rasti_old/AMD Part2/AMD (48).E2E/2- 25- 2017 4- 42- 21 PM/Image 12.TIFF
../Images/Images_Manual/AMD Part2/AMD (48).E2E/2- 25- 2017 4- 42- 21 PM/Image 13.png,./Macular-Dataset-R.Rasti_old/AMD Part2/AMD (48).E2E/2- 25- 2017 4- 42- 21 PM/Image 13.TIFF
../Images/Images_Manual/AMD Part2/AMD (48).E2E/2- 25- 2017 4- 42- 21 PM/Image 14.png,./Macular-Dataset-R.Rasti_old/AMD Part2/AMD (48).E2E/2- 25- 2017 4- 42- 21 PM/Image 14.TIFF
../Images/Images_Manual/AMD Part2/AMD (48).E2E/2- 25- 2017 4- 42- 21 PM/Image 15.png,./Macular-Dataset-R.Rasti_old/AMD Part2/AMD (48).E2E/2- 25- 2017 4- 42- 21 PM/Image 15.TIFF
../Images/Images_Manual/AMD Part2/AMD (48).E2E/2- 25- 2017 4- 42- 21 PM/Image 16.png,./Macular-Dataset-R.Rasti_old/AMD Part2/AMD (48).E2E/2- 25- 2017 4- 42- 21 PM/Image 16.TIFF
../Images/Images_Manual/AMD Part2/AMD (48).E2E/2- 25- 2017 4- 42- 21 PM/Image 17.png,./Macular-Dataset-R.Rasti_old/AMD Part2/AMD (48).E2E/2- 25- 2017 4- 42- 21 PM/Image 17.TIFF
../Images/Images_Manual/AMD Part2/AMD (48).E2E/2- 25- 2017 4- 42- 21 PM/Image 18.png,./Macular-Dataset-R.Rasti_old/AMD Part2/AMD (48).E2E/2- 25- 2017 4- 42- 21 PM/Image 18.TIFF
../Images/Images_Manual/AMD Part2/AMD (48).E2E/2- 25- 2017 4- 42- 21 PM/Image 19.png,./Macular-Dataset-R.Rasti_old/AMD Part2/AMD (48).E2E/2- 25- 2017 4- 42- 21 PM/Image 19.TIFF
../Images/Images_Manual/DME/DME (4).E2E/2- 25- 2017 9- 38- 17 PM/Image 1.png,./Macular-Dataset-R.Rasti_old/DME/DME (4).E2E/2- 25- 2017 9- 38- 17 PM/Image 1.TIFF
../Images/Images_Manual/DME/DME (4).E2E/2- 25- 2017 9- 38- 17 PM/Image 2.png,./Macular-Dataset-R.Rasti_old/DME/DME (4).E2E/2- 25- 2017 9- 38- 17 PM/Image 2.TIFF
../Images/Images_Manual/DME/DME (4).E2E/2- 25- 2017 9- 38- 17 PM/Image 3.png,./Macular-Dataset-R.Rasti_old/DME/DME (4).E2E/2- 25- 2017 9- 38- 17 PM/Image 3.TIFF
../Images/Images_Manual/DME/DME (4).E2E/2- 25- 2017 9- 38- 17 PM/Image 4.png,./Macular-Dataset-R.Rasti_old/DME/DME (4).E2E/2- 25- 2017 9- 38- 17 PM/Image 4.TIFF
../Images/Images_Manual/DME/DME (4).E2E/2- 25- 2017 9- 38- 17 PM/Image 5.png,./Macular-Dataset-R.Rasti_old/DME/DME (4).E2E/2- 25- 2017 9- 38- 17 PM/Image 5.TIFF
../Images/Images_Manual/DME/DME (4).E2E/2- 25- 2017 9- 38- 17 PM/Image 6.png,./Macular-Dataset-R.Rasti_old/DME/DME (4).E2E/2- 25- 2017 9- 38- 17 PM/Image 6.TIFF
../Images/Images_Manual/DME/DME (4).E2E/2- 25- 2017 9- 38- 17 PM/Image 7.png,./Macular-Dataset-R.Rasti_old/DME/DME (4).E2E/2- 25- 2017 9- 38- 17 PM/Image 7.TIFF
../Images/Images_Manual/DME/DME (4).E2E/2- 25- 2017 9- 38- 17 PM/Image 8.png,./Macular-Dataset-R.Rasti_old/DME/DME (4).E2E/2- 25- 2017 9- 38- 17 PM/Image 8.TIFF
../Images/Images_Manual/DME/DME (4).E2E/2- 25- 2017 9- 38- 17 PM/Image 9.png,./Macular-Dataset-R.Rasti_old/DME/DME (4).E2E/2- 25- 2017 9- 38- 17 PM/Image 9.TIFF
../Images/Images_Manual/DME/DME (4).E2E/2- 25- 2017 9- 38- 17 PM/Image 10.png,./Macular-Dataset-R.Rasti_old/DME/DME (4).E2E/2- 25- 2017 9- 38- 17 PM/Image 10.TIFF
../Images/Images_Manual/DME/DME (4).E2E/2- 25- 2017 9- 38- 17 PM/Image 11.png,./Macular-Dataset-R.Rasti_old/DME/DME (4).E2E/2- 25- 2017 9- 38- 17 PM/Image 11.TIFF
../Images/Images_Manual/DME/DME (4).E2E/2- 25- 2017 9- 38- 17 PM/Image 12.png,./Macular-Dataset-R.Rasti_old/DME/DME (4).E2E/2- 25- 2017 9- 38- 17 PM/Image 12.TIFF
../Images/Images_Manual/DME/DME (4).E2E/2- 25- 2017 9- 38- 17 PM/Image 13.png,./Macular-Dataset-R.Rasti_old/DME/DME (4).E2E/2- 25- 2017 9- 38- 17 PM/Image 13.TIFF
../Images/Images_Manual/DME/DME (4).E2E/2- 25- 2017 9- 38- 17 PM/Image 14.png,./Macular-Dataset-R.Rasti_old/DME/DME (4).E2E/2- 25- 2017 9- 38- 17 PM/Image 14.TIFF
../Images/Images_Manual/DME/DME (4).E2E/2- 25- 2017 9- 38- 17 PM/Image 15.png,./Macular-Dataset-R.Rasti_old/DME/DME (4).E2E/2- 25- 2017 9- 38- 17 PM/Image 15.TIFF
../Images/Images_Manual/DME/DME (4).E2E/2- 25- 2017 9- 38- 17 PM/Image 16.png,./Macular-Dataset-R.Rasti_old/DME/DME (4).E2E/2- 25- 2017 9- 38- 17 PM/Image 16.TIFF
../Images/Images_Manual/DME/DME (4).E2E/2- 25- 2017 9- 38- 17 PM/Image 17.png,./Macular-Dataset-R.Rasti_old/DME/DME (4).E2E/2- 25- 2017 9- 38- 17 PM/Image 17.TIFF
../Images/Images_Manual/DME/DME (4).E2E/2- 25- 2017 9- 38- 17 PM/Image 18.png,./Macular-Dataset-R.Rasti_old/DME/DME (4).E2E/2- 25- 2017 9- 38- 17 PM/Image 18.TIFF
../Images/Images_Manual/DME/DME (4).E2E/2- 25- 2017 9- 38- 17 PM/Image 19.png,./Macular-Dataset-R.Rasti_old/DME/DME (4).E2E/2- 25- 2017 9- 38- 17 PM/Image 19.TIFF
../Images/Images_Manual/DME/DME (6).E2E/2- 25- 2017 9- 40- 56 PM/Image 1.png,./Macular-Dataset-R.Rasti_old/DME/DME (6).E2E/2- 25- 2017 9- 40- 56 PM/Image 1.TIFF
../Images/Images_Manual/DME/DME (6).E2E/2- 25- 2017 9- 40- 56 PM/Image 2.png,./Macular-Dataset-R.Rasti_old/DME/DME (6).E2E/2- 25- 2017 9- 40- 56 PM/Image 2.TIFF
../Images/Images_Manual/DME/DME (6).E2E/2- 25- 2017 9- 40- 56 PM/Image 3.png,./Macular-Dataset-R.Rasti_old/DME/DME (6).E2E/2- 25- 2017 9- 40- 56 PM/Image 3.TIFF
../Images/Images_Manual/DME/DME (6).E2E/2- 25- 2017 9- 40- 56 PM/Image 4.png,./Macular-Dataset-R.Rasti_old/DME/DME (6).E2E/2- 25- 2017 9- 40- 56 PM/Image 4.TIFF
../Images/Images_Manual/DME/DME (6).E2E/2- 25- 2017 9- 40- 56 PM/Image 5.png,./Macular-Dataset-R.Rasti_old/DME/DME (6).E2E/2- 25- 2017 9- 40- 56 PM/Image 5.TIFF
../Images/Images_Manual/DME/DME (6).E2E/2- 25- 2017 9- 40- 56 PM/Image 6.png,./Macular-Dataset-R.Rasti_old/DME/DME (6).E2E/2- 25- 2017 9- 40- 56 PM/Image 6.TIFF
../Images/Images_Manual/DME/DME (6).E2E/2- 25- 2017 9- 40- 56 PM/Image 7.png,./Macular-Dataset-R.Rasti_old/DME/DME (6).E2E/2- 25- 2017 9- 40- 56 PM/Image 7.TIFF
../Images/Images_Manual/DME/DME (6).E2E/2- 25- 2017 9- 40- 56 PM/Image 8.png,./Macular-Dataset-R.Rasti_old/DME/DME (6).E2E/2- 25- 2017 9- 40- 56 PM/Image 8.TIFF
../Images/Images_Manual/DME/DME (6).E2E/2- 25- 2017 9- 40- 56 PM/Image 9.png,./Macular-Dataset-R.Rasti_old/DME/DME (6).E2E/2- 25- 2017 9- 40- 56 PM/Image 9.TIFF
../Images/Images_Manual/DME/DME (6).E2E/2- 25- 2017 9- 40- 56 PM/Image 10.png,./Macular-Dataset-R.Rasti_old/DME/DME (6).E2E/2- 25- 2017 9- 40- 56 PM/Image 10.TIFF
../Images/Images_Manual/DME/DME (6).E2E/2- 25- 2017 9- 40- 56 PM/Image 11.png,./Macular-Dataset-R.Rasti_old/DME/DME (6).E2E/2- 25- 2017 9- 40- 56 PM/Image 11.TIFF
../Images/Images_Manual/DME/DME (6).E2E/2- 25- 2017 9- 40- 56 PM/Image 12.png,./Macular-Dataset-R.Rasti_old/DME/DME (6).E2E/2- 25- 2017 9- 40- 56 PM/Image 12.TIFF
../Images/Images_Manual/DME/DME (6).E2E/2- 25- 2017 9- 40- 56 PM/Image 13.png,./Macular-Dataset-R.Rasti_old/DME/DME (6).E2E/2- 25- 2017 9- 40- 56 PM/Image 13.TIFF
../Images/Images_Manual/DME/DME (6).E2E/2- 25- 2017 9- 40- 56 PM/Image 14.png,./Macular-Dataset-R.Rasti_old/DME/DME (6).E2E/2- 25- 2017 9- 40- 56 PM/Image 14.TIFF
../Images/Images_Manual/DME/DME (6).E2E/2- 25- 2017 9- 40- 56 PM/Image 15.png,./Macular-Dataset-R.Rasti_old/DME/DME (6).E2E/2- 25- 2017 9- 40- 56 PM/Image 15.TIFF
../Images/Images_Manual/DME/DME (6).E2E/2- 25- 2017 9- 40- 56 PM/Image 16.png,./Macular-Dataset-R.Rasti_old/DME/DME (6).E2E/2- 25- 2017 9- 40- 56 PM/Image 16.TIFF
../Images/Images_Manual/DME/DME (6).E2E/2- 25- 2017 9- 40- 56 PM/Image 17.png,./Macular-Dataset-R.Rasti_old/DME/DME (6).E2E/2- 25- 2017 9- 40- 56 PM/Image 17.TIFF
../Images/Images_Manual/DME/DME (6).E2E/2- 25- 2017 9- 40- 56 PM/Image 18.png,./Macular-Dataset-R.Rasti_old/DME/DME (6).E2E/2- 25- 2017 9- 40- 56 PM/Image 18.TIFF
../Images/Images_Manual/DME/DME (6).E2E/2- 25- 2017 9- 40- 56 PM/Image 19.png,./Macular-Dataset-R.Rasti_old/DME/DME (6).E2E/2- 25- 2017 9- 40- 56 PM/Image 19.TIFF
../Images/Images_Manual/DME/DME (7).E2E/2- 25- 2017 9- 42- 34 PM/Image 1.png,./Macular-Dataset-R.Rasti_old/DME/DME (7).E2E/2- 25- 2017 9- 42- 34 PM/Image 1.TIFF
../Images/Images_Manual/DME/DME (7).E2E/2- 25- 2017 9- 42- 34 PM/Image 2.png,./Macular-Dataset-R.Rasti_old/DME/DME (7).E2E/2- 25- 2017 9- 42- 34 PM/Image 2.TIFF
../Images/Images_Manual/DME/DME (7).E2E/2- 25- 2017 9- 42- 34 PM/Image 3.png,./Macular-Dataset-R.Rasti_old/DME/DME (7).E2E/2- 25- 2017 9- 42- 34 PM/Image 3.TIFF
../Images/Images_Manual/DME/DME (7).E2E/2- 25- 2017 9- 42- 34 PM/Image 4.png,./Macular-Dataset-R.Rasti_old/DME/DME (7).E2E/2- 25- 2017 9- 42- 34 PM/Image 4.TIFF
../Images/Images_Manual/DME/DME (7).E2E/2- 25- 2017 9- 42- 34 PM/Image 5.png,./Macular-Dataset-R.Rasti_old/DME/DME (7).E2E/2- 25- 2017 9- 42- 34 PM/Image 5.TIFF
../Images/Images_Manual/DME/DME (7).E2E/2- 25- 2017 9- 42- 34 PM/Image 6.png,./Macular-Dataset-R.Rasti_old/DME/DME (7).E2E/2- 25- 2017 9- 42- 34 PM/Image 6.TIFF
../Images/Images_Manual/DME/DME (7).E2E/2- 25- 2017 9- 42- 34 PM/Image 7.png,./Macular-Dataset-R.Rasti_old/DME/DME (7).E2E/2- 25- 2017 9- 42- 34 PM/Image 7.TIFF
../Images/Images_Manual/DME/DME (7).E2E/2- 25- 2017 9- 42- 34 PM/Image 8.png,./Macular-Dataset-R.Rasti_old/DME/DME (7).E2E/2- 25- 2017 9- 42- 34 PM/Image 8.TIFF
../Images/Images_Manual/DME/DME (7).E2E/2- 25- 2017 9- 42- 34 PM/Image 9.png,./Macular-Dataset-R.Rasti_old/DME/DME (7).E2E/2- 25- 2017 9- 42- 34 PM/Image 9.TIFF
../Images/Images_Manual/DME/DME (7).E2E/2- 25- 2017 9- 42- 34 PM/Image 10.png,./Macular-Dataset-R.Rasti_old/DME/DME (7).E2E/2- 25- 2017 9- 42- 34 PM/Image 10.TIFF
../Images/Images_Manual/DME/DME (7).E2E/2- 25- 2017 9- 42- 34 PM/Image 11.png,./Macular-Dataset-R.Rasti_old/DME/DME (7).E2E/2- 25- 2017 9- 42- 34 PM/Image 11.TIFF
../Images/Images_Manual/DME/DME (7).E2E/2- 25- 2017 9- 42- 34 PM/Image 12.png,./Macular-Dataset-R.Rasti_old/DME/DME (7).E2E/2- 25- 2017 9- 42- 34 PM/Image 12.TIFF
../Images/Images_Manual/DME/DME (7).E2E/2- 25- 2017 9- 42- 34 PM/Image 13.png,./Macular-Dataset-R.Rasti_old/DME/DME (7).E2E/2- 25- 2017 9- 42- 34 PM/Image 13.TIFF
../Images/Images_Manual/DME/DME (7).E2E/2- 25- 2017 9- 42- 34 PM/Image 14.png,./Macular-Dataset-R.Rasti_old/DME/DME (7).E2E/2- 25- 2017 9- 42- 34 PM/Image 14.TIFF
../Images/Images_Manual/DME/DME (7).E2E/2- 25- 2017 9- 42- 34 PM/Image 15.png,./Macular-Dataset-R.Rasti_old/DME/DME (7).E2E/2- 25- 2017 9- 42- 34 PM/Image 15.TIFF
../Images/Images_Manual/DME/DME (7).E2E/2- 25- 2017 9- 42- 34 PM/Image 16.png,./Macular-Dataset-R.Rasti_old/DME/DME (7).E2E/2- 25- 2017 9- 42- 34 PM/Image 16.TIFF
../Images/Images_Manual/DME/DME (7).E2E/2- 25- 2017 9- 42- 34 PM/Image 17.png,./Macular-Dataset-R.Rasti_old/DME/DME (7).E2E/2- 25- 2017 9- 42- 34 PM/Image 17.TIFF
../Images/Images_Manual/DME/DME (7).E2E/2- 25- 2017 9- 42- 34 PM/Image 18.png,./Macular-Dataset-R.Rasti_old/DME/DME (7).E2E/2- 25- 2017 9- 42- 34 PM/Image 18.TIFF
../Images/Images_Manual/DME/DME (7).E2E/2- 25- 2017 9- 42- 34 PM/Image 19.png,./Macular-Dataset-R.Rasti_old/DME/DME (7).E2E/2- 25- 2017 9- 42- 34 PM/Image 19.TIFF
../Images/Images_Manual/DME/DME (9).E2E/2- 25- 2017 9- 45- 28 PM/Image 1.png,./Macular-Dataset-R.Rasti_old/DME/DME (9).E2E/2- 25- 2017 9- 45- 28 PM/Image 1.TIFF
../Images/Images_Manual/DME/DME (9).E2E/2- 25- 2017 9- 45- 28 PM/Image 2.png,./Macular-Dataset-R.Rasti_old/DME/DME (9).E2E/2- 25- 2017 9- 45- 28 PM/Image 2.TIFF
../Images/Images_Manual/DME/DME (9).E2E/2- 25- 2017 9- 45- 28 PM/Image 3.png,./Macular-Dataset-R.Rasti_old/DME/DME (9).E2E/2- 25- 2017 9- 45- 28 PM/Image 3.TIFF
../Images/Images_Manual/DME/DME (9).E2E/2- 25- 2017 9- 45- 28 PM/Image 4.png,./Macular-Dataset-R.Rasti_old/DME/DME (9).E2E/2- 25- 2017 9- 45- 28 PM/Image 4.TIFF
../Images/Images_Manual/DME/DME (9).E2E/2- 25- 2017 9- 45- 28 PM/Image 5.png,./Macular-Dataset-R.Rasti_old/DME/DME (9).E2E/2- 25- 2017 9- 45- 28 PM/Image 5.TIFF
../Images/Images_Manual/DME/DME (9).E2E/2- 25- 2017 9- 45- 28 PM/Image 6.png,./Macular-Dataset-R.Rasti_old/DME/DME (9).E2E/2- 25- 2017 9- 45- 28 PM/Image 6.TIFF
../Images/Images_Manual/DME/DME (9).E2E/2- 25- 2017 9- 45- 28 PM/Image 7.png,./Macular-Dataset-R.Rasti_old/DME/DME (9).E2E/2- 25- 2017 9- 45- 28 PM/Image 7.TIFF
../Images/Images_Manual/DME/DME (9).E2E/2- 25- 2017 9- 45- 28 PM/Image 8.png,./Macular-Dataset-R.Rasti_old/DME/DME (9).E2E/2- 25- 2017 9- 45- 28 PM/Image 8.TIFF
../Images/Images_Manual/DME/DME (9).E2E/2- 25- 2017 9- 45- 28 PM/Image 9.png,./Macular-Dataset-R.Rasti_old/DME/DME (9).E2E/2- 25- 2017 9- 45- 28 PM/Image 9.TIFF
../Images/Images_Manual/DME/DME (9).E2E/2- 25- 2017 9- 45- 28 PM/Image 10.png,./Macular-Dataset-R.Rasti_old/DME/DME (9).E2E/2- 25- 2017 9- 45- 28 PM/Image 10.TIFF
../Images/Images_Manual/DME/DME (9).E2E/2- 25- 2017 9- 45- 28 PM/Image 11.png,./Macular-Dataset-R.Rasti_old/DME/DME (9).E2E/2- 25- 2017 9- 45- 28 PM/Image 11.TIFF
../Images/Images_Manual/DME/DME (9).E2E/2- 25- 2017 9- 45- 28 PM/Image 12.png,./Macular-Dataset-R.Rasti_old/DME/DME (9).E2E/2- 25- 2017 9- 45- 28 PM/Image 12.TIFF
../Images/Images_Manual/DME/DME (9).E2E/2- 25- 2017 9- 45- 28 PM/Image 13.png,./Macular-Dataset-R.Rasti_old/DME/DME (9).E2E/2- 25- 2017 9- 45- 28 PM/Image 13.TIFF
../Images/Images_Manual/DME/DME (9).E2E/2- 25- 2017 9- 45- 28 PM/Image 14.png,./Macular-Dataset-R.Rasti_old/DME/DME (9).E2E/2- 25- 2017 9- 45- 28 PM/Image 14.TIFF
../Images/Images_Manual/DME/DME (9).E2E/2- 25- 2017 9- 45- 28 PM/Image 15.png,./Macular-Dataset-R.Rasti_old/DME/DME (9).E2E/2- 25- 2017 9- 45- 28 PM/Image 15.TIFF
../Images/Images_Manual/DME/DME (9).E2E/2- 25- 2017 9- 45- 28 PM/Image 16.png,./Macular-Dataset-R.Rasti_old/DME/DME (9).E2E/2- 25- 2017 9- 45- 28 PM/Image 16.TIFF
../Images/Images_Manual/DME/DME (9).E2E/2- 25- 2017 9- 45- 28 PM/Image 17.png,./Macular-Dataset-R.Rasti_old/DME/DME (9).E2E/2- 25- 2017 9- 45- 28 PM/Image 17.TIFF
../Images/Images_Manual/DME/DME (9).E2E/2- 25- 2017 9- 45- 28 PM/Image 18.png,./Macular-Dataset-R.Rasti_old/DME/DME (9).E2E/2- 25- 2017 9- 45- 28 PM/Image 18.TIFF
../Images/Images_Manual/DME/DME (9).E2E/2- 25- 2017 9- 45- 28 PM/Image 19.png,./Macular-Dataset-R.Rasti_old/DME/DME (9).E2E/2- 25- 2017 9- 45- 28 PM/Image 19.TIFF
../Images/Images_Manual/DME/DME (9).E2E/2- 25- 2017 9- 45- 28 PM/Image 20.png,./Macular-Dataset-R.Rasti_old/DME/DME (9).E2E/2- 25- 2017 9- 45- 28 PM/Image 20.TIFF
../Images/Images_Manual/DME/DME (9).E2E/2- 25- 2017 9- 45- 28 PM/Image 21.png,./Macular-Dataset-R.Rasti_old/DME/DME (9).E2E/2- 25- 2017 9- 45- 28 PM/Image 21.TIFF
../Images/Images_Manual/DME/DME (9).E2E/2- 25- 2017 9- 45- 28 PM/Image 22.png,./Macular-Dataset-R.Rasti_old/DME/DME (9).E2E/2- 25- 2017 9- 45- 28 PM/Image 22.TIFF
../Images/Images_Manual/DME/DME (9).E2E/2- 25- 2017 9- 45- 28 PM/Image 23.png,./Macular-Dataset-R.Rasti_old/DME/DME (9).E2E/2- 25- 2017 9- 45- 28 PM/Image 23.TIFF
../Images/Images_Manual/DME/DME (9).E2E/2- 25- 2017 9- 45- 28 PM/Image 24.png,./Macular-Dataset-R.Rasti_old/DME/DME (9).E2E/2- 25- 2017 9- 45- 28 PM/Image 24.TIFF
../Images/Images_Manual/DME/DME (9).E2E/2- 25- 2017 9- 45- 28 PM/Image 25.png,./Macular-Dataset-R.Rasti_old/DME/DME (9).E2E/2- 25- 2017 9- 45- 28 PM/Image 25.TIFF
../Images/Images_Manual/DME/DME (9).E2E/2- 25- 2017 9- 45- 28 PM/Image 26.png,./Macular-Dataset-R.Rasti_old/DME/DME (9).E2E/2- 25- 2017 9- 45- 28 PM/Image 26.TIFF
../Images/Images_Manual/DME/DME (9).E2E/2- 25- 2017 9- 45- 28 PM/Image 27.png,./Macular-Dataset-R.Rasti_old/DME/DME (9).E2E/2- 25- 2017 9- 45- 28 PM/Image 27.TIFF
../Images/Images_Manual/DME/DME (9).E2E/2- 25- 2017 9- 45- 28 PM/Image 28.png,./Macular-Dataset-R.Rasti_old/DME/DME (9).E2E/2- 25- 2017 9- 45- 28 PM/Image 28.TIFF
../Images/Images_Manual/DME/DME (9).E2E/2- 25- 2017 9- 45- 28 PM/Image 29.png,./Macular-Dataset-R.Rasti_old/DME/DME (9).E2E/2- 25- 2017 9- 45- 28 PM/Image 29.TIFF
../Images/Images_Manual/DME/DME (9).E2E/2- 25- 2017 9- 45- 28 PM/Image 30.png,./Macular-Dataset-R.Rasti_old/DME/DME (9).E2E/2- 25- 2017 9- 45- 28 PM/Image 30.TIFF
../Images/Images_Manual/DME/DME (9).E2E/2- 25- 2017 9- 45- 28 PM/Image 31.png,./Macular-Dataset-R.Rasti_old/DME/DME (9).E2E/2- 25- 2017 9- 45- 28 PM/Image 31.TIFF
../Images/Images_Manual/DME/DME (9).E2E/2- 25- 2017 9- 45- 28 PM/Image 32.png,./Macular-Dataset-R.Rasti_old/DME/DME (9).E2E/2- 25- 2017 9- 45- 28 PM/Image 32.TIFF
../Images/Images_Manual/DME/DME (9).E2E/2- 25- 2017 9- 45- 28 PM/Image 33.png,./Macular-Dataset-R.Rasti_old/DME/DME (9).E2E/2- 25- 2017 9- 45- 28 PM/Image 33.TIFF
../Images/Images_Manual/DME/DME (9).E2E/2- 25- 2017 9- 45- 28 PM/Image 34.png,./Macular-Dataset-R.Rasti_old/DME/DME (9).E2E/2- 25- 2017 9- 45- 28 PM/Image 34.TIFF
../Images/Images_Manual/DME/DME (9).E2E/2- 25- 2017 9- 45- 28 PM/Image 35.png,./Macular-Dataset-R.Rasti_old/DME/DME (9).E2E/2- 25- 2017 9- 45- 28 PM/Image 35.TIFF
../Images/Images_Manual/DME/DME (9).E2E/2- 25- 2017 9- 45- 28 PM/Image 36.png,./Macular-Dataset-R.Rasti_old/DME/DME (9).E2E/2- 25- 2017 9- 45- 28 PM/Image 36.TIFF
../Images/Images_Manual/DME/DME (9).E2E/2- 25- 2017 9- 45- 28 PM/Image 37.png,./Macular-Dataset-R.Rasti_old/DME/DME (9).E2E/2- 25- 2017 9- 45- 28 PM/Image 37.TIFF
../Images/Images_Manual/DME/DME (9).E2E/2- 25- 2017 9- 45- 28 PM/Image 38.png,./Macular-Dataset-R.Rasti_old/DME/DME (9).E2E/2- 25- 2017 9- 45- 28 PM/Image 38.TIFF
../Images/Images_Manual/DME/DME (9).E2E/2- 25- 2017 9- 45- 28 PM/Image 39.png,./Macular-Dataset-R.Rasti_old/DME/DME (9).E2E/2- 25- 2017 9- 45- 28 PM/Image 39.TIFF
../Images/Images_Manual/DME/DME (9).E2E/2- 25- 2017 9- 45- 28 PM/Image 40.png,./Macular-Dataset-R.Rasti_old/DME/DME (9).E2E/2- 25- 2017 9- 45- 28 PM/Image 40.TIFF
../Images/Images_Manual/DME/DME (9).E2E/2- 25- 2017 9- 45- 28 PM/Image 41.png,./Macular-Dataset-R.Rasti_old/DME/DME (9).E2E/2- 25- 2017 9- 45- 28 PM/Image 41.TIFF
../Images/Images_Manual/DME/DME (9).E2E/2- 25- 2017 9- 45- 28 PM/Image 42.png,./Macular-Dataset-R.Rasti_old/DME/DME (9).E2E/2- 25- 2017 9- 45- 28 PM/Image 42.TIFF
../Images/Images_Manual/DME/DME (9).E2E/2- 25- 2017 9- 45- 28 PM/Image 43.png,./Macular-Dataset-R.Rasti_old/DME/DME (9).E2E/2- 25- 2017 9- 45- 28 PM/Image 43.TIFF
../Images/Images_Manual/DME/DME (9).E2E/2- 25- 2017 9- 45- 28 PM/Image 44.png,./Macular-Dataset-R.Rasti_old/DME/DME (9).E2E/2- 25- 2017 9- 45- 28 PM/Image 44.TIFF
../Images/Images_Manual/DME/DME (9).E2E/2- 25- 2017 9- 45- 28 PM/Image 45.png,./Macular-Dataset-R.Rasti_old/DME/DME (9).E2E/2- 25- 2017 9- 45- 28 PM/Image 45.TIFF
../Images/Images_Manual/DME/DME (9).E2E/2- 25- 2017 9- 45- 28 PM/Image 46.png,./Macular-Dataset-R.Rasti_old/DME/DME (9).E2E/2- 25- 2017 9- 45- 28 PM/Image 46.TIFF
../Images/Images_Manual/DME/DME (9).E2E/2- 25- 2017 9- 45- 28 PM/Image 47.png,./Macular-Dataset-R.Rasti_old/DME/DME (9).E2E/2- 25- 2017 9- 45- 28 PM/Image 47.TIFF
../Images/Images_Manual/DME/DME (9).E2E/2- 25- 2017 9- 45- 28 PM/Image 48.png,./Macular-Dataset-R.Rasti_old/DME/DME (9).E2E/2- 25- 2017 9- 45- 28 PM/Image 48.TIFF
../Images/Images_Manual/DME/DME (9).E2E/2- 25- 2017 9- 45- 28 PM/Image 49.png,./Macular-Dataset-R.Rasti_old/DME/DME (9).E2E/2- 25- 2017 9- 45- 28 PM/Image 49.TIFF
../Images/Images_Manual/DME/DME (9).E2E/2- 25- 2017 9- 45- 28 PM/Image 50.png,./Macular-Dataset-R.Rasti_old/DME/DME (9).E2E/2- 25- 2017 9- 45- 28 PM/Image 50.TIFF
../Images/Images_Manual/DME/DME (9).E2E/2- 25- 2017 9- 45- 28 PM/Image 51.png,./Macular-Dataset-R.Rasti_old/DME/DME (9).E2E/2- 25- 2017 9- 45- 28 PM/Image 51.TIFF
../Images/Images_Manual/DME/DME (9).E2E/2- 25- 2017 9- 45- 28 PM/Image 52.png,./Macular-Dataset-R.Rasti_old/DME/DME (9).E2E/2- 25- 2017 9- 45- 28 PM/Image 52.TIFF
../Images/Images_Manual/DME/DME (9).E2E/2- 25- 2017 9- 45- 28 PM/Image 53.png,./Macular-Dataset-R.Rasti_old/DME/DME (9).E2E/2- 25- 2017 9- 45- 28 PM/Image 53.TIFF
../Images/Images_Manual/DME/DME (9).E2E/2- 25- 2017 9- 45- 28 PM/Image 54.png,./Macular-Dataset-R.Rasti_old/DME/DME (9).E2E/2- 25- 2017 9- 45- 28 PM/Image 54.TIFF
../Images/Images_Manual/DME/DME (9).E2E/2- 25- 2017 9- 45- 28 PM/Image 55.png,./Macular-Dataset-R.Rasti_old/DME/DME (9).E2E/2- 25- 2017 9- 45- 28 PM/Image 55.TIFF
../Images/Images_Manual/DME/DME (9).E2E/2- 25- 2017 9- 45- 28 PM/Image 56.png,./Macular-Dataset-R.Rasti_old/DME/DME (9).E2E/2- 25- 2017 9- 45- 28 PM/Image 56.TIFF
../Images/Images_Manual/DME/DME (9).E2E/2- 25- 2017 9- 45- 28 PM/Image 57.png,./Macular-Dataset-R.Rasti_old/DME/DME (9).E2E/2- 25- 2017 9- 45- 28 PM/Image 57.TIFF
../Images/Images_Manual/DME/DME (9).E2E/2- 25- 2017 9- 45- 28 PM/Image 58.png,./Macular-Dataset-R.Rasti_old/DME/DME (9).E2E/2- 25- 2017 9- 45- 28 PM/Image 58.TIFF
../Images/Images_Manual/DME/DME (9).E2E/2- 25- 2017 9- 45- 28 PM/Image 59.png,./Macular-Dataset-R.Rasti_old/DME/DME (9).E2E/2- 25- 2017 9- 45- 28 PM/Image 59.TIFF
../Images/Images_Manual/DME/DME (9).E2E/2- 25- 2017 9- 45- 28 PM/Image 60.png,./Macular-Dataset-R.Rasti_old/DME/DME (9).E2E/2- 25- 2017 9- 45- 28 PM/Image 60.TIFF
../Images/Images_Manual/DME/DME (9).E2E/2- 25- 2017 9- 45- 28 PM/Image 61.png,./Macular-Dataset-R.Rasti_old/DME/DME (9).E2E/2- 25- 2017 9- 45- 28 PM/Image 61.TIFF
../Images/Images_Manual/DME/DME (11).E2E/2- 25- 2017 9- 47- 31 PM/Image 1.png,./Macular-Dataset-R.Rasti_old/DME/DME (11).E2E/2- 25- 2017 9- 47- 31 PM/Image 1.TIFF
../Images/Images_Manual/DME/DME (11).E2E/2- 25- 2017 9- 47- 31 PM/Image 2.png,./Macular-Dataset-R.Rasti_old/DME/DME (11).E2E/2- 25- 2017 9- 47- 31 PM/Image 2.TIFF
../Images/Images_Manual/DME/DME (11).E2E/2- 25- 2017 9- 47- 31 PM/Image 3.png,./Macular-Dataset-R.Rasti_old/DME/DME (11).E2E/2- 25- 2017 9- 47- 31 PM/Image 3.TIFF
../Images/Images_Manual/DME/DME (11).E2E/2- 25- 2017 9- 47- 31 PM/Image 4.png,./Macular-Dataset-R.Rasti_old/DME/DME (11).E2E/2- 25- 2017 9- 47- 31 PM/Image 4.TIFF
../Images/Images_Manual/DME/DME (11).E2E/2- 25- 2017 9- 47- 31 PM/Image 5.png,./Macular-Dataset-R.Rasti_old/DME/DME (11).E2E/2- 25- 2017 9- 47- 31 PM/Image 5.TIFF
../Images/Images_Manual/DME/DME (11).E2E/2- 25- 2017 9- 47- 31 PM/Image 6.png,./Macular-Dataset-R.Rasti_old/DME/DME (11).E2E/2- 25- 2017 9- 47- 31 PM/Image 6.TIFF
../Images/Images_Manual/DME/DME (11).E2E/2- 25- 2017 9- 47- 31 PM/Image 7.png,./Macular-Dataset-R.Rasti_old/DME/DME (11).E2E/2- 25- 2017 9- 47- 31 PM/Image 7.TIFF
../Images/Images_Manual/DME/DME (11).E2E/2- 25- 2017 9- 47- 31 PM/Image 8.png,./Macular-Dataset-R.Rasti_old/DME/DME (11).E2E/2- 25- 2017 9- 47- 31 PM/Image 8.TIFF
../Images/Images_Manual/DME/DME (11).E2E/2- 25- 2017 9- 47- 31 PM/Image 9.png,./Macular-Dataset-R.Rasti_old/DME/DME (11).E2E/2- 25- 2017 9- 47- 31 PM/Image 9.TIFF
../Images/Images_Manual/DME/DME (11).E2E/2- 25- 2017 9- 47- 31 PM/Image 10.png,./Macular-Dataset-R.Rasti_old/DME/DME (11).E2E/2- 25- 2017 9- 47- 31 PM/Image 10.TIFF
../Images/Images_Manual/DME/DME (11).E2E/2- 25- 2017 9- 47- 31 PM/Image 11.png,./Macular-Dataset-R.Rasti_old/DME/DME (11).E2E/2- 25- 2017 9- 47- 31 PM/Image 11.TIFF
../Images/Images_Manual/DME/DME (11).E2E/2- 25- 2017 9- 47- 31 PM/Image 12.png,./Macular-Dataset-R.Rasti_old/DME/DME (11).E2E/2- 25- 2017 9- 47- 31 PM/Image 12.TIFF
../Images/Images_Manual/DME/DME (11).E2E/2- 25- 2017 9- 47- 31 PM/Image 13.png,./Macular-Dataset-R.Rasti_old/DME/DME (11).E2E/2- 25- 2017 9- 47- 31 PM/Image 13.TIFF
../Images/Images_Manual/DME/DME (11).E2E/2- 25- 2017 9- 47- 31 PM/Image 14.png,./Macular-Dataset-R.Rasti_old/DME/DME (11).E2E/2- 25- 2017 9- 47- 31 PM/Image 14.TIFF
../Images/Images_Manual/DME/DME (11).E2E/2- 25- 2017 9- 47- 31 PM/Image 15.png,./Macular-Dataset-R.Rasti_old/DME/DME (11).E2E/2- 25- 2017 9- 47- 31 PM/Image 15.TIFF
../Images/Images_Manual/DME/DME (11).E2E/2- 25- 2017 9- 47- 31 PM/Image 16.png,./Macular-Dataset-R.Rasti_old/DME/DME (11).E2E/2- 25- 2017 9- 47- 31 PM/Image 16.TIFF
../Images/Images_Manual/DME/DME (11).E2E/2- 25- 2017 9- 47- 31 PM/Image 17.png,./Macular-Dataset-R.Rasti_old/DME/DME (11).E2E/2- 25- 2017 9- 47- 31 PM/Image 17.TIFF
../Images/Images_Manual/DME/DME (11).E2E/2- 25- 2017 9- 47- 31 PM/Image 18.png,./Macular-Dataset-R.Rasti_old/DME/DME (11).E2E/2- 25- 2017 9- 47- 31 PM/Image 18.TIFF
../Images/Images_Manual/DME/DME (11).E2E/2- 25- 2017 9- 47- 31 PM/Image 19.png,./Macular-Dataset-R.Rasti_old/DME/DME (11).E2E/2- 25- 2017 9- 47- 31 PM/Image 19.TIFF
../Images/Images_Manual/DME/DME (14).E2E/2- 25- 2017 9- 51- 49 PM/Image 1.png,./Macular-Dataset-R.Rasti_old/DME/DME (14).E2E/2- 25- 2017 9- 51- 49 PM/Image 1.TIFF
../Images/Images_Manual/DME/DME (14).E2E/2- 25- 2017 9- 51- 49 PM/Image 2.png,./Macular-Dataset-R.Rasti_old/DME/DME (14).E2E/2- 25- 2017 9- 51- 49 PM/Image 2.TIFF
../Images/Images_Manual/DME/DME (14).E2E/2- 25- 2017 9- 51- 49 PM/Image 3.png,./Macular-Dataset-R.Rasti_old/DME/DME (14).E2E/2- 25- 2017 9- 51- 49 PM/Image 3.TIFF
../Images/Images_Manual/DME/DME (14).E2E/2- 25- 2017 9- 51- 49 PM/Image 4.png,./Macular-Dataset-R.Rasti_old/DME/DME (14).E2E/2- 25- 2017 9- 51- 49 PM/Image 4.TIFF
../Images/Images_Manual/DME/DME (14).E2E/2- 25- 2017 9- 51- 49 PM/Image 5.png,./Macular-Dataset-R.Rasti_old/DME/DME (14).E2E/2- 25- 2017 9- 51- 49 PM/Image 5.TIFF
../Images/Images_Manual/DME/DME (14).E2E/2- 25- 2017 9- 51- 49 PM/Image 6.png,./Macular-Dataset-R.Rasti_old/DME/DME (14).E2E/2- 25- 2017 9- 51- 49 PM/Image 6.TIFF
../Images/Images_Manual/DME/DME (14).E2E/2- 25- 2017 9- 51- 49 PM/Image 7.png,./Macular-Dataset-R.Rasti_old/DME/DME (14).E2E/2- 25- 2017 9- 51- 49 PM/Image 7.TIFF
../Images/Images_Manual/DME/DME (14).E2E/2- 25- 2017 9- 51- 49 PM/Image 8.png,./Macular-Dataset-R.Rasti_old/DME/DME (14).E2E/2- 25- 2017 9- 51- 49 PM/Image 8.TIFF
../Images/Images_Manual/DME/DME (14).E2E/2- 25- 2017 9- 51- 49 PM/Image 9.png,./Macular-Dataset-R.Rasti_old/DME/DME (14).E2E/2- 25- 2017 9- 51- 49 PM/Image 9.TIFF
../Images/Images_Manual/DME/DME (14).E2E/2- 25- 2017 9- 51- 49 PM/Image 10.png,./Macular-Dataset-R.Rasti_old/DME/DME (14).E2E/2- 25- 2017 9- 51- 49 PM/Image 10.TIFF
../Images/Images_Manual/DME/DME (14).E2E/2- 25- 2017 9- 51- 49 PM/Image 11.png,./Macular-Dataset-R.Rasti_old/DME/DME (14).E2E/2- 25- 2017 9- 51- 49 PM/Image 11.TIFF
../Images/Images_Manual/DME/DME (14).E2E/2- 25- 2017 9- 51- 49 PM/Image 12.png,./Macular-Dataset-R.Rasti_old/DME/DME (14).E2E/2- 25- 2017 9- 51- 49 PM/Image 12.TIFF
../Images/Images_Manual/DME/DME (14).E2E/2- 25- 2017 9- 51- 49 PM/Image 13.png,./Macular-Dataset-R.Rasti_old/DME/DME (14).E2E/2- 25- 2017 9- 51- 49 PM/Image 13.TIFF
../Images/Images_Manual/DME/DME (14).E2E/2- 25- 2017 9- 51- 49 PM/Image 14.png,./Macular-Dataset-R.Rasti_old/DME/DME (14).E2E/2- 25- 2017 9- 51- 49 PM/Image 14.TIFF
../Images/Images_Manual/DME/DME (14).E2E/2- 25- 2017 9- 51- 49 PM/Image 15.png,./Macular-Dataset-R.Rasti_old/DME/DME (14).E2E/2- 25- 2017 9- 51- 49 PM/Image 15.TIFF
../Images/Images_Manual/DME/DME (14).E2E/2- 25- 2017 9- 51- 49 PM/Image 16.png,./Macular-Dataset-R.Rasti_old/DME/DME (14).E2E/2- 25- 2017 9- 51- 49 PM/Image 16.TIFF
../Images/Images_Manual/DME/DME (14).E2E/2- 25- 2017 9- 51- 49 PM/Image 17.png,./Macular-Dataset-R.Rasti_old/DME/DME (14).E2E/2- 25- 2017 9- 51- 49 PM/Image 17.TIFF
../Images/Images_Manual/DME/DME (14).E2E/2- 25- 2017 9- 51- 49 PM/Image 18.png,./Macular-Dataset-R.Rasti_old/DME/DME (14).E2E/2- 25- 2017 9- 51- 49 PM/Image 18.TIFF
../Images/Images_Manual/DME/DME (14).E2E/2- 25- 2017 9- 51- 49 PM/Image 19.png,./Macular-Dataset-R.Rasti_old/DME/DME (14).E2E/2- 25- 2017 9- 51- 49 PM/Image 19.TIFF
../Images/Images_Manual/DME/DME (15).E2E/2- 25- 2017 9- 53- 19 PM/Image 1.png,./Macular-Dataset-R.Rasti_old/DME/DME (15).E2E/2- 25- 2017 9- 53- 19 PM/Image 1.TIFF
../Images/Images_Manual/DME/DME (15).E2E/2- 25- 2017 9- 53- 19 PM/Image 2.png,./Macular-Dataset-R.Rasti_old/DME/DME (15).E2E/2- 25- 2017 9- 53- 19 PM/Image 2.TIFF
../Images/Images_Manual/DME/DME (15).E2E/2- 25- 2017 9- 53- 19 PM/Image 3.png,./Macular-Dataset-R.Rasti_old/DME/DME (15).E2E/2- 25- 2017 9- 53- 19 PM/Image 3.TIFF
../Images/Images_Manual/DME/DME (15).E2E/2- 25- 2017 9- 53- 19 PM/Image 4.png,./Macular-Dataset-R.Rasti_old/DME/DME (15).E2E/2- 25- 2017 9- 53- 19 PM/Image 4.TIFF
../Images/Images_Manual/DME/DME (15).E2E/2- 25- 2017 9- 53- 19 PM/Image 5.png,./Macular-Dataset-R.Rasti_old/DME/DME (15).E2E/2- 25- 2017 9- 53- 19 PM/Image 5.TIFF
../Images/Images_Manual/DME/DME (15).E2E/2- 25- 2017 9- 53- 19 PM/Image 6.png,./Macular-Dataset-R.Rasti_old/DME/DME (15).E2E/2- 25- 2017 9- 53- 19 PM/Image 6.TIFF
../Images/Images_Manual/DME/DME (15).E2E/2- 25- 2017 9- 53- 19 PM/Image 7.png,./Macular-Dataset-R.Rasti_old/DME/DME (15).E2E/2- 25- 2017 9- 53- 19 PM/Image 7.TIFF
../Images/Images_Manual/DME/DME (15).E2E/2- 25- 2017 9- 53- 19 PM/Image 8.png,./Macular-Dataset-R.Rasti_old/DME/DME (15).E2E/2- 25- 2017 9- 53- 19 PM/Image 8.TIFF
../Images/Images_Manual/DME/DME (15).E2E/2- 25- 2017 9- 53- 19 PM/Image 9.png,./Macular-Dataset-R.Rasti_old/DME/DME (15).E2E/2- 25- 2017 9- 53- 19 PM/Image 9.TIFF
../Images/Images_Manual/DME/DME (15).E2E/2- 25- 2017 9- 53- 19 PM/Image 10.png,./Macular-Dataset-R.Rasti_old/DME/DME (15).E2E/2- 25- 2017 9- 53- 19 PM/Image 10.TIFF
../Images/Images_Manual/DME/DME (15).E2E/2- 25- 2017 9- 53- 19 PM/Image 11.png,./Macular-Dataset-R.Rasti_old/DME/DME (15).E2E/2- 25- 2017 9- 53- 19 PM/Image 11.TIFF
../Images/Images_Manual/DME/DME (15).E2E/2- 25- 2017 9- 53- 19 PM/Image 12.png,./Macular-Dataset-R.Rasti_old/DME/DME (15).E2E/2- 25- 2017 9- 53- 19 PM/Image 12.TIFF
../Images/Images_Manual/DME/DME (15).E2E/2- 25- 2017 9- 53- 19 PM/Image 13.png,./Macular-Dataset-R.Rasti_old/DME/DME (15).E2E/2- 25- 2017 9- 53- 19 PM/Image 13.TIFF
../Images/Images_Manual/DME/DME (15).E2E/2- 25- 2017 9- 53- 19 PM/Image 14.png,./Macular-Dataset-R.Rasti_old/DME/DME (15).E2E/2- 25- 2017 9- 53- 19 PM/Image 14.TIFF
../Images/Images_Manual/DME/DME (15).E2E/2- 25- 2017 9- 53- 19 PM/Image 15.png,./Macular-Dataset-R.Rasti_old/DME/DME (15).E2E/2- 25- 2017 9- 53- 19 PM/Image 15.TIFF
../Images/Images_Manual/DME/DME (15).E2E/2- 25- 2017 9- 53- 19 PM/Image 16.png,./Macular-Dataset-R.Rasti_old/DME/DME (15).E2E/2- 25- 2017 9- 53- 19 PM/Image 16.TIFF
../Images/Images_Manual/DME/DME (15).E2E/2- 25- 2017 9- 53- 19 PM/Image 17.png,./Macular-Dataset-R.Rasti_old/DME/DME (15).E2E/2- 25- 2017 9- 53- 19 PM/Image 17.TIFF
../Images/Images_Manual/DME/DME (15).E2E/2- 25- 2017 9- 53- 19 PM/Image 18.png,./Macular-Dataset-R.Rasti_old/DME/DME (15).E2E/2- 25- 2017 9- 53- 19 PM/Image 18.TIFF
../Images/Images_Manual/DME/DME (15).E2E/2- 25- 2017 9- 53- 19 PM/Image 19.png,./Macular-Dataset-R.Rasti_old/DME/DME (15).E2E/2- 25- 2017 9- 53- 19 PM/Image 19.TIFF
../Images/Images_Manual/DME/DME (17).E2E/2- 25- 2017 9- 55- 34 PM/Image 1.png,./Macular-Dataset-R.Rasti_old/DME/DME (17).E2E/2- 25- 2017 9- 55- 34 PM/Image 1.TIFF
../Images/Images_Manual/DME/DME (17).E2E/2- 25- 2017 9- 55- 34 PM/Image 2.png,./Macular-Dataset-R.Rasti_old/DME/DME (17).E2E/2- 25- 2017 9- 55- 34 PM/Image 2.TIFF
../Images/Images_Manual/DME/DME (17).E2E/2- 25- 2017 9- 55- 34 PM/Image 3.png,./Macular-Dataset-R.Rasti_old/DME/DME (17).E2E/2- 25- 2017 9- 55- 34 PM/Image 3.TIFF
../Images/Images_Manual/DME/DME (17).E2E/2- 25- 2017 9- 55- 34 PM/Image 4.png,./Macular-Dataset-R.Rasti_old/DME/DME (17).E2E/2- 25- 2017 9- 55- 34 PM/Image 4.TIFF
../Images/Images_Manual/DME/DME (17).E2E/2- 25- 2017 9- 55- 34 PM/Image 5.png,./Macular-Dataset-R.Rasti_old/DME/DME (17).E2E/2- 25- 2017 9- 55- 34 PM/Image 5.TIFF
../Images/Images_Manual/DME/DME (17).E2E/2- 25- 2017 9- 55- 34 PM/Image 6.png,./Macular-Dataset-R.Rasti_old/DME/DME (17).E2E/2- 25- 2017 9- 55- 34 PM/Image 6.TIFF
../Images/Images_Manual/DME/DME (17).E2E/2- 25- 2017 9- 55- 34 PM/Image 7.png,./Macular-Dataset-R.Rasti_old/DME/DME (17).E2E/2- 25- 2017 9- 55- 34 PM/Image 7.TIFF
../Images/Images_Manual/DME/DME (17).E2E/2- 25- 2017 9- 55- 34 PM/Image 8.png,./Macular-Dataset-R.Rasti_old/DME/DME (17).E2E/2- 25- 2017 9- 55- 34 PM/Image 8.TIFF
../Images/Images_Manual/DME/DME (17).E2E/2- 25- 2017 9- 55- 34 PM/Image 9.png,./Macular-Dataset-R.Rasti_old/DME/DME (17).E2E/2- 25- 2017 9- 55- 34 PM/Image 9.TIFF
../Images/Images_Manual/DME/DME (17).E2E/2- 25- 2017 9- 55- 34 PM/Image 10.png,./Macular-Dataset-R.Rasti_old/DME/DME (17).E2E/2- 25- 2017 9- 55- 34 PM/Image 10.TIFF
../Images/Images_Manual/DME/DME (17).E2E/2- 25- 2017 9- 55- 34 PM/Image 11.png,./Macular-Dataset-R.Rasti_old/DME/DME (17).E2E/2- 25- 2017 9- 55- 34 PM/Image 11.TIFF
../Images/Images_Manual/DME/DME (17).E2E/2- 25- 2017 9- 55- 34 PM/Image 12.png,./Macular-Dataset-R.Rasti_old/DME/DME (17).E2E/2- 25- 2017 9- 55- 34 PM/Image 12.TIFF
../Images/Images_Manual/DME/DME (17).E2E/2- 25- 2017 9- 55- 34 PM/Image 13.png,./Macular-Dataset-R.Rasti_old/DME/DME (17).E2E/2- 25- 2017 9- 55- 34 PM/Image 13.TIFF
../Images/Images_Manual/DME/DME (17).E2E/2- 25- 2017 9- 55- 34 PM/Image 14.png,./Macular-Dataset-R.Rasti_old/DME/DME (17).E2E/2- 25- 2017 9- 55- 34 PM/Image 14.TIFF
../Images/Images_Manual/DME/DME (17).E2E/2- 25- 2017 9- 55- 34 PM/Image 15.png,./Macular-Dataset-R.Rasti_old/DME/DME (17).E2E/2- 25- 2017 9- 55- 34 PM/Image 15.TIFF
../Images/Images_Manual/DME/DME (17).E2E/2- 25- 2017 9- 55- 34 PM/Image 16.png,./Macular-Dataset-R.Rasti_old/DME/DME (17).E2E/2- 25- 2017 9- 55- 34 PM/Image 16.TIFF
../Images/Images_Manual/DME/DME (17).E2E/2- 25- 2017 9- 55- 34 PM/Image 17.png,./Macular-Dataset-R.Rasti_old/DME/DME (17).E2E/2- 25- 2017 9- 55- 34 PM/Image 17.TIFF
../Images/Images_Manual/DME/DME (17).E2E/2- 25- 2017 9- 55- 34 PM/Image 18.png,./Macular-Dataset-R.Rasti_old/DME/DME (17).E2E/2- 25- 2017 9- 55- 34 PM/Image 18.TIFF
../Images/Images_Manual/DME/DME (17).E2E/2- 25- 2017 9- 55- 34 PM/Image 19.png,./Macular-Dataset-R.Rasti_old/DME/DME (17).E2E/2- 25- 2017 9- 55- 34 PM/Image 19.TIFF
../Images/Images_Manual/DME/DME (19).E2E/2- 25- 2017 9- 58- 33 PM/Image 1.png,./Macular-Dataset-R.Rasti_old/DME/DME (19).E2E/2- 25- 2017 9- 58- 33 PM/Image 1.TIFF
../Images/Images_Manual/DME/DME (19).E2E/2- 25- 2017 9- 58- 33 PM/Image 2.png,./Macular-Dataset-R.Rasti_old/DME/DME (19).E2E/2- 25- 2017 9- 58- 33 PM/Image 2.TIFF
../Images/Images_Manual/DME/DME (19).E2E/2- 25- 2017 9- 58- 33 PM/Image 3.png,./Macular-Dataset-R.Rasti_old/DME/DME (19).E2E/2- 25- 2017 9- 58- 33 PM/Image 3.TIFF
../Images/Images_Manual/DME/DME (19).E2E/2- 25- 2017 9- 58- 33 PM/Image 4.png,./Macular-Dataset-R.Rasti_old/DME/DME (19).E2E/2- 25- 2017 9- 58- 33 PM/Image 4.TIFF
../Images/Images_Manual/DME/DME (19).E2E/2- 25- 2017 9- 58- 33 PM/Image 5.png,./Macular-Dataset-R.Rasti_old/DME/DME (19).E2E/2- 25- 2017 9- 58- 33 PM/Image 5.TIFF
../Images/Images_Manual/DME/DME (19).E2E/2- 25- 2017 9- 58- 33 PM/Image 6.png,./Macular-Dataset-R.Rasti_old/DME/DME (19).E2E/2- 25- 2017 9- 58- 33 PM/Image 6.TIFF
../Images/Images_Manual/DME/DME (19).E2E/2- 25- 2017 9- 58- 33 PM/Image 7.png,./Macular-Dataset-R.Rasti_old/DME/DME (19).E2E/2- 25- 2017 9- 58- 33 PM/Image 7.TIFF
../Images/Images_Manual/DME/DME (19).E2E/2- 25- 2017 9- 58- 33 PM/Image 8.png,./Macular-Dataset-R.Rasti_old/DME/DME (19).E2E/2- 25- 2017 9- 58- 33 PM/Image 8.TIFF
../Images/Images_Manual/DME/DME (19).E2E/2- 25- 2017 9- 58- 33 PM/Image 9.png,./Macular-Dataset-R.Rasti_old/DME/DME (19).E2E/2- 25- 2017 9- 58- 33 PM/Image 9.TIFF
../Images/Images_Manual/DME/DME (19).E2E/2- 25- 2017 9- 58- 33 PM/Image 10.png,./Macular-Dataset-R.Rasti_old/DME/DME (19).E2E/2- 25- 2017 9- 58- 33 PM/Image 10.TIFF
../Images/Images_Manual/DME/DME (19).E2E/2- 25- 2017 9- 58- 33 PM/Image 11.png,./Macular-Dataset-R.Rasti_old/DME/DME (19).E2E/2- 25- 2017 9- 58- 33 PM/Image 11.TIFF
../Images/Images_Manual/DME/DME (19).E2E/2- 25- 2017 9- 58- 33 PM/Image 12.png,./Macular-Dataset-R.Rasti_old/DME/DME (19).E2E/2- 25- 2017 9- 58- 33 PM/Image 12.TIFF
../Images/Images_Manual/DME/DME (19).E2E/2- 25- 2017 9- 58- 33 PM/Image 13.png,./Macular-Dataset-R.Rasti_old/DME/DME (19).E2E/2- 25- 2017 9- 58- 33 PM/Image 13.TIFF
../Images/Images_Manual/DME/DME (19).E2E/2- 25- 2017 9- 58- 33 PM/Image 14.png,./Macular-Dataset-R.Rasti_old/DME/DME (19).E2E/2- 25- 2017 9- 58- 33 PM/Image 14.TIFF
../Images/Images_Manual/DME/DME (19).E2E/2- 25- 2017 9- 58- 33 PM/Image 15.png,./Macular-Dataset-R.Rasti_old/DME/DME (19).E2E/2- 25- 2017 9- 58- 33 PM/Image 15.TIFF
../Images/Images_Manual/DME/DME (19).E2E/2- 25- 2017 9- 58- 33 PM/Image 16.png,./Macular-Dataset-R.Rasti_old/DME/DME (19).E2E/2- 25- 2017 9- 58- 33 PM/Image 16.TIFF
../Images/Images_Manual/DME/DME (19).E2E/2- 25- 2017 9- 58- 33 PM/Image 17.png,./Macular-Dataset-R.Rasti_old/DME/DME (19).E2E/2- 25- 2017 9- 58- 33 PM/Image 17.TIFF
../Images/Images_Manual/DME/DME (19).E2E/2- 25- 2017 9- 58- 33 PM/Image 18.png,./Macular-Dataset-R.Rasti_old/DME/DME (19).E2E/2- 25- 2017 9- 58- 33 PM/Image 18.TIFF
../Images/Images_Manual/DME/DME (19).E2E/2- 25- 2017 9- 58- 33 PM/Image 19.png,./Macular-Dataset-R.Rasti_old/DME/DME (19).E2E/2- 25- 2017 9- 58- 33 PM/Image 19.TIFF
../Images/Images_Manual/DME/DME (21).E2E/2- 25- 2017 10- 01- 34 PM/Image 1.png,./Macular-Dataset-R.Rasti_old/DME/DME (21).E2E/2- 25- 2017 10- 01- 34 PM/Image 1.TIFF
../Images/Images_Manual/DME/DME (21).E2E/2- 25- 2017 10- 01- 34 PM/Image 2.png,./Macular-Dataset-R.Rasti_old/DME/DME (21).E2E/2- 25- 2017 10- 01- 34 PM/Image 2.TIFF
../Images/Images_Manual/DME/DME (21).E2E/2- 25- 2017 10- 01- 34 PM/Image 3.png,./Macular-Dataset-R.Rasti_old/DME/DME (21).E2E/2- 25- 2017 10- 01- 34 PM/Image 3.TIFF
../Images/Images_Manual/DME/DME (21).E2E/2- 25- 2017 10- 01- 34 PM/Image 4.png,./Macular-Dataset-R.Rasti_old/DME/DME (21).E2E/2- 25- 2017 10- 01- 34 PM/Image 4.TIFF
../Images/Images_Manual/DME/DME (21).E2E/2- 25- 2017 10- 01- 34 PM/Image 5.png,./Macular-Dataset-R.Rasti_old/DME/DME (21).E2E/2- 25- 2017 10- 01- 34 PM/Image 5.TIFF
../Images/Images_Manual/DME/DME (21).E2E/2- 25- 2017 10- 01- 34 PM/Image 6.png,./Macular-Dataset-R.Rasti_old/DME/DME (21).E2E/2- 25- 2017 10- 01- 34 PM/Image 6.TIFF
../Images/Images_Manual/DME/DME (21).E2E/2- 25- 2017 10- 01- 34 PM/Image 7.png,./Macular-Dataset-R.Rasti_old/DME/DME (21).E2E/2- 25- 2017 10- 01- 34 PM/Image 7.TIFF
../Images/Images_Manual/DME/DME (21).E2E/2- 25- 2017 10- 01- 34 PM/Image 8.png,./Macular-Dataset-R.Rasti_old/DME/DME (21).E2E/2- 25- 2017 10- 01- 34 PM/Image 8.TIFF
../Images/Images_Manual/DME/DME (21).E2E/2- 25- 2017 10- 01- 34 PM/Image 9.png,./Macular-Dataset-R.Rasti_old/DME/DME (21).E2E/2- 25- 2017 10- 01- 34 PM/Image 9.TIFF
../Images/Images_Manual/DME/DME (21).E2E/2- 25- 2017 10- 01- 34 PM/Image 10.png,./Macular-Dataset-R.Rasti_old/DME/DME (21).E2E/2- 25- 2017 10- 01- 34 PM/Image 10.TIFF
../Images/Images_Manual/DME/DME (21).E2E/2- 25- 2017 10- 01- 34 PM/Image 11.png,./Macular-Dataset-R.Rasti_old/DME/DME (21).E2E/2- 25- 2017 10- 01- 34 PM/Image 11.TIFF
../Images/Images_Manual/DME/DME (21).E2E/2- 25- 2017 10- 01- 34 PM/Image 12.png,./Macular-Dataset-R.Rasti_old/DME/DME (21).E2E/2- 25- 2017 10- 01- 34 PM/Image 12.TIFF
../Images/Images_Manual/DME/DME (21).E2E/2- 25- 2017 10- 01- 34 PM/Image 13.png,./Macular-Dataset-R.Rasti_old/DME/DME (21).E2E/2- 25- 2017 10- 01- 34 PM/Image 13.TIFF
../Images/Images_Manual/DME/DME (21).E2E/2- 25- 2017 10- 01- 34 PM/Image 14.png,./Macular-Dataset-R.Rasti_old/DME/DME (21).E2E/2- 25- 2017 10- 01- 34 PM/Image 14.TIFF
../Images/Images_Manual/DME/DME (21).E2E/2- 25- 2017 10- 01- 34 PM/Image 15.png,./Macular-Dataset-R.Rasti_old/DME/DME (21).E2E/2- 25- 2017 10- 01- 34 PM/Image 15.TIFF
../Images/Images_Manual/DME/DME (21).E2E/2- 25- 2017 10- 01- 34 PM/Image 16.png,./Macular-Dataset-R.Rasti_old/DME/DME (21).E2E/2- 25- 2017 10- 01- 34 PM/Image 16.TIFF
../Images/Images_Manual/DME/DME (21).E2E/2- 25- 2017 10- 01- 34 PM/Image 17.png,./Macular-Dataset-R.Rasti_old/DME/DME (21).E2E/2- 25- 2017 10- 01- 34 PM/Image 17.TIFF
../Images/Images_Manual/DME/DME (21).E2E/2- 25- 2017 10- 01- 34 PM/Image 18.png,./Macular-Dataset-R.Rasti_old/DME/DME (21).E2E/2- 25- 2017 10- 01- 34 PM/Image 18.TIFF
../Images/Images_Manual/DME/DME (21).E2E/2- 25- 2017 10- 01- 34 PM/Image 19.png,./Macular-Dataset-R.Rasti_old/DME/DME (21).E2E/2- 25- 2017 10- 01- 34 PM/Image 19.TIFF
../Images/Images_Manual/DME/DME (22).E2E/2- 25- 2017 10- 03- 04 PM/Image 1.png,./Macular-Dataset-R.Rasti_old/DME/DME (22).E2E/2- 25- 2017 10- 03- 04 PM/Image 1.TIFF
../Images/Images_Manual/DME/DME (22).E2E/2- 25- 2017 10- 03- 04 PM/Image 2.png,./Macular-Dataset-R.Rasti_old/DME/DME (22).E2E/2- 25- 2017 10- 03- 04 PM/Image 2.TIFF
../Images/Images_Manual/DME/DME (22).E2E/2- 25- 2017 10- 03- 04 PM/Image 3.png,./Macular-Dataset-R.Rasti_old/DME/DME (22).E2E/2- 25- 2017 10- 03- 04 PM/Image 3.TIFF
../Images/Images_Manual/DME/DME (22).E2E/2- 25- 2017 10- 03- 04 PM/Image 4.png,./Macular-Dataset-R.Rasti_old/DME/DME (22).E2E/2- 25- 2017 10- 03- 04 PM/Image 4.TIFF
../Images/Images_Manual/DME/DME (22).E2E/2- 25- 2017 10- 03- 04 PM/Image 5.png,./Macular-Dataset-R.Rasti_old/DME/DME (22).E2E/2- 25- 2017 10- 03- 04 PM/Image 5.TIFF
../Images/Images_Manual/DME/DME (22).E2E/2- 25- 2017 10- 03- 04 PM/Image 6.png,./Macular-Dataset-R.Rasti_old/DME/DME (22).E2E/2- 25- 2017 10- 03- 04 PM/Image 6.TIFF
../Images/Images_Manual/DME/DME (22).E2E/2- 25- 2017 10- 03- 04 PM/Image 7.png,./Macular-Dataset-R.Rasti_old/DME/DME (22).E2E/2- 25- 2017 10- 03- 04 PM/Image 7.TIFF
../Images/Images_Manual/DME/DME (22).E2E/2- 25- 2017 10- 03- 04 PM/Image 8.png,./Macular-Dataset-R.Rasti_old/DME/DME (22).E2E/2- 25- 2017 10- 03- 04 PM/Image 8.TIFF
../Images/Images_Manual/DME/DME (22).E2E/2- 25- 2017 10- 03- 04 PM/Image 9.png,./Macular-Dataset-R.Rasti_old/DME/DME (22).E2E/2- 25- 2017 10- 03- 04 PM/Image 9.TIFF
../Images/Images_Manual/DME/DME (22).E2E/2- 25- 2017 10- 03- 04 PM/Image 10.png,./Macular-Dataset-R.Rasti_old/DME/DME (22).E2E/2- 25- 2017 10- 03- 04 PM/Image 10.TIFF
../Images/Images_Manual/DME/DME (22).E2E/2- 25- 2017 10- 03- 04 PM/Image 11.png,./Macular-Dataset-R.Rasti_old/DME/DME (22).E2E/2- 25- 2017 10- 03- 04 PM/Image 11.TIFF
../Images/Images_Manual/DME/DME (22).E2E/2- 25- 2017 10- 03- 04 PM/Image 12.png,./Macular-Dataset-R.Rasti_old/DME/DME (22).E2E/2- 25- 2017 10- 03- 04 PM/Image 12.TIFF
../Images/Images_Manual/DME/DME (22).E2E/2- 25- 2017 10- 03- 04 PM/Image 13.png,./Macular-Dataset-R.Rasti_old/DME/DME (22).E2E/2- 25- 2017 10- 03- 04 PM/Image 13.TIFF
../Images/Images_Manual/DME/DME (22).E2E/2- 25- 2017 10- 03- 04 PM/Image 14.png,./Macular-Dataset-R.Rasti_old/DME/DME (22).E2E/2- 25- 2017 10- 03- 04 PM/Image 14.TIFF
../Images/Images_Manual/DME/DME (22).E2E/2- 25- 2017 10- 03- 04 PM/Image 15.png,./Macular-Dataset-R.Rasti_old/DME/DME (22).E2E/2- 25- 2017 10- 03- 04 PM/Image 15.TIFF
../Images/Images_Manual/DME/DME (22).E2E/2- 25- 2017 10- 03- 04 PM/Image 16.png,./Macular-Dataset-R.Rasti_old/DME/DME (22).E2E/2- 25- 2017 10- 03- 04 PM/Image 16.TIFF
../Images/Images_Manual/DME/DME (22).E2E/2- 25- 2017 10- 03- 04 PM/Image 17.png,./Macular-Dataset-R.Rasti_old/DME/DME (22).E2E/2- 25- 2017 10- 03- 04 PM/Image 17.TIFF
../Images/Images_Manual/DME/DME (22).E2E/2- 25- 2017 10- 03- 04 PM/Image 18.png,./Macular-Dataset-R.Rasti_old/DME/DME (22).E2E/2- 25- 2017 10- 03- 04 PM/Image 18.TIFF
../Images/Images_Manual/DME/DME (22).E2E/2- 25- 2017 10- 03- 04 PM/Image 19.png,./Macular-Dataset-R.Rasti_old/DME/DME (22).E2E/2- 25- 2017 10- 03- 04 PM/Image 19.TIFF
../Images/Images_Manual/DME/DME (26).E2E/2- 25- 2017 10- 10- 17 PM/Image 1.png,./Macular-Dataset-R.Rasti_old/DME/DME (26).E2E/2- 25- 2017 10- 10- 17 PM/Image 1.TIFF
../Images/Images_Manual/DME/DME (26).E2E/2- 25- 2017 10- 10- 17 PM/Image 2.png,./Macular-Dataset-R.Rasti_old/DME/DME (26).E2E/2- 25- 2017 10- 10- 17 PM/Image 2.TIFF
../Images/Images_Manual/DME/DME (26).E2E/2- 25- 2017 10- 10- 17 PM/Image 3.png,./Macular-Dataset-R.Rasti_old/DME/DME (26).E2E/2- 25- 2017 10- 10- 17 PM/Image 3.TIFF
../Images/Images_Manual/DME/DME (26).E2E/2- 25- 2017 10- 10- 17 PM/Image 4.png,./Macular-Dataset-R.Rasti_old/DME/DME (26).E2E/2- 25- 2017 10- 10- 17 PM/Image 4.TIFF
../Images/Images_Manual/DME/DME (26).E2E/2- 25- 2017 10- 10- 17 PM/Image 5.png,./Macular-Dataset-R.Rasti_old/DME/DME (26).E2E/2- 25- 2017 10- 10- 17 PM/Image 5.TIFF
../Images/Images_Manual/DME/DME (26).E2E/2- 25- 2017 10- 10- 17 PM/Image 6.png,./Macular-Dataset-R.Rasti_old/DME/DME (26).E2E/2- 25- 2017 10- 10- 17 PM/Image 6.TIFF
../Images/Images_Manual/DME/DME (26).E2E/2- 25- 2017 10- 10- 17 PM/Image 7.png,./Macular-Dataset-R.Rasti_old/DME/DME (26).E2E/2- 25- 2017 10- 10- 17 PM/Image 7.TIFF
../Images/Images_Manual/DME/DME (26).E2E/2- 25- 2017 10- 10- 17 PM/Image 8.png,./Macular-Dataset-R.Rasti_old/DME/DME (26).E2E/2- 25- 2017 10- 10- 17 PM/Image 8.TIFF
../Images/Images_Manual/DME/DME (26).E2E/2- 25- 2017 10- 10- 17 PM/Image 9.png,./Macular-Dataset-R.Rasti_old/DME/DME (26).E2E/2- 25- 2017 10- 10- 17 PM/Image 9.TIFF
../Images/Images_Manual/DME/DME (26).E2E/2- 25- 2017 10- 10- 17 PM/Image 10.png,./Macular-Dataset-R.Rasti_old/DME/DME (26).E2E/2- 25- 2017 10- 10- 17 PM/Image 10.TIFF
../Images/Images_Manual/DME/DME (26).E2E/2- 25- 2017 10- 10- 17 PM/Image 11.png,./Macular-Dataset-R.Rasti_old/DME/DME (26).E2E/2- 25- 2017 10- 10- 17 PM/Image 11.TIFF
../Images/Images_Manual/DME/DME (26).E2E/2- 25- 2017 10- 10- 17 PM/Image 12.png,./Macular-Dataset-R.Rasti_old/DME/DME (26).E2E/2- 25- 2017 10- 10- 17 PM/Image 12.TIFF
../Images/Images_Manual/DME/DME (26).E2E/2- 25- 2017 10- 10- 17 PM/Image 13.png,./Macular-Dataset-R.Rasti_old/DME/DME (26).E2E/2- 25- 2017 10- 10- 17 PM/Image 13.TIFF
../Images/Images_Manual/DME/DME (26).E2E/2- 25- 2017 10- 10- 17 PM/Image 14.png,./Macular-Dataset-R.Rasti_old/DME/DME (26).E2E/2- 25- 2017 10- 10- 17 PM/Image 14.TIFF
../Images/Images_Manual/DME/DME (26).E2E/2- 25- 2017 10- 10- 17 PM/Image 15.png,./Macular-Dataset-R.Rasti_old/DME/DME (26).E2E/2- 25- 2017 10- 10- 17 PM/Image 15.TIFF
../Images/Images_Manual/DME/DME (26).E2E/2- 25- 2017 10- 10- 17 PM/Image 16.png,./Macular-Dataset-R.Rasti_old/DME/DME (26).E2E/2- 25- 2017 10- 10- 17 PM/Image 16.TIFF
../Images/Images_Manual/DME/DME (26).E2E/2- 25- 2017 10- 10- 17 PM/Image 17.png,./Macular-Dataset-R.Rasti_old/DME/DME (26).E2E/2- 25- 2017 10- 10- 17 PM/Image 17.TIFF
../Images/Images_Manual/DME/DME (26).E2E/2- 25- 2017 10- 10- 17 PM/Image 18.png,./Macular-Dataset-R.Rasti_old/DME/DME (26).E2E/2- 25- 2017 10- 10- 17 PM/Image 18.TIFF
../Images/Images_Manual/DME/DME (26).E2E/2- 25- 2017 10- 10- 17 PM/Image 19.png,./Macular-Dataset-R.Rasti_old/DME/DME (26).E2E/2- 25- 2017 10- 10- 17 PM/Image 19.TIFF
../Images/Images_Manual/DME/DME (28).E2E/2- 25- 2017 10- 12- 57 PM/Image 1.png,./Macular-Dataset-R.Rasti_old/DME/DME (28).E2E/2- 25- 2017 10- 12- 57 PM/Image 1.TIFF
../Images/Images_Manual/DME/DME (28).E2E/2- 25- 2017 10- 12- 57 PM/Image 2.png,./Macular-Dataset-R.Rasti_old/DME/DME (28).E2E/2- 25- 2017 10- 12- 57 PM/Image 2.TIFF
../Images/Images_Manual/DME/DME (28).E2E/2- 25- 2017 10- 12- 57 PM/Image 3.png,./Macular-Dataset-R.Rasti_old/DME/DME (28).E2E/2- 25- 2017 10- 12- 57 PM/Image 3.TIFF
../Images/Images_Manual/DME/DME (28).E2E/2- 25- 2017 10- 12- 57 PM/Image 4.png,./Macular-Dataset-R.Rasti_old/DME/DME (28).E2E/2- 25- 2017 10- 12- 57 PM/Image 4.TIFF
../Images/Images_Manual/DME/DME (28).E2E/2- 25- 2017 10- 12- 57 PM/Image 5.png,./Macular-Dataset-R.Rasti_old/DME/DME (28).E2E/2- 25- 2017 10- 12- 57 PM/Image 5.TIFF
../Images/Images_Manual/DME/DME (28).E2E/2- 25- 2017 10- 12- 57 PM/Image 6.png,./Macular-Dataset-R.Rasti_old/DME/DME (28).E2E/2- 25- 2017 10- 12- 57 PM/Image 6.TIFF
../Images/Images_Manual/DME/DME (28).E2E/2- 25- 2017 10- 12- 57 PM/Image 7.png,./Macular-Dataset-R.Rasti_old/DME/DME (28).E2E/2- 25- 2017 10- 12- 57 PM/Image 7.TIFF
../Images/Images_Manual/DME/DME (28).E2E/2- 25- 2017 10- 12- 57 PM/Image 8.png,./Macular-Dataset-R.Rasti_old/DME/DME (28).E2E/2- 25- 2017 10- 12- 57 PM/Image 8.TIFF
../Images/Images_Manual/DME/DME (28).E2E/2- 25- 2017 10- 12- 57 PM/Image 9.png,./Macular-Dataset-R.Rasti_old/DME/DME (28).E2E/2- 25- 2017 10- 12- 57 PM/Image 9.TIFF
../Images/Images_Manual/DME/DME (28).E2E/2- 25- 2017 10- 12- 57 PM/Image 10.png,./Macular-Dataset-R.Rasti_old/DME/DME (28).E2E/2- 25- 2017 10- 12- 57 PM/Image 10.TIFF
../Images/Images_Manual/DME/DME (28).E2E/2- 25- 2017 10- 12- 57 PM/Image 11.png,./Macular-Dataset-R.Rasti_old/DME/DME (28).E2E/2- 25- 2017 10- 12- 57 PM/Image 11.TIFF
../Images/Images_Manual/DME/DME (28).E2E/2- 25- 2017 10- 12- 57 PM/Image 12.png,./Macular-Dataset-R.Rasti_old/DME/DME (28).E2E/2- 25- 2017 10- 12- 57 PM/Image 12.TIFF
../Images/Images_Manual/DME/DME (28).E2E/2- 25- 2017 10- 12- 57 PM/Image 13.png,./Macular-Dataset-R.Rasti_old/DME/DME (28).E2E/2- 25- 2017 10- 12- 57 PM/Image 13.TIFF
../Images/Images_Manual/DME/DME (28).E2E/2- 25- 2017 10- 12- 57 PM/Image 14.png,./Macular-Dataset-R.Rasti_old/DME/DME (28).E2E/2- 25- 2017 10- 12- 57 PM/Image 14.TIFF
../Images/Images_Manual/DME/DME (28).E2E/2- 25- 2017 10- 12- 57 PM/Image 15.png,./Macular-Dataset-R.Rasti_old/DME/DME (28).E2E/2- 25- 2017 10- 12- 57 PM/Image 15.TIFF
../Images/Images_Manual/DME/DME (28).E2E/2- 25- 2017 10- 12- 57 PM/Image 16.png,./Macular-Dataset-R.Rasti_old/DME/DME (28).E2E/2- 25- 2017 10- 12- 57 PM/Image 16.TIFF
../Images/Images_Manual/DME/DME (28).E2E/2- 25- 2017 10- 12- 57 PM/Image 17.png,./Macular-Dataset-R.Rasti_old/DME/DME (28).E2E/2- 25- 2017 10- 12- 57 PM/Image 17.TIFF
../Images/Images_Manual/DME/DME (28).E2E/2- 25- 2017 10- 12- 57 PM/Image 18.png,./Macular-Dataset-R.Rasti_old/DME/DME (28).E2E/2- 25- 2017 10- 12- 57 PM/Image 18.TIFF
../Images/Images_Manual/DME/DME (28).E2E/2- 25- 2017 10- 12- 57 PM/Image 19.png,./Macular-Dataset-R.Rasti_old/DME/DME (28).E2E/2- 25- 2017 10- 12- 57 PM/Image 19.TIFF
../Images/Images_Manual/DME/DME (29).E2E/2- 25- 2017 10- 15- 35 PM/Image 1.png,./Macular-Dataset-R.Rasti_old/DME/DME (29).E2E/2- 25- 2017 10- 15- 35 PM/Image 1.TIFF
../Images/Images_Manual/DME/DME (29).E2E/2- 25- 2017 10- 15- 35 PM/Image 2.png,./Macular-Dataset-R.Rasti_old/DME/DME (29).E2E/2- 25- 2017 10- 15- 35 PM/Image 2.TIFF
../Images/Images_Manual/DME/DME (29).E2E/2- 25- 2017 10- 15- 35 PM/Image 3.png,./Macular-Dataset-R.Rasti_old/DME/DME (29).E2E/2- 25- 2017 10- 15- 35 PM/Image 3.TIFF
../Images/Images_Manual/DME/DME (29).E2E/2- 25- 2017 10- 15- 35 PM/Image 4.png,./Macular-Dataset-R.Rasti_old/DME/DME (29).E2E/2- 25- 2017 10- 15- 35 PM/Image 4.TIFF
../Images/Images_Manual/DME/DME (29).E2E/2- 25- 2017 10- 15- 35 PM/Image 5.png,./Macular-Dataset-R.Rasti_old/DME/DME (29).E2E/2- 25- 2017 10- 15- 35 PM/Image 5.TIFF
../Images/Images_Manual/DME/DME (29).E2E/2- 25- 2017 10- 15- 35 PM/Image 6.png,./Macular-Dataset-R.Rasti_old/DME/DME (29).E2E/2- 25- 2017 10- 15- 35 PM/Image 6.TIFF
../Images/Images_Manual/DME/DME (29).E2E/2- 25- 2017 10- 15- 35 PM/Image 7.png,./Macular-Dataset-R.Rasti_old/DME/DME (29).E2E/2- 25- 2017 10- 15- 35 PM/Image 7.TIFF
../Images/Images_Manual/DME/DME (29).E2E/2- 25- 2017 10- 15- 35 PM/Image 8.png,./Macular-Dataset-R.Rasti_old/DME/DME (29).E2E/2- 25- 2017 10- 15- 35 PM/Image 8.TIFF
../Images/Images_Manual/DME/DME (29).E2E/2- 25- 2017 10- 15- 35 PM/Image 9.png,./Macular-Dataset-R.Rasti_old/DME/DME (29).E2E/2- 25- 2017 10- 15- 35 PM/Image 9.TIFF
../Images/Images_Manual/DME/DME (29).E2E/2- 25- 2017 10- 15- 35 PM/Image 10.png,./Macular-Dataset-R.Rasti_old/DME/DME (29).E2E/2- 25- 2017 10- 15- 35 PM/Image 10.TIFF
../Images/Images_Manual/DME/DME (29).E2E/2- 25- 2017 10- 15- 35 PM/Image 11.png,./Macular-Dataset-R.Rasti_old/DME/DME (29).E2E/2- 25- 2017 10- 15- 35 PM/Image 11.TIFF
../Images/Images_Manual/DME/DME (29).E2E/2- 25- 2017 10- 15- 35 PM/Image 12.png,./Macular-Dataset-R.Rasti_old/DME/DME (29).E2E/2- 25- 2017 10- 15- 35 PM/Image 12.TIFF
../Images/Images_Manual/DME/DME (29).E2E/2- 25- 2017 10- 15- 35 PM/Image 13.png,./Macular-Dataset-R.Rasti_old/DME/DME (29).E2E/2- 25- 2017 10- 15- 35 PM/Image 13.TIFF
../Images/Images_Manual/DME/DME (29).E2E/2- 25- 2017 10- 15- 35 PM/Image 14.png,./Macular-Dataset-R.Rasti_old/DME/DME (29).E2E/2- 25- 2017 10- 15- 35 PM/Image 14.TIFF
../Images/Images_Manual/DME/DME (29).E2E/2- 25- 2017 10- 15- 35 PM/Image 15.png,./Macular-Dataset-R.Rasti_old/DME/DME (29).E2E/2- 25- 2017 10- 15- 35 PM/Image 15.TIFF
../Images/Images_Manual/DME/DME (29).E2E/2- 25- 2017 10- 15- 35 PM/Image 16.png,./Macular-Dataset-R.Rasti_old/DME/DME (29).E2E/2- 25- 2017 10- 15- 35 PM/Image 16.TIFF
../Images/Images_Manual/DME/DME (29).E2E/2- 25- 2017 10- 15- 35 PM/Image 17.png,./Macular-Dataset-R.Rasti_old/DME/DME (29).E2E/2- 25- 2017 10- 15- 35 PM/Image 17.TIFF
../Images/Images_Manual/DME/DME (29).E2E/2- 25- 2017 10- 15- 35 PM/Image 18.png,./Macular-Dataset-R.Rasti_old/DME/DME (29).E2E/2- 25- 2017 10- 15- 35 PM/Image 18.TIFF
../Images/Images_Manual/DME/DME (29).E2E/2- 25- 2017 10- 15- 35 PM/Image 19.png,./Macular-Dataset-R.Rasti_old/DME/DME (29).E2E/2- 25- 2017 10- 15- 35 PM/Image 19.TIFF
../Images/Images_Manual/DME/DME (30).E2E/2- 25- 2017 10- 16- 46 PM/Image 1.png,./Macular-Dataset-R.Rasti_old/DME/DME (30).E2E/2- 25- 2017 10- 16- 46 PM/Image 1.TIFF
../Images/Images_Manual/DME/DME (30).E2E/2- 25- 2017 10- 16- 46 PM/Image 2.png,./Macular-Dataset-R.Rasti_old/DME/DME (30).E2E/2- 25- 2017 10- 16- 46 PM/Image 2.TIFF
../Images/Images_Manual/DME/DME (30).E2E/2- 25- 2017 10- 16- 46 PM/Image 3.png,./Macular-Dataset-R.Rasti_old/DME/DME (30).E2E/2- 25- 2017 10- 16- 46 PM/Image 3.TIFF
../Images/Images_Manual/DME/DME (30).E2E/2- 25- 2017 10- 16- 46 PM/Image 4.png,./Macular-Dataset-R.Rasti_old/DME/DME (30).E2E/2- 25- 2017 10- 16- 46 PM/Image 4.TIFF
../Images/Images_Manual/DME/DME (30).E2E/2- 25- 2017 10- 16- 46 PM/Image 5.png,./Macular-Dataset-R.Rasti_old/DME/DME (30).E2E/2- 25- 2017 10- 16- 46 PM/Image 5.TIFF
../Images/Images_Manual/DME/DME (30).E2E/2- 25- 2017 10- 16- 46 PM/Image 6.png,./Macular-Dataset-R.Rasti_old/DME/DME (30).E2E/2- 25- 2017 10- 16- 46 PM/Image 6.TIFF
../Images/Images_Manual/DME/DME (30).E2E/2- 25- 2017 10- 16- 46 PM/Image 7.png,./Macular-Dataset-R.Rasti_old/DME/DME (30).E2E/2- 25- 2017 10- 16- 46 PM/Image 7.TIFF
../Images/Images_Manual/DME/DME (30).E2E/2- 25- 2017 10- 16- 46 PM/Image 8.png,./Macular-Dataset-R.Rasti_old/DME/DME (30).E2E/2- 25- 2017 10- 16- 46 PM/Image 8.TIFF
../Images/Images_Manual/DME/DME (30).E2E/2- 25- 2017 10- 16- 46 PM/Image 9.png,./Macular-Dataset-R.Rasti_old/DME/DME (30).E2E/2- 25- 2017 10- 16- 46 PM/Image 9.TIFF
../Images/Images_Manual/DME/DME (30).E2E/2- 25- 2017 10- 16- 46 PM/Image 10.png,./Macular-Dataset-R.Rasti_old/DME/DME (30).E2E/2- 25- 2017 10- 16- 46 PM/Image 10.TIFF
../Images/Images_Manual/DME/DME (30).E2E/2- 25- 2017 10- 16- 46 PM/Image 11.png,./Macular-Dataset-R.Rasti_old/DME/DME (30).E2E/2- 25- 2017 10- 16- 46 PM/Image 11.TIFF
../Images/Images_Manual/DME/DME (30).E2E/2- 25- 2017 10- 16- 46 PM/Image 12.png,./Macular-Dataset-R.Rasti_old/DME/DME (30).E2E/2- 25- 2017 10- 16- 46 PM/Image 12.TIFF
../Images/Images_Manual/DME/DME (30).E2E/2- 25- 2017 10- 16- 46 PM/Image 13.png,./Macular-Dataset-R.Rasti_old/DME/DME (30).E2E/2- 25- 2017 10- 16- 46 PM/Image 13.TIFF
../Images/Images_Manual/DME/DME (30).E2E/2- 25- 2017 10- 16- 46 PM/Image 14.png,./Macular-Dataset-R.Rasti_old/DME/DME (30).E2E/2- 25- 2017 10- 16- 46 PM/Image 14.TIFF
../Images/Images_Manual/DME/DME (30).E2E/2- 25- 2017 10- 16- 46 PM/Image 15.png,./Macular-Dataset-R.Rasti_old/DME/DME (30).E2E/2- 25- 2017 10- 16- 46 PM/Image 15.TIFF
../Images/Images_Manual/DME/DME (30).E2E/2- 25- 2017 10- 16- 46 PM/Image 16.png,./Macular-Dataset-R.Rasti_old/DME/DME (30).E2E/2- 25- 2017 10- 16- 46 PM/Image 16.TIFF
../Images/Images_Manual/DME/DME (30).E2E/2- 25- 2017 10- 16- 46 PM/Image 17.png,./Macular-Dataset-R.Rasti_old/DME/DME (30).E2E/2- 25- 2017 10- 16- 46 PM/Image 17.TIFF
../Images/Images_Manual/DME/DME (30).E2E/2- 25- 2017 10- 16- 46 PM/Image 18.png,./Macular-Dataset-R.Rasti_old/DME/DME (30).E2E/2- 25- 2017 10- 16- 46 PM/Image 18.TIFF
../Images/Images_Manual/DME/DME (30).E2E/2- 25- 2017 10- 16- 46 PM/Image 19.png,./Macular-Dataset-R.Rasti_old/DME/DME (30).E2E/2- 25- 2017 10- 16- 46 PM/Image 19.TIFF
../Images/Images_Manual/DME/DME (31).E2E/2- 25- 2017 10- 17- 51 PM/Image 1.png,./Macular-Dataset-R.Rasti_old/DME/DME (31).E2E/2- 25- 2017 10- 17- 51 PM/Image 1.TIFF
../Images/Images_Manual/DME/DME (31).E2E/2- 25- 2017 10- 17- 51 PM/Image 2.png,./Macular-Dataset-R.Rasti_old/DME/DME (31).E2E/2- 25- 2017 10- 17- 51 PM/Image 2.TIFF
../Images/Images_Manual/DME/DME (31).E2E/2- 25- 2017 10- 17- 51 PM/Image 3.png,./Macular-Dataset-R.Rasti_old/DME/DME (31).E2E/2- 25- 2017 10- 17- 51 PM/Image 3.TIFF
../Images/Images_Manual/DME/DME (31).E2E/2- 25- 2017 10- 17- 51 PM/Image 4.png,./Macular-Dataset-R.Rasti_old/DME/DME (31).E2E/2- 25- 2017 10- 17- 51 PM/Image 4.TIFF
../Images/Images_Manual/DME/DME (31).E2E/2- 25- 2017 10- 17- 51 PM/Image 5.png,./Macular-Dataset-R.Rasti_old/DME/DME (31).E2E/2- 25- 2017 10- 17- 51 PM/Image 5.TIFF
../Images/Images_Manual/DME/DME (31).E2E/2- 25- 2017 10- 17- 51 PM/Image 6.png,./Macular-Dataset-R.Rasti_old/DME/DME (31).E2E/2- 25- 2017 10- 17- 51 PM/Image 6.TIFF
../Images/Images_Manual/DME/DME (31).E2E/2- 25- 2017 10- 17- 51 PM/Image 7.png,./Macular-Dataset-R.Rasti_old/DME/DME (31).E2E/2- 25- 2017 10- 17- 51 PM/Image 7.TIFF
../Images/Images_Manual/DME/DME (31).E2E/2- 25- 2017 10- 17- 51 PM/Image 8.png,./Macular-Dataset-R.Rasti_old/DME/DME (31).E2E/2- 25- 2017 10- 17- 51 PM/Image 8.TIFF
../Images/Images_Manual/DME/DME (31).E2E/2- 25- 2017 10- 17- 51 PM/Image 9.png,./Macular-Dataset-R.Rasti_old/DME/DME (31).E2E/2- 25- 2017 10- 17- 51 PM/Image 9.TIFF
../Images/Images_Manual/DME/DME (31).E2E/2- 25- 2017 10- 17- 51 PM/Image 10.png,./Macular-Dataset-R.Rasti_old/DME/DME (31).E2E/2- 25- 2017 10- 17- 51 PM/Image 10.TIFF
../Images/Images_Manual/DME/DME (31).E2E/2- 25- 2017 10- 17- 51 PM/Image 11.png,./Macular-Dataset-R.Rasti_old/DME/DME (31).E2E/2- 25- 2017 10- 17- 51 PM/Image 11.TIFF
../Images/Images_Manual/DME/DME (31).E2E/2- 25- 2017 10- 17- 51 PM/Image 12.png,./Macular-Dataset-R.Rasti_old/DME/DME (31).E2E/2- 25- 2017 10- 17- 51 PM/Image 12.TIFF
../Images/Images_Manual/DME/DME (31).E2E/2- 25- 2017 10- 17- 51 PM/Image 13.png,./Macular-Dataset-R.Rasti_old/DME/DME (31).E2E/2- 25- 2017 10- 17- 51 PM/Image 13.TIFF
../Images/Images_Manual/DME/DME (31).E2E/2- 25- 2017 10- 17- 51 PM/Image 14.png,./Macular-Dataset-R.Rasti_old/DME/DME (31).E2E/2- 25- 2017 10- 17- 51 PM/Image 14.TIFF
../Images/Images_Manual/DME/DME (31).E2E/2- 25- 2017 10- 17- 51 PM/Image 15.png,./Macular-Dataset-R.Rasti_old/DME/DME (31).E2E/2- 25- 2017 10- 17- 51 PM/Image 15.TIFF
../Images/Images_Manual/DME/DME (31).E2E/2- 25- 2017 10- 17- 51 PM/Image 16.png,./Macular-Dataset-R.Rasti_old/DME/DME (31).E2E/2- 25- 2017 10- 17- 51 PM/Image 16.TIFF
../Images/Images_Manual/DME/DME (31).E2E/2- 25- 2017 10- 17- 51 PM/Image 17.png,./Macular-Dataset-R.Rasti_old/DME/DME (31).E2E/2- 25- 2017 10- 17- 51 PM/Image 17.TIFF
../Images/Images_Manual/DME/DME (31).E2E/2- 25- 2017 10- 17- 51 PM/Image 18.png,./Macular-Dataset-R.Rasti_old/DME/DME (31).E2E/2- 25- 2017 10- 17- 51 PM/Image 18.TIFF
../Images/Images_Manual/DME/DME (31).E2E/2- 25- 2017 10- 17- 51 PM/Image 19.png,./Macular-Dataset-R.Rasti_old/DME/DME (31).E2E/2- 25- 2017 10- 17- 51 PM/Image 19.TIFF
../Images/Images_Manual/DME/DME (33).E2E/2- 25- 2017 10- 21- 00 PM/Image 1.png,./Macular-Dataset-R.Rasti_old/DME/DME (33).E2E/2- 25- 2017 10- 21- 00 PM/Image 1.TIFF
../Images/Images_Manual/DME/DME (33).E2E/2- 25- 2017 10- 21- 00 PM/Image 2.png,./Macular-Dataset-R.Rasti_old/DME/DME (33).E2E/2- 25- 2017 10- 21- 00 PM/Image 2.TIFF
../Images/Images_Manual/DME/DME (33).E2E/2- 25- 2017 10- 21- 00 PM/Image 3.png,./Macular-Dataset-R.Rasti_old/DME/DME (33).E2E/2- 25- 2017 10- 21- 00 PM/Image 3.TIFF
../Images/Images_Manual/DME/DME (33).E2E/2- 25- 2017 10- 21- 00 PM/Image 4.png,./Macular-Dataset-R.Rasti_old/DME/DME (33).E2E/2- 25- 2017 10- 21- 00 PM/Image 4.TIFF
../Images/Images_Manual/DME/DME (33).E2E/2- 25- 2017 10- 21- 00 PM/Image 5.png,./Macular-Dataset-R.Rasti_old/DME/DME (33).E2E/2- 25- 2017 10- 21- 00 PM/Image 5.TIFF
../Images/Images_Manual/DME/DME (33).E2E/2- 25- 2017 10- 21- 00 PM/Image 6.png,./Macular-Dataset-R.Rasti_old/DME/DME (33).E2E/2- 25- 2017 10- 21- 00 PM/Image 6.TIFF
../Images/Images_Manual/DME/DME (33).E2E/2- 25- 2017 10- 21- 00 PM/Image 7.png,./Macular-Dataset-R.Rasti_old/DME/DME (33).E2E/2- 25- 2017 10- 21- 00 PM/Image 7.TIFF
../Images/Images_Manual/DME/DME (33).E2E/2- 25- 2017 10- 21- 00 PM/Image 8.png,./Macular-Dataset-R.Rasti_old/DME/DME (33).E2E/2- 25- 2017 10- 21- 00 PM/Image 8.TIFF
../Images/Images_Manual/DME/DME (33).E2E/2- 25- 2017 10- 21- 00 PM/Image 9.png,./Macular-Dataset-R.Rasti_old/DME/DME (33).E2E/2- 25- 2017 10- 21- 00 PM/Image 9.TIFF
../Images/Images_Manual/DME/DME (33).E2E/2- 25- 2017 10- 21- 00 PM/Image 10.png,./Macular-Dataset-R.Rasti_old/DME/DME (33).E2E/2- 25- 2017 10- 21- 00 PM/Image 10.TIFF
../Images/Images_Manual/DME/DME (33).E2E/2- 25- 2017 10- 21- 00 PM/Image 11.png,./Macular-Dataset-R.Rasti_old/DME/DME (33).E2E/2- 25- 2017 10- 21- 00 PM/Image 11.TIFF
../Images/Images_Manual/DME/DME (33).E2E/2- 25- 2017 10- 21- 00 PM/Image 12.png,./Macular-Dataset-R.Rasti_old/DME/DME (33).E2E/2- 25- 2017 10- 21- 00 PM/Image 12.TIFF
../Images/Images_Manual/DME/DME (33).E2E/2- 25- 2017 10- 21- 00 PM/Image 13.png,./Macular-Dataset-R.Rasti_old/DME/DME (33).E2E/2- 25- 2017 10- 21- 00 PM/Image 13.TIFF
../Images/Images_Manual/DME/DME (33).E2E/2- 25- 2017 10- 21- 00 PM/Image 14.png,./Macular-Dataset-R.Rasti_old/DME/DME (33).E2E/2- 25- 2017 10- 21- 00 PM/Image 14.TIFF
../Images/Images_Manual/DME/DME (33).E2E/2- 25- 2017 10- 21- 00 PM/Image 15.png,./Macular-Dataset-R.Rasti_old/DME/DME (33).E2E/2- 25- 2017 10- 21- 00 PM/Image 15.TIFF
../Images/Images_Manual/DME/DME (33).E2E/2- 25- 2017 10- 21- 00 PM/Image 16.png,./Macular-Dataset-R.Rasti_old/DME/DME (33).E2E/2- 25- 2017 10- 21- 00 PM/Image 16.TIFF
../Images/Images_Manual/DME/DME (33).E2E/2- 25- 2017 10- 21- 00 PM/Image 17.png,./Macular-Dataset-R.Rasti_old/DME/DME (33).E2E/2- 25- 2017 10- 21- 00 PM/Image 17.TIFF
../Images/Images_Manual/DME/DME (33).E2E/2- 25- 2017 10- 21- 00 PM/Image 18.png,./Macular-Dataset-R.Rasti_old/DME/DME (33).E2E/2- 25- 2017 10- 21- 00 PM/Image 18.TIFF
../Images/Images_Manual/DME/DME (33).E2E/2- 25- 2017 10- 21- 00 PM/Image 19.png,./Macular-Dataset-R.Rasti_old/DME/DME (33).E2E/2- 25- 2017 10- 21- 00 PM/Image 19.TIFF
../Images/Images_Manual/DME/DME (35).E2E/2- 25- 2017 10- 23- 21 PM/Image 1.png,./Macular-Dataset-R.Rasti_old/DME/DME (35).E2E/2- 25- 2017 10- 23- 21 PM/Image 1.TIFF
../Images/Images_Manual/DME/DME (35).E2E/2- 25- 2017 10- 23- 21 PM/Image 2.png,./Macular-Dataset-R.Rasti_old/DME/DME (35).E2E/2- 25- 2017 10- 23- 21 PM/Image 2.TIFF
../Images/Images_Manual/DME/DME (35).E2E/2- 25- 2017 10- 23- 21 PM/Image 3.png,./Macular-Dataset-R.Rasti_old/DME/DME (35).E2E/2- 25- 2017 10- 23- 21 PM/Image 3.TIFF
../Images/Images_Manual/DME/DME (35).E2E/2- 25- 2017 10- 23- 21 PM/Image 4.png,./Macular-Dataset-R.Rasti_old/DME/DME (35).E2E/2- 25- 2017 10- 23- 21 PM/Image 4.TIFF
../Images/Images_Manual/DME/DME (35).E2E/2- 25- 2017 10- 23- 21 PM/Image 5.png,./Macular-Dataset-R.Rasti_old/DME/DME (35).E2E/2- 25- 2017 10- 23- 21 PM/Image 5.TIFF
../Images/Images_Manual/DME/DME (35).E2E/2- 25- 2017 10- 23- 21 PM/Image 6.png,./Macular-Dataset-R.Rasti_old/DME/DME (35).E2E/2- 25- 2017 10- 23- 21 PM/Image 6.TIFF
../Images/Images_Manual/DME/DME (35).E2E/2- 25- 2017 10- 23- 21 PM/Image 7.png,./Macular-Dataset-R.Rasti_old/DME/DME (35).E2E/2- 25- 2017 10- 23- 21 PM/Image 7.TIFF
../Images/Images_Manual/DME/DME (35).E2E/2- 25- 2017 10- 23- 21 PM/Image 8.png,./Macular-Dataset-R.Rasti_old/DME/DME (35).E2E/2- 25- 2017 10- 23- 21 PM/Image 8.TIFF
../Images/Images_Manual/DME/DME (35).E2E/2- 25- 2017 10- 23- 21 PM/Image 9.png,./Macular-Dataset-R.Rasti_old/DME/DME (35).E2E/2- 25- 2017 10- 23- 21 PM/Image 9.TIFF
../Images/Images_Manual/DME/DME (35).E2E/2- 25- 2017 10- 23- 21 PM/Image 10.png,./Macular-Dataset-R.Rasti_old/DME/DME (35).E2E/2- 25- 2017 10- 23- 21 PM/Image 10.TIFF
../Images/Images_Manual/DME/DME (35).E2E/2- 25- 2017 10- 23- 21 PM/Image 11.png,./Macular-Dataset-R.Rasti_old/DME/DME (35).E2E/2- 25- 2017 10- 23- 21 PM/Image 11.TIFF
../Images/Images_Manual/DME/DME (35).E2E/2- 25- 2017 10- 23- 21 PM/Image 12.png,./Macular-Dataset-R.Rasti_old/DME/DME (35).E2E/2- 25- 2017 10- 23- 21 PM/Image 12.TIFF
../Images/Images_Manual/DME/DME (35).E2E/2- 25- 2017 10- 23- 21 PM/Image 13.png,./Macular-Dataset-R.Rasti_old/DME/DME (35).E2E/2- 25- 2017 10- 23- 21 PM/Image 13.TIFF
../Images/Images_Manual/DME/DME (35).E2E/2- 25- 2017 10- 23- 21 PM/Image 14.png,./Macular-Dataset-R.Rasti_old/DME/DME (35).E2E/2- 25- 2017 10- 23- 21 PM/Image 14.TIFF
../Images/Images_Manual/DME/DME (35).E2E/2- 25- 2017 10- 23- 21 PM/Image 15.png,./Macular-Dataset-R.Rasti_old/DME/DME (35).E2E/2- 25- 2017 10- 23- 21 PM/Image 15.TIFF
../Images/Images_Manual/DME/DME (35).E2E/2- 25- 2017 10- 23- 21 PM/Image 16.png,./Macular-Dataset-R.Rasti_old/DME/DME (35).E2E/2- 25- 2017 10- 23- 21 PM/Image 16.TIFF
../Images/Images_Manual/DME/DME (35).E2E/2- 25- 2017 10- 23- 21 PM/Image 17.png,./Macular-Dataset-R.Rasti_old/DME/DME (35).E2E/2- 25- 2017 10- 23- 21 PM/Image 17.TIFF
../Images/Images_Manual/DME/DME (35).E2E/2- 25- 2017 10- 23- 21 PM/Image 18.png,./Macular-Dataset-R.Rasti_old/DME/DME (35).E2E/2- 25- 2017 10- 23- 21 PM/Image 18.TIFF
../Images/Images_Manual/DME/DME (35).E2E/2- 25- 2017 10- 23- 21 PM/Image 19.png,./Macular-Dataset-R.Rasti_old/DME/DME (35).E2E/2- 25- 2017 10- 23- 21 PM/Image 19.TIFF
../Images/Images_Manual/DME/DME (37).E2E/2- 25- 2017 10- 26- 30 PM/Image 1.png,./Macular-Dataset-R.Rasti_old/DME/DME (37).E2E/2- 25- 2017 10- 26- 30 PM/Image 1.TIFF
../Images/Images_Manual/DME/DME (37).E2E/2- 25- 2017 10- 26- 30 PM/Image 2.png,./Macular-Dataset-R.Rasti_old/DME/DME (37).E2E/2- 25- 2017 10- 26- 30 PM/Image 2.TIFF
../Images/Images_Manual/DME/DME (37).E2E/2- 25- 2017 10- 26- 30 PM/Image 3.png,./Macular-Dataset-R.Rasti_old/DME/DME (37).E2E/2- 25- 2017 10- 26- 30 PM/Image 3.TIFF
../Images/Images_Manual/DME/DME (37).E2E/2- 25- 2017 10- 26- 30 PM/Image 4.png,./Macular-Dataset-R.Rasti_old/DME/DME (37).E2E/2- 25- 2017 10- 26- 30 PM/Image 4.TIFF
../Images/Images_Manual/DME/DME (37).E2E/2- 25- 2017 10- 26- 30 PM/Image 5.png,./Macular-Dataset-R.Rasti_old/DME/DME (37).E2E/2- 25- 2017 10- 26- 30 PM/Image 5.TIFF
../Images/Images_Manual/DME/DME (37).E2E/2- 25- 2017 10- 26- 30 PM/Image 6.png,./Macular-Dataset-R.Rasti_old/DME/DME (37).E2E/2- 25- 2017 10- 26- 30 PM/Image 6.TIFF
../Images/Images_Manual/DME/DME (37).E2E/2- 25- 2017 10- 26- 30 PM/Image 7.png,./Macular-Dataset-R.Rasti_old/DME/DME (37).E2E/2- 25- 2017 10- 26- 30 PM/Image 7.TIFF
../Images/Images_Manual/DME/DME (37).E2E/2- 25- 2017 10- 26- 30 PM/Image 8.png,./Macular-Dataset-R.Rasti_old/DME/DME (37).E2E/2- 25- 2017 10- 26- 30 PM/Image 8.TIFF
../Images/Images_Manual/DME/DME (37).E2E/2- 25- 2017 10- 26- 30 PM/Image 9.png,./Macular-Dataset-R.Rasti_old/DME/DME (37).E2E/2- 25- 2017 10- 26- 30 PM/Image 9.TIFF
../Images/Images_Manual/DME/DME (37).E2E/2- 25- 2017 10- 26- 30 PM/Image 10.png,./Macular-Dataset-R.Rasti_old/DME/DME (37).E2E/2- 25- 2017 10- 26- 30 PM/Image 10.TIFF
../Images/Images_Manual/DME/DME (37).E2E/2- 25- 2017 10- 26- 30 PM/Image 11.png,./Macular-Dataset-R.Rasti_old/DME/DME (37).E2E/2- 25- 2017 10- 26- 30 PM/Image 11.TIFF
../Images/Images_Manual/DME/DME (37).E2E/2- 25- 2017 10- 26- 30 PM/Image 12.png,./Macular-Dataset-R.Rasti_old/DME/DME (37).E2E/2- 25- 2017 10- 26- 30 PM/Image 12.TIFF
../Images/Images_Manual/DME/DME (37).E2E/2- 25- 2017 10- 26- 30 PM/Image 13.png,./Macular-Dataset-R.Rasti_old/DME/DME (37).E2E/2- 25- 2017 10- 26- 30 PM/Image 13.TIFF
../Images/Images_Manual/DME/DME (37).E2E/2- 25- 2017 10- 26- 30 PM/Image 14.png,./Macular-Dataset-R.Rasti_old/DME/DME (37).E2E/2- 25- 2017 10- 26- 30 PM/Image 14.TIFF
../Images/Images_Manual/DME/DME (37).E2E/2- 25- 2017 10- 26- 30 PM/Image 15.png,./Macular-Dataset-R.Rasti_old/DME/DME (37).E2E/2- 25- 2017 10- 26- 30 PM/Image 15.TIFF
../Images/Images_Manual/DME/DME (37).E2E/2- 25- 2017 10- 26- 30 PM/Image 16.png,./Macular-Dataset-R.Rasti_old/DME/DME (37).E2E/2- 25- 2017 10- 26- 30 PM/Image 16.TIFF
../Images/Images_Manual/DME/DME (37).E2E/2- 25- 2017 10- 26- 30 PM/Image 17.png,./Macular-Dataset-R.Rasti_old/DME/DME (37).E2E/2- 25- 2017 10- 26- 30 PM/Image 17.TIFF
../Images/Images_Manual/DME/DME (37).E2E/2- 25- 2017 10- 26- 30 PM/Image 18.png,./Macular-Dataset-R.Rasti_old/DME/DME (37).E2E/2- 25- 2017 10- 26- 30 PM/Image 18.TIFF
../Images/Images_Manual/DME/DME (37).E2E/2- 25- 2017 10- 26- 30 PM/Image 19.png,./Macular-Dataset-R.Rasti_old/DME/DME (37).E2E/2- 25- 2017 10- 26- 30 PM/Image 19.TIFF
../Images/Images_Manual/Normal Part1/Normal (6).E2E/2- 26- 2017 9- 12- 11 AM/Image 1.png,./Macular-Dataset-R.Rasti_old/Normal Part1/Normal (6).E2E/2- 26- 2017 9- 12- 11 AM/Image 1.TIFF
../Images/Images_Manual/Normal Part1/Normal (6).E2E/2- 26- 2017 9- 12- 11 AM/Image 2.png,./Macular-Dataset-R.Rasti_old/Normal Part1/Normal (6).E2E/2- 26- 2017 9- 12- 11 AM/Image 2.TIFF
../Images/Images_Manual/Normal Part1/Normal (6).E2E/2- 26- 2017 9- 12- 11 AM/Image 3.png,./Macular-Dataset-R.Rasti_old/Normal Part1/Normal (6).E2E/2- 26- 2017 9- 12- 11 AM/Image 3.TIFF
../Images/Images_Manual/Normal Part1/Normal (6).E2E/2- 26- 2017 9- 12- 11 AM/Image 4.png,./Macular-Dataset-R.Rasti_old/Normal Part1/Normal (6).E2E/2- 26- 2017 9- 12- 11 AM/Image 4.TIFF
../Images/Images_Manual/Normal Part1/Normal (6).E2E/2- 26- 2017 9- 12- 11 AM/Image 5.png,./Macular-Dataset-R.Rasti_old/Normal Part1/Normal (6).E2E/2- 26- 2017 9- 12- 11 AM/Image 5.TIFF
../Images/Images_Manual/Normal Part1/Normal (6).E2E/2- 26- 2017 9- 12- 11 AM/Image 6.png,./Macular-Dataset-R.Rasti_old/Normal Part1/Normal (6).E2E/2- 26- 2017 9- 12- 11 AM/Image 6.TIFF
../Images/Images_Manual/Normal Part1/Normal (6).E2E/2- 26- 2017 9- 12- 11 AM/Image 7.png,./Macular-Dataset-R.Rasti_old/Normal Part1/Normal (6).E2E/2- 26- 2017 9- 12- 11 AM/Image 7.TIFF
../Images/Images_Manual/Normal Part1/Normal (6).E2E/2- 26- 2017 9- 12- 11 AM/Image 8.png,./Macular-Dataset-R.Rasti_old/Normal Part1/Normal (6).E2E/2- 26- 2017 9- 12- 11 AM/Image 8.TIFF
../Images/Images_Manual/Normal Part1/Normal (6).E2E/2- 26- 2017 9- 12- 11 AM/Image 9.png,./Macular-Dataset-R.Rasti_old/Normal Part1/Normal (6).E2E/2- 26- 2017 9- 12- 11 AM/Image 9.TIFF
../Images/Images_Manual/Normal Part1/Normal (6).E2E/2- 26- 2017 9- 12- 11 AM/Image 10.png,./Macular-Dataset-R.Rasti_old/Normal Part1/Normal (6).E2E/2- 26- 2017 9- 12- 11 AM/Image 10.TIFF
../Images/Images_Manual/Normal Part1/Normal (6).E2E/2- 26- 2017 9- 12- 11 AM/Image 11.png,./Macular-Dataset-R.Rasti_old/Normal Part1/Normal (6).E2E/2- 26- 2017 9- 12- 11 AM/Image 11.TIFF
../Images/Images_Manual/Normal Part1/Normal (6).E2E/2- 26- 2017 9- 12- 11 AM/Image 12.png,./Macular-Dataset-R.Rasti_old/Normal Part1/Normal (6).E2E/2- 26- 2017 9- 12- 11 AM/Image 12.TIFF
../Images/Images_Manual/Normal Part1/Normal (6).E2E/2- 26- 2017 9- 12- 11 AM/Image 13.png,./Macular-Dataset-R.Rasti_old/Normal Part1/Normal (6).E2E/2- 26- 2017 9- 12- 11 AM/Image 13.TIFF
../Images/Images_Manual/Normal Part1/Normal (6).E2E/2- 26- 2017 9- 12- 11 AM/Image 14.png,./Macular-Dataset-R.Rasti_old/Normal Part1/Normal (6).E2E/2- 26- 2017 9- 12- 11 AM/Image 14.TIFF
../Images/Images_Manual/Normal Part1/Normal (6).E2E/2- 26- 2017 9- 12- 11 AM/Image 15.png,./Macular-Dataset-R.Rasti_old/Normal Part1/Normal (6).E2E/2- 26- 2017 9- 12- 11 AM/Image 15.TIFF
../Images/Images_Manual/Normal Part1/Normal (6).E2E/2- 26- 2017 9- 12- 11 AM/Image 16.png,./Macular-Dataset-R.Rasti_old/Normal Part1/Normal (6).E2E/2- 26- 2017 9- 12- 11 AM/Image 16.TIFF
../Images/Images_Manual/Normal Part1/Normal (6).E2E/2- 26- 2017 9- 12- 11 AM/Image 17.png,./Macular-Dataset-R.Rasti_old/Normal Part1/Normal (6).E2E/2- 26- 2017 9- 12- 11 AM/Image 17.TIFF
../Images/Images_Manual/Normal Part1/Normal (6).E2E/2- 26- 2017 9- 12- 11 AM/Image 18.png,./Macular-Dataset-R.Rasti_old/Normal Part1/Normal (6).E2E/2- 26- 2017 9- 12- 11 AM/Image 18.TIFF
../Images/Images_Manual/Normal Part1/Normal (6).E2E/2- 26- 2017 9- 12- 11 AM/Image 19.png,./Macular-Dataset-R.Rasti_old/Normal Part1/Normal (6).E2E/2- 26- 2017 9- 12- 11 AM/Image 19.TIFF
../Images/Images_Manual/Normal Part1/Normal (7).E2E/2- 26- 2017 9- 14- 12 AM/Image 1.png,./Macular-Dataset-R.Rasti_old/Normal Part1/Normal (7).E2E/2- 26- 2017 9- 14- 12 AM/Image 1.TIFF
../Images/Images_Manual/Normal Part1/Normal (7).E2E/2- 26- 2017 9- 14- 12 AM/Image 2.png,./Macular-Dataset-R.Rasti_old/Normal Part1/Normal (7).E2E/2- 26- 2017 9- 14- 12 AM/Image 2.TIFF
../Images/Images_Manual/Normal Part1/Normal (7).E2E/2- 26- 2017 9- 14- 12 AM/Image 3.png,./Macular-Dataset-R.Rasti_old/Normal Part1/Normal (7).E2E/2- 26- 2017 9- 14- 12 AM/Image 3.TIFF
../Images/Images_Manual/Normal Part1/Normal (7).E2E/2- 26- 2017 9- 14- 12 AM/Image 4.png,./Macular-Dataset-R.Rasti_old/Normal Part1/Normal (7).E2E/2- 26- 2017 9- 14- 12 AM/Image 4.TIFF
../Images/Images_Manual/Normal Part1/Normal (7).E2E/2- 26- 2017 9- 14- 12 AM/Image 5.png,./Macular-Dataset-R.Rasti_old/Normal Part1/Normal (7).E2E/2- 26- 2017 9- 14- 12 AM/Image 5.TIFF
../Images/Images_Manual/Normal Part1/Normal (7).E2E/2- 26- 2017 9- 14- 12 AM/Image 6.png,./Macular-Dataset-R.Rasti_old/Normal Part1/Normal (7).E2E/2- 26- 2017 9- 14- 12 AM/Image 6.TIFF
../Images/Images_Manual/Normal Part1/Normal (7).E2E/2- 26- 2017 9- 14- 12 AM/Image 7.png,./Macular-Dataset-R.Rasti_old/Normal Part1/Normal (7).E2E/2- 26- 2017 9- 14- 12 AM/Image 7.TIFF
../Images/Images_Manual/Normal Part1/Normal (7).E2E/2- 26- 2017 9- 14- 12 AM/Image 8.png,./Macular-Dataset-R.Rasti_old/Normal Part1/Normal (7).E2E/2- 26- 2017 9- 14- 12 AM/Image 8.TIFF
../Images/Images_Manual/Normal Part1/Normal (7).E2E/2- 26- 2017 9- 14- 12 AM/Image 9.png,./Macular-Dataset-R.Rasti_old/Normal Part1/Normal (7).E2E/2- 26- 2017 9- 14- 12 AM/Image 9.TIFF
../Images/Images_Manual/Normal Part1/Normal (7).E2E/2- 26- 2017 9- 14- 12 AM/Image 10.png,./Macular-Dataset-R.Rasti_old/Normal Part1/Normal (7).E2E/2- 26- 2017 9- 14- 12 AM/Image 10.TIFF
../Images/Images_Manual/Normal Part1/Normal (7).E2E/2- 26- 2017 9- 14- 12 AM/Image 11.png,./Macular-Dataset-R.Rasti_old/Normal Part1/Normal (7).E2E/2- 26- 2017 9- 14- 12 AM/Image 11.TIFF
../Images/Images_Manual/Normal Part1/Normal (7).E2E/2- 26- 2017 9- 14- 12 AM/Image 12.png,./Macular-Dataset-R.Rasti_old/Normal Part1/Normal (7).E2E/2- 26- 2017 9- 14- 12 AM/Image 12.TIFF
../Images/Images_Manual/Normal Part1/Normal (7).E2E/2- 26- 2017 9- 14- 12 AM/Image 13.png,./Macular-Dataset-R.Rasti_old/Normal Part1/Normal (7).E2E/2- 26- 2017 9- 14- 12 AM/Image 13.TIFF
../Images/Images_Manual/Normal Part1/Normal (7).E2E/2- 26- 2017 9- 14- 12 AM/Image 14.png,./Macular-Dataset-R.Rasti_old/Normal Part1/Normal (7).E2E/2- 26- 2017 9- 14- 12 AM/Image 14.TIFF
../Images/Images_Manual/Normal Part1/Normal (7).E2E/2- 26- 2017 9- 14- 12 AM/Image 15.png,./Macular-Dataset-R.Rasti_old/Normal Part1/Normal (7).E2E/2- 26- 2017 9- 14- 12 AM/Image 15.TIFF
../Images/Images_Manual/Normal Part1/Normal (7).E2E/2- 26- 2017 9- 14- 12 AM/Image 16.png,./Macular-Dataset-R.Rasti_old/Normal Part1/Normal (7).E2E/2- 26- 2017 9- 14- 12 AM/Image 16.TIFF
../Images/Images_Manual/Normal Part1/Normal (7).E2E/2- 26- 2017 9- 14- 12 AM/Image 17.png,./Macular-Dataset-R.Rasti_old/Normal Part1/Normal (7).E2E/2- 26- 2017 9- 14- 12 AM/Image 17.TIFF
../Images/Images_Manual/Normal Part1/Normal (7).E2E/2- 26- 2017 9- 14- 12 AM/Image 18.png,./Macular-Dataset-R.Rasti_old/Normal Part1/Normal (7).E2E/2- 26- 2017 9- 14- 12 AM/Image 18.TIFF
../Images/Images_Manual/Normal Part1/Normal (7).E2E/2- 26- 2017 9- 14- 12 AM/Image 19.png,./Macular-Dataset-R.Rasti_old/Normal Part1/Normal (7).E2E/2- 26- 2017 9- 14- 12 AM/Image 19.TIFF
../Images/Images_Manual/Normal Part1/Normal (9).E2E/2- 26- 2017 9- 15- 48 AM/Image 1.png,./Macular-Dataset-R.Rasti_old/Normal Part1/Normal (9).E2E/2- 26- 2017 9- 15- 48 AM/Image 1.TIFF
../Images/Images_Manual/Normal Part1/Normal (9).E2E/2- 26- 2017 9- 15- 48 AM/Image 2.png,./Macular-Dataset-R.Rasti_old/Normal Part1/Normal (9).E2E/2- 26- 2017 9- 15- 48 AM/Image 2.TIFF
../Images/Images_Manual/Normal Part1/Normal (9).E2E/2- 26- 2017 9- 15- 48 AM/Image 3.png,./Macular-Dataset-R.Rasti_old/Normal Part1/Normal (9).E2E/2- 26- 2017 9- 15- 48 AM/Image 3.TIFF
../Images/Images_Manual/Normal Part1/Normal (9).E2E/2- 26- 2017 9- 15- 48 AM/Image 4.png,./Macular-Dataset-R.Rasti_old/Normal Part1/Normal (9).E2E/2- 26- 2017 9- 15- 48 AM/Image 4.TIFF
../Images/Images_Manual/Normal Part1/Normal (9).E2E/2- 26- 2017 9- 15- 48 AM/Image 5.png,./Macular-Dataset-R.Rasti_old/Normal Part1/Normal (9).E2E/2- 26- 2017 9- 15- 48 AM/Image 5.TIFF
../Images/Images_Manual/Normal Part1/Normal (9).E2E/2- 26- 2017 9- 15- 48 AM/Image 6.png,./Macular-Dataset-R.Rasti_old/Normal Part1/Normal (9).E2E/2- 26- 2017 9- 15- 48 AM/Image 6.TIFF
../Images/Images_Manual/Normal Part1/Normal (9).E2E/2- 26- 2017 9- 15- 48 AM/Image 7.png,./Macular-Dataset-R.Rasti_old/Normal Part1/Normal (9).E2E/2- 26- 2017 9- 15- 48 AM/Image 7.TIFF
../Images/Images_Manual/Normal Part1/Normal (9).E2E/2- 26- 2017 9- 15- 48 AM/Image 8.png,./Macular-Dataset-R.Rasti_old/Normal Part1/Normal (9).E2E/2- 26- 2017 9- 15- 48 AM/Image 8.TIFF
../Images/Images_Manual/Normal Part1/Normal (9).E2E/2- 26- 2017 9- 15- 48 AM/Image 9.png,./Macular-Dataset-R.Rasti_old/Normal Part1/Normal (9).E2E/2- 26- 2017 9- 15- 48 AM/Image 9.TIFF
../Images/Images_Manual/Normal Part1/Normal (9).E2E/2- 26- 2017 9- 15- 48 AM/Image 10.png,./Macular-Dataset-R.Rasti_old/Normal Part1/Normal (9).E2E/2- 26- 2017 9- 15- 48 AM/Image 10.TIFF
../Images/Images_Manual/Normal Part1/Normal (9).E2E/2- 26- 2017 9- 15- 48 AM/Image 11.png,./Macular-Dataset-R.Rasti_old/Normal Part1/Normal (9).E2E/2- 26- 2017 9- 15- 48 AM/Image 11.TIFF
../Images/Images_Manual/Normal Part1/Normal (9).E2E/2- 26- 2017 9- 15- 48 AM/Image 12.png,./Macular-Dataset-R.Rasti_old/Normal Part1/Normal (9).E2E/2- 26- 2017 9- 15- 48 AM/Image 12.TIFF
../Images/Images_Manual/Normal Part1/Normal (9).E2E/2- 26- 2017 9- 15- 48 AM/Image 13.png,./Macular-Dataset-R.Rasti_old/Normal Part1/Normal (9).E2E/2- 26- 2017 9- 15- 48 AM/Image 13.TIFF
../Images/Images_Manual/Normal Part1/Normal (9).E2E/2- 26- 2017 9- 15- 48 AM/Image 14.png,./Macular-Dataset-R.Rasti_old/Normal Part1/Normal (9).E2E/2- 26- 2017 9- 15- 48 AM/Image 14.TIFF
../Images/Images_Manual/Normal Part1/Normal (9).E2E/2- 26- 2017 9- 15- 48 AM/Image 15.png,./Macular-Dataset-R.Rasti_old/Normal Part1/Normal (9).E2E/2- 26- 2017 9- 15- 48 AM/Image 15.TIFF
../Images/Images_Manual/Normal Part1/Normal (9).E2E/2- 26- 2017 9- 15- 48 AM/Image 16.png,./Macular-Dataset-R.Rasti_old/Normal Part1/Normal (9).E2E/2- 26- 2017 9- 15- 48 AM/Image 16.TIFF
../Images/Images_Manual/Normal Part1/Normal (9).E2E/2- 26- 2017 9- 15- 48 AM/Image 17.png,./Macular-Dataset-R.Rasti_old/Normal Part1/Normal (9).E2E/2- 26- 2017 9- 15- 48 AM/Image 17.TIFF
../Images/Images_Manual/Normal Part1/Normal (9).E2E/2- 26- 2017 9- 15- 48 AM/Image 18.png,./Macular-Dataset-R.Rasti_old/Normal Part1/Normal (9).E2E/2- 26- 2017 9- 15- 48 AM/Image 18.TIFF
../Images/Images_Manual/Normal Part1/Normal (9).E2E/2- 26- 2017 9- 15- 48 AM/Image 19.png,./Macular-Dataset-R.Rasti_old/Normal Part1/Normal (9).E2E/2- 26- 2017 9- 15- 48 AM/Image 19.TIFF
../Images/Images_Manual/Normal Part1/Normal (9).E2E/2- 26- 2017 9- 15- 48 AM/Image 20.png,./Macular-Dataset-R.Rasti_old/Normal Part1/Normal (9).E2E/2- 26- 2017 9- 15- 48 AM/Image 20.TIFF
../Images/Images_Manual/Normal Part1/Normal (9).E2E/2- 26- 2017 9- 15- 48 AM/Image 21.png,./Macular-Dataset-R.Rasti_old/Normal Part1/Normal (9).E2E/2- 26- 2017 9- 15- 48 AM/Image 21.TIFF
../Images/Images_Manual/Normal Part1/Normal (9).E2E/2- 26- 2017 9- 15- 48 AM/Image 22.png,./Macular-Dataset-R.Rasti_old/Normal Part1/Normal (9).E2E/2- 26- 2017 9- 15- 48 AM/Image 22.TIFF
../Images/Images_Manual/Normal Part1/Normal (9).E2E/2- 26- 2017 9- 15- 48 AM/Image 23.png,./Macular-Dataset-R.Rasti_old/Normal Part1/Normal (9).E2E/2- 26- 2017 9- 15- 48 AM/Image 23.TIFF
../Images/Images_Manual/Normal Part1/Normal (9).E2E/2- 26- 2017 9- 15- 48 AM/Image 24.png,./Macular-Dataset-R.Rasti_old/Normal Part1/Normal (9).E2E/2- 26- 2017 9- 15- 48 AM/Image 24.TIFF
../Images/Images_Manual/Normal Part1/Normal (9).E2E/2- 26- 2017 9- 15- 48 AM/Image 25.png,./Macular-Dataset-R.Rasti_old/Normal Part1/Normal (9).E2E/2- 26- 2017 9- 15- 48 AM/Image 25.TIFF
../Images/Images_Manual/Normal Part1/Normal (9).E2E/2- 26- 2017 9- 15- 48 AM/Image 26.png,./Macular-Dataset-R.Rasti_old/Normal Part1/Normal (9).E2E/2- 26- 2017 9- 15- 48 AM/Image 26.TIFF
../Images/Images_Manual/Normal Part1/Normal (9).E2E/2- 26- 2017 9- 15- 48 AM/Image 27.png,./Macular-Dataset-R.Rasti_old/Normal Part1/Normal (9).E2E/2- 26- 2017 9- 15- 48 AM/Image 27.TIFF
../Images/Images_Manual/Normal Part1/Normal (9).E2E/2- 26- 2017 9- 15- 48 AM/Image 28.png,./Macular-Dataset-R.Rasti_old/Normal Part1/Normal (9).E2E/2- 26- 2017 9- 15- 48 AM/Image 28.TIFF
../Images/Images_Manual/Normal Part1/Normal (9).E2E/2- 26- 2017 9- 15- 48 AM/Image 29.png,./Macular-Dataset-R.Rasti_old/Normal Part1/Normal (9).E2E/2- 26- 2017 9- 15- 48 AM/Image 29.TIFF
../Images/Images_Manual/Normal Part1/Normal (9).E2E/2- 26- 2017 9- 15- 48 AM/Image 30.png,./Macular-Dataset-R.Rasti_old/Normal Part1/Normal (9).E2E/2- 26- 2017 9- 15- 48 AM/Image 30.TIFF
../Images/Images_Manual/Normal Part1/Normal (9).E2E/2- 26- 2017 9- 15- 48 AM/Image 31.png,./Macular-Dataset-R.Rasti_old/Normal Part1/Normal (9).E2E/2- 26- 2017 9- 15- 48 AM/Image 31.TIFF
../Images/Images_Manual/Normal Part1/Normal (10).E2E/2- 26- 2017 9- 18- 14 AM/Image 1.png,./Macular-Dataset-R.Rasti_old/Normal Part1/Normal (10).E2E/2- 26- 2017 9- 18- 14 AM/Image 1.TIFF
../Images/Images_Manual/Normal Part1/Normal (10).E2E/2- 26- 2017 9- 18- 14 AM/Image 2.png,./Macular-Dataset-R.Rasti_old/Normal Part1/Normal (10).E2E/2- 26- 2017 9- 18- 14 AM/Image 2.TIFF
../Images/Images_Manual/Normal Part1/Normal (10).E2E/2- 26- 2017 9- 18- 14 AM/Image 3.png,./Macular-Dataset-R.Rasti_old/Normal Part1/Normal (10).E2E/2- 26- 2017 9- 18- 14 AM/Image 3.TIFF
../Images/Images_Manual/Normal Part1/Normal (10).E2E/2- 26- 2017 9- 18- 14 AM/Image 4.png,./Macular-Dataset-R.Rasti_old/Normal Part1/Normal (10).E2E/2- 26- 2017 9- 18- 14 AM/Image 4.TIFF
../Images/Images_Manual/Normal Part1/Normal (10).E2E/2- 26- 2017 9- 18- 14 AM/Image 5.png,./Macular-Dataset-R.Rasti_old/Normal Part1/Normal (10).E2E/2- 26- 2017 9- 18- 14 AM/Image 5.TIFF
../Images/Images_Manual/Normal Part1/Normal (10).E2E/2- 26- 2017 9- 18- 14 AM/Image 6.png,./Macular-Dataset-R.Rasti_old/Normal Part1/Normal (10).E2E/2- 26- 2017 9- 18- 14 AM/Image 6.TIFF
../Images/Images_Manual/Normal Part1/Normal (10).E2E/2- 26- 2017 9- 18- 14 AM/Image 7.png,./Macular-Dataset-R.Rasti_old/Normal Part1/Normal (10).E2E/2- 26- 2017 9- 18- 14 AM/Image 7.TIFF
../Images/Images_Manual/Normal Part1/Normal (10).E2E/2- 26- 2017 9- 18- 14 AM/Image 8.png,./Macular-Dataset-R.Rasti_old/Normal Part1/Normal (10).E2E/2- 26- 2017 9- 18- 14 AM/Image 8.TIFF
../Images/Images_Manual/Normal Part1/Normal (10).E2E/2- 26- 2017 9- 18- 14 AM/Image 9.png,./Macular-Dataset-R.Rasti_old/Normal Part1/Normal (10).E2E/2- 26- 2017 9- 18- 14 AM/Image 9.TIFF
../Images/Images_Manual/Normal Part1/Normal (10).E2E/2- 26- 2017 9- 18- 14 AM/Image 10.png,./Macular-Dataset-R.Rasti_old/Normal Part1/Normal (10).E2E/2- 26- 2017 9- 18- 14 AM/Image 10.TIFF
../Images/Images_Manual/Normal Part1/Normal (10).E2E/2- 26- 2017 9- 18- 14 AM/Image 11.png,./Macular-Dataset-R.Rasti_old/Normal Part1/Normal (10).E2E/2- 26- 2017 9- 18- 14 AM/Image 11.TIFF
../Images/Images_Manual/Normal Part1/Normal (10).E2E/2- 26- 2017 9- 18- 14 AM/Image 12.png,./Macular-Dataset-R.Rasti_old/Normal Part1/Normal (10).E2E/2- 26- 2017 9- 18- 14 AM/Image 12.TIFF
../Images/Images_Manual/Normal Part1/Normal (10).E2E/2- 26- 2017 9- 18- 14 AM/Image 13.png,./Macular-Dataset-R.Rasti_old/Normal Part1/Normal (10).E2E/2- 26- 2017 9- 18- 14 AM/Image 13.TIFF
../Images/Images_Manual/Normal Part1/Normal (10).E2E/2- 26- 2017 9- 18- 14 AM/Image 14.png,./Macular-Dataset-R.Rasti_old/Normal Part1/Normal (10).E2E/2- 26- 2017 9- 18- 14 AM/Image 14.TIFF
../Images/Images_Manual/Normal Part1/Normal (10).E2E/2- 26- 2017 9- 18- 14 AM/Image 15.png,./Macular-Dataset-R.Rasti_old/Normal Part1/Normal (10).E2E/2- 26- 2017 9- 18- 14 AM/Image 15.TIFF
../Images/Images_Manual/Normal Part1/Normal (10).E2E/2- 26- 2017 9- 18- 14 AM/Image 16.png,./Macular-Dataset-R.Rasti_old/Normal Part1/Normal (10).E2E/2- 26- 2017 9- 18- 14 AM/Image 16.TIFF
../Images/Images_Manual/Normal Part1/Normal (10).E2E/2- 26- 2017 9- 18- 14 AM/Image 17.png,./Macular-Dataset-R.Rasti_old/Normal Part1/Normal (10).E2E/2- 26- 2017 9- 18- 14 AM/Image 17.TIFF
../Images/Images_Manual/Normal Part1/Normal (10).E2E/2- 26- 2017 9- 18- 14 AM/Image 18.png,./Macular-Dataset-R.Rasti_old/Normal Part1/Normal (10).E2E/2- 26- 2017 9- 18- 14 AM/Image 18.TIFF
../Images/Images_Manual/Normal Part1/Normal (10).E2E/2- 26- 2017 9- 18- 14 AM/Image 19.png,./Macular-Dataset-R.Rasti_old/Normal Part1/Normal (10).E2E/2- 26- 2017 9- 18- 14 AM/Image 19.TIFF
../Images/Images_Manual/Normal Part1/Normal (12).E2E/2- 26- 2017 9- 23- 28 AM/Image 1.png,./Macular-Dataset-R.Rasti_old/Normal Part1/Normal (12).E2E/2- 26- 2017 9- 23- 28 AM/Image 1.TIFF
../Images/Images_Manual/Normal Part1/Normal (12).E2E/2- 26- 2017 9- 23- 28 AM/Image 2.png,./Macular-Dataset-R.Rasti_old/Normal Part1/Normal (12).E2E/2- 26- 2017 9- 23- 28 AM/Image 2.TIFF
../Images/Images_Manual/Normal Part1/Normal (12).E2E/2- 26- 2017 9- 23- 28 AM/Image 3.png,./Macular-Dataset-R.Rasti_old/Normal Part1/Normal (12).E2E/2- 26- 2017 9- 23- 28 AM/Image 3.TIFF
../Images/Images_Manual/Normal Part1/Normal (12).E2E/2- 26- 2017 9- 23- 28 AM/Image 4.png,./Macular-Dataset-R.Rasti_old/Normal Part1/Normal (12).E2E/2- 26- 2017 9- 23- 28 AM/Image 4.TIFF
../Images/Images_Manual/Normal Part1/Normal (12).E2E/2- 26- 2017 9- 23- 28 AM/Image 5.png,./Macular-Dataset-R.Rasti_old/Normal Part1/Normal (12).E2E/2- 26- 2017 9- 23- 28 AM/Image 5.TIFF
../Images/Images_Manual/Normal Part1/Normal (12).E2E/2- 26- 2017 9- 23- 28 AM/Image 6.png,./Macular-Dataset-R.Rasti_old/Normal Part1/Normal (12).E2E/2- 26- 2017 9- 23- 28 AM/Image 6.TIFF
../Images/Images_Manual/Normal Part1/Normal (12).E2E/2- 26- 2017 9- 23- 28 AM/Image 7.png,./Macular-Dataset-R.Rasti_old/Normal Part1/Normal (12).E2E/2- 26- 2017 9- 23- 28 AM/Image 7.TIFF
../Images/Images_Manual/Normal Part1/Normal (12).E2E/2- 26- 2017 9- 23- 28 AM/Image 8.png,./Macular-Dataset-R.Rasti_old/Normal Part1/Normal (12).E2E/2- 26- 2017 9- 23- 28 AM/Image 8.TIFF
../Images/Images_Manual/Normal Part1/Normal (12).E2E/2- 26- 2017 9- 23- 28 AM/Image 9.png,./Macular-Dataset-R.Rasti_old/Normal Part1/Normal (12).E2E/2- 26- 2017 9- 23- 28 AM/Image 9.TIFF
../Images/Images_Manual/Normal Part1/Normal (12).E2E/2- 26- 2017 9- 23- 28 AM/Image 10.png,./Macular-Dataset-R.Rasti_old/Normal Part1/Normal (12).E2E/2- 26- 2017 9- 23- 28 AM/Image 10.TIFF
../Images/Images_Manual/Normal Part1/Normal (12).E2E/2- 26- 2017 9- 23- 28 AM/Image 11.png,./Macular-Dataset-R.Rasti_old/Normal Part1/Normal (12).E2E/2- 26- 2017 9- 23- 28 AM/Image 11.TIFF
../Images/Images_Manual/Normal Part1/Normal (12).E2E/2- 26- 2017 9- 23- 28 AM/Image 12.png,./Macular-Dataset-R.Rasti_old/Normal Part1/Normal (12).E2E/2- 26- 2017 9- 23- 28 AM/Image 12.TIFF
../Images/Images_Manual/Normal Part1/Normal (12).E2E/2- 26- 2017 9- 23- 28 AM/Image 13.png,./Macular-Dataset-R.Rasti_old/Normal Part1/Normal (12).E2E/2- 26- 2017 9- 23- 28 AM/Image 13.TIFF
../Images/Images_Manual/Normal Part1/Normal (12).E2E/2- 26- 2017 9- 23- 28 AM/Image 14.png,./Macular-Dataset-R.Rasti_old/Normal Part1/Normal (12).E2E/2- 26- 2017 9- 23- 28 AM/Image 14.TIFF
../Images/Images_Manual/Normal Part1/Normal (12).E2E/2- 26- 2017 9- 23- 28 AM/Image 15.png,./Macular-Dataset-R.Rasti_old/Normal Part1/Normal (12).E2E/2- 26- 2017 9- 23- 28 AM/Image 15.TIFF
../Images/Images_Manual/Normal Part1/Normal (12).E2E/2- 26- 2017 9- 23- 28 AM/Image 16.png,./Macular-Dataset-R.Rasti_old/Normal Part1/Normal (12).E2E/2- 26- 2017 9- 23- 28 AM/Image 16.TIFF
../Images/Images_Manual/Normal Part1/Normal (12).E2E/2- 26- 2017 9- 23- 28 AM/Image 17.png,./Macular-Dataset-R.Rasti_old/Normal Part1/Normal (12).E2E/2- 26- 2017 9- 23- 28 AM/Image 17.TIFF
../Images/Images_Manual/Normal Part1/Normal (12).E2E/2- 26- 2017 9- 23- 28 AM/Image 18.png,./Macular-Dataset-R.Rasti_old/Normal Part1/Normal (12).E2E/2- 26- 2017 9- 23- 28 AM/Image 18.TIFF
../Images/Images_Manual/Normal Part1/Normal (12).E2E/2- 26- 2017 9- 23- 28 AM/Image 19.png,./Macular-Dataset-R.Rasti_old/Normal Part1/Normal (12).E2E/2- 26- 2017 9- 23- 28 AM/Image 19.TIFF
../Images/Images_Manual/Normal Part1/Normal (12).E2E/2- 26- 2017 9- 23- 28 AM/Image 20.png,./Macular-Dataset-R.Rasti_old/Normal Part1/Normal (12).E2E/2- 26- 2017 9- 23- 28 AM/Image 20.TIFF
../Images/Images_Manual/Normal Part1/Normal (12).E2E/2- 26- 2017 9- 23- 28 AM/Image 21.png,./Macular-Dataset-R.Rasti_old/Normal Part1/Normal (12).E2E/2- 26- 2017 9- 23- 28 AM/Image 21.TIFF
../Images/Images_Manual/Normal Part1/Normal (12).E2E/2- 26- 2017 9- 23- 28 AM/Image 22.png,./Macular-Dataset-R.Rasti_old/Normal Part1/Normal (12).E2E/2- 26- 2017 9- 23- 28 AM/Image 22.TIFF
../Images/Images_Manual/Normal Part1/Normal (12).E2E/2- 26- 2017 9- 23- 28 AM/Image 23.png,./Macular-Dataset-R.Rasti_old/Normal Part1/Normal (12).E2E/2- 26- 2017 9- 23- 28 AM/Image 23.TIFF
../Images/Images_Manual/Normal Part1/Normal (12).E2E/2- 26- 2017 9- 23- 28 AM/Image 24.png,./Macular-Dataset-R.Rasti_old/Normal Part1/Normal (12).E2E/2- 26- 2017 9- 23- 28 AM/Image 24.TIFF
../Images/Images_Manual/Normal Part1/Normal (12).E2E/2- 26- 2017 9- 23- 28 AM/Image 25.png,./Macular-Dataset-R.Rasti_old/Normal Part1/Normal (12).E2E/2- 26- 2017 9- 23- 28 AM/Image 25.TIFF
../Images/Images_Manual/Normal Part1/Normal (12).E2E/2- 26- 2017 9- 23- 28 AM/Image 26.png,./Macular-Dataset-R.Rasti_old/Normal Part1/Normal (12).E2E/2- 26- 2017 9- 23- 28 AM/Image 26.TIFF
../Images/Images_Manual/Normal Part1/Normal (12).E2E/2- 26- 2017 9- 23- 28 AM/Image 27.png,./Macular-Dataset-R.Rasti_old/Normal Part1/Normal (12).E2E/2- 26- 2017 9- 23- 28 AM/Image 27.TIFF
../Images/Images_Manual/Normal Part1/Normal (12).E2E/2- 26- 2017 9- 23- 28 AM/Image 28.png,./Macular-Dataset-R.Rasti_old/Normal Part1/Normal (12).E2E/2- 26- 2017 9- 23- 28 AM/Image 28.TIFF
../Images/Images_Manual/Normal Part1/Normal (12).E2E/2- 26- 2017 9- 23- 28 AM/Image 29.png,./Macular-Dataset-R.Rasti_old/Normal Part1/Normal (12).E2E/2- 26- 2017 9- 23- 28 AM/Image 29.TIFF
../Images/Images_Manual/Normal Part1/Normal (12).E2E/2- 26- 2017 9- 23- 28 AM/Image 30.png,./Macular-Dataset-R.Rasti_old/Normal Part1/Normal (12).E2E/2- 26- 2017 9- 23- 28 AM/Image 30.TIFF
../Images/Images_Manual/Normal Part1/Normal (12).E2E/2- 26- 2017 9- 23- 28 AM/Image 31.png,./Macular-Dataset-R.Rasti_old/Normal Part1/Normal (12).E2E/2- 26- 2017 9- 23- 28 AM/Image 31.TIFF
../Images/Images_Manual/Normal Part1/Normal (12).E2E/2- 26- 2017 9- 23- 28 AM/Image 32.png,./Macular-Dataset-R.Rasti_old/Normal Part1/Normal (12).E2E/2- 26- 2017 9- 23- 28 AM/Image 32.TIFF
../Images/Images_Manual/Normal Part1/Normal (12).E2E/2- 26- 2017 9- 23- 28 AM/Image 33.png,./Macular-Dataset-R.Rasti_old/Normal Part1/Normal (12).E2E/2- 26- 2017 9- 23- 28 AM/Image 33.TIFF
../Images/Images_Manual/Normal Part1/Normal (12).E2E/2- 26- 2017 9- 23- 28 AM/Image 34.png,./Macular-Dataset-R.Rasti_old/Normal Part1/Normal (12).E2E/2- 26- 2017 9- 23- 28 AM/Image 34.TIFF
../Images/Images_Manual/Normal Part1/Normal (12).E2E/2- 26- 2017 9- 23- 28 AM/Image 35.png,./Macular-Dataset-R.Rasti_old/Normal Part1/Normal (12).E2E/2- 26- 2017 9- 23- 28 AM/Image 35.TIFF
../Images/Images_Manual/Normal Part1/Normal (12).E2E/2- 26- 2017 9- 23- 28 AM/Image 36.png,./Macular-Dataset-R.Rasti_old/Normal Part1/Normal (12).E2E/2- 26- 2017 9- 23- 28 AM/Image 36.TIFF
../Images/Images_Manual/Normal Part1/Normal (12).E2E/2- 26- 2017 9- 23- 28 AM/Image 37.png,./Macular-Dataset-R.Rasti_old/Normal Part1/Normal (12).E2E/2- 26- 2017 9- 23- 28 AM/Image 37.TIFF
../Images/Images_Manual/Normal Part1/Normal (13).E2E/2- 26- 2017 9- 25- 04 AM/Image 1.png,./Macular-Dataset-R.Rasti_old/Normal Part1/Normal (13).E2E/2- 26- 2017 9- 25- 04 AM/Image 1.TIFF
../Images/Images_Manual/Normal Part1/Normal (13).E2E/2- 26- 2017 9- 25- 04 AM/Image 2.png,./Macular-Dataset-R.Rasti_old/Normal Part1/Normal (13).E2E/2- 26- 2017 9- 25- 04 AM/Image 2.TIFF
../Images/Images_Manual/Normal Part1/Normal (13).E2E/2- 26- 2017 9- 25- 04 AM/Image 3.png,./Macular-Dataset-R.Rasti_old/Normal Part1/Normal (13).E2E/2- 26- 2017 9- 25- 04 AM/Image 3.TIFF
../Images/Images_Manual/Normal Part1/Normal (13).E2E/2- 26- 2017 9- 25- 04 AM/Image 4.png,./Macular-Dataset-R.Rasti_old/Normal Part1/Normal (13).E2E/2- 26- 2017 9- 25- 04 AM/Image 4.TIFF
../Images/Images_Manual/Normal Part1/Normal (13).E2E/2- 26- 2017 9- 25- 04 AM/Image 5.png,./Macular-Dataset-R.Rasti_old/Normal Part1/Normal (13).E2E/2- 26- 2017 9- 25- 04 AM/Image 5.TIFF
../Images/Images_Manual/Normal Part1/Normal (13).E2E/2- 26- 2017 9- 25- 04 AM/Image 6.png,./Macular-Dataset-R.Rasti_old/Normal Part1/Normal (13).E2E/2- 26- 2017 9- 25- 04 AM/Image 6.TIFF
../Images/Images_Manual/Normal Part1/Normal (13).E2E/2- 26- 2017 9- 25- 04 AM/Image 7.png,./Macular-Dataset-R.Rasti_old/Normal Part1/Normal (13).E2E/2- 26- 2017 9- 25- 04 AM/Image 7.TIFF
../Images/Images_Manual/Normal Part1/Normal (13).E2E/2- 26- 2017 9- 25- 04 AM/Image 8.png,./Macular-Dataset-R.Rasti_old/Normal Part1/Normal (13).E2E/2- 26- 2017 9- 25- 04 AM/Image 8.TIFF
../Images/Images_Manual/Normal Part1/Normal (13).E2E/2- 26- 2017 9- 25- 04 AM/Image 9.png,./Macular-Dataset-R.Rasti_old/Normal Part1/Normal (13).E2E/2- 26- 2017 9- 25- 04 AM/Image 9.TIFF
../Images/Images_Manual/Normal Part1/Normal (13).E2E/2- 26- 2017 9- 25- 04 AM/Image 10.png,./Macular-Dataset-R.Rasti_old/Normal Part1/Normal (13).E2E/2- 26- 2017 9- 25- 04 AM/Image 10.TIFF
../Images/Images_Manual/Normal Part1/Normal (13).E2E/2- 26- 2017 9- 25- 04 AM/Image 11.png,./Macular-Dataset-R.Rasti_old/Normal Part1/Normal (13).E2E/2- 26- 2017 9- 25- 04 AM/Image 11.TIFF
../Images/Images_Manual/Normal Part1/Normal (13).E2E/2- 26- 2017 9- 25- 04 AM/Image 12.png,./Macular-Dataset-R.Rasti_old/Normal Part1/Normal (13).E2E/2- 26- 2017 9- 25- 04 AM/Image 12.TIFF
../Images/Images_Manual/Normal Part1/Normal (13).E2E/2- 26- 2017 9- 25- 04 AM/Image 13.png,./Macular-Dataset-R.Rasti_old/Normal Part1/Normal (13).E2E/2- 26- 2017 9- 25- 04 AM/Image 13.TIFF
../Images/Images_Manual/Normal Part1/Normal (13).E2E/2- 26- 2017 9- 25- 04 AM/Image 14.png,./Macular-Dataset-R.Rasti_old/Normal Part1/Normal (13).E2E/2- 26- 2017 9- 25- 04 AM/Image 14.TIFF
../Images/Images_Manual/Normal Part1/Normal (13).E2E/2- 26- 2017 9- 25- 04 AM/Image 15.png,./Macular-Dataset-R.Rasti_old/Normal Part1/Normal (13).E2E/2- 26- 2017 9- 25- 04 AM/Image 15.TIFF
../Images/Images_Manual/Normal Part1/Normal (13).E2E/2- 26- 2017 9- 25- 04 AM/Image 16.png,./Macular-Dataset-R.Rasti_old/Normal Part1/Normal (13).E2E/2- 26- 2017 9- 25- 04 AM/Image 16.TIFF
../Images/Images_Manual/Normal Part1/Normal (13).E2E/2- 26- 2017 9- 25- 04 AM/Image 17.png,./Macular-Dataset-R.Rasti_old/Normal Part1/Normal (13).E2E/2- 26- 2017 9- 25- 04 AM/Image 17.TIFF
../Images/Images_Manual/Normal Part1/Normal (13).E2E/2- 26- 2017 9- 25- 04 AM/Image 18.png,./Macular-Dataset-R.Rasti_old/Normal Part1/Normal (13).E2E/2- 26- 2017 9- 25- 04 AM/Image 18.TIFF
../Images/Images_Manual/Normal Part1/Normal (13).E2E/2- 26- 2017 9- 25- 04 AM/Image 19.png,./Macular-Dataset-R.Rasti_old/Normal Part1/Normal (13).E2E/2- 26- 2017 9- 25- 04 AM/Image 19.TIFF
../Images/Images_Manual/Normal Part1/Normal (14).E2E/2- 26- 2017 9- 26- 02 AM/Image 1.png,./Macular-Dataset-R.Rasti_old/Normal Part1/Normal (14).E2E/2- 26- 2017 9- 26- 02 AM/Image 1.TIFF
../Images/Images_Manual/Normal Part1/Normal (14).E2E/2- 26- 2017 9- 26- 02 AM/Image 2.png,./Macular-Dataset-R.Rasti_old/Normal Part1/Normal (14).E2E/2- 26- 2017 9- 26- 02 AM/Image 2.TIFF
../Images/Images_Manual/Normal Part1/Normal (14).E2E/2- 26- 2017 9- 26- 02 AM/Image 3.png,./Macular-Dataset-R.Rasti_old/Normal Part1/Normal (14).E2E/2- 26- 2017 9- 26- 02 AM/Image 3.TIFF
../Images/Images_Manual/Normal Part1/Normal (14).E2E/2- 26- 2017 9- 26- 02 AM/Image 4.png,./Macular-Dataset-R.Rasti_old/Normal Part1/Normal (14).E2E/2- 26- 2017 9- 26- 02 AM/Image 4.TIFF
../Images/Images_Manual/Normal Part1/Normal (14).E2E/2- 26- 2017 9- 26- 02 AM/Image 5.png,./Macular-Dataset-R.Rasti_old/Normal Part1/Normal (14).E2E/2- 26- 2017 9- 26- 02 AM/Image 5.TIFF
../Images/Images_Manual/Normal Part1/Normal (14).E2E/2- 26- 2017 9- 26- 02 AM/Image 6.png,./Macular-Dataset-R.Rasti_old/Normal Part1/Normal (14).E2E/2- 26- 2017 9- 26- 02 AM/Image 6.TIFF
../Images/Images_Manual/Normal Part1/Normal (14).E2E/2- 26- 2017 9- 26- 02 AM/Image 7.png,./Macular-Dataset-R.Rasti_old/Normal Part1/Normal (14).E2E/2- 26- 2017 9- 26- 02 AM/Image 7.TIFF
../Images/Images_Manual/Normal Part1/Normal (14).E2E/2- 26- 2017 9- 26- 02 AM/Image 8.png,./Macular-Dataset-R.Rasti_old/Normal Part1/Normal (14).E2E/2- 26- 2017 9- 26- 02 AM/Image 8.TIFF
../Images/Images_Manual/Normal Part1/Normal (14).E2E/2- 26- 2017 9- 26- 02 AM/Image 9.png,./Macular-Dataset-R.Rasti_old/Normal Part1/Normal (14).E2E/2- 26- 2017 9- 26- 02 AM/Image 9.TIFF
../Images/Images_Manual/Normal Part1/Normal (14).E2E/2- 26- 2017 9- 26- 02 AM/Image 10.png,./Macular-Dataset-R.Rasti_old/Normal Part1/Normal (14).E2E/2- 26- 2017 9- 26- 02 AM/Image 10.TIFF
../Images/Images_Manual/Normal Part1/Normal (14).E2E/2- 26- 2017 9- 26- 02 AM/Image 11.png,./Macular-Dataset-R.Rasti_old/Normal Part1/Normal (14).E2E/2- 26- 2017 9- 26- 02 AM/Image 11.TIFF
../Images/Images_Manual/Normal Part1/Normal (14).E2E/2- 26- 2017 9- 26- 02 AM/Image 12.png,./Macular-Dataset-R.Rasti_old/Normal Part1/Normal (14).E2E/2- 26- 2017 9- 26- 02 AM/Image 12.TIFF
../Images/Images_Manual/Normal Part1/Normal (14).E2E/2- 26- 2017 9- 26- 02 AM/Image 13.png,./Macular-Dataset-R.Rasti_old/Normal Part1/Normal (14).E2E/2- 26- 2017 9- 26- 02 AM/Image 13.TIFF
../Images/Images_Manual/Normal Part1/Normal (14).E2E/2- 26- 2017 9- 26- 02 AM/Image 14.png,./Macular-Dataset-R.Rasti_old/Normal Part1/Normal (14).E2E/2- 26- 2017 9- 26- 02 AM/Image 14.TIFF
../Images/Images_Manual/Normal Part1/Normal (14).E2E/2- 26- 2017 9- 26- 02 AM/Image 15.png,./Macular-Dataset-R.Rasti_old/Normal Part1/Normal (14).E2E/2- 26- 2017 9- 26- 02 AM/Image 15.TIFF
../Images/Images_Manual/Normal Part1/Normal (14).E2E/2- 26- 2017 9- 26- 02 AM/Image 16.png,./Macular-Dataset-R.Rasti_old/Normal Part1/Normal (14).E2E/2- 26- 2017 9- 26- 02 AM/Image 16.TIFF
../Images/Images_Manual/Normal Part1/Normal (14).E2E/2- 26- 2017 9- 26- 02 AM/Image 17.png,./Macular-Dataset-R.Rasti_old/Normal Part1/Normal (14).E2E/2- 26- 2017 9- 26- 02 AM/Image 17.TIFF
../Images/Images_Manual/Normal Part1/Normal (14).E2E/2- 26- 2017 9- 26- 02 AM/Image 18.png,./Macular-Dataset-R.Rasti_old/Normal Part1/Normal (14).E2E/2- 26- 2017 9- 26- 02 AM/Image 18.TIFF
../Images/Images_Manual/Normal Part1/Normal (14).E2E/2- 26- 2017 9- 26- 02 AM/Image 19.png,./Macular-Dataset-R.Rasti_old/Normal Part1/Normal (14).E2E/2- 26- 2017 9- 26- 02 AM/Image 19.TIFF
../Images/Images_Manual/Normal Part1/Normal (15).E2E/2- 26- 2017 9- 28- 04 AM/Image 1.png,./Macular-Dataset-R.Rasti_old/Normal Part1/Normal (15).E2E/2- 26- 2017 9- 28- 04 AM/Image 1.TIFF
../Images/Images_Manual/Normal Part1/Normal (15).E2E/2- 26- 2017 9- 28- 04 AM/Image 2.png,./Macular-Dataset-R.Rasti_old/Normal Part1/Normal (15).E2E/2- 26- 2017 9- 28- 04 AM/Image 2.TIFF
../Images/Images_Manual/Normal Part1/Normal (15).E2E/2- 26- 2017 9- 28- 04 AM/Image 3.png,./Macular-Dataset-R.Rasti_old/Normal Part1/Normal (15).E2E/2- 26- 2017 9- 28- 04 AM/Image 3.TIFF
../Images/Images_Manual/Normal Part1/Normal (15).E2E/2- 26- 2017 9- 28- 04 AM/Image 4.png,./Macular-Dataset-R.Rasti_old/Normal Part1/Normal (15).E2E/2- 26- 2017 9- 28- 04 AM/Image 4.TIFF
../Images/Images_Manual/Normal Part1/Normal (15).E2E/2- 26- 2017 9- 28- 04 AM/Image 5.png,./Macular-Dataset-R.Rasti_old/Normal Part1/Normal (15).E2E/2- 26- 2017 9- 28- 04 AM/Image 5.TIFF
../Images/Images_Manual/Normal Part1/Normal (15).E2E/2- 26- 2017 9- 28- 04 AM/Image 6.png,./Macular-Dataset-R.Rasti_old/Normal Part1/Normal (15).E2E/2- 26- 2017 9- 28- 04 AM/Image 6.TIFF
../Images/Images_Manual/Normal Part1/Normal (15).E2E/2- 26- 2017 9- 28- 04 AM/Image 7.png,./Macular-Dataset-R.Rasti_old/Normal Part1/Normal (15).E2E/2- 26- 2017 9- 28- 04 AM/Image 7.TIFF
../Images/Images_Manual/Normal Part1/Normal (15).E2E/2- 26- 2017 9- 28- 04 AM/Image 8.png,./Macular-Dataset-R.Rasti_old/Normal Part1/Normal (15).E2E/2- 26- 2017 9- 28- 04 AM/Image 8.TIFF
../Images/Images_Manual/Normal Part1/Normal (15).E2E/2- 26- 2017 9- 28- 04 AM/Image 9.png,./Macular-Dataset-R.Rasti_old/Normal Part1/Normal (15).E2E/2- 26- 2017 9- 28- 04 AM/Image 9.TIFF
../Images/Images_Manual/Normal Part1/Normal (15).E2E/2- 26- 2017 9- 28- 04 AM/Image 10.png,./Macular-Dataset-R.Rasti_old/Normal Part1/Normal (15).E2E/2- 26- 2017 9- 28- 04 AM/Image 10.TIFF
../Images/Images_Manual/Normal Part1/Normal (15).E2E/2- 26- 2017 9- 28- 04 AM/Image 11.png,./Macular-Dataset-R.Rasti_old/Normal Part1/Normal (15).E2E/2- 26- 2017 9- 28- 04 AM/Image 11.TIFF
../Images/Images_Manual/Normal Part1/Normal (15).E2E/2- 26- 2017 9- 28- 04 AM/Image 12.png,./Macular-Dataset-R.Rasti_old/Normal Part1/Normal (15).E2E/2- 26- 2017 9- 28- 04 AM/Image 12.TIFF
../Images/Images_Manual/Normal Part1/Normal (15).E2E/2- 26- 2017 9- 28- 04 AM/Image 13.png,./Macular-Dataset-R.Rasti_old/Normal Part1/Normal (15).E2E/2- 26- 2017 9- 28- 04 AM/Image 13.TIFF
../Images/Images_Manual/Normal Part1/Normal (15).E2E/2- 26- 2017 9- 28- 04 AM/Image 14.png,./Macular-Dataset-R.Rasti_old/Normal Part1/Normal (15).E2E/2- 26- 2017 9- 28- 04 AM/Image 14.TIFF
../Images/Images_Manual/Normal Part1/Normal (15).E2E/2- 26- 2017 9- 28- 04 AM/Image 15.png,./Macular-Dataset-R.Rasti_old/Normal Part1/Normal (15).E2E/2- 26- 2017 9- 28- 04 AM/Image 15.TIFF
../Images/Images_Manual/Normal Part1/Normal (15).E2E/2- 26- 2017 9- 28- 04 AM/Image 16.png,./Macular-Dataset-R.Rasti_old/Normal Part1/Normal (15).E2E/2- 26- 2017 9- 28- 04 AM/Image 16.TIFF
../Images/Images_Manual/Normal Part1/Normal (15).E2E/2- 26- 2017 9- 28- 04 AM/Image 17.png,./Macular-Dataset-R.Rasti_old/Normal Part1/Normal (15).E2E/2- 26- 2017 9- 28- 04 AM/Image 17.TIFF
../Images/Images_Manual/Normal Part1/Normal (15).E2E/2- 26- 2017 9- 28- 04 AM/Image 18.png,./Macular-Dataset-R.Rasti_old/Normal Part1/Normal (15).E2E/2- 26- 2017 9- 28- 04 AM/Image 18.TIFF
../Images/Images_Manual/Normal Part1/Normal (15).E2E/2- 26- 2017 9- 28- 04 AM/Image 19.png,./Macular-Dataset-R.Rasti_old/Normal Part1/Normal (15).E2E/2- 26- 2017 9- 28- 04 AM/Image 19.TIFF
../Images/Images_Manual/Normal Part1/Normal (25).E2E/2- 26- 2017 9- 42- 47 AM/Image 1.png,./Macular-Dataset-R.Rasti_old/Normal Part1/Normal (25).E2E/2- 26- 2017 9- 42- 47 AM/Image 1.TIFF
../Images/Images_Manual/Normal Part1/Normal (25).E2E/2- 26- 2017 9- 42- 47 AM/Image 2.png,./Macular-Dataset-R.Rasti_old/Normal Part1/Normal (25).E2E/2- 26- 2017 9- 42- 47 AM/Image 2.TIFF
../Images/Images_Manual/Normal Part1/Normal (25).E2E/2- 26- 2017 9- 42- 47 AM/Image 3.png,./Macular-Dataset-R.Rasti_old/Normal Part1/Normal (25).E2E/2- 26- 2017 9- 42- 47 AM/Image 3.TIFF
../Images/Images_Manual/Normal Part1/Normal (25).E2E/2- 26- 2017 9- 42- 47 AM/Image 4.png,./Macular-Dataset-R.Rasti_old/Normal Part1/Normal (25).E2E/2- 26- 2017 9- 42- 47 AM/Image 4.TIFF
../Images/Images_Manual/Normal Part1/Normal (25).E2E/2- 26- 2017 9- 42- 47 AM/Image 5.png,./Macular-Dataset-R.Rasti_old/Normal Part1/Normal (25).E2E/2- 26- 2017 9- 42- 47 AM/Image 5.TIFF
../Images/Images_Manual/Normal Part1/Normal (25).E2E/2- 26- 2017 9- 42- 47 AM/Image 6.png,./Macular-Dataset-R.Rasti_old/Normal Part1/Normal (25).E2E/2- 26- 2017 9- 42- 47 AM/Image 6.TIFF
../Images/Images_Manual/Normal Part1/Normal (25).E2E/2- 26- 2017 9- 42- 47 AM/Image 7.png,./Macular-Dataset-R.Rasti_old/Normal Part1/Normal (25).E2E/2- 26- 2017 9- 42- 47 AM/Image 7.TIFF
../Images/Images_Manual/Normal Part1/Normal (25).E2E/2- 26- 2017 9- 42- 47 AM/Image 8.png,./Macular-Dataset-R.Rasti_old/Normal Part1/Normal (25).E2E/2- 26- 2017 9- 42- 47 AM/Image 8.TIFF
../Images/Images_Manual/Normal Part1/Normal (25).E2E/2- 26- 2017 9- 42- 47 AM/Image 9.png,./Macular-Dataset-R.Rasti_old/Normal Part1/Normal (25).E2E/2- 26- 2017 9- 42- 47 AM/Image 9.TIFF
../Images/Images_Manual/Normal Part1/Normal (25).E2E/2- 26- 2017 9- 42- 47 AM/Image 10.png,./Macular-Dataset-R.Rasti_old/Normal Part1/Normal (25).E2E/2- 26- 2017 9- 42- 47 AM/Image 10.TIFF
../Images/Images_Manual/Normal Part1/Normal (25).E2E/2- 26- 2017 9- 42- 47 AM/Image 11.png,./Macular-Dataset-R.Rasti_old/Normal Part1/Normal (25).E2E/2- 26- 2017 9- 42- 47 AM/Image 11.TIFF
../Images/Images_Manual/Normal Part1/Normal (25).E2E/2- 26- 2017 9- 42- 47 AM/Image 12.png,./Macular-Dataset-R.Rasti_old/Normal Part1/Normal (25).E2E/2- 26- 2017 9- 42- 47 AM/Image 12.TIFF
../Images/Images_Manual/Normal Part1/Normal (25).E2E/2- 26- 2017 9- 42- 47 AM/Image 13.png,./Macular-Dataset-R.Rasti_old/Normal Part1/Normal (25).E2E/2- 26- 2017 9- 42- 47 AM/Image 13.TIFF
../Images/Images_Manual/Normal Part1/Normal (25).E2E/2- 26- 2017 9- 42- 47 AM/Image 14.png,./Macular-Dataset-R.Rasti_old/Normal Part1/Normal (25).E2E/2- 26- 2017 9- 42- 47 AM/Image 14.TIFF
../Images/Images_Manual/Normal Part1/Normal (25).E2E/2- 26- 2017 9- 42- 47 AM/Image 15.png,./Macular-Dataset-R.Rasti_old/Normal Part1/Normal (25).E2E/2- 26- 2017 9- 42- 47 AM/Image 15.TIFF
../Images/Images_Manual/Normal Part1/Normal (25).E2E/2- 26- 2017 9- 42- 47 AM/Image 16.png,./Macular-Dataset-R.Rasti_old/Normal Part1/Normal (25).E2E/2- 26- 2017 9- 42- 47 AM/Image 16.TIFF
../Images/Images_Manual/Normal Part1/Normal (25).E2E/2- 26- 2017 9- 42- 47 AM/Image 17.png,./Macular-Dataset-R.Rasti_old/Normal Part1/Normal (25).E2E/2- 26- 2017 9- 42- 47 AM/Image 17.TIFF
../Images/Images_Manual/Normal Part1/Normal (25).E2E/2- 26- 2017 9- 42- 47 AM/Image 18.png,./Macular-Dataset-R.Rasti_old/Normal Part1/Normal (25).E2E/2- 26- 2017 9- 42- 47 AM/Image 18.TIFF
../Images/Images_Manual/Normal Part1/Normal (25).E2E/2- 26- 2017 9- 42- 47 AM/Image 19.png,./Macular-Dataset-R.Rasti_old/Normal Part1/Normal (25).E2E/2- 26- 2017 9- 42- 47 AM/Image 19.TIFF
../Images/Images_Manual/Normal Part1/Normal (25).E2E/2- 26- 2017 9- 42- 47 AM/Image 20.png,./Macular-Dataset-R.Rasti_old/Normal Part1/Normal (25).E2E/2- 26- 2017 9- 42- 47 AM/Image 20.TIFF
../Images/Images_Manual/Normal Part1/Normal (25).E2E/2- 26- 2017 9- 42- 47 AM/Image 21.png,./Macular-Dataset-R.Rasti_old/Normal Part1/Normal (25).E2E/2- 26- 2017 9- 42- 47 AM/Image 21.TIFF
../Images/Images_Manual/Normal Part1/Normal (25).E2E/2- 26- 2017 9- 42- 47 AM/Image 22.png,./Macular-Dataset-R.Rasti_old/Normal Part1/Normal (25).E2E/2- 26- 2017 9- 42- 47 AM/Image 22.TIFF
../Images/Images_Manual/Normal Part1/Normal (25).E2E/2- 26- 2017 9- 42- 47 AM/Image 23.png,./Macular-Dataset-R.Rasti_old/Normal Part1/Normal (25).E2E/2- 26- 2017 9- 42- 47 AM/Image 23.TIFF
../Images/Images_Manual/Normal Part1/Normal (25).E2E/2- 26- 2017 9- 42- 47 AM/Image 24.png,./Macular-Dataset-R.Rasti_old/Normal Part1/Normal (25).E2E/2- 26- 2017 9- 42- 47 AM/Image 24.TIFF
../Images/Images_Manual/Normal Part1/Normal (25).E2E/2- 26- 2017 9- 42- 47 AM/Image 25.png,./Macular-Dataset-R.Rasti_old/Normal Part1/Normal (25).E2E/2- 26- 2017 9- 42- 47 AM/Image 25.TIFF
../Images/Images_Manual/Normal Part1/Normal (25).E2E/2- 26- 2017 9- 42- 47 AM/Image 26.png,./Macular-Dataset-R.Rasti_old/Normal Part1/Normal (25).E2E/2- 26- 2017 9- 42- 47 AM/Image 26.TIFF
../Images/Images_Manual/Normal Part1/Normal (25).E2E/2- 26- 2017 9- 42- 47 AM/Image 27.png,./Macular-Dataset-R.Rasti_old/Normal Part1/Normal (25).E2E/2- 26- 2017 9- 42- 47 AM/Image 27.TIFF
../Images/Images_Manual/Normal Part1/Normal (25).E2E/2- 26- 2017 9- 42- 47 AM/Image 28.png,./Macular-Dataset-R.Rasti_old/Normal Part1/Normal (25).E2E/2- 26- 2017 9- 42- 47 AM/Image 28.TIFF
../Images/Images_Manual/Normal Part1/Normal (25).E2E/2- 26- 2017 9- 42- 47 AM/Image 29.png,./Macular-Dataset-R.Rasti_old/Normal Part1/Normal (25).E2E/2- 26- 2017 9- 42- 47 AM/Image 29.TIFF
../Images/Images_Manual/Normal Part1/Normal (25).E2E/2- 26- 2017 9- 42- 47 AM/Image 30.png,./Macular-Dataset-R.Rasti_old/Normal Part1/Normal (25).E2E/2- 26- 2017 9- 42- 47 AM/Image 30.TIFF
../Images/Images_Manual/Normal Part1/Normal (25).E2E/2- 26- 2017 9- 42- 47 AM/Image 31.png,./Macular-Dataset-R.Rasti_old/Normal Part1/Normal (25).E2E/2- 26- 2017 9- 42- 47 AM/Image 31.TIFF
../Images/Images_Manual/Normal Part1/Normal (25).E2E/2- 26- 2017 9- 42- 47 AM/Image 32.png,./Macular-Dataset-R.Rasti_old/Normal Part1/Normal (25).E2E/2- 26- 2017 9- 42- 47 AM/Image 32.TIFF
../Images/Images_Manual/Normal Part1/Normal (25).E2E/2- 26- 2017 9- 42- 47 AM/Image 33.png,./Macular-Dataset-R.Rasti_old/Normal Part1/Normal (25).E2E/2- 26- 2017 9- 42- 47 AM/Image 33.TIFF
../Images/Images_Manual/Normal Part1/Normal (25).E2E/2- 26- 2017 9- 42- 47 AM/Image 34.png,./Macular-Dataset-R.Rasti_old/Normal Part1/Normal (25).E2E/2- 26- 2017 9- 42- 47 AM/Image 34.TIFF
../Images/Images_Manual/Normal Part1/Normal (25).E2E/2- 26- 2017 9- 42- 47 AM/Image 35.png,./Macular-Dataset-R.Rasti_old/Normal Part1/Normal (25).E2E/2- 26- 2017 9- 42- 47 AM/Image 35.TIFF
../Images/Images_Manual/Normal Part1/Normal (25).E2E/2- 26- 2017 9- 42- 47 AM/Image 36.png,./Macular-Dataset-R.Rasti_old/Normal Part1/Normal (25).E2E/2- 26- 2017 9- 42- 47 AM/Image 36.TIFF
../Images/Images_Manual/Normal Part1/Normal (25).E2E/2- 26- 2017 9- 42- 47 AM/Image 37.png,./Macular-Dataset-R.Rasti_old/Normal Part1/Normal (25).E2E/2- 26- 2017 9- 42- 47 AM/Image 37.TIFF
../Images/Images_Manual/Normal Part1/Normal (25).E2E/2- 26- 2017 9- 42- 47 AM/Image 38.png,./Macular-Dataset-R.Rasti_old/Normal Part1/Normal (25).E2E/2- 26- 2017 9- 42- 47 AM/Image 38.TIFF
../Images/Images_Manual/Normal Part1/Normal (25).E2E/2- 26- 2017 9- 42- 47 AM/Image 39.png,./Macular-Dataset-R.Rasti_old/Normal Part1/Normal (25).E2E/2- 26- 2017 9- 42- 47 AM/Image 39.TIFF
../Images/Images_Manual/Normal Part1/Normal (25).E2E/2- 26- 2017 9- 42- 47 AM/Image 40.png,./Macular-Dataset-R.Rasti_old/Normal Part1/Normal (25).E2E/2- 26- 2017 9- 42- 47 AM/Image 40.TIFF
../Images/Images_Manual/Normal Part1/Normal (25).E2E/2- 26- 2017 9- 42- 47 AM/Image 41.png,./Macular-Dataset-R.Rasti_old/Normal Part1/Normal (25).E2E/2- 26- 2017 9- 42- 47 AM/Image 41.TIFF
../Images/Images_Manual/Normal Part1/Normal (25).E2E/2- 26- 2017 9- 42- 47 AM/Image 42.png,./Macular-Dataset-R.Rasti_old/Normal Part1/Normal (25).E2E/2- 26- 2017 9- 42- 47 AM/Image 42.TIFF
../Images/Images_Manual/Normal Part1/Normal (25).E2E/2- 26- 2017 9- 42- 47 AM/Image 43.png,./Macular-Dataset-R.Rasti_old/Normal Part1/Normal (25).E2E/2- 26- 2017 9- 42- 47 AM/Image 43.TIFF
../Images/Images_Manual/Normal Part1/Normal (25).E2E/2- 26- 2017 9- 42- 47 AM/Image 44.png,./Macular-Dataset-R.Rasti_old/Normal Part1/Normal (25).E2E/2- 26- 2017 9- 42- 47 AM/Image 44.TIFF
../Images/Images_Manual/Normal Part1/Normal (25).E2E/2- 26- 2017 9- 42- 47 AM/Image 45.png,./Macular-Dataset-R.Rasti_old/Normal Part1/Normal (25).E2E/2- 26- 2017 9- 42- 47 AM/Image 45.TIFF
../Images/Images_Manual/Normal Part1/Normal (25).E2E/2- 26- 2017 9- 42- 47 AM/Image 46.png,./Macular-Dataset-R.Rasti_old/Normal Part1/Normal (25).E2E/2- 26- 2017 9- 42- 47 AM/Image 46.TIFF
../Images/Images_Manual/Normal Part1/Normal (25).E2E/2- 26- 2017 9- 42- 47 AM/Image 47.png,./Macular-Dataset-R.Rasti_old/Normal Part1/Normal (25).E2E/2- 26- 2017 9- 42- 47 AM/Image 47.TIFF
../Images/Images_Manual/Normal Part1/Normal (25).E2E/2- 26- 2017 9- 42- 47 AM/Image 48.png,./Macular-Dataset-R.Rasti_old/Normal Part1/Normal (25).E2E/2- 26- 2017 9- 42- 47 AM/Image 48.TIFF
../Images/Images_Manual/Normal Part1/Normal (25).E2E/2- 26- 2017 9- 42- 47 AM/Image 49.png,./Macular-Dataset-R.Rasti_old/Normal Part1/Normal (25).E2E/2- 26- 2017 9- 42- 47 AM/Image 49.TIFF
../Images/Images_Manual/Normal Part1/Normal (25).E2E/2- 26- 2017 9- 42- 47 AM/Image 50.png,./Macular-Dataset-R.Rasti_old/Normal Part1/Normal (25).E2E/2- 26- 2017 9- 42- 47 AM/Image 50.TIFF
../Images/Images_Manual/Normal Part1/Normal (25).E2E/2- 26- 2017 9- 42- 47 AM/Image 51.png,./Macular-Dataset-R.Rasti_old/Normal Part1/Normal (25).E2E/2- 26- 2017 9- 42- 47 AM/Image 51.TIFF
../Images/Images_Manual/Normal Part1/Normal (25).E2E/2- 26- 2017 9- 42- 47 AM/Image 52.png,./Macular-Dataset-R.Rasti_old/Normal Part1/Normal (25).E2E/2- 26- 2017 9- 42- 47 AM/Image 52.TIFF
../Images/Images_Manual/Normal Part1/Normal (25).E2E/2- 26- 2017 9- 42- 47 AM/Image 53.png,./Macular-Dataset-R.Rasti_old/Normal Part1/Normal (25).E2E/2- 26- 2017 9- 42- 47 AM/Image 53.TIFF
../Images/Images_Manual/Normal Part1/Normal (25).E2E/2- 26- 2017 9- 42- 47 AM/Image 54.png,./Macular-Dataset-R.Rasti_old/Normal Part1/Normal (25).E2E/2- 26- 2017 9- 42- 47 AM/Image 54.TIFF
../Images/Images_Manual/Normal Part1/Normal (25).E2E/2- 26- 2017 9- 42- 47 AM/Image 55.png,./Macular-Dataset-R.Rasti_old/Normal Part1/Normal (25).E2E/2- 26- 2017 9- 42- 47 AM/Image 55.TIFF
../Images/Images_Manual/Normal Part1/Normal (25).E2E/2- 26- 2017 9- 42- 47 AM/Image 56.png,./Macular-Dataset-R.Rasti_old/Normal Part1/Normal (25).E2E/2- 26- 2017 9- 42- 47 AM/Image 56.TIFF
../Images/Images_Manual/Normal Part1/Normal (25).E2E/2- 26- 2017 9- 42- 47 AM/Image 57.png,./Macular-Dataset-R.Rasti_old/Normal Part1/Normal (25).E2E/2- 26- 2017 9- 42- 47 AM/Image 57.TIFF
../Images/Images_Manual/Normal Part1/Normal (25).E2E/2- 26- 2017 9- 42- 47 AM/Image 58.png,./Macular-Dataset-R.Rasti_old/Normal Part1/Normal (25).E2E/2- 26- 2017 9- 42- 47 AM/Image 58.TIFF
../Images/Images_Manual/Normal Part1/Normal (25).E2E/2- 26- 2017 9- 42- 47 AM/Image 59.png,./Macular-Dataset-R.Rasti_old/Normal Part1/Normal (25).E2E/2- 26- 2017 9- 42- 47 AM/Image 59.TIFF
../Images/Images_Manual/Normal Part1/Normal (25).E2E/2- 26- 2017 9- 42- 47 AM/Image 60.png,./Macular-Dataset-R.Rasti_old/Normal Part1/Normal (25).E2E/2- 26- 2017 9- 42- 47 AM/Image 60.TIFF
../Images/Images_Manual/Normal Part1/Normal (25).E2E/2- 26- 2017 9- 42- 47 AM/Image 61.png,./Macular-Dataset-R.Rasti_old/Normal Part1/Normal (25).E2E/2- 26- 2017 9- 42- 47 AM/Image 61.TIFF
../Images/Images_Manual/Normal Part1/Normal (26).E2E/2- 26- 2017 9- 44- 13 AM/Image 1.png,./Macular-Dataset-R.Rasti_old/Normal Part1/Normal (26).E2E/2- 26- 2017 9- 44- 13 AM/Image 1.TIFF
../Images/Images_Manual/Normal Part1/Normal (26).E2E/2- 26- 2017 9- 44- 13 AM/Image 2.png,./Macular-Dataset-R.Rasti_old/Normal Part1/Normal (26).E2E/2- 26- 2017 9- 44- 13 AM/Image 2.TIFF
../Images/Images_Manual/Normal Part1/Normal (26).E2E/2- 26- 2017 9- 44- 13 AM/Image 3.png,./Macular-Dataset-R.Rasti_old/Normal Part1/Normal (26).E2E/2- 26- 2017 9- 44- 13 AM/Image 3.TIFF
../Images/Images_Manual/Normal Part1/Normal (26).E2E/2- 26- 2017 9- 44- 13 AM/Image 4.png,./Macular-Dataset-R.Rasti_old/Normal Part1/Normal (26).E2E/2- 26- 2017 9- 44- 13 AM/Image 4.TIFF
../Images/Images_Manual/Normal Part1/Normal (26).E2E/2- 26- 2017 9- 44- 13 AM/Image 5.png,./Macular-Dataset-R.Rasti_old/Normal Part1/Normal (26).E2E/2- 26- 2017 9- 44- 13 AM/Image 5.TIFF
../Images/Images_Manual/Normal Part1/Normal (26).E2E/2- 26- 2017 9- 44- 13 AM/Image 6.png,./Macular-Dataset-R.Rasti_old/Normal Part1/Normal (26).E2E/2- 26- 2017 9- 44- 13 AM/Image 6.TIFF
../Images/Images_Manual/Normal Part1/Normal (26).E2E/2- 26- 2017 9- 44- 13 AM/Image 7.png,./Macular-Dataset-R.Rasti_old/Normal Part1/Normal (26).E2E/2- 26- 2017 9- 44- 13 AM/Image 7.TIFF
../Images/Images_Manual/Normal Part1/Normal (26).E2E/2- 26- 2017 9- 44- 13 AM/Image 8.png,./Macular-Dataset-R.Rasti_old/Normal Part1/Normal (26).E2E/2- 26- 2017 9- 44- 13 AM/Image 8.TIFF
../Images/Images_Manual/Normal Part1/Normal (26).E2E/2- 26- 2017 9- 44- 13 AM/Image 9.png,./Macular-Dataset-R.Rasti_old/Normal Part1/Normal (26).E2E/2- 26- 2017 9- 44- 13 AM/Image 9.TIFF
../Images/Images_Manual/Normal Part1/Normal (26).E2E/2- 26- 2017 9- 44- 13 AM/Image 10.png,./Macular-Dataset-R.Rasti_old/Normal Part1/Normal (26).E2E/2- 26- 2017 9- 44- 13 AM/Image 10.TIFF
../Images/Images_Manual/Normal Part1/Normal (26).E2E/2- 26- 2017 9- 44- 13 AM/Image 11.png,./Macular-Dataset-R.Rasti_old/Normal Part1/Normal (26).E2E/2- 26- 2017 9- 44- 13 AM/Image 11.TIFF
../Images/Images_Manual/Normal Part1/Normal (26).E2E/2- 26- 2017 9- 44- 13 AM/Image 12.png,./Macular-Dataset-R.Rasti_old/Normal Part1/Normal (26).E2E/2- 26- 2017 9- 44- 13 AM/Image 12.TIFF
../Images/Images_Manual/Normal Part1/Normal (26).E2E/2- 26- 2017 9- 44- 13 AM/Image 13.png,./Macular-Dataset-R.Rasti_old/Normal Part1/Normal (26).E2E/2- 26- 2017 9- 44- 13 AM/Image 13.TIFF
../Images/Images_Manual/Normal Part1/Normal (26).E2E/2- 26- 2017 9- 44- 13 AM/Image 14.png,./Macular-Dataset-R.Rasti_old/Normal Part1/Normal (26).E2E/2- 26- 2017 9- 44- 13 AM/Image 14.TIFF
../Images/Images_Manual/Normal Part1/Normal (26).E2E/2- 26- 2017 9- 44- 13 AM/Image 15.png,./Macular-Dataset-R.Rasti_old/Normal Part1/Normal (26).E2E/2- 26- 2017 9- 44- 13 AM/Image 15.TIFF
../Images/Images_Manual/Normal Part1/Normal (26).E2E/2- 26- 2017 9- 44- 13 AM/Image 16.png,./Macular-Dataset-R.Rasti_old/Normal Part1/Normal (26).E2E/2- 26- 2017 9- 44- 13 AM/Image 16.TIFF
../Images/Images_Manual/Normal Part1/Normal (26).E2E/2- 26- 2017 9- 44- 13 AM/Image 17.png,./Macular-Dataset-R.Rasti_old/Normal Part1/Normal (26).E2E/2- 26- 2017 9- 44- 13 AM/Image 17.TIFF
../Images/Images_Manual/Normal Part1/Normal (26).E2E/2- 26- 2017 9- 44- 13 AM/Image 18.png,./Macular-Dataset-R.Rasti_old/Normal Part1/Normal (26).E2E/2- 26- 2017 9- 44- 13 AM/Image 18.TIFF
../Images/Images_Manual/Normal Part1/Normal (26).E2E/2- 26- 2017 9- 44- 13 AM/Image 19.png,./Macular-Dataset-R.Rasti_old/Normal Part1/Normal (26).E2E/2- 26- 2017 9- 44- 13 AM/Image 19.TIFF
../Images/Images_Manual/Normal Part1/Normal (26).E2E/2- 26- 2017 9- 44- 13 AM/Image 20.png,./Macular-Dataset-R.Rasti_old/Normal Part1/Normal (26).E2E/2- 26- 2017 9- 44- 13 AM/Image 20.TIFF
../Images/Images_Manual/Normal Part1/Normal (26).E2E/2- 26- 2017 9- 44- 13 AM/Image 21.png,./Macular-Dataset-R.Rasti_old/Normal Part1/Normal (26).E2E/2- 26- 2017 9- 44- 13 AM/Image 21.TIFF
../Images/Images_Manual/Normal Part1/Normal (26).E2E/2- 26- 2017 9- 44- 13 AM/Image 22.png,./Macular-Dataset-R.Rasti_old/Normal Part1/Normal (26).E2E/2- 26- 2017 9- 44- 13 AM/Image 22.TIFF
../Images/Images_Manual/Normal Part1/Normal (26).E2E/2- 26- 2017 9- 44- 13 AM/Image 23.png,./Macular-Dataset-R.Rasti_old/Normal Part1/Normal (26).E2E/2- 26- 2017 9- 44- 13 AM/Image 23.TIFF
../Images/Images_Manual/Normal Part1/Normal (26).E2E/2- 26- 2017 9- 44- 13 AM/Image 24.png,./Macular-Dataset-R.Rasti_old/Normal Part1/Normal (26).E2E/2- 26- 2017 9- 44- 13 AM/Image 24.TIFF
../Images/Images_Manual/Normal Part1/Normal (26).E2E/2- 26- 2017 9- 44- 13 AM/Image 25.png,./Macular-Dataset-R.Rasti_old/Normal Part1/Normal (26).E2E/2- 26- 2017 9- 44- 13 AM/Image 25.TIFF
../Images/Images_Manual/Normal Part1/Normal (26).E2E/2- 26- 2017 9- 44- 13 AM/Image 26.png,./Macular-Dataset-R.Rasti_old/Normal Part1/Normal (26).E2E/2- 26- 2017 9- 44- 13 AM/Image 26.TIFF
../Images/Images_Manual/Normal Part1/Normal (26).E2E/2- 26- 2017 9- 44- 13 AM/Image 27.png,./Macular-Dataset-R.Rasti_old/Normal Part1/Normal (26).E2E/2- 26- 2017 9- 44- 13 AM/Image 27.TIFF
../Images/Images_Manual/Normal Part1/Normal (26).E2E/2- 26- 2017 9- 44- 13 AM/Image 28.png,./Macular-Dataset-R.Rasti_old/Normal Part1/Normal (26).E2E/2- 26- 2017 9- 44- 13 AM/Image 28.TIFF
../Images/Images_Manual/Normal Part1/Normal (26).E2E/2- 26- 2017 9- 44- 13 AM/Image 29.png,./Macular-Dataset-R.Rasti_old/Normal Part1/Normal (26).E2E/2- 26- 2017 9- 44- 13 AM/Image 29.TIFF
../Images/Images_Manual/Normal Part1/Normal (26).E2E/2- 26- 2017 9- 44- 13 AM/Image 30.png,./Macular-Dataset-R.Rasti_old/Normal Part1/Normal (26).E2E/2- 26- 2017 9- 44- 13 AM/Image 30.TIFF
../Images/Images_Manual/Normal Part1/Normal (26).E2E/2- 26- 2017 9- 44- 13 AM/Image 31.png,./Macular-Dataset-R.Rasti_old/Normal Part1/Normal (26).E2E/2- 26- 2017 9- 44- 13 AM/Image 31.TIFF
../Images/Images_Manual/Normal Part1/Normal (27).E2E/2- 26- 2017 9- 46- 33 AM/Image 1.png,./Macular-Dataset-R.Rasti_old/Normal Part1/Normal (27).E2E/2- 26- 2017 9- 46- 33 AM/Image 1.TIFF
../Images/Images_Manual/Normal Part1/Normal (27).E2E/2- 26- 2017 9- 46- 33 AM/Image 2.png,./Macular-Dataset-R.Rasti_old/Normal Part1/Normal (27).E2E/2- 26- 2017 9- 46- 33 AM/Image 2.TIFF
../Images/Images_Manual/Normal Part1/Normal (27).E2E/2- 26- 2017 9- 46- 33 AM/Image 3.png,./Macular-Dataset-R.Rasti_old/Normal Part1/Normal (27).E2E/2- 26- 2017 9- 46- 33 AM/Image 3.TIFF
../Images/Images_Manual/Normal Part1/Normal (27).E2E/2- 26- 2017 9- 46- 33 AM/Image 4.png,./Macular-Dataset-R.Rasti_old/Normal Part1/Normal (27).E2E/2- 26- 2017 9- 46- 33 AM/Image 4.TIFF
../Images/Images_Manual/Normal Part1/Normal (27).E2E/2- 26- 2017 9- 46- 33 AM/Image 5.png,./Macular-Dataset-R.Rasti_old/Normal Part1/Normal (27).E2E/2- 26- 2017 9- 46- 33 AM/Image 5.TIFF
../Images/Images_Manual/Normal Part1/Normal (27).E2E/2- 26- 2017 9- 46- 33 AM/Image 6.png,./Macular-Dataset-R.Rasti_old/Normal Part1/Normal (27).E2E/2- 26- 2017 9- 46- 33 AM/Image 6.TIFF
../Images/Images_Manual/Normal Part1/Normal (27).E2E/2- 26- 2017 9- 46- 33 AM/Image 7.png,./Macular-Dataset-R.Rasti_old/Normal Part1/Normal (27).E2E/2- 26- 2017 9- 46- 33 AM/Image 7.TIFF
../Images/Images_Manual/Normal Part1/Normal (27).E2E/2- 26- 2017 9- 46- 33 AM/Image 8.png,./Macular-Dataset-R.Rasti_old/Normal Part1/Normal (27).E2E/2- 26- 2017 9- 46- 33 AM/Image 8.TIFF
../Images/Images_Manual/Normal Part1/Normal (27).E2E/2- 26- 2017 9- 46- 33 AM/Image 9.png,./Macular-Dataset-R.Rasti_old/Normal Part1/Normal (27).E2E/2- 26- 2017 9- 46- 33 AM/Image 9.TIFF
../Images/Images_Manual/Normal Part1/Normal (27).E2E/2- 26- 2017 9- 46- 33 AM/Image 10.png,./Macular-Dataset-R.Rasti_old/Normal Part1/Normal (27).E2E/2- 26- 2017 9- 46- 33 AM/Image 10.TIFF
../Images/Images_Manual/Normal Part1/Normal (27).E2E/2- 26- 2017 9- 46- 33 AM/Image 11.png,./Macular-Dataset-R.Rasti_old/Normal Part1/Normal (27).E2E/2- 26- 2017 9- 46- 33 AM/Image 11.TIFF
../Images/Images_Manual/Normal Part1/Normal (27).E2E/2- 26- 2017 9- 46- 33 AM/Image 12.png,./Macular-Dataset-R.Rasti_old/Normal Part1/Normal (27).E2E/2- 26- 2017 9- 46- 33 AM/Image 12.TIFF
../Images/Images_Manual/Normal Part1/Normal (27).E2E/2- 26- 2017 9- 46- 33 AM/Image 13.png,./Macular-Dataset-R.Rasti_old/Normal Part1/Normal (27).E2E/2- 26- 2017 9- 46- 33 AM/Image 13.TIFF
../Images/Images_Manual/Normal Part1/Normal (27).E2E/2- 26- 2017 9- 46- 33 AM/Image 14.png,./Macular-Dataset-R.Rasti_old/Normal Part1/Normal (27).E2E/2- 26- 2017 9- 46- 33 AM/Image 14.TIFF
../Images/Images_Manual/Normal Part1/Normal (27).E2E/2- 26- 2017 9- 46- 33 AM/Image 15.png,./Macular-Dataset-R.Rasti_old/Normal Part1/Normal (27).E2E/2- 26- 2017 9- 46- 33 AM/Image 15.TIFF
../Images/Images_Manual/Normal Part1/Normal (27).E2E/2- 26- 2017 9- 46- 33 AM/Image 16.png,./Macular-Dataset-R.Rasti_old/Normal Part1/Normal (27).E2E/2- 26- 2017 9- 46- 33 AM/Image 16.TIFF
../Images/Images_Manual/Normal Part1/Normal (27).E2E/2- 26- 2017 9- 46- 33 AM/Image 17.png,./Macular-Dataset-R.Rasti_old/Normal Part1/Normal (27).E2E/2- 26- 2017 9- 46- 33 AM/Image 17.TIFF
../Images/Images_Manual/Normal Part1/Normal (27).E2E/2- 26- 2017 9- 46- 33 AM/Image 18.png,./Macular-Dataset-R.Rasti_old/Normal Part1/Normal (27).E2E/2- 26- 2017 9- 46- 33 AM/Image 18.TIFF
../Images/Images_Manual/Normal Part1/Normal (27).E2E/2- 26- 2017 9- 46- 33 AM/Image 19.png,./Macular-Dataset-R.Rasti_old/Normal Part1/Normal (27).E2E/2- 26- 2017 9- 46- 33 AM/Image 19.TIFF
../Images/Images_Manual/Normal Part2/Normal (34).E2E/2- 26- 2017 10- 01- 13 AM/Image 1.png,./Macular-Dataset-R.Rasti_old/Normal Part2/Normal (34).E2E/2- 26- 2017 10- 01- 13 AM/Image 1.TIFF
../Images/Images_Manual/Normal Part2/Normal (34).E2E/2- 26- 2017 10- 01- 13 AM/Image 2.png,./Macular-Dataset-R.Rasti_old/Normal Part2/Normal (34).E2E/2- 26- 2017 10- 01- 13 AM/Image 2.TIFF
../Images/Images_Manual/Normal Part2/Normal (34).E2E/2- 26- 2017 10- 01- 13 AM/Image 3.png,./Macular-Dataset-R.Rasti_old/Normal Part2/Normal (34).E2E/2- 26- 2017 10- 01- 13 AM/Image 3.TIFF
../Images/Images_Manual/Normal Part2/Normal (34).E2E/2- 26- 2017 10- 01- 13 AM/Image 4.png,./Macular-Dataset-R.Rasti_old/Normal Part2/Normal (34).E2E/2- 26- 2017 10- 01- 13 AM/Image 4.TIFF
../Images/Images_Manual/Normal Part2/Normal (34).E2E/2- 26- 2017 10- 01- 13 AM/Image 5.png,./Macular-Dataset-R.Rasti_old/Normal Part2/Normal (34).E2E/2- 26- 2017 10- 01- 13 AM/Image 5.TIFF
../Images/Images_Manual/Normal Part2/Normal (34).E2E/2- 26- 2017 10- 01- 13 AM/Image 6.png,./Macular-Dataset-R.Rasti_old/Normal Part2/Normal (34).E2E/2- 26- 2017 10- 01- 13 AM/Image 6.TIFF
../Images/Images_Manual/Normal Part2/Normal (34).E2E/2- 26- 2017 10- 01- 13 AM/Image 7.png,./Macular-Dataset-R.Rasti_old/Normal Part2/Normal (34).E2E/2- 26- 2017 10- 01- 13 AM/Image 7.TIFF
../Images/Images_Manual/Normal Part2/Normal (34).E2E/2- 26- 2017 10- 01- 13 AM/Image 8.png,./Macular-Dataset-R.Rasti_old/Normal Part2/Normal (34).E2E/2- 26- 2017 10- 01- 13 AM/Image 8.TIFF
../Images/Images_Manual/Normal Part2/Normal (34).E2E/2- 26- 2017 10- 01- 13 AM/Image 9.png,./Macular-Dataset-R.Rasti_old/Normal Part2/Normal (34).E2E/2- 26- 2017 10- 01- 13 AM/Image 9.TIFF
../Images/Images_Manual/Normal Part2/Normal (34).E2E/2- 26- 2017 10- 01- 13 AM/Image 10.png,./Macular-Dataset-R.Rasti_old/Normal Part2/Normal (34).E2E/2- 26- 2017 10- 01- 13 AM/Image 10.TIFF
../Images/Images_Manual/Normal Part2/Normal (34).E2E/2- 26- 2017 10- 01- 13 AM/Image 11.png,./Macular-Dataset-R.Rasti_old/Normal Part2/Normal (34).E2E/2- 26- 2017 10- 01- 13 AM/Image 11.TIFF
../Images/Images_Manual/Normal Part2/Normal (34).E2E/2- 26- 2017 10- 01- 13 AM/Image 12.png,./Macular-Dataset-R.Rasti_old/Normal Part2/Normal (34).E2E/2- 26- 2017 10- 01- 13 AM/Image 12.TIFF
../Images/Images_Manual/Normal Part2/Normal (34).E2E/2- 26- 2017 10- 01- 13 AM/Image 13.png,./Macular-Dataset-R.Rasti_old/Normal Part2/Normal (34).E2E/2- 26- 2017 10- 01- 13 AM/Image 13.TIFF
../Images/Images_Manual/Normal Part2/Normal (34).E2E/2- 26- 2017 10- 01- 13 AM/Image 14.png,./Macular-Dataset-R.Rasti_old/Normal Part2/Normal (34).E2E/2- 26- 2017 10- 01- 13 AM/Image 14.TIFF
../Images/Images_Manual/Normal Part2/Normal (34).E2E/2- 26- 2017 10- 01- 13 AM/Image 15.png,./Macular-Dataset-R.Rasti_old/Normal Part2/Normal (34).E2E/2- 26- 2017 10- 01- 13 AM/Image 15.TIFF
../Images/Images_Manual/Normal Part2/Normal (34).E2E/2- 26- 2017 10- 01- 13 AM/Image 16.png,./Macular-Dataset-R.Rasti_old/Normal Part2/Normal (34).E2E/2- 26- 2017 10- 01- 13 AM/Image 16.TIFF
../Images/Images_Manual/Normal Part2/Normal (34).E2E/2- 26- 2017 10- 01- 13 AM/Image 17.png,./Macular-Dataset-R.Rasti_old/Normal Part2/Normal (34).E2E/2- 26- 2017 10- 01- 13 AM/Image 17.TIFF
../Images/Images_Manual/Normal Part2/Normal (34).E2E/2- 26- 2017 10- 01- 13 AM/Image 18.png,./Macular-Dataset-R.Rasti_old/Normal Part2/Normal (34).E2E/2- 26- 2017 10- 01- 13 AM/Image 18.TIFF
../Images/Images_Manual/Normal Part2/Normal (34).E2E/2- 26- 2017 10- 01- 13 AM/Image 19.png,./Macular-Dataset-R.Rasti_old/Normal Part2/Normal (34).E2E/2- 26- 2017 10- 01- 13 AM/Image 19.TIFF
../Images/Images_Manual/Normal Part2/Normal (35).E2E/2- 26- 2017 10- 03- 02 AM/Image 1.png,./Macular-Dataset-R.Rasti_old/Normal Part2/Normal (35).E2E/2- 26- 2017 10- 03- 02 AM/Image 1.TIFF
../Images/Images_Manual/Normal Part2/Normal (35).E2E/2- 26- 2017 10- 03- 02 AM/Image 2.png,./Macular-Dataset-R.Rasti_old/Normal Part2/Normal (35).E2E/2- 26- 2017 10- 03- 02 AM/Image 2.TIFF
../Images/Images_Manual/Normal Part2/Normal (35).E2E/2- 26- 2017 10- 03- 02 AM/Image 3.png,./Macular-Dataset-R.Rasti_old/Normal Part2/Normal (35).E2E/2- 26- 2017 10- 03- 02 AM/Image 3.TIFF
../Images/Images_Manual/Normal Part2/Normal (35).E2E/2- 26- 2017 10- 03- 02 AM/Image 4.png,./Macular-Dataset-R.Rasti_old/Normal Part2/Normal (35).E2E/2- 26- 2017 10- 03- 02 AM/Image 4.TIFF
../Images/Images_Manual/Normal Part2/Normal (35).E2E/2- 26- 2017 10- 03- 02 AM/Image 5.png,./Macular-Dataset-R.Rasti_old/Normal Part2/Normal (35).E2E/2- 26- 2017 10- 03- 02 AM/Image 5.TIFF
../Images/Images_Manual/Normal Part2/Normal (35).E2E/2- 26- 2017 10- 03- 02 AM/Image 6.png,./Macular-Dataset-R.Rasti_old/Normal Part2/Normal (35).E2E/2- 26- 2017 10- 03- 02 AM/Image 6.TIFF
../Images/Images_Manual/Normal Part2/Normal (35).E2E/2- 26- 2017 10- 03- 02 AM/Image 7.png,./Macular-Dataset-R.Rasti_old/Normal Part2/Normal (35).E2E/2- 26- 2017 10- 03- 02 AM/Image 7.TIFF
../Images/Images_Manual/Normal Part2/Normal (35).E2E/2- 26- 2017 10- 03- 02 AM/Image 8.png,./Macular-Dataset-R.Rasti_old/Normal Part2/Normal (35).E2E/2- 26- 2017 10- 03- 02 AM/Image 8.TIFF
../Images/Images_Manual/Normal Part2/Normal (35).E2E/2- 26- 2017 10- 03- 02 AM/Image 9.png,./Macular-Dataset-R.Rasti_old/Normal Part2/Normal (35).E2E/2- 26- 2017 10- 03- 02 AM/Image 9.TIFF
../Images/Images_Manual/Normal Part2/Normal (35).E2E/2- 26- 2017 10- 03- 02 AM/Image 10.png,./Macular-Dataset-R.Rasti_old/Normal Part2/Normal (35).E2E/2- 26- 2017 10- 03- 02 AM/Image 10.TIFF
../Images/Images_Manual/Normal Part2/Normal (35).E2E/2- 26- 2017 10- 03- 02 AM/Image 11.png,./Macular-Dataset-R.Rasti_old/Normal Part2/Normal (35).E2E/2- 26- 2017 10- 03- 02 AM/Image 11.TIFF
../Images/Images_Manual/Normal Part2/Normal (35).E2E/2- 26- 2017 10- 03- 02 AM/Image 12.png,./Macular-Dataset-R.Rasti_old/Normal Part2/Normal (35).E2E/2- 26- 2017 10- 03- 02 AM/Image 12.TIFF
../Images/Images_Manual/Normal Part2/Normal (35).E2E/2- 26- 2017 10- 03- 02 AM/Image 13.png,./Macular-Dataset-R.Rasti_old/Normal Part2/Normal (35).E2E/2- 26- 2017 10- 03- 02 AM/Image 13.TIFF
../Images/Images_Manual/Normal Part2/Normal (35).E2E/2- 26- 2017 10- 03- 02 AM/Image 14.png,./Macular-Dataset-R.Rasti_old/Normal Part2/Normal (35).E2E/2- 26- 2017 10- 03- 02 AM/Image 14.TIFF
../Images/Images_Manual/Normal Part2/Normal (35).E2E/2- 26- 2017 10- 03- 02 AM/Image 15.png,./Macular-Dataset-R.Rasti_old/Normal Part2/Normal (35).E2E/2- 26- 2017 10- 03- 02 AM/Image 15.TIFF
../Images/Images_Manual/Normal Part2/Normal (35).E2E/2- 26- 2017 10- 03- 02 AM/Image 16.png,./Macular-Dataset-R.Rasti_old/Normal Part2/Normal (35).E2E/2- 26- 2017 10- 03- 02 AM/Image 16.TIFF
../Images/Images_Manual/Normal Part2/Normal (35).E2E/2- 26- 2017 10- 03- 02 AM/Image 17.png,./Macular-Dataset-R.Rasti_old/Normal Part2/Normal (35).E2E/2- 26- 2017 10- 03- 02 AM/Image 17.TIFF
../Images/Images_Manual/Normal Part2/Normal (35).E2E/2- 26- 2017 10- 03- 02 AM/Image 18.png,./Macular-Dataset-R.Rasti_old/Normal Part2/Normal (35).E2E/2- 26- 2017 10- 03- 02 AM/Image 18.TIFF
../Images/Images_Manual/Normal Part2/Normal (35).E2E/2- 26- 2017 10- 03- 02 AM/Image 19.png,./Macular-Dataset-R.Rasti_old/Normal Part2/Normal (35).E2E/2- 26- 2017 10- 03- 02 AM/Image 19.TIFF
../Images/Images_Manual/Normal Part2/Normal (36).E2E/2- 26- 2017 10- 04- 18 AM/Image 1.png,./Macular-Dataset-R.Rasti_old/Normal Part2/Normal (36).E2E/2- 26- 2017 10- 04- 18 AM/Image 1.TIFF
../Images/Images_Manual/Normal Part2/Normal (36).E2E/2- 26- 2017 10- 04- 18 AM/Image 2.png,./Macular-Dataset-R.Rasti_old/Normal Part2/Normal (36).E2E/2- 26- 2017 10- 04- 18 AM/Image 2.TIFF
../Images/Images_Manual/Normal Part2/Normal (36).E2E/2- 26- 2017 10- 04- 18 AM/Image 3.png,./Macular-Dataset-R.Rasti_old/Normal Part2/Normal (36).E2E/2- 26- 2017 10- 04- 18 AM/Image 3.TIFF
../Images/Images_Manual/Normal Part2/Normal (36).E2E/2- 26- 2017 10- 04- 18 AM/Image 4.png,./Macular-Dataset-R.Rasti_old/Normal Part2/Normal (36).E2E/2- 26- 2017 10- 04- 18 AM/Image 4.TIFF
../Images/Images_Manual/Normal Part2/Normal (36).E2E/2- 26- 2017 10- 04- 18 AM/Image 5.png,./Macular-Dataset-R.Rasti_old/Normal Part2/Normal (36).E2E/2- 26- 2017 10- 04- 18 AM/Image 5.TIFF
../Images/Images_Manual/Normal Part2/Normal (36).E2E/2- 26- 2017 10- 04- 18 AM/Image 6.png,./Macular-Dataset-R.Rasti_old/Normal Part2/Normal (36).E2E/2- 26- 2017 10- 04- 18 AM/Image 6.TIFF
../Images/Images_Manual/Normal Part2/Normal (36).E2E/2- 26- 2017 10- 04- 18 AM/Image 7.png,./Macular-Dataset-R.Rasti_old/Normal Part2/Normal (36).E2E/2- 26- 2017 10- 04- 18 AM/Image 7.TIFF
../Images/Images_Manual/Normal Part2/Normal (36).E2E/2- 26- 2017 10- 04- 18 AM/Image 8.png,./Macular-Dataset-R.Rasti_old/Normal Part2/Normal (36).E2E/2- 26- 2017 10- 04- 18 AM/Image 8.TIFF
../Images/Images_Manual/Normal Part2/Normal (36).E2E/2- 26- 2017 10- 04- 18 AM/Image 9.png,./Macular-Dataset-R.Rasti_old/Normal Part2/Normal (36).E2E/2- 26- 2017 10- 04- 18 AM/Image 9.TIFF
../Images/Images_Manual/Normal Part2/Normal (36).E2E/2- 26- 2017 10- 04- 18 AM/Image 10.png,./Macular-Dataset-R.Rasti_old/Normal Part2/Normal (36).E2E/2- 26- 2017 10- 04- 18 AM/Image 10.TIFF
../Images/Images_Manual/Normal Part2/Normal (36).E2E/2- 26- 2017 10- 04- 18 AM/Image 11.png,./Macular-Dataset-R.Rasti_old/Normal Part2/Normal (36).E2E/2- 26- 2017 10- 04- 18 AM/Image 11.TIFF
../Images/Images_Manual/Normal Part2/Normal (36).E2E/2- 26- 2017 10- 04- 18 AM/Image 12.png,./Macular-Dataset-R.Rasti_old/Normal Part2/Normal (36).E2E/2- 26- 2017 10- 04- 18 AM/Image 12.TIFF
../Images/Images_Manual/Normal Part2/Normal (36).E2E/2- 26- 2017 10- 04- 18 AM/Image 13.png,./Macular-Dataset-R.Rasti_old/Normal Part2/Normal (36).E2E/2- 26- 2017 10- 04- 18 AM/Image 13.TIFF
../Images/Images_Manual/Normal Part2/Normal (36).E2E/2- 26- 2017 10- 04- 18 AM/Image 14.png,./Macular-Dataset-R.Rasti_old/Normal Part2/Normal (36).E2E/2- 26- 2017 10- 04- 18 AM/Image 14.TIFF
../Images/Images_Manual/Normal Part2/Normal (36).E2E/2- 26- 2017 10- 04- 18 AM/Image 15.png,./Macular-Dataset-R.Rasti_old/Normal Part2/Normal (36).E2E/2- 26- 2017 10- 04- 18 AM/Image 15.TIFF
../Images/Images_Manual/Normal Part2/Normal (36).E2E/2- 26- 2017 10- 04- 18 AM/Image 16.png,./Macular-Dataset-R.Rasti_old/Normal Part2/Normal (36).E2E/2- 26- 2017 10- 04- 18 AM/Image 16.TIFF
../Images/Images_Manual/Normal Part2/Normal (36).E2E/2- 26- 2017 10- 04- 18 AM/Image 17.png,./Macular-Dataset-R.Rasti_old/Normal Part2/Normal (36).E2E/2- 26- 2017 10- 04- 18 AM/Image 17.TIFF
../Images/Images_Manual/Normal Part2/Normal (36).E2E/2- 26- 2017 10- 04- 18 AM/Image 18.png,./Macular-Dataset-R.Rasti_old/Normal Part2/Normal (36).E2E/2- 26- 2017 10- 04- 18 AM/Image 18.TIFF
../Images/Images_Manual/Normal Part2/Normal (36).E2E/2- 26- 2017 10- 04- 18 AM/Image 19.png,./Macular-Dataset-R.Rasti_old/Normal Part2/Normal (36).E2E/2- 26- 2017 10- 04- 18 AM/Image 19.TIFF
../Images/Images_Manual/Normal Part2/Normal (37).E2E/2- 26- 2017 10- 05- 11 AM/Image 1.png,./Macular-Dataset-R.Rasti_old/Normal Part2/Normal (37).E2E/2- 26- 2017 10- 05- 11 AM/Image 1.TIFF
../Images/Images_Manual/Normal Part2/Normal (37).E2E/2- 26- 2017 10- 05- 11 AM/Image 2.png,./Macular-Dataset-R.Rasti_old/Normal Part2/Normal (37).E2E/2- 26- 2017 10- 05- 11 AM/Image 2.TIFF
../Images/Images_Manual/Normal Part2/Normal (37).E2E/2- 26- 2017 10- 05- 11 AM/Image 3.png,./Macular-Dataset-R.Rasti_old/Normal Part2/Normal (37).E2E/2- 26- 2017 10- 05- 11 AM/Image 3.TIFF
../Images/Images_Manual/Normal Part2/Normal (37).E2E/2- 26- 2017 10- 05- 11 AM/Image 4.png,./Macular-Dataset-R.Rasti_old/Normal Part2/Normal (37).E2E/2- 26- 2017 10- 05- 11 AM/Image 4.TIFF
../Images/Images_Manual/Normal Part2/Normal (37).E2E/2- 26- 2017 10- 05- 11 AM/Image 5.png,./Macular-Dataset-R.Rasti_old/Normal Part2/Normal (37).E2E/2- 26- 2017 10- 05- 11 AM/Image 5.TIFF
../Images/Images_Manual/Normal Part2/Normal (37).E2E/2- 26- 2017 10- 05- 11 AM/Image 6.png,./Macular-Dataset-R.Rasti_old/Normal Part2/Normal (37).E2E/2- 26- 2017 10- 05- 11 AM/Image 6.TIFF
../Images/Images_Manual/Normal Part2/Normal (37).E2E/2- 26- 2017 10- 05- 11 AM/Image 7.png,./Macular-Dataset-R.Rasti_old/Normal Part2/Normal (37).E2E/2- 26- 2017 10- 05- 11 AM/Image 7.TIFF
../Images/Images_Manual/Normal Part2/Normal (37).E2E/2- 26- 2017 10- 05- 11 AM/Image 8.png,./Macular-Dataset-R.Rasti_old/Normal Part2/Normal (37).E2E/2- 26- 2017 10- 05- 11 AM/Image 8.TIFF
../Images/Images_Manual/Normal Part2/Normal (37).E2E/2- 26- 2017 10- 05- 11 AM/Image 9.png,./Macular-Dataset-R.Rasti_old/Normal Part2/Normal (37).E2E/2- 26- 2017 10- 05- 11 AM/Image 9.TIFF
../Images/Images_Manual/Normal Part2/Normal (37).E2E/2- 26- 2017 10- 05- 11 AM/Image 10.png,./Macular-Dataset-R.Rasti_old/Normal Part2/Normal (37).E2E/2- 26- 2017 10- 05- 11 AM/Image 10.TIFF
../Images/Images_Manual/Normal Part2/Normal (37).E2E/2- 26- 2017 10- 05- 11 AM/Image 11.png,./Macular-Dataset-R.Rasti_old/Normal Part2/Normal (37).E2E/2- 26- 2017 10- 05- 11 AM/Image 11.TIFF
../Images/Images_Manual/Normal Part2/Normal (37).E2E/2- 26- 2017 10- 05- 11 AM/Image 12.png,./Macular-Dataset-R.Rasti_old/Normal Part2/Normal (37).E2E/2- 26- 2017 10- 05- 11 AM/Image 12.TIFF
../Images/Images_Manual/Normal Part2/Normal (37).E2E/2- 26- 2017 10- 05- 11 AM/Image 13.png,./Macular-Dataset-R.Rasti_old/Normal Part2/Normal (37).E2E/2- 26- 2017 10- 05- 11 AM/Image 13.TIFF
../Images/Images_Manual/Normal Part2/Normal (37).E2E/2- 26- 2017 10- 05- 11 AM/Image 14.png,./Macular-Dataset-R.Rasti_old/Normal Part2/Normal (37).E2E/2- 26- 2017 10- 05- 11 AM/Image 14.TIFF
../Images/Images_Manual/Normal Part2/Normal (37).E2E/2- 26- 2017 10- 05- 11 AM/Image 15.png,./Macular-Dataset-R.Rasti_old/Normal Part2/Normal (37).E2E/2- 26- 2017 10- 05- 11 AM/Image 15.TIFF
../Images/Images_Manual/Normal Part2/Normal (37).E2E/2- 26- 2017 10- 05- 11 AM/Image 16.png,./Macular-Dataset-R.Rasti_old/Normal Part2/Normal (37).E2E/2- 26- 2017 10- 05- 11 AM/Image 16.TIFF
../Images/Images_Manual/Normal Part2/Normal (37).E2E/2- 26- 2017 10- 05- 11 AM/Image 17.png,./Macular-Dataset-R.Rasti_old/Normal Part2/Normal (37).E2E/2- 26- 2017 10- 05- 11 AM/Image 17.TIFF
../Images/Images_Manual/Normal Part2/Normal (37).E2E/2- 26- 2017 10- 05- 11 AM/Image 18.png,./Macular-Dataset-R.Rasti_old/Normal Part2/Normal (37).E2E/2- 26- 2017 10- 05- 11 AM/Image 18.TIFF
../Images/Images_Manual/Normal Part2/Normal (37).E2E/2- 26- 2017 10- 05- 11 AM/Image 19.png,./Macular-Dataset-R.Rasti_old/Normal Part2/Normal (37).E2E/2- 26- 2017 10- 05- 11 AM/Image 19.TIFF
../Images/Images_Manual/Normal Part2/Normal (37).E2E/2- 26- 2017 10- 05- 11 AM/Image 20.png,./Macular-Dataset-R.Rasti_old/Normal Part2/Normal (37).E2E/2- 26- 2017 10- 05- 11 AM/Image 20.TIFF
../Images/Images_Manual/Normal Part2/Normal (37).E2E/2- 26- 2017 10- 05- 11 AM/Image 21.png,./Macular-Dataset-R.Rasti_old/Normal Part2/Normal (37).E2E/2- 26- 2017 10- 05- 11 AM/Image 21.TIFF
../Images/Images_Manual/Normal Part2/Normal (37).E2E/2- 26- 2017 10- 05- 11 AM/Image 22.png,./Macular-Dataset-R.Rasti_old/Normal Part2/Normal (37).E2E/2- 26- 2017 10- 05- 11 AM/Image 22.TIFF
../Images/Images_Manual/Normal Part2/Normal (37).E2E/2- 26- 2017 10- 05- 11 AM/Image 23.png,./Macular-Dataset-R.Rasti_old/Normal Part2/Normal (37).E2E/2- 26- 2017 10- 05- 11 AM/Image 23.TIFF
../Images/Images_Manual/Normal Part2/Normal (37).E2E/2- 26- 2017 10- 05- 11 AM/Image 24.png,./Macular-Dataset-R.Rasti_old/Normal Part2/Normal (37).E2E/2- 26- 2017 10- 05- 11 AM/Image 24.TIFF
../Images/Images_Manual/Normal Part2/Normal (37).E2E/2- 26- 2017 10- 05- 11 AM/Image 25.png,./Macular-Dataset-R.Rasti_old/Normal Part2/Normal (37).E2E/2- 26- 2017 10- 05- 11 AM/Image 25.TIFF
../Images/Images_Manual/Normal Part2/Normal (38).E2E/2- 26- 2017 10- 06- 02 AM/Image 1.png,./Macular-Dataset-R.Rasti_old/Normal Part2/Normal (38).E2E/2- 26- 2017 10- 06- 02 AM/Image 1.TIFF
../Images/Images_Manual/Normal Part2/Normal (38).E2E/2- 26- 2017 10- 06- 02 AM/Image 2.png,./Macular-Dataset-R.Rasti_old/Normal Part2/Normal (38).E2E/2- 26- 2017 10- 06- 02 AM/Image 2.TIFF
../Images/Images_Manual/Normal Part2/Normal (38).E2E/2- 26- 2017 10- 06- 02 AM/Image 3.png,./Macular-Dataset-R.Rasti_old/Normal Part2/Normal (38).E2E/2- 26- 2017 10- 06- 02 AM/Image 3.TIFF
../Images/Images_Manual/Normal Part2/Normal (38).E2E/2- 26- 2017 10- 06- 02 AM/Image 4.png,./Macular-Dataset-R.Rasti_old/Normal Part2/Normal (38).E2E/2- 26- 2017 10- 06- 02 AM/Image 4.TIFF
../Images/Images_Manual/Normal Part2/Normal (38).E2E/2- 26- 2017 10- 06- 02 AM/Image 5.png,./Macular-Dataset-R.Rasti_old/Normal Part2/Normal (38).E2E/2- 26- 2017 10- 06- 02 AM/Image 5.TIFF
../Images/Images_Manual/Normal Part2/Normal (38).E2E/2- 26- 2017 10- 06- 02 AM/Image 6.png,./Macular-Dataset-R.Rasti_old/Normal Part2/Normal (38).E2E/2- 26- 2017 10- 06- 02 AM/Image 6.TIFF
../Images/Images_Manual/Normal Part2/Normal (38).E2E/2- 26- 2017 10- 06- 02 AM/Image 7.png,./Macular-Dataset-R.Rasti_old/Normal Part2/Normal (38).E2E/2- 26- 2017 10- 06- 02 AM/Image 7.TIFF
../Images/Images_Manual/Normal Part2/Normal (38).E2E/2- 26- 2017 10- 06- 02 AM/Image 8.png,./Macular-Dataset-R.Rasti_old/Normal Part2/Normal (38).E2E/2- 26- 2017 10- 06- 02 AM/Image 8.TIFF
../Images/Images_Manual/Normal Part2/Normal (38).E2E/2- 26- 2017 10- 06- 02 AM/Image 9.png,./Macular-Dataset-R.Rasti_old/Normal Part2/Normal (38).E2E/2- 26- 2017 10- 06- 02 AM/Image 9.TIFF
../Images/Images_Manual/Normal Part2/Normal (38).E2E/2- 26- 2017 10- 06- 02 AM/Image 10.png,./Macular-Dataset-R.Rasti_old/Normal Part2/Normal (38).E2E/2- 26- 2017 10- 06- 02 AM/Image 10.TIFF
../Images/Images_Manual/Normal Part2/Normal (38).E2E/2- 26- 2017 10- 06- 02 AM/Image 11.png,./Macular-Dataset-R.Rasti_old/Normal Part2/Normal (38).E2E/2- 26- 2017 10- 06- 02 AM/Image 11.TIFF
../Images/Images_Manual/Normal Part2/Normal (38).E2E/2- 26- 2017 10- 06- 02 AM/Image 12.png,./Macular-Dataset-R.Rasti_old/Normal Part2/Normal (38).E2E/2- 26- 2017 10- 06- 02 AM/Image 12.TIFF
../Images/Images_Manual/Normal Part2/Normal (38).E2E/2- 26- 2017 10- 06- 02 AM/Image 13.png,./Macular-Dataset-R.Rasti_old/Normal Part2/Normal (38).E2E/2- 26- 2017 10- 06- 02 AM/Image 13.TIFF
../Images/Images_Manual/Normal Part2/Normal (38).E2E/2- 26- 2017 10- 06- 02 AM/Image 14.png,./Macular-Dataset-R.Rasti_old/Normal Part2/Normal (38).E2E/2- 26- 2017 10- 06- 02 AM/Image 14.TIFF
../Images/Images_Manual/Normal Part2/Normal (38).E2E/2- 26- 2017 10- 06- 02 AM/Image 15.png,./Macular-Dataset-R.Rasti_old/Normal Part2/Normal (38).E2E/2- 26- 2017 10- 06- 02 AM/Image 15.TIFF
../Images/Images_Manual/Normal Part2/Normal (38).E2E/2- 26- 2017 10- 06- 02 AM/Image 16.png,./Macular-Dataset-R.Rasti_old/Normal Part2/Normal (38).E2E/2- 26- 2017 10- 06- 02 AM/Image 16.TIFF
../Images/Images_Manual/Normal Part2/Normal (38).E2E/2- 26- 2017 10- 06- 02 AM/Image 17.png,./Macular-Dataset-R.Rasti_old/Normal Part2/Normal (38).E2E/2- 26- 2017 10- 06- 02 AM/Image 17.TIFF
../Images/Images_Manual/Normal Part2/Normal (38).E2E/2- 26- 2017 10- 06- 02 AM/Image 18.png,./Macular-Dataset-R.Rasti_old/Normal Part2/Normal (38).E2E/2- 26- 2017 10- 06- 02 AM/Image 18.TIFF
../Images/Images_Manual/Normal Part2/Normal (38).E2E/2- 26- 2017 10- 06- 02 AM/Image 19.png,./Macular-Dataset-R.Rasti_old/Normal Part2/Normal (38).E2E/2- 26- 2017 10- 06- 02 AM/Image 19.TIFF
../Images/Images_Manual/Normal Part2/Normal (38).E2E/2- 26- 2017 10- 06- 02 AM/Image 20.png,./Macular-Dataset-R.Rasti_old/Normal Part2/Normal (38).E2E/2- 26- 2017 10- 06- 02 AM/Image 20.TIFF
../Images/Images_Manual/Normal Part2/Normal (38).E2E/2- 26- 2017 10- 06- 02 AM/Image 21.png,./Macular-Dataset-R.Rasti_old/Normal Part2/Normal (38).E2E/2- 26- 2017 10- 06- 02 AM/Image 21.TIFF
../Images/Images_Manual/Normal Part2/Normal (38).E2E/2- 26- 2017 10- 06- 02 AM/Image 22.png,./Macular-Dataset-R.Rasti_old/Normal Part2/Normal (38).E2E/2- 26- 2017 10- 06- 02 AM/Image 22.TIFF
../Images/Images_Manual/Normal Part2/Normal (38).E2E/2- 26- 2017 10- 06- 02 AM/Image 23.png,./Macular-Dataset-R.Rasti_old/Normal Part2/Normal (38).E2E/2- 26- 2017 10- 06- 02 AM/Image 23.TIFF
../Images/Images_Manual/Normal Part2/Normal (38).E2E/2- 26- 2017 10- 06- 02 AM/Image 24.png,./Macular-Dataset-R.Rasti_old/Normal Part2/Normal (38).E2E/2- 26- 2017 10- 06- 02 AM/Image 24.TIFF
../Images/Images_Manual/Normal Part2/Normal (38).E2E/2- 26- 2017 10- 06- 02 AM/Image 25.png,./Macular-Dataset-R.Rasti_old/Normal Part2/Normal (38).E2E/2- 26- 2017 10- 06- 02 AM/Image 25.TIFF
../Images/Images_Manual/Normal Part2/Normal (39).E2E/2- 26- 2017 10- 08- 18 AM/Image 1.png,./Macular-Dataset-R.Rasti_old/Normal Part2/Normal (39).E2E/2- 26- 2017 10- 08- 18 AM/Image 1.TIFF
../Images/Images_Manual/Normal Part2/Normal (39).E2E/2- 26- 2017 10- 08- 18 AM/Image 2.png,./Macular-Dataset-R.Rasti_old/Normal Part2/Normal (39).E2E/2- 26- 2017 10- 08- 18 AM/Image 2.TIFF
../Images/Images_Manual/Normal Part2/Normal (39).E2E/2- 26- 2017 10- 08- 18 AM/Image 3.png,./Macular-Dataset-R.Rasti_old/Normal Part2/Normal (39).E2E/2- 26- 2017 10- 08- 18 AM/Image 3.TIFF
../Images/Images_Manual/Normal Part2/Normal (39).E2E/2- 26- 2017 10- 08- 18 AM/Image 4.png,./Macular-Dataset-R.Rasti_old/Normal Part2/Normal (39).E2E/2- 26- 2017 10- 08- 18 AM/Image 4.TIFF
../Images/Images_Manual/Normal Part2/Normal (39).E2E/2- 26- 2017 10- 08- 18 AM/Image 5.png,./Macular-Dataset-R.Rasti_old/Normal Part2/Normal (39).E2E/2- 26- 2017 10- 08- 18 AM/Image 5.TIFF
../Images/Images_Manual/Normal Part2/Normal (39).E2E/2- 26- 2017 10- 08- 18 AM/Image 6.png,./Macular-Dataset-R.Rasti_old/Normal Part2/Normal (39).E2E/2- 26- 2017 10- 08- 18 AM/Image 6.TIFF
../Images/Images_Manual/Normal Part2/Normal (39).E2E/2- 26- 2017 10- 08- 18 AM/Image 7.png,./Macular-Dataset-R.Rasti_old/Normal Part2/Normal (39).E2E/2- 26- 2017 10- 08- 18 AM/Image 7.TIFF
../Images/Images_Manual/Normal Part2/Normal (39).E2E/2- 26- 2017 10- 08- 18 AM/Image 8.png,./Macular-Dataset-R.Rasti_old/Normal Part2/Normal (39).E2E/2- 26- 2017 10- 08- 18 AM/Image 8.TIFF
../Images/Images_Manual/Normal Part2/Normal (39).E2E/2- 26- 2017 10- 08- 18 AM/Image 9.png,./Macular-Dataset-R.Rasti_old/Normal Part2/Normal (39).E2E/2- 26- 2017 10- 08- 18 AM/Image 9.TIFF
../Images/Images_Manual/Normal Part2/Normal (39).E2E/2- 26- 2017 10- 08- 18 AM/Image 10.png,./Macular-Dataset-R.Rasti_old/Normal Part2/Normal (39).E2E/2- 26- 2017 10- 08- 18 AM/Image 10.TIFF
../Images/Images_Manual/Normal Part2/Normal (39).E2E/2- 26- 2017 10- 08- 18 AM/Image 11.png,./Macular-Dataset-R.Rasti_old/Normal Part2/Normal (39).E2E/2- 26- 2017 10- 08- 18 AM/Image 11.TIFF
../Images/Images_Manual/Normal Part2/Normal (39).E2E/2- 26- 2017 10- 08- 18 AM/Image 12.png,./Macular-Dataset-R.Rasti_old/Normal Part2/Normal (39).E2E/2- 26- 2017 10- 08- 18 AM/Image 12.TIFF
../Images/Images_Manual/Normal Part2/Normal (39).E2E/2- 26- 2017 10- 08- 18 AM/Image 13.png,./Macular-Dataset-R.Rasti_old/Normal Part2/Normal (39).E2E/2- 26- 2017 10- 08- 18 AM/Image 13.TIFF
../Images/Images_Manual/Normal Part2/Normal (39).E2E/2- 26- 2017 10- 08- 18 AM/Image 14.png,./Macular-Dataset-R.Rasti_old/Normal Part2/Normal (39).E2E/2- 26- 2017 10- 08- 18 AM/Image 14.TIFF
../Images/Images_Manual/Normal Part2/Normal (39).E2E/2- 26- 2017 10- 08- 18 AM/Image 15.png,./Macular-Dataset-R.Rasti_old/Normal Part2/Normal (39).E2E/2- 26- 2017 10- 08- 18 AM/Image 15.TIFF
../Images/Images_Manual/Normal Part2/Normal (39).E2E/2- 26- 2017 10- 08- 18 AM/Image 16.png,./Macular-Dataset-R.Rasti_old/Normal Part2/Normal (39).E2E/2- 26- 2017 10- 08- 18 AM/Image 16.TIFF
../Images/Images_Manual/Normal Part2/Normal (39).E2E/2- 26- 2017 10- 08- 18 AM/Image 17.png,./Macular-Dataset-R.Rasti_old/Normal Part2/Normal (39).E2E/2- 26- 2017 10- 08- 18 AM/Image 17.TIFF
../Images/Images_Manual/Normal Part2/Normal (39).E2E/2- 26- 2017 10- 08- 18 AM/Image 18.png,./Macular-Dataset-R.Rasti_old/Normal Part2/Normal (39).E2E/2- 26- 2017 10- 08- 18 AM/Image 18.TIFF
../Images/Images_Manual/Normal Part2/Normal (39).E2E/2- 26- 2017 10- 08- 18 AM/Image 19.png,./Macular-Dataset-R.Rasti_old/Normal Part2/Normal (39).E2E/2- 26- 2017 10- 08- 18 AM/Image 19.TIFF
../Images/Images_Manual/Normal Part2/Normal (40).E2E/2- 26- 2017 10- 10- 37 AM/Image 1.png,./Macular-Dataset-R.Rasti_old/Normal Part2/Normal (40).E2E/2- 26- 2017 10- 10- 37 AM/Image 1.TIFF
../Images/Images_Manual/Normal Part2/Normal (40).E2E/2- 26- 2017 10- 10- 37 AM/Image 2.png,./Macular-Dataset-R.Rasti_old/Normal Part2/Normal (40).E2E/2- 26- 2017 10- 10- 37 AM/Image 2.TIFF
../Images/Images_Manual/Normal Part2/Normal (40).E2E/2- 26- 2017 10- 10- 37 AM/Image 3.png,./Macular-Dataset-R.Rasti_old/Normal Part2/Normal (40).E2E/2- 26- 2017 10- 10- 37 AM/Image 3.TIFF
../Images/Images_Manual/Normal Part2/Normal (40).E2E/2- 26- 2017 10- 10- 37 AM/Image 4.png,./Macular-Dataset-R.Rasti_old/Normal Part2/Normal (40).E2E/2- 26- 2017 10- 10- 37 AM/Image 4.TIFF
../Images/Images_Manual/Normal Part2/Normal (40).E2E/2- 26- 2017 10- 10- 37 AM/Image 5.png,./Macular-Dataset-R.Rasti_old/Normal Part2/Normal (40).E2E/2- 26- 2017 10- 10- 37 AM/Image 5.TIFF
../Images/Images_Manual/Normal Part2/Normal (40).E2E/2- 26- 2017 10- 10- 37 AM/Image 6.png,./Macular-Dataset-R.Rasti_old/Normal Part2/Normal (40).E2E/2- 26- 2017 10- 10- 37 AM/Image 6.TIFF
../Images/Images_Manual/Normal Part2/Normal (40).E2E/2- 26- 2017 10- 10- 37 AM/Image 7.png,./Macular-Dataset-R.Rasti_old/Normal Part2/Normal (40).E2E/2- 26- 2017 10- 10- 37 AM/Image 7.TIFF
../Images/Images_Manual/Normal Part2/Normal (40).E2E/2- 26- 2017 10- 10- 37 AM/Image 8.png,./Macular-Dataset-R.Rasti_old/Normal Part2/Normal (40).E2E/2- 26- 2017 10- 10- 37 AM/Image 8.TIFF
../Images/Images_Manual/Normal Part2/Normal (40).E2E/2- 26- 2017 10- 10- 37 AM/Image 9.png,./Macular-Dataset-R.Rasti_old/Normal Part2/Normal (40).E2E/2- 26- 2017 10- 10- 37 AM/Image 9.TIFF
../Images/Images_Manual/Normal Part2/Normal (40).E2E/2- 26- 2017 10- 10- 37 AM/Image 10.png,./Macular-Dataset-R.Rasti_old/Normal Part2/Normal (40).E2E/2- 26- 2017 10- 10- 37 AM/Image 10.TIFF
../Images/Images_Manual/Normal Part2/Normal (40).E2E/2- 26- 2017 10- 10- 37 AM/Image 11.png,./Macular-Dataset-R.Rasti_old/Normal Part2/Normal (40).E2E/2- 26- 2017 10- 10- 37 AM/Image 11.TIFF
../Images/Images_Manual/Normal Part2/Normal (40).E2E/2- 26- 2017 10- 10- 37 AM/Image 12.png,./Macular-Dataset-R.Rasti_old/Normal Part2/Normal (40).E2E/2- 26- 2017 10- 10- 37 AM/Image 12.TIFF
../Images/Images_Manual/Normal Part2/Normal (40).E2E/2- 26- 2017 10- 10- 37 AM/Image 13.png,./Macular-Dataset-R.Rasti_old/Normal Part2/Normal (40).E2E/2- 26- 2017 10- 10- 37 AM/Image 13.TIFF
../Images/Images_Manual/Normal Part2/Normal (40).E2E/2- 26- 2017 10- 10- 37 AM/Image 14.png,./Macular-Dataset-R.Rasti_old/Normal Part2/Normal (40).E2E/2- 26- 2017 10- 10- 37 AM/Image 14.TIFF
../Images/Images_Manual/Normal Part2/Normal (40).E2E/2- 26- 2017 10- 10- 37 AM/Image 15.png,./Macular-Dataset-R.Rasti_old/Normal Part2/Normal (40).E2E/2- 26- 2017 10- 10- 37 AM/Image 15.TIFF
../Images/Images_Manual/Normal Part2/Normal (40).E2E/2- 26- 2017 10- 10- 37 AM/Image 16.png,./Macular-Dataset-R.Rasti_old/Normal Part2/Normal (40).E2E/2- 26- 2017 10- 10- 37 AM/Image 16.TIFF
../Images/Images_Manual/Normal Part2/Normal (40).E2E/2- 26- 2017 10- 10- 37 AM/Image 17.png,./Macular-Dataset-R.Rasti_old/Normal Part2/Normal (40).E2E/2- 26- 2017 10- 10- 37 AM/Image 17.TIFF
../Images/Images_Manual/Normal Part2/Normal (40).E2E/2- 26- 2017 10- 10- 37 AM/Image 18.png,./Macular-Dataset-R.Rasti_old/Normal Part2/Normal (40).E2E/2- 26- 2017 10- 10- 37 AM/Image 18.TIFF
../Images/Images_Manual/Normal Part2/Normal (40).E2E/2- 26- 2017 10- 10- 37 AM/Image 19.png,./Macular-Dataset-R.Rasti_old/Normal Part2/Normal (40).E2E/2- 26- 2017 10- 10- 37 AM/Image 19.TIFF
../Images/Images_Manual/Normal Part2/Normal (47).E2E/2- 26- 2017 10- 21- 43 AM/Image 1.png,./Macular-Dataset-R.Rasti_old/Normal Part2/Normal (47).E2E/2- 26- 2017 10- 21- 43 AM/Image 1.TIFF
../Images/Images_Manual/Normal Part2/Normal (47).E2E/2- 26- 2017 10- 21- 43 AM/Image 2.png,./Macular-Dataset-R.Rasti_old/Normal Part2/Normal (47).E2E/2- 26- 2017 10- 21- 43 AM/Image 2.TIFF
../Images/Images_Manual/Normal Part2/Normal (47).E2E/2- 26- 2017 10- 21- 43 AM/Image 3.png,./Macular-Dataset-R.Rasti_old/Normal Part2/Normal (47).E2E/2- 26- 2017 10- 21- 43 AM/Image 3.TIFF
../Images/Images_Manual/Normal Part2/Normal (47).E2E/2- 26- 2017 10- 21- 43 AM/Image 4.png,./Macular-Dataset-R.Rasti_old/Normal Part2/Normal (47).E2E/2- 26- 2017 10- 21- 43 AM/Image 4.TIFF
../Images/Images_Manual/Normal Part2/Normal (47).E2E/2- 26- 2017 10- 21- 43 AM/Image 5.png,./Macular-Dataset-R.Rasti_old/Normal Part2/Normal (47).E2E/2- 26- 2017 10- 21- 43 AM/Image 5.TIFF
../Images/Images_Manual/Normal Part2/Normal (47).E2E/2- 26- 2017 10- 21- 43 AM/Image 6.png,./Macular-Dataset-R.Rasti_old/Normal Part2/Normal (47).E2E/2- 26- 2017 10- 21- 43 AM/Image 6.TIFF
../Images/Images_Manual/Normal Part2/Normal (47).E2E/2- 26- 2017 10- 21- 43 AM/Image 7.png,./Macular-Dataset-R.Rasti_old/Normal Part2/Normal (47).E2E/2- 26- 2017 10- 21- 43 AM/Image 7.TIFF
../Images/Images_Manual/Normal Part2/Normal (47).E2E/2- 26- 2017 10- 21- 43 AM/Image 8.png,./Macular-Dataset-R.Rasti_old/Normal Part2/Normal (47).E2E/2- 26- 2017 10- 21- 43 AM/Image 8.TIFF
../Images/Images_Manual/Normal Part2/Normal (47).E2E/2- 26- 2017 10- 21- 43 AM/Image 9.png,./Macular-Dataset-R.Rasti_old/Normal Part2/Normal (47).E2E/2- 26- 2017 10- 21- 43 AM/Image 9.TIFF
../Images/Images_Manual/Normal Part2/Normal (47).E2E/2- 26- 2017 10- 21- 43 AM/Image 10.png,./Macular-Dataset-R.Rasti_old/Normal Part2/Normal (47).E2E/2- 26- 2017 10- 21- 43 AM/Image 10.TIFF
../Images/Images_Manual/Normal Part2/Normal (47).E2E/2- 26- 2017 10- 21- 43 AM/Image 11.png,./Macular-Dataset-R.Rasti_old/Normal Part2/Normal (47).E2E/2- 26- 2017 10- 21- 43 AM/Image 11.TIFF
../Images/Images_Manual/Normal Part2/Normal (47).E2E/2- 26- 2017 10- 21- 43 AM/Image 12.png,./Macular-Dataset-R.Rasti_old/Normal Part2/Normal (47).E2E/2- 26- 2017 10- 21- 43 AM/Image 12.TIFF
../Images/Images_Manual/Normal Part2/Normal (47).E2E/2- 26- 2017 10- 21- 43 AM/Image 13.png,./Macular-Dataset-R.Rasti_old/Normal Part2/Normal (47).E2E/2- 26- 2017 10- 21- 43 AM/Image 13.TIFF
../Images/Images_Manual/Normal Part2/Normal (47).E2E/2- 26- 2017 10- 21- 43 AM/Image 14.png,./Macular-Dataset-R.Rasti_old/Normal Part2/Normal (47).E2E/2- 26- 2017 10- 21- 43 AM/Image 14.TIFF
../Images/Images_Manual/Normal Part2/Normal (47).E2E/2- 26- 2017 10- 21- 43 AM/Image 15.png,./Macular-Dataset-R.Rasti_old/Normal Part2/Normal (47).E2E/2- 26- 2017 10- 21- 43 AM/Image 15.TIFF
../Images/Images_Manual/Normal Part2/Normal (47).E2E/2- 26- 2017 10- 21- 43 AM/Image 16.png,./Macular-Dataset-R.Rasti_old/Normal Part2/Normal (47).E2E/2- 26- 2017 10- 21- 43 AM/Image 16.TIFF
../Images/Images_Manual/Normal Part2/Normal (47).E2E/2- 26- 2017 10- 21- 43 AM/Image 17.png,./Macular-Dataset-R.Rasti_old/Normal Part2/Normal (47).E2E/2- 26- 2017 10- 21- 43 AM/Image 17.TIFF
../Images/Images_Manual/Normal Part2/Normal (47).E2E/2- 26- 2017 10- 21- 43 AM/Image 18.png,./Macular-Dataset-R.Rasti_old/Normal Part2/Normal (47).E2E/2- 26- 2017 10- 21- 43 AM/Image 18.TIFF
../Images/Images_Manual/Normal Part2/Normal (47).E2E/2- 26- 2017 10- 21- 43 AM/Image 19.png,./Macular-Dataset-R.Rasti_old/Normal Part2/Normal (47).E2E/2- 26- 2017 10- 21- 43 AM/Image 19.TIFF
../Images/Images_Manual/Normal Part2/Normal (47).E2E/2- 26- 2017 10- 21- 43 AM/Image 20.png,./Macular-Dataset-R.Rasti_old/Normal Part2/Normal (47).E2E/2- 26- 2017 10- 21- 43 AM/Image 20.TIFF
../Images/Images_Manual/Normal Part2/Normal (47).E2E/2- 26- 2017 10- 21- 43 AM/Image 21.png,./Macular-Dataset-R.Rasti_old/Normal Part2/Normal (47).E2E/2- 26- 2017 10- 21- 43 AM/Image 21.TIFF
../Images/Images_Manual/Normal Part2/Normal (47).E2E/2- 26- 2017 10- 21- 43 AM/Image 22.png,./Macular-Dataset-R.Rasti_old/Normal Part2/Normal (47).E2E/2- 26- 2017 10- 21- 43 AM/Image 22.TIFF
../Images/Images_Manual/Normal Part2/Normal (47).E2E/2- 26- 2017 10- 21- 43 AM/Image 23.png,./Macular-Dataset-R.Rasti_old/Normal Part2/Normal (47).E2E/2- 26- 2017 10- 21- 43 AM/Image 23.TIFF
../Images/Images_Manual/Normal Part2/Normal (47).E2E/2- 26- 2017 10- 21- 43 AM/Image 24.png,./Macular-Dataset-R.Rasti_old/Normal Part2/Normal (47).E2E/2- 26- 2017 10- 21- 43 AM/Image 24.TIFF
../Images/Images_Manual/Normal Part2/Normal (47).E2E/2- 26- 2017 10- 21- 43 AM/Image 25.png,./Macular-Dataset-R.Rasti_old/Normal Part2/Normal (47).E2E/2- 26- 2017 10- 21- 43 AM/Image 25.TIFF
../Images/Images_Manual/Normal Part2/Normal (47).E2E/2- 26- 2017 10- 21- 43 AM/Image 26.png,./Macular-Dataset-R.Rasti_old/Normal Part2/Normal (47).E2E/2- 26- 2017 10- 21- 43 AM/Image 26.TIFF
../Images/Images_Manual/Normal Part2/Normal (47).E2E/2- 26- 2017 10- 21- 43 AM/Image 27.png,./Macular-Dataset-R.Rasti_old/Normal Part2/Normal (47).E2E/2- 26- 2017 10- 21- 43 AM/Image 27.TIFF
../Images/Images_Manual/Normal Part2/Normal (47).E2E/2- 26- 2017 10- 21- 43 AM/Image 28.png,./Macular-Dataset-R.Rasti_old/Normal Part2/Normal (47).E2E/2- 26- 2017 10- 21- 43 AM/Image 28.TIFF
../Images/Images_Manual/Normal Part2/Normal (47).E2E/2- 26- 2017 10- 21- 43 AM/Image 29.png,./Macular-Dataset-R.Rasti_old/Normal Part2/Normal (47).E2E/2- 26- 2017 10- 21- 43 AM/Image 29.TIFF
../Images/Images_Manual/Normal Part2/Normal (47).E2E/2- 26- 2017 10- 21- 43 AM/Image 30.png,./Macular-Dataset-R.Rasti_old/Normal Part2/Normal (47).E2E/2- 26- 2017 10- 21- 43 AM/Image 30.TIFF
../Images/Images_Manual/Normal Part2/Normal (47).E2E/2- 26- 2017 10- 21- 43 AM/Image 31.png,./Macular-Dataset-R.Rasti_old/Normal Part2/Normal (47).E2E/2- 26- 2017 10- 21- 43 AM/Image 31.TIFF
../Images/Images_Manual/Normal Part2/Normal (47).E2E/2- 26- 2017 10- 21- 43 AM/Image 32.png,./Macular-Dataset-R.Rasti_old/Normal Part2/Normal (47).E2E/2- 26- 2017 10- 21- 43 AM/Image 32.TIFF
../Images/Images_Manual/Normal Part2/Normal (47).E2E/2- 26- 2017 10- 21- 43 AM/Image 33.png,./Macular-Dataset-R.Rasti_old/Normal Part2/Normal (47).E2E/2- 26- 2017 10- 21- 43 AM/Image 33.TIFF
../Images/Images_Manual/Normal Part2/Normal (47).E2E/2- 26- 2017 10- 21- 43 AM/Image 34.png,./Macular-Dataset-R.Rasti_old/Normal Part2/Normal (47).E2E/2- 26- 2017 10- 21- 43 AM/Image 34.TIFF
../Images/Images_Manual/Normal Part2/Normal (47).E2E/2- 26- 2017 10- 21- 43 AM/Image 35.png,./Macular-Dataset-R.Rasti_old/Normal Part2/Normal (47).E2E/2- 26- 2017 10- 21- 43 AM/Image 35.TIFF
../Images/Images_Manual/Normal Part2/Normal (47).E2E/2- 26- 2017 10- 21- 43 AM/Image 36.png,./Macular-Dataset-R.Rasti_old/Normal Part2/Normal (47).E2E/2- 26- 2017 10- 21- 43 AM/Image 36.TIFF
../Images/Images_Manual/Normal Part2/Normal (47).E2E/2- 26- 2017 10- 21- 43 AM/Image 37.png,./Macular-Dataset-R.Rasti_old/Normal Part2/Normal (47).E2E/2- 26- 2017 10- 21- 43 AM/Image 37.TIFF
../Images/Images_Manual/Normal Part2/Normal (47).E2E/2- 26- 2017 10- 21- 43 AM/Image 38.png,./Macular-Dataset-R.Rasti_old/Normal Part2/Normal (47).E2E/2- 26- 2017 10- 21- 43 AM/Image 38.TIFF
../Images/Images_Manual/Normal Part2/Normal (47).E2E/2- 26- 2017 10- 21- 43 AM/Image 39.png,./Macular-Dataset-R.Rasti_old/Normal Part2/Normal (47).E2E/2- 26- 2017 10- 21- 43 AM/Image 39.TIFF
../Images/Images_Manual/Normal Part2/Normal (47).E2E/2- 26- 2017 10- 21- 43 AM/Image 40.png,./Macular-Dataset-R.Rasti_old/Normal Part2/Normal (47).E2E/2- 26- 2017 10- 21- 43 AM/Image 40.TIFF
../Images/Images_Manual/Normal Part2/Normal (47).E2E/2- 26- 2017 10- 21- 43 AM/Image 41.png,./Macular-Dataset-R.Rasti_old/Normal Part2/Normal (47).E2E/2- 26- 2017 10- 21- 43 AM/Image 41.TIFF
../Images/Images_Manual/Normal Part2/Normal (47).E2E/2- 26- 2017 10- 21- 43 AM/Image 42.png,./Macular-Dataset-R.Rasti_old/Normal Part2/Normal (47).E2E/2- 26- 2017 10- 21- 43 AM/Image 42.TIFF
../Images/Images_Manual/Normal Part2/Normal (47).E2E/2- 26- 2017 10- 21- 43 AM/Image 43.png,./Macular-Dataset-R.Rasti_old/Normal Part2/Normal (47).E2E/2- 26- 2017 10- 21- 43 AM/Image 43.TIFF
../Images/Images_Manual/Normal Part2/Normal (47).E2E/2- 26- 2017 10- 21- 43 AM/Image 44.png,./Macular-Dataset-R.Rasti_old/Normal Part2/Normal (47).E2E/2- 26- 2017 10- 21- 43 AM/Image 44.TIFF
../Images/Images_Manual/Normal Part2/Normal (47).E2E/2- 26- 2017 10- 21- 43 AM/Image 45.png,./Macular-Dataset-R.Rasti_old/Normal Part2/Normal (47).E2E/2- 26- 2017 10- 21- 43 AM/Image 45.TIFF
../Images/Images_Manual/Normal Part2/Normal (47).E2E/2- 26- 2017 10- 21- 43 AM/Image 46.png,./Macular-Dataset-R.Rasti_old/Normal Part2/Normal (47).E2E/2- 26- 2017 10- 21- 43 AM/Image 46.TIFF
../Images/Images_Manual/Normal Part2/Normal (47).E2E/2- 26- 2017 10- 21- 43 AM/Image 47.png,./Macular-Dataset-R.Rasti_old/Normal Part2/Normal (47).E2E/2- 26- 2017 10- 21- 43 AM/Image 47.TIFF
../Images/Images_Manual/Normal Part2/Normal (47).E2E/2- 26- 2017 10- 21- 43 AM/Image 48.png,./Macular-Dataset-R.Rasti_old/Normal Part2/Normal (47).E2E/2- 26- 2017 10- 21- 43 AM/Image 48.TIFF
../Images/Images_Manual/Normal Part2/Normal (47).E2E/2- 26- 2017 10- 21- 43 AM/Image 49.png,./Macular-Dataset-R.Rasti_old/Normal Part2/Normal (47).E2E/2- 26- 2017 10- 21- 43 AM/Image 49.TIFF
../Images/Images_Manual/Normal Part2/Normal (47).E2E/2- 26- 2017 10- 21- 43 AM/Image 50.png,./Macular-Dataset-R.Rasti_old/Normal Part2/Normal (47).E2E/2- 26- 2017 10- 21- 43 AM/Image 50.TIFF
../Images/Images_Manual/Normal Part2/Normal (47).E2E/2- 26- 2017 10- 21- 43 AM/Image 51.png,./Macular-Dataset-R.Rasti_old/Normal Part2/Normal (47).E2E/2- 26- 2017 10- 21- 43 AM/Image 51.TIFF
../Images/Images_Manual/Normal Part2/Normal (47).E2E/2- 26- 2017 10- 21- 43 AM/Image 52.png,./Macular-Dataset-R.Rasti_old/Normal Part2/Normal (47).E2E/2- 26- 2017 10- 21- 43 AM/Image 52.TIFF
../Images/Images_Manual/Normal Part2/Normal (47).E2E/2- 26- 2017 10- 21- 43 AM/Image 53.png,./Macular-Dataset-R.Rasti_old/Normal Part2/Normal (47).E2E/2- 26- 2017 10- 21- 43 AM/Image 53.TIFF
../Images/Images_Manual/Normal Part2/Normal (47).E2E/2- 26- 2017 10- 21- 43 AM/Image 54.png,./Macular-Dataset-R.Rasti_old/Normal Part2/Normal (47).E2E/2- 26- 2017 10- 21- 43 AM/Image 54.TIFF
../Images/Images_Manual/Normal Part2/Normal (47).E2E/2- 26- 2017 10- 21- 43 AM/Image 55.png,./Macular-Dataset-R.Rasti_old/Normal Part2/Normal (47).E2E/2- 26- 2017 10- 21- 43 AM/Image 55.TIFF
../Images/Images_Manual/Normal Part2/Normal (47).E2E/2- 26- 2017 10- 21- 43 AM/Image 56.png,./Macular-Dataset-R.Rasti_old/Normal Part2/Normal (47).E2E/2- 26- 2017 10- 21- 43 AM/Image 56.TIFF
../Images/Images_Manual/Normal Part2/Normal (47).E2E/2- 26- 2017 10- 21- 43 AM/Image 57.png,./Macular-Dataset-R.Rasti_old/Normal Part2/Normal (47).E2E/2- 26- 2017 10- 21- 43 AM/Image 57.TIFF
../Images/Images_Manual/Normal Part2/Normal (47).E2E/2- 26- 2017 10- 21- 43 AM/Image 58.png,./Macular-Dataset-R.Rasti_old/Normal Part2/Normal (47).E2E/2- 26- 2017 10- 21- 43 AM/Image 58.TIFF
../Images/Images_Manual/Normal Part2/Normal (47).E2E/2- 26- 2017 10- 21- 43 AM/Image 59.png,./Macular-Dataset-R.Rasti_old/Normal Part2/Normal (47).E2E/2- 26- 2017 10- 21- 43 AM/Image 59.TIFF
../Images/Images_Manual/Normal Part2/Normal (47).E2E/2- 26- 2017 10- 21- 43 AM/Image 60.png,./Macular-Dataset-R.Rasti_old/Normal Part2/Normal (47).E2E/2- 26- 2017 10- 21- 43 AM/Image 60.TIFF
../Images/Images_Manual/Normal Part2/Normal (47).E2E/2- 26- 2017 10- 21- 43 AM/Image 61.png,./Macular-Dataset-R.Rasti_old/Normal Part2/Normal (47).E2E/2- 26- 2017 10- 21- 43 AM/Image 61.TIFF
../Images/Images_Manual/Normal Part2/Normal (49).E2E/2- 26- 2017 10- 23- 58 AM/Image 1.png,./Macular-Dataset-R.Rasti_old/Normal Part2/Normal (49).E2E/2- 26- 2017 10- 23- 58 AM/Image 1.TIFF
../Images/Images_Manual/Normal Part2/Normal (49).E2E/2- 26- 2017 10- 23- 58 AM/Image 2.png,./Macular-Dataset-R.Rasti_old/Normal Part2/Normal (49).E2E/2- 26- 2017 10- 23- 58 AM/Image 2.TIFF
../Images/Images_Manual/Normal Part2/Normal (49).E2E/2- 26- 2017 10- 23- 58 AM/Image 3.png,./Macular-Dataset-R.Rasti_old/Normal Part2/Normal (49).E2E/2- 26- 2017 10- 23- 58 AM/Image 3.TIFF
../Images/Images_Manual/Normal Part2/Normal (49).E2E/2- 26- 2017 10- 23- 58 AM/Image 4.png,./Macular-Dataset-R.Rasti_old/Normal Part2/Normal (49).E2E/2- 26- 2017 10- 23- 58 AM/Image 4.TIFF
../Images/Images_Manual/Normal Part2/Normal (49).E2E/2- 26- 2017 10- 23- 58 AM/Image 5.png,./Macular-Dataset-R.Rasti_old/Normal Part2/Normal (49).E2E/2- 26- 2017 10- 23- 58 AM/Image 5.TIFF
../Images/Images_Manual/Normal Part2/Normal (49).E2E/2- 26- 2017 10- 23- 58 AM/Image 6.png,./Macular-Dataset-R.Rasti_old/Normal Part2/Normal (49).E2E/2- 26- 2017 10- 23- 58 AM/Image 6.TIFF
../Images/Images_Manual/Normal Part2/Normal (49).E2E/2- 26- 2017 10- 23- 58 AM/Image 7.png,./Macular-Dataset-R.Rasti_old/Normal Part2/Normal (49).E2E/2- 26- 2017 10- 23- 58 AM/Image 7.TIFF
../Images/Images_Manual/Normal Part2/Normal (49).E2E/2- 26- 2017 10- 23- 58 AM/Image 8.png,./Macular-Dataset-R.Rasti_old/Normal Part2/Normal (49).E2E/2- 26- 2017 10- 23- 58 AM/Image 8.TIFF
../Images/Images_Manual/Normal Part2/Normal (49).E2E/2- 26- 2017 10- 23- 58 AM/Image 9.png,./Macular-Dataset-R.Rasti_old/Normal Part2/Normal (49).E2E/2- 26- 2017 10- 23- 58 AM/Image 9.TIFF
../Images/Images_Manual/Normal Part2/Normal (49).E2E/2- 26- 2017 10- 23- 58 AM/Image 10.png,./Macular-Dataset-R.Rasti_old/Normal Part2/Normal (49).E2E/2- 26- 2017 10- 23- 58 AM/Image 10.TIFF
../Images/Images_Manual/Normal Part2/Normal (49).E2E/2- 26- 2017 10- 23- 58 AM/Image 11.png,./Macular-Dataset-R.Rasti_old/Normal Part2/Normal (49).E2E/2- 26- 2017 10- 23- 58 AM/Image 11.TIFF
../Images/Images_Manual/Normal Part2/Normal (49).E2E/2- 26- 2017 10- 23- 58 AM/Image 12.png,./Macular-Dataset-R.Rasti_old/Normal Part2/Normal (49).E2E/2- 26- 2017 10- 23- 58 AM/Image 12.TIFF
../Images/Images_Manual/Normal Part2/Normal (49).E2E/2- 26- 2017 10- 23- 58 AM/Image 13.png,./Macular-Dataset-R.Rasti_old/Normal Part2/Normal (49).E2E/2- 26- 2017 10- 23- 58 AM/Image 13.TIFF
../Images/Images_Manual/Normal Part2/Normal (49).E2E/2- 26- 2017 10- 23- 58 AM/Image 14.png,./Macular-Dataset-R.Rasti_old/Normal Part2/Normal (49).E2E/2- 26- 2017 10- 23- 58 AM/Image 14.TIFF
../Images/Images_Manual/Normal Part2/Normal (49).E2E/2- 26- 2017 10- 23- 58 AM/Image 15.png,./Macular-Dataset-R.Rasti_old/Normal Part2/Normal (49).E2E/2- 26- 2017 10- 23- 58 AM/Image 15.TIFF
../Images/Images_Manual/Normal Part2/Normal (49).E2E/2- 26- 2017 10- 23- 58 AM/Image 16.png,./Macular-Dataset-R.Rasti_old/Normal Part2/Normal (49).E2E/2- 26- 2017 10- 23- 58 AM/Image 16.TIFF
../Images/Images_Manual/Normal Part2/Normal (49).E2E/2- 26- 2017 10- 23- 58 AM/Image 17.png,./Macular-Dataset-R.Rasti_old/Normal Part2/Normal (49).E2E/2- 26- 2017 10- 23- 58 AM/Image 17.TIFF
../Images/Images_Manual/Normal Part2/Normal (49).E2E/2- 26- 2017 10- 23- 58 AM/Image 18.png,./Macular-Dataset-R.Rasti_old/Normal Part2/Normal (49).E2E/2- 26- 2017 10- 23- 58 AM/Image 18.TIFF
../Images/Images_Manual/Normal Part2/Normal (49).E2E/2- 26- 2017 10- 23- 58 AM/Image 19.png,./Macular-Dataset-R.Rasti_old/Normal Part2/Normal (49).E2E/2- 26- 2017 10- 23- 58 AM/Image 19.TIFF
../Images/Images_Manual/Normal Part2/Normal (49).E2E/2- 26- 2017 10- 23- 58 AM/Image 20.png,./Macular-Dataset-R.Rasti_old/Normal Part2/Normal (49).E2E/2- 26- 2017 10- 23- 58 AM/Image 20.TIFF
../Images/Images_Manual/Normal Part2/Normal (49).E2E/2- 26- 2017 10- 23- 58 AM/Image 21.png,./Macular-Dataset-R.Rasti_old/Normal Part2/Normal (49).E2E/2- 26- 2017 10- 23- 58 AM/Image 21.TIFF
../Images/Images_Manual/Normal Part2/Normal (49).E2E/2- 26- 2017 10- 23- 58 AM/Image 22.png,./Macular-Dataset-R.Rasti_old/Normal Part2/Normal (49).E2E/2- 26- 2017 10- 23- 58 AM/Image 22.TIFF
../Images/Images_Manual/Normal Part2/Normal (49).E2E/2- 26- 2017 10- 23- 58 AM/Image 23.png,./Macular-Dataset-R.Rasti_old/Normal Part2/Normal (49).E2E/2- 26- 2017 10- 23- 58 AM/Image 23.TIFF
../Images/Images_Manual/Normal Part2/Normal (49).E2E/2- 26- 2017 10- 23- 58 AM/Image 24.png,./Macular-Dataset-R.Rasti_old/Normal Part2/Normal (49).E2E/2- 26- 2017 10- 23- 58 AM/Image 24.TIFF
../Images/Images_Manual/Normal Part2/Normal (49).E2E/2- 26- 2017 10- 23- 58 AM/Image 25.png,./Macular-Dataset-R.Rasti_old/Normal Part2/Normal (49).E2E/2- 26- 2017 10- 23- 58 AM/Image 25.TIFF
../Images/Images_Manual/Normal Part2/Normal (49).E2E/2- 26- 2017 10- 23- 58 AM/Image 26.png,./Macular-Dataset-R.Rasti_old/Normal Part2/Normal (49).E2E/2- 26- 2017 10- 23- 58 AM/Image 26.TIFF
../Images/Images_Manual/Normal Part2/Normal (49).E2E/2- 26- 2017 10- 23- 58 AM/Image 27.png,./Macular-Dataset-R.Rasti_old/Normal Part2/Normal (49).E2E/2- 26- 2017 10- 23- 58 AM/Image 27.TIFF
../Images/Images_Manual/Normal Part2/Normal (49).E2E/2- 26- 2017 10- 23- 58 AM/Image 28.png,./Macular-Dataset-R.Rasti_old/Normal Part2/Normal (49).E2E/2- 26- 2017 10- 23- 58 AM/Image 28.TIFF
../Images/Images_Manual/Normal Part2/Normal (49).E2E/2- 26- 2017 10- 23- 58 AM/Image 29.png,./Macular-Dataset-R.Rasti_old/Normal Part2/Normal (49).E2E/2- 26- 2017 10- 23- 58 AM/Image 29.TIFF
../Images/Images_Manual/Normal Part2/Normal (49).E2E/2- 26- 2017 10- 23- 58 AM/Image 30.png,./Macular-Dataset-R.Rasti_old/Normal Part2/Normal (49).E2E/2- 26- 2017 10- 23- 58 AM/Image 30.TIFF
../Images/Images_Manual/Normal Part2/Normal (49).E2E/2- 26- 2017 10- 23- 58 AM/Image 31.png,./Macular-Dataset-R.Rasti_old/Normal Part2/Normal (49).E2E/2- 26- 2017 10- 23- 58 AM/Image 31.TIFF