sample_id,image_path,mask_path,boundary_path,category,e2e_group_id,slice_id
AMD (10).E2E_Image 1,Images/Images_Manual/AMD Part1/AMD (10).E2E/2- 25- 2017 9- 27- 53 PM/Image 1.png,Masks/Masks_Manual/Grading_1/AMD Part1/AMD (10).E2E/2- 25- 2017 9- 27- 53 PM/Image 1.png,Boundaries/Boundaries_Manual/Grading_1/AMD Part1/AMD (10).E2E/2- 25- 2017 9- 27- 53 PM/Image 1.csv,AMD Part1,AMD (10).E2E,Image 1
AMD (10).E2E_Image 10,Images/Images_Manual/AMD Part1/AMD (10).E2E/2- 25- 2017 9- 27- 53 PM/Image 10.png,Masks/Masks_Manual/Grading_1/AMD Part1/AMD (10).E2E/2- 25- 2017 9- 27- 53 PM/Image 10.png,Boundaries/Boundaries_Manual/Grading_1/AMD Part1/AMD (10).E2E/2- 25- 2017 9- 27- 53 PM/Image 10.csv,AMD Part1,AMD (10).E2E,Image 10
AMD (10).E2E_Image 11,Images/Images_Manual/AMD Part1/AMD (10).E2E/2- 25- 2017 9- 27- 53 PM/Image 11.png,Masks/Masks_Manual/Grading_1/AMD Part1/AMD (10).E2E/2- 25- 2017 9- 27- 53 PM/Image 11.png,Boundaries/Boundaries_Manual/Grading_1/AMD Part1/AMD (10).E2E/2- 25- 2017 9- 27- 53 PM/Image 11.csv,AMD Part1,AMD (10).E2E,Image 11
AMD (10).E2E_Image 12,Images/Images_Manual/AMD Part1/AMD (10).E2E/2- 25- 2017 9- 27- 53 PM/Image 12.png,Masks/Masks_Manual/Grading_1/AMD Part1/AMD (10).E2E/2- 25- 2017 9- 27- 53 PM/Image 12.png,Boundaries/Boundaries_Manual/Grading_1/AMD Part1/AMD (10).E2E/2- 25- 2017 9- 27- 53 PM/Image 12.csv,AMD Part1,AMD (10).E2E,Image 12
AMD (10).E2E_Image 13,Images/Images_Manual/AMD Part1/AMD (10).E2E/2- 25- 2017 9- 27- 53 PM/Image 13.png,Masks/Masks_Manual/Grading_1/AMD Part1/AMD (10).E2E/2- 25- 2017 9- 27- 53 PM/Image 13.png,Boundaries/Boundaries_Manual/Grading_1/AMD Part1/AMD (10).E2E/2- 25- 2017 9- 27- 53 PM/Image 13.csv,AMD Part1,AMD (10).E2E,Image 13
AMD (10).E2E_Image 14,Images/Images_Manual/AMD Part1/AMD (10).E2E/2- 25- 2017 9- 27- 53 PM/Image 14.png,Masks/Masks_Manual/Grading_1/AMD Part1/AMD (10).E2E/2- 25- 2017 9- 27- 53 PM/Image 14.png,Boundaries/Boundaries_Manual/Grading_1/AMD Part1/AMD (10).E2E/2- 25- 2017 9- 27- 53 PM/Image 14.csv,AMD Part1,AMD (10).E2E,Image 14
AMD (10).E2E_Image 15,Images/Images_Manual/AMD Part1/AMD (10).E2E/2- 25- 2017 9- 27- 53 PM/Image 15.png,Masks/Masks_Manual/Grading_1/AMD Part1/AMD (10).E2E/2- 25- 2017 9- 27- 53 PM/Image 15.png,Boundaries/Boundaries_Manual/Grading_1/AMD Part1/AMD (10).E2E/2- 25- 2017 9- 27- 53 PM/Image 15.csv,AMD Part1,AMD (10).E2E,Image 15
AMD (10).E2E_Image 16,Images/Images_Manual/AMD Part1/AMD (10).E2E/2- 25- 2017 9- 27- 53 PM/Image 16.png,Masks/Masks_Manual/Grading_1/AMD Part1/AMD (10).E2E/2- 25- 2017 9- 27- 53 PM/Image 16.png,Boundaries/Boundaries_Manual/Grading_1/AMD Part1/AMD (10).E2E/2- 25- 2017 9- 27- 53 PM/Image 16.csv,AMD Part1,AMD (10).E2E,Image 16
AMD (10).E2E_Image 17,Images/Images_Manual/AMD Part1/AMD (10).E2E/2- 25- 2017 9- 27- 53 PM/Image 17.png,Masks/Masks_Manual/Grading_1/AMD Part1/AMD (10).E2E/2- 25- 2017 9- 27- 53 PM/Image 17.png,Boundaries/Boundaries_Manual/Grading_1/AMD Part1/AMD (10).E2E/2- 25- 2017 9- 27- 53 PM/Image 17.csv,AMD Part1,AMD (10).E2E,Image 17
AMD (10).E2E_Image 18,Images/Images_Manual/AMD Part1/AMD (10).E2E/2- 25- 2017 9- 27- 53 PM/Image 18.png,Masks/Masks_Manual/Grading_1/AMD Part1/AMD (10).E2E/2- 25- 2017 9- 27- 53 PM/Image 18.png,Boundaries/Boundaries_Manual/Grading_1/AMD Part1/AMD (10).E2E/2- 25- 2017 9- 27- 53 PM/Image 18.csv,AMD Part1,AMD (10).E2E,Image 18
AMD (10).E2E_Image 19,Images/Images_Manual/AMD Part1/AMD (10).E2E/2- 25- 2017 9- 27- 53 PM/Image 19.png,Masks/Masks_Manual/Grading_1/AMD Part1/AMD (10).E2E/2- 25- 2017 9- 27- 53 PM/Image 19.png,Boundaries/Boundaries_Manual/Grading_1/AMD Part1/AMD (10).E2E/2- 25- 2017 9- 27- 53 PM/Image 19.csv,AMD Part1,AMD (10).E2E,Image 19
AMD (10).E2E_Image 2,Images/Images_Manual/AMD Part1/AMD (10).E2E/2- 25- 2017 9- 27- 53 PM/Image 2.png,Masks/Masks_Manual/Grading_1/AMD Part1/AMD (10).E2E/2- 25- 2017 9- 27- 53 PM/Image 2.png,Boundaries/Boundaries_Manual/Grading_1/AMD Part1/AMD (10).E2E/2- 25- 2017 9- 27- 53 PM/Image 2.csv,AMD Part1,AMD (10).E2E,Image 2
AMD (10).E2E_Image 20,Images/Images_Manual/AMD Part1/AMD (10).E2E/2- 25- 2017 9- 27- 53 PM/Image 20.png,Masks/Masks_Manual/Grading_1/AMD Part1/AMD (10).E2E/2- 25- 2017 9- 27- 53 PM/Image 20.png,Boundaries/Boundaries_Manual/Grading_1/AMD Part1/AMD (10).E2E/2- 25- 2017 9- 27- 53 PM/Image 20.csv,AMD Part1,AMD (10).E2E,Image 20
AMD (10).E2E_Image 21,Images/Images_Manual/AMD Part1/AMD (10).E2E/2- 25- 2017 9- 27- 53 PM/Image 21.png,Masks/Masks_Manual/Grading_1/AMD Part1/AMD (10).E2E/2- 25- 2017 9- 27- 53 PM/Image 21.png,Boundaries/Boundaries_Manual/Grading_1/AMD Part1/AMD (10).E2E/2- 25- 2017 9- 27- 53 PM/Image 21.csv,AMD Part1,AMD (10).E2E,Image 21
AMD (10).E2E_Image 22,Images/Images_Manual/AMD Part1/AMD (10).E2E/2- 25- 2017 9- 27- 53 PM/Image 22.png,Masks/Masks_Manual/Grading_1/AMD Part1/AMD (10).E2E/2- 25- 2017 9- 27- 53 PM/Image 22.png,Boundaries/Boundaries_Manual/Grading_1/AMD Part1/AMD (10).E2E/2- 25- 2017 9- 27- 53 PM/Image 22.csv,AMD Part1,AMD (10).E2E,Image 22
AMD (10).E2E_Image 23,Images/Images_Manual/AMD Part1/AMD (10).E2E/2- 25- 2017 9- 27- 53 PM/Image 23.png,Masks/Masks_Manual/Grading_1/AMD Part1/AMD (10).E2E/2- 25- 2017 9- 27- 53 PM/Image 23.png,Boundaries/Boundaries_Manual/Grading_1/AMD Part1/AMD (10).E2E/2- 25- 2017 9- 27- 53 PM/Image 23.csv,AMD Part1,AMD (10).E2E,Image 23
AMD (10).E2E_Image 24,Images/Images_Manual/AMD Part1/AMD (10).E2E/2- 25- 2017 9- 27- 53 PM/Image 24.png,Masks/Masks_Manual/Grading_1/AMD Part1/AMD (10).E2E/2- 25- 2017 9- 27- 53 PM/Image 24.png,Boundaries/Boundaries_Manual/Grading_1/AMD Part1/AMD (10).E2E/2- 25- 2017 9- 27- 53 PM/Image 24.csv,AMD Part1,AMD (10).E2E,Image 24
AMD (10).E2E_Image 25,Images/Images_Manual/AMD Part1/AMD (10).E2E/2- 25- 2017 9- 27- 53 PM/Image 25.png,Masks/Masks_Manual/Grading_1/AMD Part1/AMD (10).E2E/2- 25- 2017 9- 27- 53 PM/Image 25.png,Boundaries/Boundaries_Manual/Grading_1/AMD Part1/AMD (10).E2E/2- 25- 2017 9- 27- 53 PM/Image 25.csv,AMD Part1,AMD (10).E2E,Image 25
AMD (10).E2E_Image 3,Images/Images_Manual/AMD Part1/AMD (10).E2E/2- 25- 2017 9- 27- 53 PM/Image 3.png,Masks/Masks_Manual/Grading_1/AMD Part1/AMD (10).E2E/2- 25- 2017 9- 27- 53 PM/Image 3.png,Boundaries/Boundaries_Manual/Grading_1/AMD Part1/AMD (10).E2E/2- 25- 2017 9- 27- 53 PM/Image 3.csv,AMD Part1,AMD (10).E2E,Image 3
AMD (10).E2E_Image 4,Images/Images_Manual/AMD Part1/AMD (10).E2E/2- 25- 2017 9- 27- 53 PM/Image 4.png,Masks/Masks_Manual/Grading_1/AMD Part1/AMD (10).E2E/2- 25- 2017 9- 27- 53 PM/Image 4.png,Boundaries/Boundaries_Manual/Grading_1/AMD Part1/AMD (10).E2E/2- 25- 2017 9- 27- 53 PM/Image 4.csv,AMD Part1,AMD (10).E2E,Image 4
AMD (10).E2E_Image 5,Images/Images_Manual/AMD Part1/AMD (10).E2E/2- 25- 2017 9- 27- 53 PM/Image 5.png,Masks/Masks_Manual/Grading_1/AMD Part1/AMD (10).E2E/2- 25- 2017 9- 27- 53 PM/Image 5.png,Boundaries/Boundaries_Manual/Grading_1/AMD Part1/AMD (10).E2E/2- 25- 2017 9- 27- 53 PM/Image 5.csv,AMD Part1,AMD (10).E2E,Image 5
AMD (10).E2E_Image 6,Images/Images_Manual/AMD Part1/AMD (10).E2E/2- 25- 2017 9- 27- 53 PM/Image 6.png,Masks/Masks_Manual/Grading_1/AMD Part1/AMD (10).E2E/2- 25- 2017 9- 27- 53 PM/Image 6.png,Boundaries/Boundaries_Manual/Grading_1/AMD Part1/AMD (10).E2E/2- 25- 2017 9- 27- 53 PM/Image 6.csv,AMD Part1,AMD (10).E2E,Image 6
AMD (10).E2E_Image 7,Images/Images_Manual/AMD Part1/AMD (10).E2E/2- 25- 2017 9- 27- 53 PM/Image 7.png,Masks/Masks_Manual/Grading_1/AMD Part1/AMD (10).E2E/2- 25- 2017 9- 27- 53 PM/Image 7.png,Boundaries/Boundaries_Manual/Grading_1/AMD Part1/AMD (10).E2E/2- 25- 2017 9- 27- 53 PM/Image 7.csv,AMD Part1,AMD (10).E2E,Image 7
AMD (10).E2E_Image 8,Images/Images_Manual/AMD Part1/AMD (10).E2E/2- 25- 2017 9- 27- 53 PM/Image 8.png,Masks/Masks_Manual/Grading_1/AMD Part1/AMD (10).E2E/2- 25- 2017 9- 27- 53 PM/Image 8.png,Boundaries/Boundaries_Manual/Grading_1/AMD Part1/AMD (10).E2E/2- 25- 2017 9- 27- 53 PM/Image 8.csv,AMD Part1,AMD (10).E2E,Image 8
AMD (10).E2E_Image 9,Images/Images_Manual/AMD Part1/AMD (10).E2E/2- 25- 2017 9- 27- 53 PM/Image 9.png,Masks/Masks_Manual/Grading_1/AMD Part1/AMD (10).E2E/2- 25- 2017 9- 27- 53 PM/Image 9.png,Boundaries/Boundaries_Manual/Grading_1/AMD Part1/AMD (10).E2E/2- 25- 2017 9- 27- 53 PM/Image 9.csv,AMD Part1,AMD (10).E2E,Image 9
AMD (2).E2E_Image 10,Images/Images_Manual/AMD Part1/AMD (2).E2E/2- 25- 2017 9- 12- 39 PM/Image 10.png,Masks/Masks_Manual/Grading_1/AMD Part1/AMD (2).E2E/2- 25- 2017 9- 12- 39 PM/Image 10.png,Boundaries/Boundaries_Manual/Grading_1/AMD Part1/AMD (2).E2E/2- 25- 2017 9- 12- 39 PM/Image 10.csv,AMD Part1,AMD (2).E2E,Image 10
AMD (2).E2E_Image 11,Images/Images_Manual/AMD Part1/AMD (2).E2E/2- 25- 2017 9- 12- 39 PM/Image 11.png,Masks/Masks_Manual/Grading_1/AMD Part1/AMD (2).E2E/2- 25- 2017 9- 12- 39 PM/Image 11.png,Boundaries/Boundaries_Manual/Grading_1/AMD Part1/AMD (2).E2E/2- 25- 2017 9- 12- 39 PM/Image 11.csv,AMD Part1,AMD (2).E2E,Image 11
AMD (2).E2E_Image 12,Images/Images_Manual/AMD Part1/AMD (2).E2E/2- 25- 2017 9- 12- 39 PM/Image 12.png,Masks/Masks_Manual/Grading_1/AMD Part1/AMD (2).E2E/2- 25- 2017 9- 12- 39 PM/Image 12.png,Boundaries/Boundaries_Manual/Grading_1/AMD Part1/AMD (2).E2E/2- 25- 2017 9- 12- 39 PM/Image 12.csv,AMD Part1,AMD (2).E2E,Image 12
AMD (2).E2E_Image 13,Images/Images_Manual/AMD Part1/AMD (2).E2E/2- 25- 2017 9- 12- 39 PM/Image 13.png,Masks/Masks_Manual/Grading_1/AMD Part1/AMD (2).E2E/2- 25- 2017 9- 12- 39 PM/Image 13.png,Boundaries/Boundaries_Manual/Grading_1/AMD Part1/AMD (2).E2E/2- 25- 2017 9- 12- 39 PM/Image 13.csv,AMD Part1,AMD (2).E2E,Image 13
AMD (2).E2E_Image 14,Images/Images_Manual/AMD Part1/AMD (2).E2E/2- 25- 2017 9- 12- 39 PM/Image 14.png,Masks/Masks_Manual/Grading_1/AMD Part1/AMD (2).E2E/2- 25- 2017 9- 12- 39 PM/Image 14.png,Boundaries/Boundaries_Manual/Grading_1/AMD Part1/AMD (2).E2E/2- 25- 2017 9- 12- 39 PM/Image 14.csv,AMD Part1,AMD (2).E2E,Image 14
AMD (2).E2E_Image 15,Images/Images_Manual/AMD Part1/AMD (2).E2E/2- 25- 2017 9- 12- 39 PM/Image 15.png,Masks/Masks_Manual/Grading_1/AMD Part1/AMD (2).E2E/2- 25- 2017 9- 12- 39 PM/Image 15.png,Boundaries/Boundaries_Manual/Grading_1/AMD Part1/AMD (2).E2E/2- 25- 2017 9- 12- 39 PM/Image 15.csv,AMD Part1,AMD (2).E2E,Image 15
AMD (2).E2E_Image 16,Images/Images_Manual/AMD Part1/AMD (2).E2E/2- 25- 2017 9- 12- 39 PM/Image 16.png,Masks/Masks_Manual/Grading_1/AMD Part1/AMD (2).E2E/2- 25- 2017 9- 12- 39 PM/Image 16.png,Boundaries/Boundaries_Manual/Grading_1/AMD Part1/AMD (2).E2E/2- 25- 2017 9- 12- 39 PM/Image 16.csv,AMD Part1,AMD (2).E2E,Image 16
AMD (2).E2E_Image 17,Images/Images_Manual/AMD Part1/AMD (2).E2E/2- 25- 2017 9- 12- 39 PM/Image 17.png,Masks/Masks_Manual/Grading_1/AMD Part1/AMD (2).E2E/2- 25- 2017 9- 12- 39 PM/Image 17.png,Boundaries/Boundaries_Manual/Grading_1/AMD Part1/AMD (2).E2E/2- 25- 2017 9- 12- 39 PM/Image 17.csv,AMD Part1,AMD (2).E2E,Image 17
AMD (2).E2E_Image 18,Images/Images_Manual/AMD Part1/AMD (2).E2E/2- 25- 2017 9- 12- 39 PM/Image 18.png,Masks/Masks_Manual/Grading_1/AMD Part1/AMD (2).E2E/2- 25- 2017 9- 12- 39 PM/Image 18.png,Boundaries/Boundaries_Manual/Grading_1/AMD Part1/AMD (2).E2E/2- 25- 2017 9- 12- 39 PM/Image 18.csv,AMD Part1,AMD (2).E2E,Image 18
AMD (2).E2E_Image 19,Images/Images_Manual/AMD Part1/AMD (2).E2E/2- 25- 2017 9- 12- 39 PM/Image 19.png,Masks/Masks_Manual/Grading_1/AMD Part1/AMD (2).E2E/2- 25- 2017 9- 12- 39 PM/Image 19.png,Boundaries/Boundaries_Manual/Grading_1/AMD Part1/AMD (2).E2E/2- 25- 2017 9- 12- 39 PM/Image 19.csv,AMD Part1,AMD (2).E2E,Image 19
AMD (2).E2E_Image 2,Images/Images_Manual/AMD Part1/AMD (2).E2E/2- 25- 2017 9- 12- 39 PM/Image 2.png,Masks/Masks_Manual/Grading_1/AMD Part1/AMD (2).E2E/2- 25- 2017 9- 12- 39 PM/Image 2.png,Boundaries/Boundaries_Manual/Grading_1/AMD Part1/AMD (2).E2E/2- 25- 2017 9- 12- 39 PM/Image 2.csv,AMD Part1,AMD (2).E2E,Image 2
AMD (2).E2E_Image 20,Images/Images_Manual/AMD Part1/AMD (2).E2E/2- 25- 2017 9- 12- 39 PM/Image 20.png,Masks/Masks_Manual/Grading_1/AMD Part1/AMD (2).E2E/2- 25- 2017 9- 12- 39 PM/Image 20.png,Boundaries/Boundaries_Manual/Grading_1/AMD Part1/AMD (2).E2E/2- 25- 2017 9- 12- 39 PM/Image 20.csv,AMD Part1,AMD (2).E2E,Image 20
AMD (2).E2E_Image 21,Images/Images_Manual/AMD Part1/AMD (2).E2E/2- 25- 2017 9- 12- 39 PM/Image 21.png,Masks/Masks_Manual/Grading_1/AMD Part1/AMD (2).E2E/2- 25- 2017 9- 12- 39 PM/Image 21.png,Boundaries/Boundaries_Manual/Grading_1/AMD Part1/AMD (2).E2E/2- 25- 2017 9- 12- 39 PM/Image 21.csv,AMD Part1,AMD (2).E2E,Image 21
AMD (2).E2E_Image 22,Images/Images_Manual/AMD Part1/AMD (2).E2E/2- 25- 2017 9- 12- 39 PM/Image 22.png,Masks/Masks_Manual/Grading_1/AMD Part1/AMD (2).E2E/2- 25- 2017 9- 12- 39 PM/Image 22.png,Boundaries/Boundaries_Manual/Grading_1/AMD Part1/AMD (2).E2E/2- 25- 2017 9- 12- 39 PM/Image 22.csv,AMD Part1,AMD (2).E2E,Image 22
AMD (2).E2E_Image 23,Images/Images_Manual/AMD Part1/AMD (2).E2E/2- 25- 2017 9- 12- 39 PM/Image 23.png,Masks/Masks_Manual/Grading_1/AMD Part1/AMD (2).E2E/2- 25- 2017 9- 12- 39 PM/Image 23.png,Boundaries/Boundaries_Manual/Grading_1/AMD Part1/AMD (2).E2E/2- 25- 2017 9- 12- 39 PM/Image 23.csv,AMD Part1,AMD (2).E2E,Image 23
AMD (2).E2E_Image 24,Images/Images_Manual/AMD Part1/AMD (2).E2E/2- 25- 2017 9- 12- 39 PM/Image 24.png,Masks/Masks_Manual/Grading_1/AMD Part1/AMD (2).E2E/2- 25- 2017 9- 12- 39 PM/Image 24.png,Boundaries/Boundaries_Manual/Grading_1/AMD Part1/AMD (2).E2E/2- 25- 2017 9- 12- 39 PM/Image 24.csv,AMD Part1,AMD (2).E2E,Image 24
AMD (2).E2E_Image 25,Images/Images_Manual/AMD Part1/AMD (2).E2E/2- 25- 2017 9- 12- 39 PM/Image 25.png,Masks/Masks_Manual/Grading_1/AMD Part1/AMD (2).E2E/2- 25- 2017 9- 12- 39 PM/Image 25.png,Boundaries/Boundaries_Manual/Grading_1/AMD Part1/AMD (2).E2E/2- 25- 2017 9- 12- 39 PM/Image 25.csv,AMD Part1,AMD (2).E2E,Image 25
AMD (2).E2E_Image 3,Images/Images_Manual/AMD Part1/AMD (2).E2E/2- 25- 2017 9- 12- 39 PM/Image 3.png,Masks/Masks_Manual/Grading_1/AMD Part1/AMD (2).E2E/2- 25- 2017 9- 12- 39 PM/Image 3.png,Boundaries/Boundaries_Manual/Grading_1/AMD Part1/AMD (2).E2E/2- 25- 2017 9- 12- 39 PM/Image 3.csv,AMD Part1,AMD (2).E2E,Image 3
AMD (2).E2E_Image 4,Images/Images_Manual/AMD Part1/AMD (2).E2E/2- 25- 2017 9- 12- 39 PM/Image 4.png,Masks/Masks_Manual/Grading_1/AMD Part1/AMD (2).E2E/2- 25- 2017 9- 12- 39 PM/Image 4.png,Boundaries/Boundaries_Manual/Grading_1/AMD Part1/AMD (2).E2E/2- 25- 2017 9- 12- 39 PM/Image 4.csv,AMD Part1,AMD (2).E2E,Image 4
AMD (2).E2E_Image 5,Images/Images_Manual/AMD Part1/AMD (2).E2E/2- 25- 2017 9- 12- 39 PM/Image 5.png,Masks/Masks_Manual/Grading_1/AMD Part1/AMD (2).E2E/2- 25- 2017 9- 12- 39 PM/Image 5.png,Boundaries/Boundaries_Manual/Grading_1/AMD Part1/AMD (2).E2E/2- 25- 2017 9- 12- 39 PM/Image 5.csv,AMD Part1,AMD (2).E2E,Image 5
AMD (2).E2E_Image 6,Images/Images_Manual/AMD Part1/AMD (2).E2E/2- 25- 2017 9- 12- 39 PM/Image 6.png,Masks/Masks_Manual/Grading_1/AMD Part1/AMD (2).E2E/2- 25- 2017 9- 12- 39 PM/Image 6.png,Boundaries/Boundaries_Manual/Grading_1/AMD Part1/AMD (2).E2E/2- 25- 2017 9- 12- 39 PM/Image 6.csv,AMD Part1,AMD (2).E2E,Image 6
AMD (2).E2E_Image 7,Images/Images_Manual/AMD Part1/AMD (2).E2E/2- 25- 2017 9- 12- 39 PM/Image 7.png,Masks/Masks_Manual/Grading_1/AMD Part1/AMD (2).E2E/2- 25- 2017 9- 12- 39 PM/Image 7.png,Boundaries/Boundaries_Manual/Grading_1/AMD Part1/AMD (2).E2E/2- 25- 2017 9- 12- 39 PM/Image 7.csv,AMD Part1,AMD (2).E2E,Image 7
AMD (2).E2E_Image 8,Images/Images_Manual/AMD Part1/AMD (2).E2E/2- 25- 2017 9- 12- 39 PM/Image 8.png,Masks/Masks_Manual/Grading_1/AMD Part1/AMD (2).E2E/2- 25- 2017 9- 12- 39 PM/Image 8.png,Boundaries/Boundaries_Manual/Grading_1/AMD Part1/AMD (2).E2E/2- 25- 2017 9- 12- 39 PM/Image 8.csv,AMD Part1,AMD (2).E2E,Image 8
AMD (2).E2E_Image 9,Images/Images_Manual/AMD Part1/AMD (2).E2E/2- 25- 2017 9- 12- 39 PM/Image 9.png,Masks/Masks_Manual/Grading_1/AMD Part1/AMD (2).E2E/2- 25- 2017 9- 12- 39 PM/Image 9.png,Boundaries/Boundaries_Manual/Grading_1/AMD Part1/AMD (2).E2E/2- 25- 2017 9- 12- 39 PM/Image 9.csv,AMD Part1,AMD (2).E2E,Image 9
AMD (21).E2E_Image 1,Images/Images_Manual/AMD Part1/AMD (21).E2E/2- 25- 2017 5- 10- 29 PM/Image 1.png,Masks/Masks_Manual/Grading_1/AMD Part1/AMD (21).E2E/2- 25- 2017 5- 10- 29 PM/Image 1.png,Boundaries/Boundaries_Manual/Grading_1/AMD Part1/AMD (21).E2E/2- 25- 2017 5- 10- 29 PM/Image 1.csv,AMD Part1,AMD (21).E2E,Image 1
AMD (21).E2E_Image 10,Images/Images_Manual/AMD Part1/AMD (21).E2E/2- 25- 2017 5- 10- 29 PM/Image 10.png,Masks/Masks_Manual/Grading_1/AMD Part1/AMD (21).E2E/2- 25- 2017 5- 10- 29 PM/Image 10.png,Boundaries/Boundaries_Manual/Grading_1/AMD Part1/AMD (21).E2E/2- 25- 2017 5- 10- 29 PM/Image 10.csv,AMD Part1,AMD (21).E2E,Image 10
AMD (21).E2E_Image 11,Images/Images_Manual/AMD Part1/AMD (21).E2E/2- 25- 2017 5- 10- 29 PM/Image 11.png,Masks/Masks_Manual/Grading_1/AMD Part1/AMD (21).E2E/2- 25- 2017 5- 10- 29 PM/Image 11.png,Boundaries/Boundaries_Manual/Grading_1/AMD Part1/AMD (21).E2E/2- 25- 2017 5- 10- 29 PM/Image 11.csv,AMD Part1,AMD (21).E2E,Image 11
AMD (21).E2E_Image 12,Images/Images_Manual/AMD Part1/AMD (21).E2E/2- 25- 2017 5- 10- 29 PM/Image 12.png,Masks/Masks_Manual/Grading_1/AMD Part1/AMD (21).E2E/2- 25- 2017 5- 10- 29 PM/Image 12.png,Boundaries/Boundaries_Manual/Grading_1/AMD Part1/AMD (21).E2E/2- 25- 2017 5- 10- 29 PM/Image 12.csv,AMD Part1,AMD (21).E2E,Image 12
AMD (21).E2E_Image 13,Images/Images_Manual/AMD Part1/AMD (21).E2E/2- 25- 2017 5- 10- 29 PM/Image 13.png,Masks/Masks_Manual/Grading_1/AMD Part1/AMD (21).E2E/2- 25- 2017 5- 10- 29 PM/Image 13.png,Boundaries/Boundaries_Manual/Grading_1/AMD Part1/AMD (21).E2E/2- 25- 2017 5- 10- 29 PM/Image 13.csv,AMD Part1,AMD (21).E2E,Image 13
AMD (21).E2E_Image 14,Images/Images_Manual/AMD Part1/AMD (21).E2E/2- 25- 2017 5- 10- 29 PM/Image 14.png,Masks/Masks_Manual/Grading_1/AMD Part1/AMD (21).E2E/2- 25- 2017 5- 10- 29 PM/Image 14.png,Boundaries/Boundaries_Manual/Grading_1/AMD Part1/AMD (21).E2E/2- 25- 2017 5- 10- 29 PM/Image 14.csv,AMD Part1,AMD (21).E2E,Image 14
AMD (21).E2E_Image 15,Images/Images_Manual/AMD Part1/AMD (21).E2E/2- 25- 2017 5- 10- 29 PM/Image 15.png,Masks/Masks_Manual/Grading_1/AMD Part1/AMD (21).E2E/2- 25- 2017 5- 10- 29 PM/Image 15.png,Boundaries/Boundaries_Manual/Grading_1/AMD Part1/AMD (21).E2E/2- 25- 2017 5- 10- 29 PM/Image 15.csv,AMD Part1,AMD (21).E2E,Image 15
AMD (21).E2E_Image 16,Images/Images_Manual/AMD Part1/AMD (21).E2E/2- 25- 2017 5- 10- 29 PM/Image 16.png,Masks/Masks_Manual/Grading_1/AMD Part1/AMD (21).E2E/2- 25- 2017 5- 10- 29 PM/Image 16.png,Boundaries/Boundaries_Manual/Grading_1/AMD Part1/AMD (21).E2E/2- 25- 2017 5- 10- 29 PM/Image 16.csv,AMD Part1,AMD (21).E2E,Image 16
AMD (21).E2E_Image 17,Images/Images_Manual/AMD Part1/AMD (21).E2E/2- 25- 2017 5- 10- 29 PM/Image 17.png,Masks/Masks_Manual/Grading_1/AMD Part1/AMD (21).E2E/2- 25- 2017 5- 10- 29 PM/Image 17.png,Boundaries/Boundaries_Manual/Grading_1/AMD Part1/AMD (21).E2E/2- 25- 2017 5- 10- 29 PM/Image 17.csv,AMD Part1,AMD (21).E2E,Image 17
AMD (21).E2E_Image 18,Images/Images_Manual/AMD Part1/AMD (21).E2E/2- 25- 2017 5- 10- 29 PM/Image 18.png,Masks/Masks_Manual/Grading_1/AMD Part1/AMD (21).E2E/2- 25- 2017 5- 10- 29 PM/Image 18.png,Boundaries/Boundaries_Manual/Grading_1/AMD Part1/AMD (21).E2E/2- 25- 2017 5- 10- 29 PM/Image 18.csv,AMD Part1,AMD (21).E2E,Image 18
AMD (21).E2E_Image 19,Images/Images_Manual/AMD Part1/AMD (21).E2E/2- 25- 2017 5- 10- 29 PM/Image 19.png,Masks/Masks_Manual/Grading_1/AMD Part1/AMD (21).E2E/2- 25- 2017 5- 10- 29 PM/Image 19.png,Boundaries/Boundaries_Manual/Grading_1/AMD Part1/AMD (21).E2E/2- 25- 2017 5- 10- 29 PM/Image 19.csv,AMD Part1,AMD (21).E2E,Image 19
AMD (21).E2E_Image 2,Images/Images_Manual/AMD Part1/AMD (21).E2E/2- 25- 2017 5- 10- 29 PM/Image 2.png,Masks/Masks_Manual/Grading_1/AMD Part1/AMD (21).E2E/2- 25- 2017 5- 10- 29 PM/Image 2.png,Boundaries/Boundaries_Manual/Grading_1/AMD Part1/AMD (21).E2E/2- 25- 2017 5- 10- 29 PM/Image 2.csv,AMD Part1,AMD (21).E2E,Image 2
AMD (21).E2E_Image 20,Images/Images_Manual/AMD Part1/AMD (21).E2E/2- 25- 2017 5- 10- 29 PM/Image 20.png,Masks/Masks_Manual/Grading_1/AMD Part1/AMD (21).E2E/2- 25- 2017 5- 10- 29 PM/Image 20.png,Boundaries/Boundaries_Manual/Grading_1/AMD Part1/AMD (21).E2E/2- 25- 2017 5- 10- 29 PM/Image 20.csv,AMD Part1,AMD (21).E2E,Image 20
AMD (21).E2E_Image 21,Images/Images_Manual/AMD Part1/AMD (21).E2E/2- 25- 2017 5- 10- 29 PM/Image 21.png,Masks/Masks_Manual/Grading_1/AMD Part1/AMD (21).E2E/2- 25- 2017 5- 10- 29 PM/Image 21.png,Boundaries/Boundaries_Manual/Grading_1/AMD Part1/AMD (21).E2E/2- 25- 2017 5- 10- 29 PM/Image 21.csv,AMD Part1,AMD (21).E2E,Image 21
AMD (21).E2E_Image 22,Images/Images_Manual/AMD Part1/AMD (21).E2E/2- 25- 2017 5- 10- 29 PM/Image 22.png,Masks/Masks_Manual/Grading_1/AMD Part1/AMD (21).E2E/2- 25- 2017 5- 10- 29 PM/Image 22.png,Boundaries/Boundaries_Manual/Grading_1/AMD Part1/AMD (21).E2E/2- 25- 2017 5- 10- 29 PM/Image 22.csv,AMD Part1,AMD (21).E2E,Image 22
AMD (21).E2E_Image 23,Images/Images_Manual/AMD Part1/AMD (21).E2E/2- 25- 2017 5- 10- 29 PM/Image 23.png,Masks/Masks_Manual/Grading_1/AMD Part1/AMD (21).E2E/2- 25- 2017 5- 10- 29 PM/Image 23.png,Boundaries/Boundaries_Manual/Grading_1/AMD Part1/AMD (21).E2E/2- 25- 2017 5- 10- 29 PM/Image 23.csv,AMD Part1,AMD (21).E2E,Image 23
AMD (21).E2E_Image 24,Images/Images_Manual/AMD Part1/AMD (21).E2E/2- 25- 2017 5- 10- 29 PM/Image 24.png,Masks/Masks_Manual/Grading_1/AMD Part1/AMD (21).E2E/2- 25- 2017 5- 10- 29 PM/Image 24.png,Boundaries/Boundaries_Manual/Grading_1/AMD Part1/AMD (21).E2E/2- 25- 2017 5- 10- 29 PM/Image 24.csv,AMD Part1,AMD (21).E2E,Image 24
AMD (21).E2E_Image 25,Images/Images_Manual/AMD Part1/AMD (21).E2E/2- 25- 2017 5- 10- 29 PM/Image 25.png,Masks/Masks_Manual/Grading_1/AMD Part1/AMD (21).E2E/2- 25- 2017 5- 10- 29 PM/Image 25.png,Boundaries/Boundaries_Manual/Grading_1/AMD Part1/AMD (21).E2E/2- 25- 2017 5- 10- 29 PM/Image 25.csv,AMD Part1,AMD (21).E2E,Image 25
AMD (21).E2E_Image 26,Images/Images_Manual/AMD Part1/AMD (21).E2E/2- 25- 2017 5- 10- 29 PM/Image 26.png,Masks/Masks_Manual/Grading_1/AMD Part1/AMD (21).E2E/2- 25- 2017 5- 10- 29 PM/Image 26.png,Boundaries/Boundaries_Manual/Grading_1/AMD Part1/AMD (21).E2E/2- 25- 2017 5- 10- 29 PM/Image 26.csv,AMD Part1,AMD (21).E2E,Image 26
AMD (21).E2E_Image 27,Images/Images_Manual/AMD Part1/AMD (21).E2E/2- 25- 2017 5- 10- 29 PM/Image 27.png,Masks/Masks_Manual/Grading_1/AMD Part1/AMD (21).E2E/2- 25- 2017 5- 10- 29 PM/Image 27.png,Boundaries/Boundaries_Manual/Grading_1/AMD Part1/AMD (21).E2E/2- 25- 2017 5- 10- 29 PM/Image 27.csv,AMD Part1,AMD (21).E2E,Image 27
AMD (21).E2E_Image 28,Images/Images_Manual/AMD Part1/AMD (21).E2E/2- 25- 2017 5- 10- 29 PM/Image 28.png,Masks/Masks_Manual/Grading_1/AMD Part1/AMD (21).E2E/2- 25- 2017 5- 10- 29 PM/Image 28.png,Boundaries/Boundaries_Manual/Grading_1/AMD Part1/AMD (21).E2E/2- 25- 2017 5- 10- 29 PM/Image 28.csv,AMD Part1,AMD (21).E2E,Image 28
AMD (21).E2E_Image 29,Images/Images_Manual/AMD Part1/AMD (21).E2E/2- 25- 2017 5- 10- 29 PM/Image 29.png,Masks/Masks_Manual/Grading_1/AMD Part1/AMD (21).E2E/2- 25- 2017 5- 10- 29 PM/Image 29.png,Boundaries/Boundaries_Manual/Grading_1/AMD Part1/AMD (21).E2E/2- 25- 2017 5- 10- 29 PM/Image 29.csv,AMD Part1,AMD (21).E2E,Image 29
AMD (21).E2E_Image 3,Images/Images_Manual/AMD Part1/AMD (21).E2E/2- 25- 2017 5- 10- 29 PM/Image 3.png,Masks/Masks_Manual/Grading_1/AMD Part1/AMD (21).E2E/2- 25- 2017 5- 10- 29 PM/Image 3.png,Boundaries/Boundaries_Manual/Grading_1/AMD Part1/AMD (21).E2E/2- 25- 2017 5- 10- 29 PM/Image 3.csv,AMD Part1,AMD (21).E2E,Image 3
AMD (21).E2E_Image 30,Images/Images_Manual/AMD Part1/AMD (21).E2E/2- 25- 2017 5- 10- 29 PM/Image 30.png,Masks/Masks_Manual/Grading_1/AMD Part1/AMD (21).E2E/2- 25- 2017 5- 10- 29 PM/Image 30.png,Boundaries/Boundaries_Manual/Grading_1/AMD Part1/AMD (21).E2E/2- 25- 2017 5- 10- 29 PM/Image 30.csv,AMD Part1,AMD (21).E2E,Image 30
AMD (21).E2E_Image 31,Images/Images_Manual/AMD Part1/AMD (21).E2E/2- 25- 2017 5- 10- 29 PM/Image 31.png,Masks/Masks_Manual/Grading_1/AMD Part1/AMD (21).E2E/2- 25- 2017 5- 10- 29 PM/Image 31.png,Boundaries/Boundaries_Manual/Grading_1/AMD Part1/AMD (21).E2E/2- 25- 2017 5- 10- 29 PM/Image 31.csv,AMD Part1,AMD (21).E2E,Image 31
AMD (21).E2E_Image 32,Images/Images_Manual/AMD Part1/AMD (21).E2E/2- 25- 2017 5- 10- 29 PM/Image 32.png,Masks/Masks_Manual/Grading_1/AMD Part1/AMD (21).E2E/2- 25- 2017 5- 10- 29 PM/Image 32.png,Boundaries/Boundaries_Manual/Grading_1/AMD Part1/AMD (21).E2E/2- 25- 2017 5- 10- 29 PM/Image 32.csv,AMD Part1,AMD (21).E2E,Image 32
AMD (21).E2E_Image 33,Images/Images_Manual/AMD Part1/AMD (21).E2E/2- 25- 2017 5- 10- 29 PM/Image 33.png,Masks/Masks_Manual/Grading_1/AMD Part1/AMD (21).E2E/2- 25- 2017 5- 10- 29 PM/Image 33.png,Boundaries/Boundaries_Manual/Grading_1/AMD Part1/AMD (21).E2E/2- 25- 2017 5- 10- 29 PM/Image 33.csv,AMD Part1,AMD (21).E2E,Image 33
AMD (21).E2E_Image 34,Images/Images_Manual/AMD Part1/AMD (21).E2E/2- 25- 2017 5- 10- 29 PM/Image 34.png,Masks/Masks_Manual/Grading_1/AMD Part1/AMD (21).E2E/2- 25- 2017 5- 10- 29 PM/Image 34.png,Boundaries/Boundaries_Manual/Grading_1/AMD Part1/AMD (21).E2E/2- 25- 2017 5- 10- 29 PM/Image 34.csv,AMD Part1,AMD (21).E2E,Image 34
AMD (21).E2E_Image 35,Images/Images_Manual/AMD Part1/AMD (21).E2E/2- 25- 2017 5- 10- 29 PM/Image 35.png,Masks/Masks_Manual/Grading_1/AMD Part1/AMD (21).E2E/2- 25- 2017 5- 10- 29 PM/Image 35.png,Boundaries/Boundaries_Manual/Grading_1/AMD Part1/AMD (21).E2E/2- 25- 2017 5- 10- 29 PM/Image 35.csv,AMD Part1,AMD (21).E2E,Image 35
AMD (21).E2E_Image 36,Images/Images_Manual/AMD Part1/AMD (21).E2E/2- 25- 2017 5- 10- 29 PM/Image 36.png,Masks/Masks_Manual/Grading_1/AMD Part1/AMD (21).E2E/2- 25- 2017 5- 10- 29 PM/Image 36.png,Boundaries/Boundaries_Manual/Grading_1/AMD Part1/AMD (21).E2E/2- 25- 2017 5- 10- 29 PM/Image 36.csv,AMD Part1,AMD (21).E2E,Image 36
AMD (21).E2E_Image 37,Images/Images_Manual/AMD Part1/AMD (21).E2E/2- 25- 2017 5- 10- 29 PM/Image 37.png,Masks/Masks_Manual/Grading_1/AMD Part1/AMD (21).E2E/2- 25- 2017 5- 10- 29 PM/Image 37.png,Boundaries/Boundaries_Manual/Grading_1/AMD Part1/AMD (21).E2E/2- 25- 2017 5- 10- 29 PM/Image 37.csv,AMD Part1,AMD (21).E2E,Image 37
AMD (21).E2E_Image 38,Images/Images_Manual/AMD Part1/AMD (21).E2E/2- 25- 2017 5- 10- 29 PM/Image 38.png,Masks/Masks_Manual/Grading_1/AMD Part1/AMD (21).E2E/2- 25- 2017 5- 10- 29 PM/Image 38.png,Boundaries/Boundaries_Manual/Grading_1/AMD Part1/AMD (21).E2E/2- 25- 2017 5- 10- 29 PM/Image 38.csv,AMD Part1,AMD (21).E2E,Image 38
AMD (21).E2E_Image 39,Images/Images_Manual/AMD Part1/AMD (21).E2E/2- 25- 2017 5- 10- 29 PM/Image 39.png,Masks/Masks_Manual/Grading_1/AMD Part1/AMD (21).E2E/2- 25- 2017 5- 10- 29 PM/Image 39.png,Boundaries/Boundaries_Manual/Grading_1/AMD Part1/AMD (21).E2E/2- 25- 2017 5- 10- 29 PM/Image 39.csv,AMD Part1,AMD (21).E2E,Image 39
AMD (21).E2E_Image 4,Images/Images_Manual/AMD Part1/AMD (21).E2E/2- 25- 2017 5- 10- 29 PM/Image 4.png,Masks/Masks_Manual/Grading_1/AMD Part1/AMD (21).E2E/2- 25- 2017 5- 10- 29 PM/Image 4.png,Boundaries/Boundaries_Manual/Grading_1/AMD Part1/AMD (21).E2E/2- 25- 2017 5- 10- 29 PM/Image 4.csv,AMD Part1,AMD (21).E2E,Image 4
AMD (21).E2E_Image 40,Images/Images_Manual/AMD Part1/AMD (21).E2E/2- 25- 2017 5- 10- 29 PM/Image 40.png,Masks/Masks_Manual/Grading_1/AMD Part1/AMD (21).E2E/2- 25- 2017 5- 10- 29 PM/Image 40.png,Boundaries/Boundaries_Manual/Grading_1/AMD Part1/AMD (21).E2E/2- 25- 2017 5- 10- 29 PM/Image 40.csv,AMD Part1,AMD (21).E2E,Image 40
AMD (21).E2E_Image 41,Images/Images_Manual/AMD Part1/AMD (21).E2E/2- 25- 2017 5- 10- 29 PM/Image 41.png,Masks/Masks_Manual/Grading_1/AMD Part1/AMD (21).E2E/2- 25- 2017 5- 10- 29 PM/Image 41.png,Boundaries/Boundaries_Manual/Grading_1/AMD Part1/AMD (21).E2E/2- 25- 2017 5- 10- 29 PM/Image 41.csv,AMD Part1,AMD (21).E2E,Image 41
AMD (21).E2E_Image 42,Images/Images_Manual/AMD Part1/AMD (21).E2E/2- 25- 2017 5- 10- 29 PM/Image 42.png,Masks/Masks_Manual/Grading_1/AMD Part1/AMD (21).E2E/2- 25- 2017 5- 10- 29 PM/Image 42.png,Boundaries/Boundaries_Manual/Grading_1/AMD Part1/AMD (21).E2E/2- 25- 2017 5- 10- 29 PM/Image 42.csv,AMD Part1,AMD (21).E2E,Image 42
AMD (21).E2E_Image 43,Images/Images_Manual/AMD Part1/AMD (21).E2E/2- 25- 2017 5- 10- 29 PM/Image 43.png,Masks/Masks_Manual/Grading_1/AMD Part1/AMD (21).E2E/2- 25- 2017 5- 10- 29 PM/Image 43.png,Boundaries/Boundaries_Manual/Grading_1/AMD Part1/AMD (21).E2E/2- 25- 2017 5- 10- 29 PM/Image 43.csv,AMD Part1,AMD (21).E2E,Image 43
AMD (21).E2E_Image 44,Images/Images_Manual/AMD Part1/AMD (21).E2E/2- 25- 2017 5- 10- 29 PM/Image 44.png,Masks/Masks_Manual/Grading_1/AMD Part1/AMD (21).E2E/2- 25- 2017 5- 10- 29 PM/Image 44.png,Boundaries/Boundaries_Manual/Grading_1/AMD Part1/AMD (21).E2E/2- 25- 2017 5- 10- 29 PM/Image 44.csv,AMD Part1,AMD (21).E2E,Image 44
AMD (21).E2E_Image 45,Images/Images_Manual/AMD Part1/AMD (21).E2E/2- 25- 2017 5- 10- 29 PM/Image 45.png,Masks/Masks_Manual/Grading_1/AMD Part1/AMD (21).E2E/2- 25- 2017 5- 10- 29 PM/Image 45.png,Boundaries/Boundaries_Manual/Grading_1/AMD Part1/AMD (21).E2E/2- 25- 2017 5- 10- 29 PM/Image 45.csv,AMD Part1,AMD (21).E2E,Image 45
AMD (21).E2E_Image 46,Images/Images_Manual/AMD Part1/AMD (21).E2E/2- 25- 2017 5- 10- 29 PM/Image 46.png,Masks/Masks_Manual/Grading_1/AMD Part1/AMD (21).E2E/2- 25- 2017 5- 10- 29 PM/Image 46.png,Boundaries/Boundaries_Manual/Grading_1/AMD Part1/AMD (21).E2E/2- 25- 2017 5- 10- 29 PM/Image 46.csv,AMD Part1,AMD (21).E2E,Image 46
AMD (21).E2E_Image 47,Images/Images_Manual/AMD Part1/AMD (21).E2E/2- 25- 2017 5- 10- 29 PM/Image 47.png,Masks/Masks_Manual/Grading_1/AMD Part1/AMD (21).E2E/2- 25- 2017 5- 10- 29 PM/Image 47.png,Boundaries/Boundaries_Manual/Grading_1/AMD Part1/AMD (21).E2E/2- 25- 2017 5- 10- 29 PM/Image 47.csv,AMD Part1,AMD (21).E2E,Image 47
AMD (21).E2E_Image 48,Images/Images_Manual/AMD Part1/AMD (21).E2E/2- 25- 2017 5- 10- 29 PM/Image 48.png,Masks/Masks_Manual/Grading_1/AMD Part1/AMD (21).E2E/2- 25- 2017 5- 10- 29 PM/Image 48.png,Boundaries/Boundaries_Manual/Grading_1/AMD Part1/AMD (21).E2E/2- 25- 2017 5- 10- 29 PM/Image 48.csv,AMD Part1,AMD (21).E2E,Image 48
AMD (21).E2E_Image 49,Images/Images_Manual/AMD Part1/AMD (21).E2E/2- 25- 2017 5- 10- 29 PM/Image 49.png,Masks/Masks_Manual/Grading_1/AMD Part1/AMD (21).E2E/2- 25- 2017 5- 10- 29 PM/Image 49.png,Boundaries/Boundaries_Manual/Grading_1/AMD Part1/AMD (21).E2E/2- 25- 2017 5- 10- 29 PM/Image 49.csv,AMD Part1,AMD (21).E2E,Image 49
AMD (21).E2E_Image 5,Images/Images_Manual/AMD Part1/AMD (21).E2E/2- 25- 2017 5- 10- 29 PM/Image 5.png,Masks/Masks_Manual/Grading_1/AMD Part1/AMD (21).E2E/2- 25- 2017 5- 10- 29 PM/Image 5.png,Boundaries/Boundaries_Manual/Grading_1/AMD Part1/AMD (21).E2E/2- 25- 2017 5- 10- 29 PM/Image 5.csv,AMD Part1,AMD (21).E2E,Image 5
AMD (21).E2E_Image 50,Images/Images_Manual/AMD Part1/AMD (21).E2E/2- 25- 2017 5- 10- 29 PM/Image 50.png,Masks/Masks_Manual/Grading_1/AMD Part1/AMD (21).E2E/2- 25- 2017 5- 10- 29 PM/Image 50.png,Boundaries/Boundaries_Manual/Grading_1/AMD Part1/AMD (21).E2E/2- 25- 2017 5- 10- 29 PM/Image 50.csv,AMD Part1,AMD (21).E2E,Image 50
AMD (21).E2E_Image 51,Images/Images_Manual/AMD Part1/AMD (21).E2E/2- 25- 2017 5- 10- 29 PM/Image 51.png,Masks/Masks_Manual/Grading_1/AMD Part1/AMD (21).E2E/2- 25- 2017 5- 10- 29 PM/Image 51.png,Boundaries/Boundaries_Manual/Grading_1/AMD Part1/AMD (21).E2E/2- 25- 2017 5- 10- 29 PM/Image 51.csv,AMD Part1,AMD (21).E2E,Image 51
AMD (21).E2E_Image 52,Images/Images_Manual/AMD Part1/AMD (21).E2E/2- 25- 2017 5- 10- 29 PM/Image 52.png,Masks/Masks_Manual/Grading_1/AMD Part1/AMD (21).E2E/2- 25- 2017 5- 10- 29 PM/Image 52.png,Boundaries/Boundaries_Manual/Grading_1/AMD Part1/AMD (21).E2E/2- 25- 2017 5- 10- 29 PM/Image 52.csv,AMD Part1,AMD (21).E2E,Image 52
AMD (21).E2E_Image 53,Images/Images_Manual/AMD Part1/AMD (21).E2E/2- 25- 2017 5- 10- 29 PM/Image 53.png,Masks/Masks_Manual/Grading_1/AMD Part1/AMD (21).E2E/2- 25- 2017 5- 10- 29 PM/Image 53.png,Boundaries/Boundaries_Manual/Grading_1/AMD Part1/AMD (21).E2E/2- 25- 2017 5- 10- 29 PM/Image 53.csv,AMD Part1,AMD (21).E2E,Image 53
AMD (21).E2E_Image 54,Images/Images_Manual/AMD Part1/AMD (21).E2E/2- 25- 2017 5- 10- 29 PM/Image 54.png,Masks/Masks_Manual/Grading_1/AMD Part1/AMD (21).E2E/2- 25- 2017 5- 10- 29 PM/Image 54.png,Boundaries/Boundaries_Manual/Grading_1/AMD Part1/AMD (21).E2E/2- 25- 2017 5- 10- 29 PM/Image 54.csv,AMD Part1,AMD (21).E2E,Image 54
AMD (21).E2E_Image 55,Images/Images_Manual/AMD Part1/AMD (21).E2E/2- 25- 2017 5- 10- 29 PM/Image 55.png,Masks/Masks_Manual/Grading_1/AMD Part1/AMD (21).E2E/2- 25- 2017 5- 10- 29 PM/Image 55.png,Boundaries/Boundaries_Manual/Grading_1/AMD Part1/AMD (21).E2E/2- 25- 2017 5- 10- 29 PM/Image 55.csv,AMD Part1,AMD (21).E2E,Image 55
AMD (21).E2E_Image 56,Images/Images_Manual/AMD Part1/AMD (21).E2E/2- 25- 2017 5- 10- 29 PM/Image 56.png,Masks/Masks_Manual/Grading_1/AMD Part1/AMD (21).E2E/2- 25- 2017 5- 10- 29 PM/Image 56.png,Boundaries/Boundaries_Manual/Grading_1/AMD Part1/AMD (21).E2E/2- 25- 2017 5- 10- 29 PM/Image 56.csv,AMD Part1,AMD (21).E2E,Image 56
AMD (21).E2E_Image 57,Images/Images_Manual/AMD Part1/AMD (21).E2E/2- 25- 2017 5- 10- 29 PM/Image 57.png,Masks/Masks_Manual/Grading_1/AMD Part1/AMD (21).E2E/2- 25- 2017 5- 10- 29 PM/Image 57.png,Boundaries/Boundaries_Manual/Grading_1/AMD Part1/AMD (21).E2E/2- 25- 2017 5- 10- 29 PM/Image 57.csv,AMD Part1,AMD (21).E2E,Image 57
AMD (21).E2E_Image 58,Images/Images_Manual/AMD Part1/AMD (21).E2E/2- 25- 2017 5- 10- 29 PM/Image 58.png,Masks/Masks_Manual/Grading_1/AMD Part1/AMD (21).E2E/2- 25- 2017 5- 10- 29 PM/Image 58.png,Boundaries/Boundaries_Manual/Grading_1/AMD Part1/AMD (21).E2E/2- 25- 2017 5- 10- 29 PM/Image 58.csv,AMD Part1,AMD (21).E2E,Image 58
AMD (21).E2E_Image 59,Images/Images_Manual/AMD Part1/AMD (21).E2E/2- 25- 2017 5- 10- 29 PM/Image 59.png,Masks/Masks_Manual/Grading_1/AMD Part1/AMD (21).E2E/2- 25- 2017 5- 10- 29 PM/Image 59.png,Boundaries/Boundaries_Manual/Grading_1/AMD Part1/AMD (21).E2E/2- 25- 2017 5- 10- 29 PM/Image 59.csv,AMD Part1,AMD (21).E2E,Image 59
AMD (21).E2E_Image 6,Images/Images_Manual/AMD Part1/AMD (21).E2E/2- 25- 2017 5- 10- 29 PM/Image 6.png,Masks/Masks_Manual/Grading_1/AMD Part1/AMD (21).E2E/2- 25- 2017 5- 10- 29 PM/Image 6.png,Boundaries/Boundaries_Manual/Grading_1/AMD Part1/AMD (21).E2E/2- 25- 2017 5- 10- 29 PM/Image 6.csv,AMD Part1,AMD (21).E2E,Image 6
AMD (21).E2E_Image 60,Images/Images_Manual/AMD Part1/AMD (21).E2E/2- 25- 2017 5- 10- 29 PM/Image 60.png,Masks/Masks_Manual/Grading_1/AMD Part1/AMD (21).E2E/2- 25- 2017 5- 10- 29 PM/Image 60.png,Boundaries/Boundaries_Manual/Grading_1/AMD Part1/AMD (21).E2E/2- 25- 2017 5- 10- 29 PM/Image 60.csv,AMD Part1,AMD (21).E2E,Image 60
AMD (21).E2E_Image 61,Images/Images_Manual/AMD Part1/AMD (21).E2E/2- 25- 2017 5- 10- 29 PM/Image 61.png,Masks/Masks_Manual/Grading_1/AMD Part1/AMD (21).E2E/2- 25- 2017 5- 10- 29 PM/Image 61.png,Boundaries/Boundaries_Manual/Grading_1/AMD Part1/AMD (21).E2E/2- 25- 2017 5- 10- 29 PM/Image 61.csv,AMD Part1,AMD (21).E2E,Image 61
AMD (21).E2E_Image 7,Images/Images_Manual/AMD Part1/AMD (21).E2E/2- 25- 2017 5- 10- 29 PM/Image 7.png,Masks/Masks_Manual/Grading_1/AMD Part1/AMD (21).E2E/2- 25- 2017 5- 10- 29 PM/Image 7.png,Boundaries/Boundaries_Manual/Grading_1/AMD Part1/AMD (21).E2E/2- 25- 2017 5- 10- 29 PM/Image 7.csv,AMD Part1,AMD (21).E2E,Image 7
AMD (21).E2E_Image 8,Images/Images_Manual/AMD Part1/AMD (21).E2E/2- 25- 2017 5- 10- 29 PM/Image 8.png,Masks/Masks_Manual/Grading_1/AMD Part1/AMD (21).E2E/2- 25- 2017 5- 10- 29 PM/Image 8.png,Boundaries/Boundaries_Manual/Grading_1/AMD Part1/AMD (21).E2E/2- 25- 2017 5- 10- 29 PM/Image 8.csv,AMD Part1,AMD (21).E2E,Image 8
AMD (21).E2E_Image 9,Images/Images_Manual/AMD Part1/AMD (21).E2E/2- 25- 2017 5- 10- 29 PM/Image 9.png,Masks/Masks_Manual/Grading_1/AMD Part1/AMD (21).E2E/2- 25- 2017 5- 10- 29 PM/Image 9.png,Boundaries/Boundaries_Manual/Grading_1/AMD Part1/AMD (21).E2E/2- 25- 2017 5- 10- 29 PM/Image 9.csv,AMD Part1,AMD (21).E2E,Image 9
AMD (22).E2E_Image 1,Images/Images_Manual/AMD Part1/AMD (22).E2E/2- 25- 2017 5- 11- 45 PM/Image 1.png,Masks/Masks_Manual/Grading_1/AMD Part1/AMD (22).E2E/2- 25- 2017 5- 11- 45 PM/Image 1.png,Boundaries/Boundaries_Manual/Grading_1/AMD Part1/AMD (22).E2E/2- 25- 2017 5- 11- 45 PM/Image 1.csv,AMD Part1,AMD (22).E2E,Image 1
AMD (22).E2E_Image 10,Images/Images_Manual/AMD Part1/AMD (22).E2E/2- 25- 2017 5- 11- 45 PM/Image 10.png,Masks/Masks_Manual/Grading_1/AMD Part1/AMD (22).E2E/2- 25- 2017 5- 11- 45 PM/Image 10.png,Boundaries/Boundaries_Manual/Grading_1/AMD Part1/AMD (22).E2E/2- 25- 2017 5- 11- 45 PM/Image 10.csv,AMD Part1,AMD (22).E2E,Image 10
AMD (22).E2E_Image 11,Images/Images_Manual/AMD Part1/AMD (22).E2E/2- 25- 2017 5- 11- 45 PM/Image 11.png,Masks/Masks_Manual/Grading_1/AMD Part1/AMD (22).E2E/2- 25- 2017 5- 11- 45 PM/Image 11.png,Boundaries/Boundaries_Manual/Grading_1/AMD Part1/AMD (22).E2E/2- 25- 2017 5- 11- 45 PM/Image 11.csv,AMD Part1,AMD (22).E2E,Image 11
AMD (22).E2E_Image 12,Images/Images_Manual/AMD Part1/AMD (22).E2E/2- 25- 2017 5- 11- 45 PM/Image 12.png,Masks/Masks_Manual/Grading_1/AMD Part1/AMD (22).E2E/2- 25- 2017 5- 11- 45 PM/Image 12.png,Boundaries/Boundaries_Manual/Grading_1/AMD Part1/AMD (22).E2E/2- 25- 2017 5- 11- 45 PM/Image 12.csv,AMD Part1,AMD (22).E2E,Image 12
AMD (22).E2E_Image 13,Images/Images_Manual/AMD Part1/AMD (22).E2E/2- 25- 2017 5- 11- 45 PM/Image 13.png,Masks/Masks_Manual/Grading_1/AMD Part1/AMD (22).E2E/2- 25- 2017 5- 11- 45 PM/Image 13.png,Boundaries/Boundaries_Manual/Grading_1/AMD Part1/AMD (22).E2E/2- 25- 2017 5- 11- 45 PM/Image 13.csv,AMD Part1,AMD (22).E2E,Image 13
AMD (22).E2E_Image 14,Images/Images_Manual/AMD Part1/AMD (22).E2E/2- 25- 2017 5- 11- 45 PM/Image 14.png,Masks/Masks_Manual/Grading_1/AMD Part1/AMD (22).E2E/2- 25- 2017 5- 11- 45 PM/Image 14.png,Boundaries/Boundaries_Manual/Grading_1/AMD Part1/AMD (22).E2E/2- 25- 2017 5- 11- 45 PM/Image 14.csv,AMD Part1,AMD (22).E2E,Image 14
AMD (22).E2E_Image 15,Images/Images_Manual/AMD Part1/AMD (22).E2E/2- 25- 2017 5- 11- 45 PM/Image 15.png,Masks/Masks_Manual/Grading_1/AMD Part1/AMD (22).E2E/2- 25- 2017 5- 11- 45 PM/Image 15.png,Boundaries/Boundaries_Manual/Grading_1/AMD Part1/AMD (22).E2E/2- 25- 2017 5- 11- 45 PM/Image 15.csv,AMD Part1,AMD (22).E2E,Image 15
AMD (22).E2E_Image 16,Images/Images_Manual/AMD Part1/AMD (22).E2E/2- 25- 2017 5- 11- 45 PM/Image 16.png,Masks/Masks_Manual/Grading_1/AMD Part1/AMD (22).E2E/2- 25- 2017 5- 11- 45 PM/Image 16.png,Boundaries/Boundaries_Manual/Grading_1/AMD Part1/AMD (22).E2E/2- 25- 2017 5- 11- 45 PM/Image 16.csv,AMD Part1,AMD (22).E2E,Image 16
AMD (22).E2E_Image 17,Images/Images_Manual/AMD Part1/AMD (22).E2E/2- 25- 2017 5- 11- 45 PM/Image 17.png,Masks/Masks_Manual/Grading_1/AMD Part1/AMD (22).E2E/2- 25- 2017 5- 11- 45 PM/Image 17.png,Boundaries/Boundaries_Manual/Grading_1/AMD Part1/AMD (22).E2E/2- 25- 2017 5- 11- 45 PM/Image 17.csv,AMD Part1,AMD (22).E2E,Image 17
AMD (22).E2E_Image 18,Images/Images_Manual/AMD Part1/AMD (22).E2E/2- 25- 2017 5- 11- 45 PM/Image 18.png,Masks/Masks_Manual/Grading_1/AMD Part1/AMD (22).E2E/2- 25- 2017 5- 11- 45 PM/Image 18.png,Boundaries/Boundaries_Manual/Grading_1/AMD Part1/AMD (22).E2E/2- 25- 2017 5- 11- 45 PM/Image 18.csv,AMD Part1,AMD (22).E2E,Image 18
AMD (22).E2E_Image 19,Images/Images_Manual/AMD Part1/AMD (22).E2E/2- 25- 2017 5- 11- 45 PM/Image 19.png,Masks/Masks_Manual/Grading_1/AMD Part1/AMD (22).E2E/2- 25- 2017 5- 11- 45 PM/Image 19.png,Boundaries/Boundaries_Manual/Grading_1/AMD Part1/AMD (22).E2E/2- 25- 2017 5- 11- 45 PM/Image 19.csv,AMD Part1,AMD (22).E2E,Image 19
AMD (22).E2E_Image 2,Images/Images_Manual/AMD Part1/AMD (22).E2E/2- 25- 2017 5- 11- 45 PM/Image 2.png,Masks/Masks_Manual/Grading_1/AMD Part1/AMD (22).E2E/2- 25- 2017 5- 11- 45 PM/Image 2.png,Boundaries/Boundaries_Manual/Grading_1/AMD Part1/AMD (22).E2E/2- 25- 2017 5- 11- 45 PM/Image 2.csv,AMD Part1,AMD (22).E2E,Image 2
AMD (22).E2E_Image 20,Images/Images_Manual/AMD Part1/AMD (22).E2E/2- 25- 2017 5- 11- 45 PM/Image 20.png,Masks/Masks_Manual/Grading_1/AMD Part1/AMD (22).E2E/2- 25- 2017 5- 11- 45 PM/Image 20.png,Boundaries/Boundaries_Manual/Grading_1/AMD Part1/AMD (22).E2E/2- 25- 2017 5- 11- 45 PM/Image 20.csv,AMD Part1,AMD (22).E2E,Image 20
AMD (22).E2E_Image 21,Images/Images_Manual/AMD Part1/AMD (22).E2E/2- 25- 2017 5- 11- 45 PM/Image 21.png,Masks/Masks_Manual/Grading_1/AMD Part1/AMD (22).E2E/2- 25- 2017 5- 11- 45 PM/Image 21.png,Boundaries/Boundaries_Manual/Grading_1/AMD Part1/AMD (22).E2E/2- 25- 2017 5- 11- 45 PM/Image 21.csv,AMD Part1,AMD (22).E2E,Image 21
AMD (22).E2E_Image 22,Images/Images_Manual/AMD Part1/AMD (22).E2E/2- 25- 2017 5- 11- 45 PM/Image 22.png,Masks/Masks_Manual/Grading_1/AMD Part1/AMD (22).E2E/2- 25- 2017 5- 11- 45 PM/Image 22.png,Boundaries/Boundaries_Manual/Grading_1/AMD Part1/AMD (22).E2E/2- 25- 2017 5- 11- 45 PM/Image 22.csv,AMD Part1,AMD (22).E2E,Image 22
AMD (22).E2E_Image 23,Images/Images_Manual/AMD Part1/AMD (22).E2E/2- 25- 2017 5- 11- 45 PM/Image 23.png,Masks/Masks_Manual/Grading_1/AMD Part1/AMD (22).E2E/2- 25- 2017 5- 11- 45 PM/Image 23.png,Boundaries/Boundaries_Manual/Grading_1/AMD Part1/AMD (22).E2E/2- 25- 2017 5- 11- 45 PM/Image 23.csv,AMD Part1,AMD (22).E2E,Image 23
AMD (22).E2E_Image 24,Images/Images_Manual/AMD Part1/AMD (22).E2E/2- 25- 2017 5- 11- 45 PM/Image 24.png,Masks/Masks_Manual/Grading_1/AMD Part1/AMD (22).E2E/2- 25- 2017 5- 11- 45 PM/Image 24.png,Boundaries/Boundaries_Manual/Grading_1/AMD Part1/AMD (22).E2E/2- 25- 2017 5- 11- 45 PM/Image 24.csv,AMD Part1,AMD (22).E2E,Image 24
AMD (22).E2E_Image 25,Images/Images_Manual/AMD Part1/AMD (22).E2E/2- 25- 2017 5- 11- 45 PM/Image 25.png,Masks/Masks_Manual/Grading_1/AMD Part1/AMD (22).E2E/2- 25- 2017 5- 11- 45 PM/Image 25.png,Boundaries/Boundaries_Manual/Grading_1/AMD Part1/AMD (22).E2E/2- 25- 2017 5- 11- 45 PM/Image 25.csv,AMD Part1,AMD (22).E2E,Image 25
AMD (22).E2E_Image 26,Images/Images_Manual/AMD Part1/AMD (22).E2E/2- 25- 2017 5- 11- 45 PM/Image 26.png,Masks/Masks_Manual/Grading_1/AMD Part1/AMD (22).E2E/2- 25- 2017 5- 11- 45 PM/Image 26.png,Boundaries/Boundaries_Manual/Grading_1/AMD Part1/AMD (22).E2E/2- 25- 2017 5- 11- 45 PM/Image 26.csv,AMD Part1,AMD (22).E2E,Image 26
AMD (22).E2E_Image 27,Images/Images_Manual/AMD Part1/AMD (22).E2E/2- 25- 2017 5- 11- 45 PM/Image 27.png,Masks/Masks_Manual/Grading_1/AMD Part1/AMD (22).E2E/2- 25- 2017 5- 11- 45 PM/Image 27.png,Boundaries/Boundaries_Manual/Grading_1/AMD Part1/AMD (22).E2E/2- 25- 2017 5- 11- 45 PM/Image 27.csv,AMD Part1,AMD (22).E2E,Image 27
AMD (22).E2E_Image 28,Images/Images_Manual/AMD Part1/AMD (22).E2E/2- 25- 2017 5- 11- 45 PM/Image 28.png,Masks/Masks_Manual/Grading_1/AMD Part1/AMD (22).E2E/2- 25- 2017 5- 11- 45 PM/Image 28.png,Boundaries/Boundaries_Manual/Grading_1/AMD Part1/AMD (22).E2E/2- 25- 2017 5- 11- 45 PM/Image 28.csv,AMD Part1,AMD (22).E2E,Image 28
AMD (22).E2E_Image 29,Images/Images_Manual/AMD Part1/AMD (22).E2E/2- 25- 2017 5- 11- 45 PM/Image 29.png,Masks/Masks_Manual/Grading_1/AMD Part1/AMD (22).E2E/2- 25- 2017 5- 11- 45 PM/Image 29.png,Boundaries/Boundaries_Manual/Grading_1/AMD Part1/AMD (22).E2E/2- 25- 2017 5- 11- 45 PM/Image 29.csv,AMD Part1,AMD (22).E2E,Image 29
AMD (22).E2E_Image 3,Images/Images_Manual/AMD Part1/AMD (22).E2E/2- 25- 2017 5- 11- 45 PM/Image 3.png,Masks/Masks_Manual/Grading_1/AMD Part1/AMD (22).E2E/2- 25- 2017 5- 11- 45 PM/Image 3.png,Boundaries/Boundaries_Manual/Grading_1/AMD Part1/AMD (22).E2E/2- 25- 2017 5- 11- 45 PM/Image 3.csv,AMD Part1,AMD (22).E2E,Image 3
AMD (22).E2E_Image 30,Images/Images_Manual/AMD Part1/AMD (22).E2E/2- 25- 2017 5- 11- 45 PM/Image 30.png,Masks/Masks_Manual/Grading_1/AMD Part1/AMD (22).E2E/2- 25- 2017 5- 11- 45 PM/Image 30.png,Boundaries/Boundaries_Manual/Grading_1/AMD Part1/AMD (22).E2E/2- 25- 2017 5- 11- 45 PM/Image 30.csv,AMD Part1,AMD (22).E2E,Image 30
AMD (22).E2E_Image 31,Images/Images_Manual/AMD Part1/AMD (22).E2E/2- 25- 2017 5- 11- 45 PM/Image 31.png,Masks/Masks_Manual/Grading_1/AMD Part1/AMD (22).E2E/2- 25- 2017 5- 11- 45 PM/Image 31.png,Boundaries/Boundaries_Manual/Grading_1/AMD Part1/AMD (22).E2E/2- 25- 2017 5- 11- 45 PM/Image 31.csv,AMD Part1,AMD (22).E2E,Image 31
AMD (22).E2E_Image 32,Images/Images_Manual/AMD Part1/AMD (22).E2E/2- 25- 2017 5- 11- 45 PM/Image 32.png,Masks/Masks_Manual/Grading_1/AMD Part1/AMD (22).E2E/2- 25- 2017 5- 11- 45 PM/Image 32.png,Boundaries/Boundaries_Manual/Grading_1/AMD Part1/AMD (22).E2E/2- 25- 2017 5- 11- 45 PM/Image 32.csv,AMD Part1,AMD (22).E2E,Image 32
AMD (22).E2E_Image 33,Images/Images_Manual/AMD Part1/AMD (22).E2E/2- 25- 2017 5- 11- 45 PM/Image 33.png,Masks/Masks_Manual/Grading_1/AMD Part1/AMD (22).E2E/2- 25- 2017 5- 11- 45 PM/Image 33.png,Boundaries/Boundaries_Manual/Grading_1/AMD Part1/AMD (22).E2E/2- 25- 2017 5- 11- 45 PM/Image 33.csv,AMD Part1,AMD (22).E2E,Image 33
AMD (22).E2E_Image 34,Images/Images_Manual/AMD Part1/AMD (22).E2E/2- 25- 2017 5- 11- 45 PM/Image 34.png,Masks/Masks_Manual/Grading_1/AMD Part1/AMD (22).E2E/2- 25- 2017 5- 11- 45 PM/Image 34.png,Boundaries/Boundaries_Manual/Grading_1/AMD Part1/AMD (22).E2E/2- 25- 2017 5- 11- 45 PM/Image 34.csv,AMD Part1,AMD (22).E2E,Image 34
AMD (22).E2E_Image 35,Images/Images_Manual/AMD Part1/AMD (22).E2E/2- 25- 2017 5- 11- 45 PM/Image 35.png,Masks/Masks_Manual/Grading_1/AMD Part1/AMD (22).E2E/2- 25- 2017 5- 11- 45 PM/Image 35.png,Boundaries/Boundaries_Manual/Grading_1/AMD Part1/AMD (22).E2E/2- 25- 2017 5- 11- 45 PM/Image 35.csv,AMD Part1,AMD (22).E2E,Image 35
AMD (22).E2E_Image 36,Images/Images_Manual/AMD Part1/AMD (22).E2E/2- 25- 2017 5- 11- 45 PM/Image 36.png,Masks/Masks_Manual/Grading_1/AMD Part1/AMD (22).E2E/2- 25- 2017 5- 11- 45 PM/Image 36.png,Boundaries/Boundaries_Manual/Grading_1/AMD Part1/AMD (22).E2E/2- 25- 2017 5- 11- 45 PM/Image 36.csv,AMD Part1,AMD (22).E2E,Image 36
AMD (22).E2E_Image 37,Images/Images_Manual/AMD Part1/AMD (22).E2E/2- 25- 2017 5- 11- 45 PM/Image 37.png,Masks/Masks_Manual/Grading_1/AMD Part1/AMD (22).E2E/2- 25- 2017 5- 11- 45 PM/Image 37.png,Boundaries/Boundaries_Manual/Grading_1/AMD Part1/AMD (22).E2E/2- 25- 2017 5- 11- 45 PM/Image 37.csv,AMD Part1,AMD (22).E2E,Image 37
AMD (22).E2E_Image 38,Images/Images_Manual/AMD Part1/AMD (22).E2E/2- 25- 2017 5- 11- 45 PM/Image 38.png,Masks/Masks_Manual/Grading_1/AMD Part1/AMD (22).E2E/2- 25- 2017 5- 11- 45 PM/Image 38.png,Boundaries/Boundaries_Manual/Grading_1/AMD Part1/AMD (22).E2E/2- 25- 2017 5- 11- 45 PM/Image 38.csv,AMD Part1,AMD (22).E2E,Image 38
AMD (22).E2E_Image 39,Images/Images_Manual/AMD Part1/AMD (22).E2E/2- 25- 2017 5- 11- 45 PM/Image 39.png,Masks/Masks_Manual/Grading_1/AMD Part1/AMD (22).E2E/2- 25- 2017 5- 11- 45 PM/Image 39.png,Boundaries/Boundaries_Manual/Grading_1/AMD Part1/AMD (22).E2E/2- 25- 2017 5- 11- 45 PM/Image 39.csv,AMD Part1,AMD (22).E2E,Image 39
AMD (22).E2E_Image 4,Images/Images_Manual/AMD Part1/AMD (22).E2E/2- 25- 2017 5- 11- 45 PM/Image 4.png,Masks/Masks_Manual/Grading_1/AMD Part1/AMD (22).E2E/2- 25- 2017 5- 11- 45 PM/Image 4.png,Boundaries/Boundaries_Manual/Grading_1/AMD Part1/AMD (22).E2E/2- 25- 2017 5- 11- 45 PM/Image 4.csv,AMD Part1,AMD (22).E2E,Image 4
AMD (22).E2E_Image 40,Images/Images_Manual/AMD Part1/AMD (22).E2E/2- 25- 2017 5- 11- 45 PM/Image 40.png,Masks/Masks_Manual/Grading_1/AMD Part1/AMD (22).E2E/2- 25- 2017 5- 11- 45 PM/Image 40.png,Boundaries/Boundaries_Manual/Grading_1/AMD Part1/AMD (22).E2E/2- 25- 2017 5- 11- 45 PM/Image 40.csv,AMD Part1,AMD (22).E2E,Image 40
AMD (22).E2E_Image 41,Images/Images_Manual/AMD Part1/AMD (22).E2E/2- 25- 2017 5- 11- 45 PM/Image 41.png,Masks/Masks_Manual/Grading_1/AMD Part1/AMD (22).E2E/2- 25- 2017 5- 11- 45 PM/Image 41.png,Boundaries/Boundaries_Manual/Grading_1/AMD Part1/AMD (22).E2E/2- 25- 2017 5- 11- 45 PM/Image 41.csv,AMD Part1,AMD (22).E2E,Image 41
AMD (22).E2E_Image 42,Images/Images_Manual/AMD Part1/AMD (22).E2E/2- 25- 2017 5- 11- 45 PM/Image 42.png,Masks/Masks_Manual/Grading_1/AMD Part1/AMD (22).E2E/2- 25- 2017 5- 11- 45 PM/Image 42.png,Boundaries/Boundaries_Manual/Grading_1/AMD Part1/AMD (22).E2E/2- 25- 2017 5- 11- 45 PM/Image 42.csv,AMD Part1,AMD (22).E2E,Image 42
AMD (22).E2E_Image 43,Images/Images_Manual/AMD Part1/AMD (22).E2E/2- 25- 2017 5- 11- 45 PM/Image 43.png,Masks/Masks_Manual/Grading_1/AMD Part1/AMD (22).E2E/2- 25- 2017 5- 11- 45 PM/Image 43.png,Boundaries/Boundaries_Manual/Grading_1/AMD Part1/AMD (22).E2E/2- 25- 2017 5- 11- 45 PM/Image 43.csv,AMD Part1,AMD (22).E2E,Image 43
AMD (22).E2E_Image 44,Images/Images_Manual/AMD Part1/AMD (22).E2E/2- 25- 2017 5- 11- 45 PM/Image 44.png,Masks/Masks_Manual/Grading_1/AMD Part1/AMD (22).E2E/2- 25- 2017 5- 11- 45 PM/Image 44.png,Boundaries/Boundaries_Manual/Grading_1/AMD Part1/AMD (22).E2E/2- 25- 2017 5- 11- 45 PM/Image 44.csv,AMD Part1,AMD (22).E2E,Image 44
AMD (22).E2E_Image 45,Images/Images_Manual/AMD Part1/AMD (22).E2E/2- 25- 2017 5- 11- 45 PM/Image 45.png,Masks/Masks_Manual/Grading_1/AMD Part1/AMD (22).E2E/2- 25- 2017 5- 11- 45 PM/Image 45.png,Boundaries/Boundaries_Manual/Grading_1/AMD Part1/AMD (22).E2E/2- 25- 2017 5- 11- 45 PM/Image 45.csv,AMD Part1,AMD (22).E2E,Image 45
AMD (22).E2E_Image 46,Images/Images_Manual/AMD Part1/AMD (22).E2E/2- 25- 2017 5- 11- 45 PM/Image 46.png,Masks/Masks_Manual/Grading_1/AMD Part1/AMD (22).E2E/2- 25- 2017 5- 11- 45 PM/Image 46.png,Boundaries/Boundaries_Manual/Grading_1/AMD Part1/AMD (22).E2E/2- 25- 2017 5- 11- 45 PM/Image 46.csv,AMD Part1,AMD (22).E2E,Image 46
AMD (22).E2E_Image 47,Images/Images_Manual/AMD Part1/AMD (22).E2E/2- 25- 2017 5- 11- 45 PM/Image 47.png,Masks/Masks_Manual/Grading_1/AMD Part1/AMD (22).E2E/2- 25- 2017 5- 11- 45 PM/Image 47.png,Boundaries/Boundaries_Manual/Grading_1/AMD Part1/AMD (22).E2E/2- 25- 2017 5- 11- 45 PM/Image 47.csv,AMD Part1,AMD (22).E2E,Image 47
AMD (22).E2E_Image 48,Images/Images_Manual/AMD Part1/AMD (22).E2E/2- 25- 2017 5- 11- 45 PM/Image 48.png,Masks/Masks_Manual/Grading_1/AMD Part1/AMD (22).E2E/2- 25- 2017 5- 11- 45 PM/Image 48.png,Boundaries/Boundaries_Manual/Grading_1/AMD Part1/AMD (22).E2E/2- 25- 2017 5- 11- 45 PM/Image 48.csv,AMD Part1,AMD (22).E2E,Image 48
AMD (22).E2E_Image 49,Images/Images_Manual/AMD Part1/AMD (22).E2E/2- 25- 2017 5- 11- 45 PM/Image 49.png,Masks/Masks_Manual/Grading_1/AMD Part1/AMD (22).E2E/2- 25- 2017 5- 11- 45 PM/Image 49.png,Boundaries/Boundaries_Manual/Grading_1/AMD Part1/AMD (22).E2E/2- 25- 2017 5- 11- 45 PM/Image 49.csv,AMD Part1,AMD (22).E2E,Image 49
AMD (22).E2E_Image 5,Images/Images_Manual/AMD Part1/AMD (22).E2E/2- 25- 2017 5- 11- 45 PM/Image 5.png,Masks/Masks_Manual/Grading_1/AMD Part1/AMD (22).E2E/2- 25- 2017 5- 11- 45 PM/Image 5.png,Boundaries/Boundaries_Manual/Grading_1/AMD Part1/AMD (22).E2E/2- 25- 2017 5- 11- 45 PM/Image 5.csv,AMD Part1,AMD (22).E2E,Image 5
AMD (22).E2E_Image 50,Images/Images_Manual/AMD Part1/AMD (22).E2E/2- 25- 2017 5- 11- 45 PM/Image 50.png,Masks/Masks_Manual/Grading_1/AMD Part1/AMD (22).E2E/2- 25- 2017 5- 11- 45 PM/Image 50.png,Boundaries/Boundaries_Manual/Grading_1/AMD Part1/AMD (22).E2E/2- 25- 2017 5- 11- 45 PM/Image 50.csv,AMD Part1,AMD (22).E2E,Image 50
AMD (22).E2E_Image 51,Images/Images_Manual/AMD Part1/AMD (22).E2E/2- 25- 2017 5- 11- 45 PM/Image 51.png,Masks/Masks_Manual/Grading_1/AMD Part1/AMD (22).E2E/2- 25- 2017 5- 11- 45 PM/Image 51.png,Boundaries/Boundaries_Manual/Grading_1/AMD Part1/AMD (22).E2E/2- 25- 2017 5- 11- 45 PM/Image 51.csv,AMD Part1,AMD (22).E2E,Image 51
AMD (22).E2E_Image 52,Images/Images_Manual/AMD Part1/AMD (22).E2E/2- 25- 2017 5- 11- 45 PM/Image 52.png,Masks/Masks_Manual/Grading_1/AMD Part1/AMD (22).E2E/2- 25- 2017 5- 11- 45 PM/Image 52.png,Boundaries/Boundaries_Manual/Grading_1/AMD Part1/AMD (22).E2E/2- 25- 2017 5- 11- 45 PM/Image 52.csv,AMD Part1,AMD (22).E2E,Image 52
AMD (22).E2E_Image 53,Images/Images_Manual/AMD Part1/AMD (22).E2E/2- 25- 2017 5- 11- 45 PM/Image 53.png,Masks/Masks_Manual/Grading_1/AMD Part1/AMD (22).E2E/2- 25- 2017 5- 11- 45 PM/Image 53.png,Boundaries/Boundaries_Manual/Grading_1/AMD Part1/AMD (22).E2E/2- 25- 2017 5- 11- 45 PM/Image 53.csv,AMD Part1,AMD (22).E2E,Image 53
AMD (22).E2E_Image 54,Images/Images_Manual/AMD Part1/AMD (22).E2E/2- 25- 2017 5- 11- 45 PM/Image 54.png,Masks/Masks_Manual/Grading_1/AMD Part1/AMD (22).E2E/2- 25- 2017 5- 11- 45 PM/Image 54.png,Boundaries/Boundaries_Manual/Grading_1/AMD Part1/AMD (22).E2E/2- 25- 2017 5- 11- 45 PM/Image 54.csv,AMD Part1,AMD (22).E2E,Image 54
AMD (22).E2E_Image 55,Images/Images_Manual/AMD Part1/AMD (22).E2E/2- 25- 2017 5- 11- 45 PM/Image 55.png,Masks/Masks_Manual/Grading_1/AMD Part1/AMD (22).E2E/2- 25- 2017 5- 11- 45 PM/Image 55.png,Boundaries/Boundaries_Manual/Grading_1/AMD Part1/AMD (22).E2E/2- 25- 2017 5- 11- 45 PM/Image 55.csv,AMD Part1,AMD (22).E2E,Image 55
AMD (22).E2E_Image 56,Images/Images_Manual/AMD Part1/AMD (22).E2E/2- 25- 2017 5- 11- 45 PM/Image 56.png,Masks/Masks_Manual/Grading_1/AMD Part1/AMD (22).E2E/2- 25- 2017 5- 11- 45 PM/Image 56.png,Boundaries/Boundaries_Manual/Grading_1/AMD Part1/AMD (22).E2E/2- 25- 2017 5- 11- 45 PM/Image 56.csv,AMD Part1,AMD (22).E2E,Image 56
AMD (22).E2E_Image 57,Images/Images_Manual/AMD Part1/AMD (22).E2E/2- 25- 2017 5- 11- 45 PM/Image 57.png,Masks/Masks_Manual/Grading_1/AMD Part1/AMD (22).E2E/2- 25- 2017 5- 11- 45 PM/Image 57.png,Boundaries/Boundaries_Manual/Grading_1/AMD Part1/AMD (22).E2E/2- 25- 2017 5- 11- 45 PM/Image 57.csv,AMD Part1,AMD (22).E2E,Image 57
AMD (22).E2E_Image 58,Images/Images_Manual/AMD Part1/AMD (22).E2E/2- 25- 2017 5- 11- 45 PM/Image 58.png,Masks/Masks_Manual/Grading_1/AMD Part1/AMD (22).E2E/2- 25- 2017 5- 11- 45 PM/Image 58.png,Boundaries/Boundaries_Manual/Grading_1/AMD Part1/AMD (22).E2E/2- 25- 2017 5- 11- 45 PM/Image 58.csv,AMD Part1,AMD (22).E2E,Image 58
AMD (22).E2E_Image 59,Images/Images_Manual/AMD Part1/AMD (22).E2E/2- 25- 2017 5- 11- 45 PM/Image 59.png,Masks/Masks_Manual/Grading_1/AMD Part1/AMD (22).E2E/2- 25- 2017 5- 11- 45 PM/Image 59.png,Boundaries/Boundaries_Manual/Grading_1/AMD Part1/AMD (22).E2E/2- 25- 2017 5- 11- 45 PM/Image 59.csv,AMD Part1,AMD (22).E2E,Image 59
AMD (22).E2E_Image 6,Images/Images_Manual/AMD Part1/AMD (22).E2E/2- 25- 2017 5- 11- 45 PM/Image 6.png,Masks/Masks_Manual/Grading_1/AMD Part1/AMD (22).E2E/2- 25- 2017 5- 11- 45 PM/Image 6.png,Boundaries/Boundaries_Manual/Grading_1/AMD Part1/AMD (22).E2E/2- 25- 2017 5- 11- 45 PM/Image 6.csv,AMD Part1,AMD (22).E2E,Image 6
AMD (22).E2E_Image 60,Images/Images_Manual/AMD Part1/AMD (22).E2E/2- 25- 2017 5- 11- 45 PM/Image 60.png,Masks/Masks_Manual/Grading_1/AMD Part1/AMD (22).E2E/2- 25- 2017 5- 11- 45 PM/Image 60.png,Boundaries/Boundaries_Manual/Grading_1/AMD Part1/AMD (22).E2E/2- 25- 2017 5- 11- 45 PM/Image 60.csv,AMD Part1,AMD (22).E2E,Image 60
AMD (22).E2E_Image 61,Images/Images_Manual/AMD Part1/AMD (22).E2E/2- 25- 2017 5- 11- 45 PM/Image 61.png,Masks/Masks_Manual/Grading_1/AMD Part1/AMD (22).E2E/2- 25- 2017 5- 11- 45 PM/Image 61.png,Boundaries/Boundaries_Manual/Grading_1/AMD Part1/AMD (22).E2E/2- 25- 2017 5- 11- 45 PM/Image 61.csv,AMD Part1,AMD (22).E2E,Image 61
AMD (22).E2E_Image 7,Images/Images_Manual/AMD Part1/AMD (22).E2E/2- 25- 2017 5- 11- 45 PM/Image 7.png,Masks/Masks_Manual/Grading_1/AMD Part1/AMD (22).E2E/2- 25- 2017 5- 11- 45 PM/Image 7.png,Boundaries/Boundaries_Manual/Grading_1/AMD Part1/AMD (22).E2E/2- 25- 2017 5- 11- 45 PM/Image 7.csv,AMD Part1,AMD (22).E2E,Image 7
AMD (22).E2E_Image 8,Images/Images_Manual/AMD Part1/AMD (22).E2E/2- 25- 2017 5- 11- 45 PM/Image 8.png,Masks/Masks_Manual/Grading_1/AMD Part1/AMD (22).E2E/2- 25- 2017 5- 11- 45 PM/Image 8.png,Boundaries/Boundaries_Manual/Grading_1/AMD Part1/AMD (22).E2E/2- 25- 2017 5- 11- 45 PM/Image 8.csv,AMD Part1,AMD (22).E2E,Image 8
AMD (22).E2E_Image 9,Images/Images_Manual/AMD Part1/AMD (22).E2E/2- 25- 2017 5- 11- 45 PM/Image 9.png,Masks/Masks_Manual/Grading_1/AMD Part1/AMD (22).E2E/2- 25- 2017 5- 11- 45 PM/Image 9.png,Boundaries/Boundaries_Manual/Grading_1/AMD Part1/AMD (22).E2E/2- 25- 2017 5- 11- 45 PM/Image 9.csv,AMD Part1,AMD (22).E2E,Image 9
AMD (26).E2E_Image 1,Images/Images_Manual/AMD Part1/AMD (26).E2E/2- 25- 2017 5- 23- 01 PM/Image 1.png,Masks/Masks_Manual/Grading_1/AMD Part1/AMD (26).E2E/2- 25- 2017 5- 23- 01 PM/Image 1.png,Boundaries/Boundaries_Manual/Grading_1/AMD Part1/AMD (26).E2E/2- 25- 2017 5- 23- 01 PM/Image 1.csv,AMD Part1,AMD (26).E2E,Image 1
AMD (26).E2E_Image 10,Images/Images_Manual/AMD Part1/AMD (26).E2E/2- 25- 2017 5- 23- 01 PM/Image 10.png,Masks/Masks_Manual/Grading_1/AMD Part1/AMD (26).E2E/2- 25- 2017 5- 23- 01 PM/Image 10.png,Boundaries/Boundaries_Manual/Grading_1/AMD Part1/AMD (26).E2E/2- 25- 2017 5- 23- 01 PM/Image 10.csv,AMD Part1,AMD (26).E2E,Image 10
AMD (26).E2E_Image 11,Images/Images_Manual/AMD Part1/AMD (26).E2E/2- 25- 2017 5- 23- 01 PM/Image 11.png,Masks/Masks_Manual/Grading_1/AMD Part1/AMD (26).E2E/2- 25- 2017 5- 23- 01 PM/Image 11.png,Boundaries/Boundaries_Manual/Grading_1/AMD Part1/AMD (26).E2E/2- 25- 2017 5- 23- 01 PM/Image 11.csv,AMD Part1,AMD (26).E2E,Image 11
AMD (26).E2E_Image 12,Images/Images_Manual/AMD Part1/AMD (26).E2E/2- 25- 2017 5- 23- 01 PM/Image 12.png,Masks/Masks_Manual/Grading_1/AMD Part1/AMD (26).E2E/2- 25- 2017 5- 23- 01 PM/Image 12.png,Boundaries/Boundaries_Manual/Grading_1/AMD Part1/AMD (26).E2E/2- 25- 2017 5- 23- 01 PM/Image 12.csv,AMD Part1,AMD (26).E2E,Image 12
AMD (26).E2E_Image 13,Images/Images_Manual/AMD Part1/AMD (26).E2E/2- 25- 2017 5- 23- 01 PM/Image 13.png,Masks/Masks_Manual/Grading_1/AMD Part1/AMD (26).E2E/2- 25- 2017 5- 23- 01 PM/Image 13.png,Boundaries/Boundaries_Manual/Grading_1/AMD Part1/AMD (26).E2E/2- 25- 2017 5- 23- 01 PM/Image 13.csv,AMD Part1,AMD (26).E2E,Image 13
AMD (26).E2E_Image 14,Images/Images_Manual/AMD Part1/AMD (26).E2E/2- 25- 2017 5- 23- 01 PM/Image 14.png,Masks/Masks_Manual/Grading_1/AMD Part1/AMD (26).E2E/2- 25- 2017 5- 23- 01 PM/Image 14.png,Boundaries/Boundaries_Manual/Grading_1/AMD Part1/AMD (26).E2E/2- 25- 2017 5- 23- 01 PM/Image 14.csv,AMD Part1,AMD (26).E2E,Image 14
AMD (26).E2E_Image 15,Images/Images_Manual/AMD Part1/AMD (26).E2E/2- 25- 2017 5- 23- 01 PM/Image 15.png,Masks/Masks_Manual/Grading_1/AMD Part1/AMD (26).E2E/2- 25- 2017 5- 23- 01 PM/Image 15.png,Boundaries/Boundaries_Manual/Grading_1/AMD Part1/AMD (26).E2E/2- 25- 2017 5- 23- 01 PM/Image 15.csv,AMD Part1,AMD (26).E2E,Image 15
AMD (26).E2E_Image 16,Images/Images_Manual/AMD Part1/AMD (26).E2E/2- 25- 2017 5- 23- 01 PM/Image 16.png,Masks/Masks_Manual/Grading_1/AMD Part1/AMD (26).E2E/2- 25- 2017 5- 23- 01 PM/Image 16.png,Boundaries/Boundaries_Manual/Grading_1/AMD Part1/AMD (26).E2E/2- 25- 2017 5- 23- 01 PM/Image 16.csv,AMD Part1,AMD (26).E2E,Image 16
AMD (26).E2E_Image 17,Images/Images_Manual/AMD Part1/AMD (26).E2E/2- 25- 2017 5- 23- 01 PM/Image 17.png,Masks/Masks_Manual/Grading_1/AMD Part1/AMD (26).E2E/2- 25- 2017 5- 23- 01 PM/Image 17.png,Boundaries/Boundaries_Manual/Grading_1/AMD Part1/AMD (26).E2E/2- 25- 2017 5- 23- 01 PM/Image 17.csv,AMD Part1,AMD (26).E2E,Image 17
AMD (26).E2E_Image 18,Images/Images_Manual/AMD Part1/AMD (26).E2E/2- 25- 2017 5- 23- 01 PM/Image 18.png,Masks/Masks_Manual/Grading_1/AMD Part1/AMD (26).E2E/2- 25- 2017 5- 23- 01 PM/Image 18.png,Boundaries/Boundaries_Manual/Grading_1/AMD Part1/AMD (26).E2E/2- 25- 2017 5- 23- 01 PM/Image 18.csv,AMD Part1,AMD (26).E2E,Image 18
AMD (26).E2E_Image 19,Images/Images_Manual/AMD Part1/AMD (26).E2E/2- 25- 2017 5- 23- 01 PM/Image 19.png,Masks/Masks_Manual/Grading_1/AMD Part1/AMD (26).E2E/2- 25- 2017 5- 23- 01 PM/Image 19.png,Boundaries/Boundaries_Manual/Grading_1/AMD Part1/AMD (26).E2E/2- 25- 2017 5- 23- 01 PM/Image 19.csv,AMD Part1,AMD (26).E2E,Image 19
AMD (26).E2E_Image 2,Images/Images_Manual/AMD Part1/AMD (26).E2E/2- 25- 2017 5- 23- 01 PM/Image 2.png,Masks/Masks_Manual/Grading_1/AMD Part1/AMD (26).E2E/2- 25- 2017 5- 23- 01 PM/Image 2.png,Boundaries/Boundaries_Manual/Grading_1/AMD Part1/AMD (26).E2E/2- 25- 2017 5- 23- 01 PM/Image 2.csv,AMD Part1,AMD (26).E2E,Image 2
AMD (26).E2E_Image 20,Images/Images_Manual/AMD Part1/AMD (26).E2E/2- 25- 2017 5- 23- 01 PM/Image 20.png,Masks/Masks_Manual/Grading_1/AMD Part1/AMD (26).E2E/2- 25- 2017 5- 23- 01 PM/Image 20.png,Boundaries/Boundaries_Manual/Grading_1/AMD Part1/AMD (26).E2E/2- 25- 2017 5- 23- 01 PM/Image 20.csv,AMD Part1,AMD (26).E2E,Image 20
AMD (26).E2E_Image 21,Images/Images_Manual/AMD Part1/AMD (26).E2E/2- 25- 2017 5- 23- 01 PM/Image 21.png,Masks/Masks_Manual/Grading_1/AMD Part1/AMD (26).E2E/2- 25- 2017 5- 23- 01 PM/Image 21.png,Boundaries/Boundaries_Manual/Grading_1/AMD Part1/AMD (26).E2E/2- 25- 2017 5- 23- 01 PM/Image 21.csv,AMD Part1,AMD (26).E2E,Image 21
AMD (26).E2E_Image 22,Images/Images_Manual/AMD Part1/AMD (26).E2E/2- 25- 2017 5- 23- 01 PM/Image 22.png,Masks/Masks_Manual/Grading_1/AMD Part1/AMD (26).E2E/2- 25- 2017 5- 23- 01 PM/Image 22.png,Boundaries/Boundaries_Manual/Grading_1/AMD Part1/AMD (26).E2E/2- 25- 2017 5- 23- 01 PM/Image 22.csv,AMD Part1,AMD (26).E2E,Image 22
AMD (26).E2E_Image 23,Images/Images_Manual/AMD Part1/AMD (26).E2E/2- 25- 2017 5- 23- 01 PM/Image 23.png,Masks/Masks_Manual/Grading_1/AMD Part1/AMD (26).E2E/2- 25- 2017 5- 23- 01 PM/Image 23.png,Boundaries/Boundaries_Manual/Grading_1/AMD Part1/AMD (26).E2E/2- 25- 2017 5- 23- 01 PM/Image 23.csv,AMD Part1,AMD (26).E2E,Image 23
AMD (26).E2E_Image 24,Images/Images_Manual/AMD Part1/AMD (26).E2E/2- 25- 2017 5- 23- 01 PM/Image 24.png,Masks/Masks_Manual/Grading_1/AMD Part1/AMD (26).E2E/2- 25- 2017 5- 23- 01 PM/Image 24.png,Boundaries/Boundaries_Manual/Grading_1/AMD Part1/AMD (26).E2E/2- 25- 2017 5- 23- 01 PM/Image 24.csv,AMD Part1,AMD (26).E2E,Image 24
AMD (26).E2E_Image 25,Images/Images_Manual/AMD Part1/AMD (26).E2E/2- 25- 2017 5- 23- 01 PM/Image 25.png,Masks/Masks_Manual/Grading_1/AMD Part1/AMD (26).E2E/2- 25- 2017 5- 23- 01 PM/Image 25.png,Boundaries/Boundaries_Manual/Grading_1/AMD Part1/AMD (26).E2E/2- 25- 2017 5- 23- 01 PM/Image 25.csv,AMD Part1,AMD (26).E2E,Image 25
AMD (26).E2E_Image 26,Images/Images_Manual/AMD Part1/AMD (26).E2E/2- 25- 2017 5- 23- 01 PM/Image 26.png,Masks/Masks_Manual/Grading_1/AMD Part1/AMD (26).E2E/2- 25- 2017 5- 23- 01 PM/Image 26.png,Boundaries/Boundaries_Manual/Grading_1/AMD Part1/AMD (26).E2E/2- 25- 2017 5- 23- 01 PM/Image 26.csv,AMD Part1,AMD (26).E2E,Image 26
AMD (26).E2E_Image 27,Images/Images_Manual/AMD Part1/AMD (26).E2E/2- 25- 2017 5- 23- 01 PM/Image 27.png,Masks/Masks_Manual/Grading_1/AMD Part1/AMD (26).E2E/2- 25- 2017 5- 23- 01 PM/Image 27.png,Boundaries/Boundaries_Manual/Grading_1/AMD Part1/AMD (26).E2E/2- 25- 2017 5- 23- 01 PM/Image 27.csv,AMD Part1,AMD (26).E2E,Image 27
AMD (26).E2E_Image 28,Images/Images_Manual/AMD Part1/AMD (26).E2E/2- 25- 2017 5- 23- 01 PM/Image 28.png,Masks/Masks_Manual/Grading_1/AMD Part1/AMD (26).E2E/2- 25- 2017 5- 23- 01 PM/Image 28.png,Boundaries/Boundaries_Manual/Grading_1/AMD Part1/AMD (26).E2E/2- 25- 2017 5- 23- 01 PM/Image 28.csv,AMD Part1,AMD (26).E2E,Image 28
AMD (26).E2E_Image 29,Images/Images_Manual/AMD Part1/AMD (26).E2E/2- 25- 2017 5- 23- 01 PM/Image 29.png,Masks/Masks_Manual/Grading_1/AMD Part1/AMD (26).E2E/2- 25- 2017 5- 23- 01 PM/Image 29.png,Boundaries/Boundaries_Manual/Grading_1/AMD Part1/AMD (26).E2E/2- 25- 2017 5- 23- 01 PM/Image 29.csv,AMD Part1,AMD (26).E2E,Image 29
AMD (26).E2E_Image 3,Images/Images_Manual/AMD Part1/AMD (26).E2E/2- 25- 2017 5- 23- 01 PM/Image 3.png,Masks/Masks_Manual/Grading_1/AMD Part1/AMD (26).E2E/2- 25- 2017 5- 23- 01 PM/Image 3.png,Boundaries/Boundaries_Manual/Grading_1/AMD Part1/AMD (26).E2E/2- 25- 2017 5- 23- 01 PM/Image 3.csv,AMD Part1,AMD (26).E2E,Image 3
AMD (26).E2E_Image 30,Images/Images_Manual/AMD Part1/AMD (26).E2E/2- 25- 2017 5- 23- 01 PM/Image 30.png,Masks/Masks_Manual/Grading_1/AMD Part1/AMD (26).E2E/2- 25- 2017 5- 23- 01 PM/Image 30.png,Boundaries/Boundaries_Manual/Grading_1/AMD Part1/AMD (26).E2E/2- 25- 2017 5- 23- 01 PM/Image 30.csv,AMD Part1,AMD (26).E2E,Image 30
AMD (26).E2E_Image 31,Images/Images_Manual/AMD Part1/AMD (26).E2E/2- 25- 2017 5- 23- 01 PM/Image 31.png,Masks/Masks_Manual/Grading_1/AMD Part1/AMD (26).E2E/2- 25- 2017 5- 23- 01 PM/Image 31.png,Boundaries/Boundaries_Manual/Grading_1/AMD Part1/AMD (26).E2E/2- 25- 2017 5- 23- 01 PM/Image 31.csv,AMD Part1,AMD (26).E2E,Image 31
AMD (26).E2E_Image 32,Images/Images_Manual/AMD Part1/AMD (26).E2E/2- 25- 2017 5- 23- 01 PM/Image 32.png,Masks/Masks_Manual/Grading_1/AMD Part1/AMD (26).E2E/2- 25- 2017 5- 23- 01 PM/Image 32.png,Boundaries/Boundaries_Manual/Grading_1/AMD Part1/AMD (26).E2E/2- 25- 2017 5- 23- 01 PM/Image 32.csv,AMD Part1,AMD (26).E2E,Image 32
AMD (26).E2E_Image 33,Images/Images_Manual/AMD Part1/AMD (26).E2E/2- 25- 2017 5- 23- 01 PM/Image 33.png,Masks/Masks_Manual/Grading_1/AMD Part1/AMD (26).E2E/2- 25- 2017 5- 23- 01 PM/Image 33.png,Boundaries/Boundaries_Manual/Grading_1/AMD Part1/AMD (26).E2E/2- 25- 2017 5- 23- 01 PM/Image 33.csv,AMD Part1,AMD (26).E2E,Image 33
AMD (26).E2E_Image 34,Images/Images_Manual/AMD Part1/AMD (26).E2E/2- 25- 2017 5- 23- 01 PM/Image 34.png,Masks/Masks_Manual/Grading_1/AMD Part1/AMD (26).E2E/2- 25- 2017 5- 23- 01 PM/Image 34.png,Boundaries/Boundaries_Manual/Grading_1/AMD Part1/AMD (26).E2E/2- 25- 2017 5- 23- 01 PM/Image 34.csv,AMD Part1,AMD (26).E2E,Image 34
AMD (26).E2E_Image 35,Images/Images_Manual/AMD Part1/AMD (26).E2E/2- 25- 2017 5- 23- 01 PM/Image 35.png,Masks/Masks_Manual/Grading_1/AMD Part1/AMD (26).E2E/2- 25- 2017 5- 23- 01 PM/Image 35.png,Boundaries/Boundaries_Manual/Grading_1/AMD Part1/AMD (26).E2E/2- 25- 2017 5- 23- 01 PM/Image 35.csv,AMD Part1,AMD (26).E2E,Image 35
AMD (26).E2E_Image 36,Images/Images_Manual/AMD Part1/AMD (26).E2E/2- 25- 2017 5- 23- 01 PM/Image 36.png,Masks/Masks_Manual/Grading_1/AMD Part1/AMD (26).E2E/2- 25- 2017 5- 23- 01 PM/Image 36.png,Boundaries/Boundaries_Manual/Grading_1/AMD Part1/AMD (26).E2E/2- 25- 2017 5- 23- 01 PM/Image 36.csv,AMD Part1,AMD (26).E2E,Image 36
AMD (26).E2E_Image 37,Images/Images_Manual/AMD Part1/AMD (26).E2E/2- 25- 2017 5- 23- 01 PM/Image 37.png,Masks/Masks_Manual/Grading_1/AMD Part1/AMD (26).E2E/2- 25- 2017 5- 23- 01 PM/Image 37.png,Boundaries/Boundaries_Manual/Grading_1/AMD Part1/AMD (26).E2E/2- 25- 2017 5- 23- 01 PM/Image 37.csv,AMD Part1,AMD (26).E2E,Image 37
AMD (26).E2E_Image 38,Images/Images_Manual/AMD Part1/AMD (26).E2E/2- 25- 2017 5- 23- 01 PM/Image 38.png,Masks/Masks_Manual/Grading_1/AMD Part1/AMD (26).E2E/2- 25- 2017 5- 23- 01 PM/Image 38.png,Boundaries/Boundaries_Manual/Grading_1/AMD Part1/AMD (26).E2E/2- 25- 2017 5- 23- 01 PM/Image 38.csv,AMD Part1,AMD (26).E2E,Image 38
AMD (26).E2E_Image 39,Images/Images_Manual/AMD Part1/AMD (26).E2E/2- 25- 2017 5- 23- 01 PM/Image 39.png,Masks/Masks_Manual/Grading_1/AMD Part1/AMD (26).E2E/2- 25- 2017 5- 23- 01 PM/Image 39.png,Boundaries/Boundaries_Manual/Grading_1/AMD Part1/AMD (26).E2E/2- 25- 2017 5- 23- 01 PM/Image 39.csv,AMD Part1,AMD (26).E2E,Image 39
AMD (26).E2E_Image 4,Images/Images_Manual/AMD Part1/AMD (26).E2E/2- 25- 2017 5- 23- 01 PM/Image 4.png,Masks/Masks_Manual/Grading_1/AMD Part1/AMD (26).E2E/2- 25- 2017 5- 23- 01 PM/Image 4.png,Boundaries/Boundaries_Manual/Grading_1/AMD Part1/AMD (26).E2E/2- 25- 2017 5- 23- 01 PM/Image 4.csv,AMD Part1,AMD (26).E2E,Image 4
AMD (26).E2E_Image 40,Images/Images_Manual/AMD Part1/AMD (26).E2E/2- 25- 2017 5- 23- 01 PM/Image 40.png,Masks/Masks_Manual/Grading_1/AMD Part1/AMD (26).E2E/2- 25- 2017 5- 23- 01 PM/Image 40.png,Boundaries/Boundaries_Manual/Grading_1/AMD Part1/AMD (26).E2E/2- 25- 2017 5- 23- 01 PM/Image 40.csv,AMD Part1,AMD (26).E2E,Image 40
AMD (26).E2E_Image 41,Images/Images_Manual/AMD Part1/AMD (26).E2E/2- 25- 2017 5- 23- 01 PM/Image 41.png,Masks/Masks_Manual/Grading_1/AMD Part1/AMD (26).E2E/2- 25- 2017 5- 23- 01 PM/Image 41.png,Boundaries/Boundaries_Manual/Grading_1/AMD Part1/AMD (26).E2E/2- 25- 2017 5- 23- 01 PM/Image 41.csv,AMD Part1,AMD (26).E2E,Image 41
AMD (26).E2E_Image 42,Images/Images_Manual/AMD Part1/AMD (26).E2E/2- 25- 2017 5- 23- 01 PM/Image 42.png,Masks/Masks_Manual/Grading_1/AMD Part1/AMD (26).E2E/2- 25- 2017 5- 23- 01 PM/Image 42.png,Boundaries/Boundaries_Manual/Grading_1/AMD Part1/AMD (26).E2E/2- 25- 2017 5- 23- 01 PM/Image 42.csv,AMD Part1,AMD (26).E2E,Image 42
AMD (26).E2E_Image 43,Images/Images_Manual/AMD Part1/AMD (26).E2E/2- 25- 2017 5- 23- 01 PM/Image 43.png,Masks/Masks_Manual/Grading_1/AMD Part1/AMD (26).E2E/2- 25- 2017 5- 23- 01 PM/Image 43.png,Boundaries/Boundaries_Manual/Grading_1/AMD Part1/AMD (26).E2E/2- 25- 2017 5- 23- 01 PM/Image 43.csv,AMD Part1,AMD (26).E2E,Image 43
AMD (26).E2E_Image 44,Images/Images_Manual/AMD Part1/AMD (26).E2E/2- 25- 2017 5- 23- 01 PM/Image 44.png,Masks/Masks_Manual/Grading_1/AMD Part1/AMD (26).E2E/2- 25- 2017 5- 23- 01 PM/Image 44.png,Boundaries/Boundaries_Manual/Grading_1/AMD Part1/AMD (26).E2E/2- 25- 2017 5- 23- 01 PM/Image 44.csv,AMD Part1,AMD (26).E2E,Image 44
AMD (26).E2E_Image 45,Images/Images_Manual/AMD Part1/AMD (26).E2E/2- 25- 2017 5- 23- 01 PM/Image 45.png,Masks/Masks_Manual/Grading_1/AMD Part1/AMD (26).E2E/2- 25- 2017 5- 23- 01 PM/Image 45.png,Boundaries/Boundaries_Manual/Grading_1/AMD Part1/AMD (26).E2E/2- 25- 2017 5- 23- 01 PM/Image 45.csv,AMD Part1,AMD (26).E2E,Image 45
AMD (26).E2E_Image 46,Images/Images_Manual/AMD Part1/AMD (26).E2E/2- 25- 2017 5- 23- 01 PM/Image 46.png,Masks/Masks_Manual/Grading_1/AMD Part1/AMD (26).E2E/2- 25- 2017 5- 23- 01 PM/Image 46.png,Boundaries/Boundaries_Manual/Grading_1/AMD Part1/AMD (26).E2E/2- 25- 2017 5- 23- 01 PM/Image 46.csv,AMD Part1,AMD (26).E2E,Image 46
AMD (26).E2E_Image 47,Images/Images_Manual/AMD Part1/AMD (26).E2E/2- 25- 2017 5- 23- 01 PM/Image 47.png,Masks/Masks_Manual/Grading_1/AMD Part1/AMD (26).E2E/2- 25- 2017 5- 23- 01 PM/Image 47.png,Boundaries/Boundaries_Manual/Grading_1/AMD Part1/AMD (26).E2E/2- 25- 2017 5- 23- 01 PM/Image 47.csv,AMD Part1,AMD (26).E2E,Image 47
AMD (26).E2E_Image 48,Images/Images_Manual/AMD Part1/AMD (26).E2E/2- 25- 2017 5- 23- 01 PM/Image 48.png,Masks/Masks_Manual/Grading_1/AMD Part1/AMD (26).E2E/2- 25- 2017 5- 23- 01 PM/Image 48.png,Boundaries/Boundaries_Manual/Grading_1/AMD Part1/AMD (26).E2E/2- 25- 2017 5- 23- 01 PM/Image 48.csv,AMD Part1,AMD (26).E2E,Image 48
AMD (26).E2E_Image 49,Images/Images_Manual/AMD Part1/AMD (26).E2E/2- 25- 2017 5- 23- 01 PM/Image 49.png,Masks/Masks_Manual/Grading_1/AMD Part1/AMD (26).E2E/2- 25- 2017 5- 23- 01 PM/Image 49.png,Boundaries/Boundaries_Manual/Grading_1/AMD Part1/AMD (26).E2E/2- 25- 2017 5- 23- 01 PM/Image 49.csv,AMD Part1,AMD (26).E2E,Image 49
AMD (26).E2E_Image 5,Images/Images_Manual/AMD Part1/AMD (26).E2E/2- 25- 2017 5- 23- 01 PM/Image 5.png,Masks/Masks_Manual/Grading_1/AMD Part1/AMD (26).E2E/2- 25- 2017 5- 23- 01 PM/Image 5.png,Boundaries/Boundaries_Manual/Grading_1/AMD Part1/AMD (26).E2E/2- 25- 2017 5- 23- 01 PM/Image 5.csv,AMD Part1,AMD (26).E2E,Image 5
AMD (26).E2E_Image 50,Images/Images_Manual/AMD Part1/AMD (26).E2E/2- 25- 2017 5- 23- 01 PM/Image 50.png,Masks/Masks_Manual/Grading_1/AMD Part1/AMD (26).E2E/2- 25- 2017 5- 23- 01 PM/Image 50.png,Boundaries/Boundaries_Manual/Grading_1/AMD Part1/AMD (26).E2E/2- 25- 2017 5- 23- 01 PM/Image 50.csv,AMD Part1,AMD (26).E2E,Image 50
AMD (26).E2E_Image 51,Images/Images_Manual/AMD Part1/AMD (26).E2E/2- 25- 2017 5- 23- 01 PM/Image 51.png,Masks/Masks_Manual/Grading_1/AMD Part1/AMD (26).E2E/2- 25- 2017 5- 23- 01 PM/Image 51.png,Boundaries/Boundaries_Manual/Grading_1/AMD Part1/AMD (26).E2E/2- 25- 2017 5- 23- 01 PM/Image 51.csv,AMD Part1,AMD (26).E2E,Image 51
AMD (26).E2E_Image 52,Images/Images_Manual/AMD Part1/AMD (26).E2E/2- 25- 2017 5- 23- 01 PM/Image 52.png,Masks/Masks_Manual/Grading_1/AMD Part1/AMD (26).E2E/2- 25- 2017 5- 23- 01 PM/Image 52.png,Boundaries/Boundaries_Manual/Grading_1/AMD Part1/AMD (26).E2E/2- 25- 2017 5- 23- 01 PM/Image 52.csv,AMD Part1,AMD (26).E2E,Image 52
AMD (26).E2E_Image 53,Images/Images_Manual/AMD Part1/AMD (26).E2E/2- 25- 2017 5- 23- 01 PM/Image 53.png,Masks/Masks_Manual/Grading_1/AMD Part1/AMD (26).E2E/2- 25- 2017 5- 23- 01 PM/Image 53.png,Boundaries/Boundaries_Manual/Grading_1/AMD Part1/AMD (26).E2E/2- 25- 2017 5- 23- 01 PM/Image 53.csv,AMD Part1,AMD (26).E2E,Image 53
AMD (26).E2E_Image 54,Images/Images_Manual/AMD Part1/AMD (26).E2E/2- 25- 2017 5- 23- 01 PM/Image 54.png,Masks/Masks_Manual/Grading_1/AMD Part1/AMD (26).E2E/2- 25- 2017 5- 23- 01 PM/Image 54.png,Boundaries/Boundaries_Manual/Grading_1/AMD Part1/AMD (26).E2E/2- 25- 2017 5- 23- 01 PM/Image 54.csv,AMD Part1,AMD (26).E2E,Image 54
AMD (26).E2E_Image 55,Images/Images_Manual/AMD Part1/AMD (26).E2E/2- 25- 2017 5- 23- 01 PM/Image 55.png,Masks/Masks_Manual/Grading_1/AMD Part1/AMD (26).E2E/2- 25- 2017 5- 23- 01 PM/Image 55.png,Boundaries/Boundaries_Manual/Grading_1/AMD Part1/AMD (26).E2E/2- 25- 2017 5- 23- 01 PM/Image 55.csv,AMD Part1,AMD (26).E2E,Image 55
AMD (26).E2E_Image 56,Images/Images_Manual/AMD Part1/AMD (26).E2E/2- 25- 2017 5- 23- 01 PM/Image 56.png,Masks/Masks_Manual/Grading_1/AMD Part1/AMD (26).E2E/2- 25- 2017 5- 23- 01 PM/Image 56.png,Boundaries/Boundaries_Manual/Grading_1/AMD Part1/AMD (26).E2E/2- 25- 2017 5- 23- 01 PM/Image 56.csv,AMD Part1,AMD (26).E2E,Image 56
AMD (26).E2E_Image 57,Images/Images_Manual/AMD Part1/AMD (26).E2E/2- 25- 2017 5- 23- 01 PM/Image 57.png,Masks/Masks_Manual/Grading_1/AMD Part1/AMD (26).E2E/2- 25- 2017 5- 23- 01 PM/Image 57.png,Boundaries/Boundaries_Manual/Grading_1/AMD Part1/AMD (26).E2E/2- 25- 2017 5- 23- 01 PM/Image 57.csv,AMD Part1,AMD (26).E2E,Image 57
AMD (26).E2E_Image 58,Images/Images_Manual/AMD Part1/AMD (26).E2E/2- 25- 2017 5- 23- 01 PM/Image 58.png,Masks/Masks_Manual/Grading_1/AMD Part1/AMD (26).E2E/2- 25- 2017 5- 23- 01 PM/Image 58.png,Boundaries/Boundaries_Manual/Grading_1/AMD Part1/AMD (26).E2E/2- 25- 2017 5- 23- 01 PM/Image 58.csv,AMD Part1,AMD (26).E2E,Image 58
AMD (26).E2E_Image 59,Images/Images_Manual/AMD Part1/AMD (26).E2E/2- 25- 2017 5- 23- 01 PM/Image 59.png,Masks/Masks_Manual/Grading_1/AMD Part1/AMD (26).E2E/2- 25- 2017 5- 23- 01 PM/Image 59.png,Boundaries/Boundaries_Manual/Grading_1/AMD Part1/AMD (26).E2E/2- 25- 2017 5- 23- 01 PM/Image 59.csv,AMD Part1,AMD (26).E2E,Image 59
AMD (26).E2E_Image 6,Images/Images_Manual/AMD Part1/AMD (26).E2E/2- 25- 2017 5- 23- 01 PM/Image 6.png,Masks/Masks_Manual/Grading_1/AMD Part1/AMD (26).E2E/2- 25- 2017 5- 23- 01 PM/Image 6.png,Boundaries/Boundaries_Manual/Grading_1/AMD Part1/AMD (26).E2E/2- 25- 2017 5- 23- 01 PM/Image 6.csv,AMD Part1,AMD (26).E2E,Image 6
AMD (26).E2E_Image 60,Images/Images_Manual/AMD Part1/AMD (26).E2E/2- 25- 2017 5- 23- 01 PM/Image 60.png,Masks/Masks_Manual/Grading_1/AMD Part1/AMD (26).E2E/2- 25- 2017 5- 23- 01 PM/Image 60.png,Boundaries/Boundaries_Manual/Grading_1/AMD Part1/AMD (26).E2E/2- 25- 2017 5- 23- 01 PM/Image 60.csv,AMD Part1,AMD (26).E2E,Image 60
AMD (26).E2E_Image 61,Images/Images_Manual/AMD Part1/AMD (26).E2E/2- 25- 2017 5- 23- 01 PM/Image 61.png,Masks/Masks_Manual/Grading_1/AMD Part1/AMD (26).E2E/2- 25- 2017 5- 23- 01 PM/Image 61.png,Boundaries/Boundaries_Manual/Grading_1/AMD Part1/AMD (26).E2E/2- 25- 2017 5- 23- 01 PM/Image 61.csv,AMD Part1,AMD (26).E2E,Image 61
AMD (26).E2E_Image 7,Images/Images_Manual/AMD Part1/AMD (26).E2E/2- 25- 2017 5- 23- 01 PM/Image 7.png,Masks/Masks_Manual/Grading_1/AMD Part1/AMD (26).E2E/2- 25- 2017 5- 23- 01 PM/Image 7.png,Boundaries/Boundaries_Manual/Grading_1/AMD Part1/AMD (26).E2E/2- 25- 2017 5- 23- 01 PM/Image 7.csv,AMD Part1,AMD (26).E2E,Image 7
AMD (26).E2E_Image 8,Images/Images_Manual/AMD Part1/AMD (26).E2E/2- 25- 2017 5- 23- 01 PM/Image 8.png,Masks/Masks_Manual/Grading_1/AMD Part1/AMD (26).E2E/2- 25- 2017 5- 23- 01 PM/Image 8.png,Boundaries/Boundaries_Manual/Grading_1/AMD Part1/AMD (26).E2E/2- 25- 2017 5- 23- 01 PM/Image 8.csv,AMD Part1,AMD (26).E2E,Image 8
AMD (26).E2E_Image 9,Images/Images_Manual/AMD Part1/AMD (26).E2E/2- 25- 2017 5- 23- 01 PM/Image 9.png,Masks/Masks_Manual/Grading_1/AMD Part1/AMD (26).E2E/2- 25- 2017 5- 23- 01 PM/Image 9.png,Boundaries/Boundaries_Manual/Grading_1/AMD Part1/AMD (26).E2E/2- 25- 2017 5- 23- 01 PM/Image 9.csv,AMD Part1,AMD (26).E2E,Image 9
AMD (27).E2E_Image 1,Images/Images_Manual/AMD Part1/AMD (27).E2E/2- 25- 2017 8- 35- 28 PM/Image 1.png,Masks/Masks_Manual/Grading_1/AMD Part1/AMD (27).E2E/2- 25- 2017 8- 35- 28 PM/Image 1.png,Boundaries/Boundaries_Manual/Grading_1/AMD Part1/AMD (27).E2E/2- 25- 2017 8- 35- 28 PM/Image 1.csv,AMD Part1,AMD (27).E2E,Image 1
AMD (27).E2E_Image 10,Images/Images_Manual/AMD Part1/AMD (27).E2E/2- 25- 2017 8- 35- 28 PM/Image 10.png,Masks/Masks_Manual/Grading_1/AMD Part1/AMD (27).E2E/2- 25- 2017 8- 35- 28 PM/Image 10.png,Boundaries/Boundaries_Manual/Grading_1/AMD Part1/AMD (27).E2E/2- 25- 2017 8- 35- 28 PM/Image 10.csv,AMD Part1,AMD (27).E2E,Image 10
AMD (27).E2E_Image 11,Images/Images_Manual/AMD Part1/AMD (27).E2E/2- 25- 2017 8- 35- 28 PM/Image 11.png,Masks/Masks_Manual/Grading_1/AMD Part1/AMD (27).E2E/2- 25- 2017 8- 35- 28 PM/Image 11.png,Boundaries/Boundaries_Manual/Grading_1/AMD Part1/AMD (27).E2E/2- 25- 2017 8- 35- 28 PM/Image 11.csv,AMD Part1,AMD (27).E2E,Image 11
AMD (27).E2E_Image 12,Images/Images_Manual/AMD Part1/AMD (27).E2E/2- 25- 2017 8- 35- 28 PM/Image 12.png,Masks/Masks_Manual/Grading_1/AMD Part1/AMD (27).E2E/2- 25- 2017 8- 35- 28 PM/Image 12.png,Boundaries/Boundaries_Manual/Grading_1/AMD Part1/AMD (27).E2E/2- 25- 2017 8- 35- 28 PM/Image 12.csv,AMD Part1,AMD (27).E2E,Image 12
AMD (27).E2E_Image 13,Images/Images_Manual/AMD Part1/AMD (27).E2E/2- 25- 2017 8- 35- 28 PM/Image 13.png,Masks/Masks_Manual/Grading_1/AMD Part1/AMD (27).E2E/2- 25- 2017 8- 35- 28 PM/Image 13.png,Boundaries/Boundaries_Manual/Grading_1/AMD Part1/AMD (27).E2E/2- 25- 2017 8- 35- 28 PM/Image 13.csv,AMD Part1,AMD (27).E2E,Image 13
AMD (27).E2E_Image 14,Images/Images_Manual/AMD Part1/AMD (27).E2E/2- 25- 2017 8- 35- 28 PM/Image 14.png,Masks/Masks_Manual/Grading_1/AMD Part1/AMD (27).E2E/2- 25- 2017 8- 35- 28 PM/Image 14.png,Boundaries/Boundaries_Manual/Grading_1/AMD Part1/AMD (27).E2E/2- 25- 2017 8- 35- 28 PM/Image 14.csv,AMD Part1,AMD (27).E2E,Image 14
AMD (27).E2E_Image 15,Images/Images_Manual/AMD Part1/AMD (27).E2E/2- 25- 2017 8- 35- 28 PM/Image 15.png,Masks/Masks_Manual/Grading_1/AMD Part1/AMD (27).E2E/2- 25- 2017 8- 35- 28 PM/Image 15.png,Boundaries/Boundaries_Manual/Grading_1/AMD Part1/AMD (27).E2E/2- 25- 2017 8- 35- 28 PM/Image 15.csv,AMD Part1,AMD (27).E2E,Image 15
AMD (27).E2E_Image 16,Images/Images_Manual/AMD Part1/AMD (27).E2E/2- 25- 2017 8- 35- 28 PM/Image 16.png,Masks/Masks_Manual/Grading_1/AMD Part1/AMD (27).E2E/2- 25- 2017 8- 35- 28 PM/Image 16.png,Boundaries/Boundaries_Manual/Grading_1/AMD Part1/AMD (27).E2E/2- 25- 2017 8- 35- 28 PM/Image 16.csv,AMD Part1,AMD (27).E2E,Image 16
AMD (27).E2E_Image 17,Images/Images_Manual/AMD Part1/AMD (27).E2E/2- 25- 2017 8- 35- 28 PM/Image 17.png,Masks/Masks_Manual/Grading_1/AMD Part1/AMD (27).E2E/2- 25- 2017 8- 35- 28 PM/Image 17.png,Boundaries/Boundaries_Manual/Grading_1/AMD Part1/AMD (27).E2E/2- 25- 2017 8- 35- 28 PM/Image 17.csv,AMD Part1,AMD (27).E2E,Image 17
AMD (27).E2E_Image 18,Images/Images_Manual/AMD Part1/AMD (27).E2E/2- 25- 2017 8- 35- 28 PM/Image 18.png,Masks/Masks_Manual/Grading_1/AMD Part1/AMD (27).E2E/2- 25- 2017 8- 35- 28 PM/Image 18.png,Boundaries/Boundaries_Manual/Grading_1/AMD Part1/AMD (27).E2E/2- 25- 2017 8- 35- 28 PM/Image 18.csv,AMD Part1,AMD (27).E2E,Image 18
AMD (27).E2E_Image 19,Images/Images_Manual/AMD Part1/AMD (27).E2E/2- 25- 2017 8- 35- 28 PM/Image 19.png,Masks/Masks_Manual/Grading_1/AMD Part1/AMD (27).E2E/2- 25- 2017 8- 35- 28 PM/Image 19.png,Boundaries/Boundaries_Manual/Grading_1/AMD Part1/AMD (27).E2E/2- 25- 2017 8- 35- 28 PM/Image 19.csv,AMD Part1,AMD (27).E2E,Image 19
AMD (27).E2E_Image 2,Images/Images_Manual/AMD Part1/AMD (27).E2E/2- 25- 2017 8- 35- 28 PM/Image 2.png,Masks/Masks_Manual/Grading_1/AMD Part1/AMD (27).E2E/2- 25- 2017 8- 35- 28 PM/Image 2.png,Boundaries/Boundaries_Manual/Grading_1/AMD Part1/AMD (27).E2E/2- 25- 2017 8- 35- 28 PM/Image 2.csv,AMD Part1,AMD (27).E2E,Image 2
AMD (27).E2E_Image 20,Images/Images_Manual/AMD Part1/AMD (27).E2E/2- 25- 2017 8- 35- 28 PM/Image 20.png,Masks/Masks_Manual/Grading_1/AMD Part1/AMD (27).E2E/2- 25- 2017 8- 35- 28 PM/Image 20.png,Boundaries/Boundaries_Manual/Grading_1/AMD Part1/AMD (27).E2E/2- 25- 2017 8- 35- 28 PM/Image 20.csv,AMD Part1,AMD (27).E2E,Image 20
AMD (27).E2E_Image 21,Images/Images_Manual/AMD Part1/AMD (27).E2E/2- 25- 2017 8- 35- 28 PM/Image 21.png,Masks/Masks_Manual/Grading_1/AMD Part1/AMD (27).E2E/2- 25- 2017 8- 35- 28 PM/Image 21.png,Boundaries/Boundaries_Manual/Grading_1/AMD Part1/AMD (27).E2E/2- 25- 2017 8- 35- 28 PM/Image 21.csv,AMD Part1,AMD (27).E2E,Image 21
AMD (27).E2E_Image 22,Images/Images_Manual/AMD Part1/AMD (27).E2E/2- 25- 2017 8- 35- 28 PM/Image 22.png,Masks/Masks_Manual/Grading_1/AMD Part1/AMD (27).E2E/2- 25- 2017 8- 35- 28 PM/Image 22.png,Boundaries/Boundaries_Manual/Grading_1/AMD Part1/AMD (27).E2E/2- 25- 2017 8- 35- 28 PM/Image 22.csv,AMD Part1,AMD (27).E2E,Image 22
AMD (27).E2E_Image 23,Images/Images_Manual/AMD Part1/AMD (27).E2E/2- 25- 2017 8- 35- 28 PM/Image 23.png,Masks/Masks_Manual/Grading_1/AMD Part1/AMD (27).E2E/2- 25- 2017 8- 35- 28 PM/Image 23.png,Boundaries/Boundaries_Manual/Grading_1/AMD Part1/AMD (27).E2E/2- 25- 2017 8- 35- 28 PM/Image 23.csv,AMD Part1,AMD (27).E2E,Image 23
AMD (27).E2E_Image 24,Images/Images_Manual/AMD Part1/AMD (27).E2E/2- 25- 2017 8- 35- 28 PM/Image 24.png,Masks/Masks_Manual/Grading_1/AMD Part1/AMD (27).E2E/2- 25- 2017 8- 35- 28 PM/Image 24.png,Boundaries/Boundaries_Manual/Grading_1/AMD Part1/AMD (27).E2E/2- 25- 2017 8- 35- 28 PM/Image 24.csv,AMD Part1,AMD (27).E2E,Image 24
AMD (27).E2E_Image 25,Images/Images_Manual/AMD Part1/AMD (27).E2E/2- 25- 2017 8- 35- 28 PM/Image 25.png,Masks/Masks_Manual/Grading_1/AMD Part1/AMD (27).E2E/2- 25- 2017 8- 35- 28 PM/Image 25.png,Boundaries/Boundaries_Manual/Grading_1/AMD Part1/AMD (27).E2E/2- 25- 2017 8- 35- 28 PM/Image 25.csv,AMD Part1,AMD (27).E2E,Image 25
AMD (27).E2E_Image 3,Images/Images_Manual/AMD Part1/AMD (27).E2E/2- 25- 2017 8- 35- 28 PM/Image 3.png,Masks/Masks_Manual/Grading_1/AMD Part1/AMD (27).E2E/2- 25- 2017 8- 35- 28 PM/Image 3.png,Boundaries/Boundaries_Manual/Grading_1/AMD Part1/AMD (27).E2E/2- 25- 2017 8- 35- 28 PM/Image 3.csv,AMD Part1,AMD (27).E2E,Image 3
AMD (27).E2E_Image 4,Images/Images_Manual/AMD Part1/AMD (27).E2E/2- 25- 2017 8- 35- 28 PM/Image 4.png,Masks/Masks_Manual/Grading_1/AMD Part1/AMD (27).E2E/2- 25- 2017 8- 35- 28 PM/Image 4.png,Boundaries/Boundaries_Manual/Grading_1/AMD Part1/AMD (27).E2E/2- 25- 2017 8- 35- 28 PM/Image 4.csv,AMD Part1,AMD (27).E2E,Image 4
AMD (27).E2E_Image 5,Images/Images_Manual/AMD Part1/AMD (27).E2E/2- 25- 2017 8- 35- 28 PM/Image 5.png,Masks/Masks_Manual/Grading_1/AMD Part1/AMD (27).E2E/2- 25- 2017 8- 35- 28 PM/Image 5.png,Boundaries/Boundaries_Manual/Grading_1/AMD Part1/AMD (27).E2E/2- 25- 2017 8- 35- 28 PM/Image 5.csv,AMD Part1,AMD (27).E2E,Image 5
AMD (27).E2E_Image 6,Images/Images_Manual/AMD Part1/AMD (27).E2E/2- 25- 2017 8- 35- 28 PM/Image 6.png,Masks/Masks_Manual/Grading_1/AMD Part1/AMD (27).E2E/2- 25- 2017 8- 35- 28 PM/Image 6.png,Boundaries/Boundaries_Manual/Grading_1/AMD Part1/AMD (27).E2E/2- 25- 2017 8- 35- 28 PM/Image 6.csv,AMD Part1,AMD (27).E2E,Image 6
AMD (27).E2E_Image 7,Images/Images_Manual/AMD Part1/AMD (27).E2E/2- 25- 2017 8- 35- 28 PM/Image 7.png,Masks/Masks_Manual/Grading_1/AMD Part1/AMD (27).E2E/2- 25- 2017 8- 35- 28 PM/Image 7.png,Boundaries/Boundaries_Manual/Grading_1/AMD Part1/AMD (27).E2E/2- 25- 2017 8- 35- 28 PM/Image 7.csv,AMD Part1,AMD (27).E2E,Image 7
AMD (27).E2E_Image 8,Images/Images_Manual/AMD Part1/AMD (27).E2E/2- 25- 2017 8- 35- 28 PM/Image 8.png,Masks/Masks_Manual/Grading_1/AMD Part1/AMD (27).E2E/2- 25- 2017 8- 35- 28 PM/Image 8.png,Boundaries/Boundaries_Manual/Grading_1/AMD Part1/AMD (27).E2E/2- 25- 2017 8- 35- 28 PM/Image 8.csv,AMD Part1,AMD (27).E2E,Image 8
AMD (27).E2E_Image 9,Images/Images_Manual/AMD Part1/AMD (27).E2E/2- 25- 2017 8- 35- 28 PM/Image 9.png,Masks/Masks_Manual/Grading_1/AMD Part1/AMD (27).E2E/2- 25- 2017 8- 35- 28 PM/Image 9.png,Boundaries/Boundaries_Manual/Grading_1/AMD Part1/AMD (27).E2E/2- 25- 2017 8- 35- 28 PM/Image 9.csv,AMD Part1,AMD (27).E2E,Image 9
AMD (28).E2E_Image 1,Images/Images_Manual/AMD Part1/AMD (28).E2E/2- 25- 2017 8- 37- 13 PM/Image 1.png,Masks/Masks_Manual/Grading_1/AMD Part1/AMD (28).E2E/2- 25- 2017 8- 37- 13 PM/Image 1.png,Boundaries/Boundaries_Manual/Grading_1/AMD Part1/AMD (28).E2E/2- 25- 2017 8- 37- 13 PM/Image 1.csv,AMD Part1,AMD (28).E2E,Image 1
AMD (28).E2E_Image 10,Images/Images_Manual/AMD Part1/AMD (28).E2E/2- 25- 2017 8- 37- 13 PM/Image 10.png,Masks/Masks_Manual/Grading_1/AMD Part1/AMD (28).E2E/2- 25- 2017 8- 37- 13 PM/Image 10.png,Boundaries/Boundaries_Manual/Grading_1/AMD Part1/AMD (28).E2E/2- 25- 2017 8- 37- 13 PM/Image 10.csv,AMD Part1,AMD (28).E2E,Image 10
AMD (28).E2E_Image 11,Images/Images_Manual/AMD Part1/AMD (28).E2E/2- 25- 2017 8- 37- 13 PM/Image 11.png,Masks/Masks_Manual/Grading_1/AMD Part1/AMD (28).E2E/2- 25- 2017 8- 37- 13 PM/Image 11.png,Boundaries/Boundaries_Manual/Grading_1/AMD Part1/AMD (28).E2E/2- 25- 2017 8- 37- 13 PM/Image 11.csv,AMD Part1,AMD (28).E2E,Image 11
AMD (28).E2E_Image 12,Images/Images_Manual/AMD Part1/AMD (28).E2E/2- 25- 2017 8- 37- 13 PM/Image 12.png,Masks/Masks_Manual/Grading_1/AMD Part1/AMD (28).E2E/2- 25- 2017 8- 37- 13 PM/Image 12.png,Boundaries/Boundaries_Manual/Grading_1/AMD Part1/AMD (28).E2E/2- 25- 2017 8- 37- 13 PM/Image 12.csv,AMD Part1,AMD (28).E2E,Image 12
AMD (28).E2E_Image 13,Images/Images_Manual/AMD Part1/AMD (28).E2E/2- 25- 2017 8- 37- 13 PM/Image 13.png,Masks/Masks_Manual/Grading_1/AMD Part1/AMD (28).E2E/2- 25- 2017 8- 37- 13 PM/Image 13.png,Boundaries/Boundaries_Manual/Grading_1/AMD Part1/AMD (28).E2E/2- 25- 2017 8- 37- 13 PM/Image 13.csv,AMD Part1,AMD (28).E2E,Image 13
AMD (28).E2E_Image 14,Images/Images_Manual/AMD Part1/AMD (28).E2E/2- 25- 2017 8- 37- 13 PM/Image 14.png,Masks/Masks_Manual/Grading_1/AMD Part1/AMD (28).E2E/2- 25- 2017 8- 37- 13 PM/Image 14.png,Boundaries/Boundaries_Manual/Grading_1/AMD Part1/AMD (28).E2E/2- 25- 2017 8- 37- 13 PM/Image 14.csv,AMD Part1,AMD (28).E2E,Image 14
AMD (28).E2E_Image 15,Images/Images_Manual/AMD Part1/AMD (28).E2E/2- 25- 2017 8- 37- 13 PM/Image 15.png,Masks/Masks_Manual/Grading_1/AMD Part1/AMD (28).E2E/2- 25- 2017 8- 37- 13 PM/Image 15.png,Boundaries/Boundaries_Manual/Grading_1/AMD Part1/AMD (28).E2E/2- 25- 2017 8- 37- 13 PM/Image 15.csv,AMD Part1,AMD (28).E2E,Image 15
AMD (28).E2E_Image 16,Images/Images_Manual/AMD Part1/AMD (28).E2E/2- 25- 2017 8- 37- 13 PM/Image 16.png,Masks/Masks_Manual/Grading_1/AMD Part1/AMD (28).E2E/2- 25- 2017 8- 37- 13 PM/Image 16.png,Boundaries/Boundaries_Manual/Grading_1/AMD Part1/AMD (28).E2E/2- 25- 2017 8- 37- 13 PM/Image 16.csv,AMD Part1,AMD (28).E2E,Image 16
AMD (28).E2E_Image 17,Images/Images_Manual/AMD Part1/AMD (28).E2E/2- 25- 2017 8- 37- 13 PM/Image 17.png,Masks/Masks_Manual/Grading_1/AMD Part1/AMD (28).E2E/2- 25- 2017 8- 37- 13 PM/Image 17.png,Boundaries/Boundaries_Manual/Grading_1/AMD Part1/AMD (28).E2E/2- 25- 2017 8- 37- 13 PM/Image 17.csv,AMD Part1,AMD (28).E2E,Image 17
AMD (28).E2E_Image 18,Images/Images_Manual/AMD Part1/AMD (28).E2E/2- 25- 2017 8- 37- 13 PM/Image 18.png,Masks/Masks_Manual/Grading_1/AMD Part1/AMD (28).E2E/2- 25- 2017 8- 37- 13 PM/Image 18.png,Boundaries/Boundaries_Manual/Grading_1/AMD Part1/AMD (28).E2E/2- 25- 2017 8- 37- 13 PM/Image 18.csv,AMD Part1,AMD (28).E2E,Image 18
AMD (28).E2E_Image 19,Images/Images_Manual/AMD Part1/AMD (28).E2E/2- 25- 2017 8- 37- 13 PM/Image 19.png,Masks/Masks_Manual/Grading_1/AMD Part1/AMD (28).E2E/2- 25- 2017 8- 37- 13 PM/Image 19.png,Boundaries/Boundaries_Manual/Grading_1/AMD Part1/AMD (28).E2E/2- 25- 2017 8- 37- 13 PM/Image 19.csv,AMD Part1,AMD (28).E2E,Image 19
AMD (28).E2E_Image 2,Images/Images_Manual/AMD Part1/AMD (28).E2E/2- 25- 2017 8- 37- 13 PM/Image 2.png,Masks/Masks_Manual/Grading_1/AMD Part1/AMD (28).E2E/2- 25- 2017 8- 37- 13 PM/Image 2.png,Boundaries/Boundaries_Manual/Grading_1/AMD Part1/AMD (28).E2E/2- 25- 2017 8- 37- 13 PM/Image 2.csv,AMD Part1,AMD (28).E2E,Image 2
AMD (28).E2E_Image 3,Images/Images_Manual/AMD Part1/AMD (28).E2E/2- 25- 2017 8- 37- 13 PM/Image 3.png,Masks/Masks_Manual/Grading_1/AMD Part1/AMD (28).E2E/2- 25- 2017 8- 37- 13 PM/Image 3.png,Boundaries/Boundaries_Manual/Grading_1/AMD Part1/AMD (28).E2E/2- 25- 2017 8- 37- 13 PM/Image 3.csv,AMD Part1,AMD (28).E2E,Image 3
AMD (28).E2E_Image 4,Images/Images_Manual/AMD Part1/AMD (28).E2E/2- 25- 2017 8- 37- 13 PM/Image 4.png,Masks/Masks_Manual/Grading_1/AMD Part1/AMD (28).E2E/2- 25- 2017 8- 37- 13 PM/Image 4.png,Boundaries/Boundaries_Manual/Grading_1/AMD Part1/AMD (28).E2E/2- 25- 2017 8- 37- 13 PM/Image 4.csv,AMD Part1,AMD (28).E2E,Image 4
AMD (28).E2E_Image 5,Images/Images_Manual/AMD Part1/AMD (28).E2E/2- 25- 2017 8- 37- 13 PM/Image 5.png,Masks/Masks_Manual/Grading_1/AMD Part1/AMD (28).E2E/2- 25- 2017 8- 37- 13 PM/Image 5.png,Boundaries/Boundaries_Manual/Grading_1/AMD Part1/AMD (28).E2E/2- 25- 2017 8- 37- 13 PM/Image 5.csv,AMD Part1,AMD (28).E2E,Image 5
AMD (28).E2E_Image 6,Images/Images_Manual/AMD Part1/AMD (28).E2E/2- 25- 2017 8- 37- 13 PM/Image 6.png,Masks/Masks_Manual/Grading_1/AMD Part1/AMD (28).E2E/2- 25- 2017 8- 37- 13 PM/Image 6.png,Boundaries/Boundaries_Manual/Grading_1/AMD Part1/AMD (28).E2E/2- 25- 2017 8- 37- 13 PM/Image 6.csv,AMD Part1,AMD (28).E2E,Image 6
AMD (28).E2E_Image 7,Images/Images_Manual/AMD Part1/AMD (28).E2E/2- 25- 2017 8- 37- 13 PM/Image 7.png,Masks/Masks_Manual/Grading_1/AMD Part1/AMD (28).E2E/2- 25- 2017 8- 37- 13 PM/Image 7.png,Boundaries/Boundaries_Manual/Grading_1/AMD Part1/AMD (28).E2E/2- 25- 2017 8- 37- 13 PM/Image 7.csv,AMD Part1,AMD (28).E2E,Image 7
AMD (28).E2E_Image 8,Images/Images_Manual/AMD Part1/AMD (28).E2E/2- 25- 2017 8- 37- 13 PM/Image 8.png,Masks/Masks_Manual/Grading_1/AMD Part1/AMD (28).E2E/2- 25- 2017 8- 37- 13 PM/Image 8.png,Boundaries/Boundaries_Manual/Grading_1/AMD Part1/AMD (28).E2E/2- 25- 2017 8- 37- 13 PM/Image 8.csv,AMD Part1,AMD (28).E2E,Image 8
AMD (28).E2E_Image 9,Images/Images_Manual/AMD Part1/AMD (28).E2E/2- 25- 2017 8- 37- 13 PM/Image 9.png,Masks/Masks_Manual/Grading_1/AMD Part1/AMD (28).E2E/2- 25- 2017 8- 37- 13 PM/Image 9.png,Boundaries/Boundaries_Manual/Grading_1/AMD Part1/AMD (28).E2E/2- 25- 2017 8- 37- 13 PM/Image 9.csv,AMD Part1,AMD (28).E2E,Image 9
AMD (29).E2E_Image 1,Images/Images_Manual/AMD Part1/AMD (29).E2E/2- 25- 2017 8- 39- 05 PM/Image 1.png,Masks/Masks_Manual/Grading_1/AMD Part1/AMD (29).E2E/2- 25- 2017 8- 39- 05 PM/Image 1.png,Boundaries/Boundaries_Manual/Grading_1/AMD Part1/AMD (29).E2E/2- 25- 2017 8- 39- 05 PM/Image 1.csv,AMD Part1,AMD (29).E2E,Image 1
AMD (29).E2E_Image 10,Images/Images_Manual/AMD Part1/AMD (29).E2E/2- 25- 2017 8- 39- 05 PM/Image 10.png,Masks/Masks_Manual/Grading_1/AMD Part1/AMD (29).E2E/2- 25- 2017 8- 39- 05 PM/Image 10.png,Boundaries/Boundaries_Manual/Grading_1/AMD Part1/AMD (29).E2E/2- 25- 2017 8- 39- 05 PM/Image 10.csv,AMD Part1,AMD (29).E2E,Image 10
AMD (29).E2E_Image 11,Images/Images_Manual/AMD Part1/AMD (29).E2E/2- 25- 2017 8- 39- 05 PM/Image 11.png,Masks/Masks_Manual/Grading_1/AMD Part1/AMD (29).E2E/2- 25- 2017 8- 39- 05 PM/Image 11.png,Boundaries/Boundaries_Manual/Grading_1/AMD Part1/AMD (29).E2E/2- 25- 2017 8- 39- 05 PM/Image 11.csv,AMD Part1,AMD (29).E2E,Image 11
AMD (29).E2E_Image 12,Images/Images_Manual/AMD Part1/AMD (29).E2E/2- 25- 2017 8- 39- 05 PM/Image 12.png,Masks/Masks_Manual/Grading_1/AMD Part1/AMD (29).E2E/2- 25- 2017 8- 39- 05 PM/Image 12.png,Boundaries/Boundaries_Manual/Grading_1/AMD Part1/AMD (29).E2E/2- 25- 2017 8- 39- 05 PM/Image 12.csv,AMD Part1,AMD (29).E2E,Image 12
AMD (29).E2E_Image 13,Images/Images_Manual/AMD Part1/AMD (29).E2E/2- 25- 2017 8- 39- 05 PM/Image 13.png,Masks/Masks_Manual/Grading_1/AMD Part1/AMD (29).E2E/2- 25- 2017 8- 39- 05 PM/Image 13.png,Boundaries/Boundaries_Manual/Grading_1/AMD Part1/AMD (29).E2E/2- 25- 2017 8- 39- 05 PM/Image 13.csv,AMD Part1,AMD (29).E2E,Image 13
AMD (29).E2E_Image 14,Images/Images_Manual/AMD Part1/AMD (29).E2E/2- 25- 2017 8- 39- 05 PM/Image 14.png,Masks/Masks_Manual/Grading_1/AMD Part1/AMD (29).E2E/2- 25- 2017 8- 39- 05 PM/Image 14.png,Boundaries/Boundaries_Manual/Grading_1/AMD Part1/AMD (29).E2E/2- 25- 2017 8- 39- 05 PM/Image 14.csv,AMD Part1,AMD (29).E2E,Image 14
AMD (29).E2E_Image 15,Images/Images_Manual/AMD Part1/AMD (29).E2E/2- 25- 2017 8- 39- 05 PM/Image 15.png,Masks/Masks_Manual/Grading_1/AMD Part1/AMD (29).E2E/2- 25- 2017 8- 39- 05 PM/Image 15.png,Boundaries/Boundaries_Manual/Grading_1/AMD Part1/AMD (29).E2E/2- 25- 2017 8- 39- 05 PM/Image 15.csv,AMD Part1,AMD (29).E2E,Image 15
AMD (29).E2E_Image 16,Images/Images_Manual/AMD Part1/AMD (29).E2E/2- 25- 2017 8- 39- 05 PM/Image 16.png,Masks/Masks_Manual/Grading_1/AMD Part1/AMD (29).E2E/2- 25- 2017 8- 39- 05 PM/Image 16.png,Boundaries/Boundaries_Manual/Grading_1/AMD Part1/AMD (29).E2E/2- 25- 2017 8- 39- 05 PM/Image 16.csv,AMD Part1,AMD (29).E2E,Image 16
AMD (29).E2E_Image 17,Images/Images_Manual/AMD Part1/AMD (29).E2E/2- 25- 2017 8- 39- 05 PM/Image 17.png,Masks/Masks_Manual/Grading_1/AMD Part1/AMD (29).E2E/2- 25- 2017 8- 39- 05 PM/Image 17.png,Boundaries/Boundaries_Manual/Grading_1/AMD Part1/AMD (29).E2E/2- 25- 2017 8- 39- 05 PM/Image 17.csv,AMD Part1,AMD (29).E2E,Image 17
AMD (29).E2E_Image 18,Images/Images_Manual/AMD Part1/AMD (29).E2E/2- 25- 2017 8- 39- 05 PM/Image 18.png,Masks/Masks_Manual/Grading_1/AMD Part1/AMD (29).E2E/2- 25- 2017 8- 39- 05 PM/Image 18.png,Boundaries/Boundaries_Manual/Grading_1/AMD Part1/AMD (29).E2E/2- 25- 2017 8- 39- 05 PM/Image 18.csv,AMD Part1,AMD (29).E2E,Image 18
AMD (29).E2E_Image 19,Images/Images_Manual/AMD Part1/AMD (29).E2E/2- 25- 2017 8- 39- 05 PM/Image 19.png,Masks/Masks_Manual/Grading_1/AMD Part1/AMD (29).E2E/2- 25- 2017 8- 39- 05 PM/Image 19.png,Boundaries/Boundaries_Manual/Grading_1/AMD Part1/AMD (29).E2E/2- 25- 2017 8- 39- 05 PM/Image 19.csv,AMD Part1,AMD (29).E2E,Image 19
AMD (29).E2E_Image 2,Images/Images_Manual/AMD Part1/AMD (29).E2E/2- 25- 2017 8- 39- 05 PM/Image 2.png,Masks/Masks_Manual/Grading_1/AMD Part1/AMD (29).E2E/2- 25- 2017 8- 39- 05 PM/Image 2.png,Boundaries/Boundaries_Manual/Grading_1/AMD Part1/AMD (29).E2E/2- 25- 2017 8- 39- 05 PM/Image 2.csv,AMD Part1,AMD (29).E2E,Image 2
AMD (29).E2E_Image 3,Images/Images_Manual/AMD Part1/AMD (29).E2E/2- 25- 2017 8- 39- 05 PM/Image 3.png,Masks/Masks_Manual/Grading_1/AMD Part1/AMD (29).E2E/2- 25- 2017 8- 39- 05 PM/Image 3.png,Boundaries/Boundaries_Manual/Grading_1/AMD Part1/AMD (29).E2E/2- 25- 2017 8- 39- 05 PM/Image 3.csv,AMD Part1,AMD (29).E2E,Image 3
AMD (29).E2E_Image 4,Images/Images_Manual/AMD Part1/AMD (29).E2E/2- 25- 2017 8- 39- 05 PM/Image 4.png,Masks/Masks_Manual/Grading_1/AMD Part1/AMD (29).E2E/2- 25- 2017 8- 39- 05 PM/Image 4.png,Boundaries/Boundaries_Manual/Grading_1/AMD Part1/AMD (29).E2E/2- 25- 2017 8- 39- 05 PM/Image 4.csv,AMD Part1,AMD (29).E2E,Image 4
AMD (29).E2E_Image 5,Images/Images_Manual/AMD Part1/AMD (29).E2E/2- 25- 2017 8- 39- 05 PM/Image 5.png,Masks/Masks_Manual/Grading_1/AMD Part1/AMD (29).E2E/2- 25- 2017 8- 39- 05 PM/Image 5.png,Boundaries/Boundaries_Manual/Grading_1/AMD Part1/AMD (29).E2E/2- 25- 2017 8- 39- 05 PM/Image 5.csv,AMD Part1,AMD (29).E2E,Image 5
AMD (29).E2E_Image 6,Images/Images_Manual/AMD Part1/AMD (29).E2E/2- 25- 2017 8- 39- 05 PM/Image 6.png,Masks/Masks_Manual/Grading_1/AMD Part1/AMD (29).E2E/2- 25- 2017 8- 39- 05 PM/Image 6.png,Boundaries/Boundaries_Manual/Grading_1/AMD Part1/AMD (29).E2E/2- 25- 2017 8- 39- 05 PM/Image 6.csv,AMD Part1,AMD (29).E2E,Image 6
AMD (29).E2E_Image 7,Images/Images_Manual/AMD Part1/AMD (29).E2E/2- 25- 2017 8- 39- 05 PM/Image 7.png,Masks/Masks_Manual/Grading_1/AMD Part1/AMD (29).E2E/2- 25- 2017 8- 39- 05 PM/Image 7.png,Boundaries/Boundaries_Manual/Grading_1/AMD Part1/AMD (29).E2E/2- 25- 2017 8- 39- 05 PM/Image 7.csv,AMD Part1,AMD (29).E2E,Image 7
AMD (29).E2E_Image 8,Images/Images_Manual/AMD Part1/AMD (29).E2E/2- 25- 2017 8- 39- 05 PM/Image 8.png,Masks/Masks_Manual/Grading_1/AMD Part1/AMD (29).E2E/2- 25- 2017 8- 39- 05 PM/Image 8.png,Boundaries/Boundaries_Manual/Grading_1/AMD Part1/AMD (29).E2E/2- 25- 2017 8- 39- 05 PM/Image 8.csv,AMD Part1,AMD (29).E2E,Image 8
AMD (29).E2E_Image 9,Images/Images_Manual/AMD Part1/AMD (29).E2E/2- 25- 2017 8- 39- 05 PM/Image 9.png,Masks/Masks_Manual/Grading_1/AMD Part1/AMD (29).E2E/2- 25- 2017 8- 39- 05 PM/Image 9.png,Boundaries/Boundaries_Manual/Grading_1/AMD Part1/AMD (29).E2E/2- 25- 2017 8- 39- 05 PM/Image 9.csv,AMD Part1,AMD (29).E2E,Image 9
AMD (3).E2E_Image 1,Images/Images_Manual/AMD Part1/AMD (3).E2E/2- 25- 2017 9- 13- 55 PM/Image 1.png,Masks/Masks_Manual/Grading_1/AMD Part1/AMD (3).E2E/2- 25- 2017 9- 13- 55 PM/Image 1.png,Boundaries/Boundaries_Manual/Grading_1/AMD Part1/AMD (3).E2E/2- 25- 2017 9- 13- 55 PM/Image 1.csv,AMD Part1,AMD (3).E2E,Image 1
AMD (3).E2E_Image 10,Images/Images_Manual/AMD Part1/AMD (3).E2E/2- 25- 2017 9- 13- 55 PM/Image 10.png,Masks/Masks_Manual/Grading_1/AMD Part1/AMD (3).E2E/2- 25- 2017 9- 13- 55 PM/Image 10.png,Boundaries/Boundaries_Manual/Grading_1/AMD Part1/AMD (3).E2E/2- 25- 2017 9- 13- 55 PM/Image 10.csv,AMD Part1,AMD (3).E2E,Image 10
AMD (3).E2E_Image 11,Images/Images_Manual/AMD Part1/AMD (3).E2E/2- 25- 2017 9- 13- 55 PM/Image 11.png,Masks/Masks_Manual/Grading_1/AMD Part1/AMD (3).E2E/2- 25- 2017 9- 13- 55 PM/Image 11.png,Boundaries/Boundaries_Manual/Grading_1/AMD Part1/AMD (3).E2E/2- 25- 2017 9- 13- 55 PM/Image 11.csv,AMD Part1,AMD (3).E2E,Image 11
AMD (3).E2E_Image 12,Images/Images_Manual/AMD Part1/AMD (3).E2E/2- 25- 2017 9- 13- 55 PM/Image 12.png,Masks/Masks_Manual/Grading_1/AMD Part1/AMD (3).E2E/2- 25- 2017 9- 13- 55 PM/Image 12.png,Boundaries/Boundaries_Manual/Grading_1/AMD Part1/AMD (3).E2E/2- 25- 2017 9- 13- 55 PM/Image 12.csv,AMD Part1,AMD (3).E2E,Image 12
AMD (3).E2E_Image 13,Images/Images_Manual/AMD Part1/AMD (3).E2E/2- 25- 2017 9- 13- 55 PM/Image 13.png,Masks/Masks_Manual/Grading_1/AMD Part1/AMD (3).E2E/2- 25- 2017 9- 13- 55 PM/Image 13.png,Boundaries/Boundaries_Manual/Grading_1/AMD Part1/AMD (3).E2E/2- 25- 2017 9- 13- 55 PM/Image 13.csv,AMD Part1,AMD (3).E2E,Image 13
AMD (3).E2E_Image 14,Images/Images_Manual/AMD Part1/AMD (3).E2E/2- 25- 2017 9- 13- 55 PM/Image 14.png,Masks/Masks_Manual/Grading_1/AMD Part1/AMD (3).E2E/2- 25- 2017 9- 13- 55 PM/Image 14.png,Boundaries/Boundaries_Manual/Grading_1/AMD Part1/AMD (3).E2E/2- 25- 2017 9- 13- 55 PM/Image 14.csv,AMD Part1,AMD (3).E2E,Image 14
AMD (3).E2E_Image 15,Images/Images_Manual/AMD Part1/AMD (3).E2E/2- 25- 2017 9- 13- 55 PM/Image 15.png,Masks/Masks_Manual/Grading_1/AMD Part1/AMD (3).E2E/2- 25- 2017 9- 13- 55 PM/Image 15.png,Boundaries/Boundaries_Manual/Grading_1/AMD Part1/AMD (3).E2E/2- 25- 2017 9- 13- 55 PM/Image 15.csv,AMD Part1,AMD (3).E2E,Image 15
AMD (3).E2E_Image 16,Images/Images_Manual/AMD Part1/AMD (3).E2E/2- 25- 2017 9- 13- 55 PM/Image 16.png,Masks/Masks_Manual/Grading_1/AMD Part1/AMD (3).E2E/2- 25- 2017 9- 13- 55 PM/Image 16.png,Boundaries/Boundaries_Manual/Grading_1/AMD Part1/AMD (3).E2E/2- 25- 2017 9- 13- 55 PM/Image 16.csv,AMD Part1,AMD (3).E2E,Image 16
AMD (3).E2E_Image 17,Images/Images_Manual/AMD Part1/AMD (3).E2E/2- 25- 2017 9- 13- 55 PM/Image 17.png,Masks/Masks_Manual/Grading_1/AMD Part1/AMD (3).E2E/2- 25- 2017 9- 13- 55 PM/Image 17.png,Boundaries/Boundaries_Manual/Grading_1/AMD Part1/AMD (3).E2E/2- 25- 2017 9- 13- 55 PM/Image 17.csv,AMD Part1,AMD (3).E2E,Image 17
AMD (3).E2E_Image 18,Images/Images_Manual/AMD Part1/AMD (3).E2E/2- 25- 2017 9- 13- 55 PM/Image 18.png,Masks/Masks_Manual/Grading_1/AMD Part1/AMD (3).E2E/2- 25- 2017 9- 13- 55 PM/Image 18.png,Boundaries/Boundaries_Manual/Grading_1/AMD Part1/AMD (3).E2E/2- 25- 2017 9- 13- 55 PM/Image 18.csv,AMD Part1,AMD (3).E2E,Image 18
AMD (3).E2E_Image 19,Images/Images_Manual/AMD Part1/AMD (3).E2E/2- 25- 2017 9- 13- 55 PM/Image 19.png,Masks/Masks_Manual/Grading_1/AMD Part1/AMD (3).E2E/2- 25- 2017 9- 13- 55 PM/Image 19.png,Boundaries/Boundaries_Manual/Grading_1/AMD Part1/AMD (3).E2E/2- 25- 2017 9- 13- 55 PM/Image 19.csv,AMD Part1,AMD (3).E2E,Image 19
AMD (3).E2E_Image 2,Images/Images_Manual/AMD Part1/AMD (3).E2E/2- 25- 2017 9- 13- 55 PM/Image 2.png,Masks/Masks_Manual/Grading_1/AMD Part1/AMD (3).E2E/2- 25- 2017 9- 13- 55 PM/Image 2.png,Boundaries/Boundaries_Manual/Grading_1/AMD Part1/AMD (3).E2E/2- 25- 2017 9- 13- 55 PM/Image 2.csv,AMD Part1,AMD (3).E2E,Image 2
AMD (3).E2E_Image 20,Images/Images_Manual/AMD Part1/AMD (3).E2E/2- 25- 2017 9- 13- 55 PM/Image 20.png,Masks/Masks_Manual/Grading_1/AMD Part1/AMD (3).E2E/2- 25- 2017 9- 13- 55 PM/Image 20.png,Boundaries/Boundaries_Manual/Grading_1/AMD Part1/AMD (3).E2E/2- 25- 2017 9- 13- 55 PM/Image 20.csv,AMD Part1,AMD (3).E2E,Image 20
AMD (3).E2E_Image 21,Images/Images_Manual/AMD Part1/AMD (3).E2E/2- 25- 2017 9- 13- 55 PM/Image 21.png,Masks/Masks_Manual/Grading_1/AMD Part1/AMD (3).E2E/2- 25- 2017 9- 13- 55 PM/Image 21.png,Boundaries/Boundaries_Manual/Grading_1/AMD Part1/AMD (3).E2E/2- 25- 2017 9- 13- 55 PM/Image 21.csv,AMD Part1,AMD (3).E2E,Image 21
AMD (3).E2E_Image 22,Images/Images_Manual/AMD Part1/AMD (3).E2E/2- 25- 2017 9- 13- 55 PM/Image 22.png,Masks/Masks_Manual/Grading_1/AMD Part1/AMD (3).E2E/2- 25- 2017 9- 13- 55 PM/Image 22.png,Boundaries/Boundaries_Manual/Grading_1/AMD Part1/AMD (3).E2E/2- 25- 2017 9- 13- 55 PM/Image 22.csv,AMD Part1,AMD (3).E2E,Image 22
AMD (3).E2E_Image 23,Images/Images_Manual/AMD Part1/AMD (3).E2E/2- 25- 2017 9- 13- 55 PM/Image 23.png,Masks/Masks_Manual/Grading_1/AMD Part1/AMD (3).E2E/2- 25- 2017 9- 13- 55 PM/Image 23.png,Boundaries/Boundaries_Manual/Grading_1/AMD Part1/AMD (3).E2E/2- 25- 2017 9- 13- 55 PM/Image 23.csv,AMD Part1,AMD (3).E2E,Image 23
AMD (3).E2E_Image 24,Images/Images_Manual/AMD Part1/AMD (3).E2E/2- 25- 2017 9- 13- 55 PM/Image 24.png,Masks/Masks_Manual/Grading_1/AMD Part1/AMD (3).E2E/2- 25- 2017 9- 13- 55 PM/Image 24.png,Boundaries/Boundaries_Manual/Grading_1/AMD Part1/AMD (3).E2E/2- 25- 2017 9- 13- 55 PM/Image 24.csv,AMD Part1,AMD (3).E2E,Image 24
AMD (3).E2E_Image 25,Images/Images_Manual/AMD Part1/AMD (3).E2E/2- 25- 2017 9- 13- 55 PM/Image 25.png,Masks/Masks_Manual/Grading_1/AMD Part1/AMD (3).E2E/2- 25- 2017 9- 13- 55 PM/Image 25.png,Boundaries/Boundaries_Manual/Grading_1/AMD Part1/AMD (3).E2E/2- 25- 2017 9- 13- 55 PM/Image 25.csv,AMD Part1,AMD (3).E2E,Image 25
AMD (3).E2E_Image 26,Images/Images_Manual/AMD Part1/AMD (3).E2E/2- 25- 2017 9- 13- 55 PM/Image 26.png,Masks/Masks_Manual/Grading_1/AMD Part1/AMD (3).E2E/2- 25- 2017 9- 13- 55 PM/Image 26.png,Boundaries/Boundaries_Manual/Grading_1/AMD Part1/AMD (3).E2E/2- 25- 2017 9- 13- 55 PM/Image 26.csv,AMD Part1,AMD (3).E2E,Image 26
AMD (3).E2E_Image 27,Images/Images_Manual/AMD Part1/AMD (3).E2E/2- 25- 2017 9- 13- 55 PM/Image 27.png,Masks/Masks_Manual/Grading_1/AMD Part1/AMD (3).E2E/2- 25- 2017 9- 13- 55 PM/Image 27.png,Boundaries/Boundaries_Manual/Grading_1/AMD Part1/AMD (3).E2E/2- 25- 2017 9- 13- 55 PM/Image 27.csv,AMD Part1,AMD (3).E2E,Image 27
AMD (3).E2E_Image 28,Images/Images_Manual/AMD Part1/AMD (3).E2E/2- 25- 2017 9- 13- 55 PM/Image 28.png,Masks/Masks_Manual/Grading_1/AMD Part1/AMD (3).E2E/2- 25- 2017 9- 13- 55 PM/Image 28.png,Boundaries/Boundaries_Manual/Grading_1/AMD Part1/AMD (3).E2E/2- 25- 2017 9- 13- 55 PM/Image 28.csv,AMD Part1,AMD (3).E2E,Image 28
AMD (3).E2E_Image 29,Images/Images_Manual/AMD Part1/AMD (3).E2E/2- 25- 2017 9- 13- 55 PM/Image 29.png,Masks/Masks_Manual/Grading_1/AMD Part1/AMD (3).E2E/2- 25- 2017 9- 13- 55 PM/Image 29.png,Boundaries/Boundaries_Manual/Grading_1/AMD Part1/AMD (3).E2E/2- 25- 2017 9- 13- 55 PM/Image 29.csv,AMD Part1,AMD (3).E2E,Image 29
AMD (3).E2E_Image 3,Images/Images_Manual/AMD Part1/AMD (3).E2E/2- 25- 2017 9- 13- 55 PM/Image 3.png,Masks/Masks_Manual/Grading_1/AMD Part1/AMD (3).E2E/2- 25- 2017 9- 13- 55 PM/Image 3.png,Boundaries/Boundaries_Manual/Grading_1/AMD Part1/AMD (3).E2E/2- 25- 2017 9- 13- 55 PM/Image 3.csv,AMD Part1,AMD (3).E2E,Image 3
AMD (3).E2E_Image 30,Images/Images_Manual/AMD Part1/AMD (3).E2E/2- 25- 2017 9- 13- 55 PM/Image 30.png,Masks/Masks_Manual/Grading_1/AMD Part1/AMD (3).E2E/2- 25- 2017 9- 13- 55 PM/Image 30.png,Boundaries/Boundaries_Manual/Grading_1/AMD Part1/AMD (3).E2E/2- 25- 2017 9- 13- 55 PM/Image 30.csv,AMD Part1,AMD (3).E2E,Image 30
AMD (3).E2E_Image 31,Images/Images_Manual/AMD Part1/AMD (3).E2E/2- 25- 2017 9- 13- 55 PM/Image 31.png,Masks/Masks_Manual/Grading_1/AMD Part1/AMD (3).E2E/2- 25- 2017 9- 13- 55 PM/Image 31.png,Boundaries/Boundaries_Manual/Grading_1/AMD Part1/AMD (3).E2E/2- 25- 2017 9- 13- 55 PM/Image 31.csv,AMD Part1,AMD (3).E2E,Image 31
AMD (3).E2E_Image 32,Images/Images_Manual/AMD Part1/AMD (3).E2E/2- 25- 2017 9- 13- 55 PM/Image 32.png,Masks/Masks_Manual/Grading_1/AMD Part1/AMD (3).E2E/2- 25- 2017 9- 13- 55 PM/Image 32.png,Boundaries/Boundaries_Manual/Grading_1/AMD Part1/AMD (3).E2E/2- 25- 2017 9- 13- 55 PM/Image 32.csv,AMD Part1,AMD (3).E2E,Image 32
AMD (3).E2E_Image 33,Images/Images_Manual/AMD Part1/AMD (3).E2E/2- 25- 2017 9- 13- 55 PM/Image 33.png,Masks/Masks_Manual/Grading_1/AMD Part1/AMD (3).E2E/2- 25- 2017 9- 13- 55 PM/Image 33.png,Boundaries/Boundaries_Manual/Grading_1/AMD Part1/AMD (3).E2E/2- 25- 2017 9- 13- 55 PM/Image 33.csv,AMD Part1,AMD (3).E2E,Image 33
AMD (3).E2E_Image 34,Images/Images_Manual/AMD Part1/AMD (3).E2E/2- 25- 2017 9- 13- 55 PM/Image 34.png,Masks/Masks_Manual/Grading_1/AMD Part1/AMD (3).E2E/2- 25- 2017 9- 13- 55 PM/Image 34.png,Boundaries/Boundaries_Manual/Grading_1/AMD Part1/AMD (3).E2E/2- 25- 2017 9- 13- 55 PM/Image 34.csv,AMD Part1,AMD (3).E2E,Image 34
AMD (3).E2E_Image 35,Images/Images_Manual/AMD Part1/AMD (3).E2E/2- 25- 2017 9- 13- 55 PM/Image 35.png,Masks/Masks_Manual/Grading_1/AMD Part1/AMD (3).E2E/2- 25- 2017 9- 13- 55 PM/Image 35.png,Boundaries/Boundaries_Manual/Grading_1/AMD Part1/AMD (3).E2E/2- 25- 2017 9- 13- 55 PM/Image 35.csv,AMD Part1,AMD (3).E2E,Image 35
AMD (3).E2E_Image 36,Images/Images_Manual/AMD Part1/AMD (3).E2E/2- 25- 2017 9- 13- 55 PM/Image 36.png,Masks/Masks_Manual/Grading_1/AMD Part1/AMD (3).E2E/2- 25- 2017 9- 13- 55 PM/Image 36.png,Boundaries/Boundaries_Manual/Grading_1/AMD Part1/AMD (3).E2E/2- 25- 2017 9- 13- 55 PM/Image 36.csv,AMD Part1,AMD (3).E2E,Image 36
AMD (3).E2E_Image 37,Images/Images_Manual/AMD Part1/AMD (3).E2E/2- 25- 2017 9- 13- 55 PM/Image 37.png,Masks/Masks_Manual/Grading_1/AMD Part1/AMD (3).E2E/2- 25- 2017 9- 13- 55 PM/Image 37.png,Boundaries/Boundaries_Manual/Grading_1/AMD Part1/AMD (3).E2E/2- 25- 2017 9- 13- 55 PM/Image 37.csv,AMD Part1,AMD (3).E2E,Image 37
AMD (3).E2E_Image 38,Images/Images_Manual/AMD Part1/AMD (3).E2E/2- 25- 2017 9- 13- 55 PM/Image 38.png,Masks/Masks_Manual/Grading_1/AMD Part1/AMD (3).E2E/2- 25- 2017 9- 13- 55 PM/Image 38.png,Boundaries/Boundaries_Manual/Grading_1/AMD Part1/AMD (3).E2E/2- 25- 2017 9- 13- 55 PM/Image 38.csv,AMD Part1,AMD (3).E2E,Image 38
AMD (3).E2E_Image 39,Images/Images_Manual/AMD Part1/AMD (3).E2E/2- 25- 2017 9- 13- 55 PM/Image 39.png,Masks/Masks_Manual/Grading_1/AMD Part1/AMD (3).E2E/2- 25- 2017 9- 13- 55 PM/Image 39.png,Boundaries/Boundaries_Manual/Grading_1/AMD Part1/AMD (3).E2E/2- 25- 2017 9- 13- 55 PM/Image 39.csv,AMD Part1,AMD (3).E2E,Image 39
AMD (3).E2E_Image 4,Images/Images_Manual/AMD Part1/AMD (3).E2E/2- 25- 2017 9- 13- 55 PM/Image 4.png,Masks/Masks_Manual/Grading_1/AMD Part1/AMD (3).E2E/2- 25- 2017 9- 13- 55 PM/Image 4.png,Boundaries/Boundaries_Manual/Grading_1/AMD Part1/AMD (3).E2E/2- 25- 2017 9- 13- 55 PM/Image 4.csv,AMD Part1,AMD (3).E2E,Image 4
AMD (3).E2E_Image 40,Images/Images_Manual/AMD Part1/AMD (3).E2E/2- 25- 2017 9- 13- 55 PM/Image 40.png,Masks/Masks_Manual/Grading_1/AMD Part1/AMD (3).E2E/2- 25- 2017 9- 13- 55 PM/Image 40.png,Boundaries/Boundaries_Manual/Grading_1/AMD Part1/AMD (3).E2E/2- 25- 2017 9- 13- 55 PM/Image 40.csv,AMD Part1,AMD (3).E2E,Image 40
AMD (3).E2E_Image 41,Images/Images_Manual/AMD Part1/AMD (3).E2E/2- 25- 2017 9- 13- 55 PM/Image 41.png,Masks/Masks_Manual/Grading_1/AMD Part1/AMD (3).E2E/2- 25- 2017 9- 13- 55 PM/Image 41.png,Boundaries/Boundaries_Manual/Grading_1/AMD Part1/AMD (3).E2E/2- 25- 2017 9- 13- 55 PM/Image 41.csv,AMD Part1,AMD (3).E2E,Image 41
AMD (3).E2E_Image 42,Images/Images_Manual/AMD Part1/AMD (3).E2E/2- 25- 2017 9- 13- 55 PM/Image 42.png,Masks/Masks_Manual/Grading_1/AMD Part1/AMD (3).E2E/2- 25- 2017 9- 13- 55 PM/Image 42.png,Boundaries/Boundaries_Manual/Grading_1/AMD Part1/AMD (3).E2E/2- 25- 2017 9- 13- 55 PM/Image 42.csv,AMD Part1,AMD (3).E2E,Image 42
AMD (3).E2E_Image 43,Images/Images_Manual/AMD Part1/AMD (3).E2E/2- 25- 2017 9- 13- 55 PM/Image 43.png,Masks/Masks_Manual/Grading_1/AMD Part1/AMD (3).E2E/2- 25- 2017 9- 13- 55 PM/Image 43.png,Boundaries/Boundaries_Manual/Grading_1/AMD Part1/AMD (3).E2E/2- 25- 2017 9- 13- 55 PM/Image 43.csv,AMD Part1,AMD (3).E2E,Image 43
AMD (3).E2E_Image 44,Images/Images_Manual/AMD Part1/AMD (3).E2E/2- 25- 2017 9- 13- 55 PM/Image 44.png,Masks/Masks_Manual/Grading_1/AMD Part1/AMD (3).E2E/2- 25- 2017 9- 13- 55 PM/Image 44.png,Boundaries/Boundaries_Manual/Grading_1/AMD Part1/AMD (3).E2E/2- 25- 2017 9- 13- 55 PM/Image 44.csv,AMD Part1,AMD (3).E2E,Image 44
AMD (3).E2E_Image 45,Images/Images_Manual/AMD Part1/AMD (3).E2E/2- 25- 2017 9- 13- 55 PM/Image 45.png,Masks/Masks_Manual/Grading_1/AMD Part1/AMD (3).E2E/2- 25- 2017 9- 13- 55 PM/Image 45.png,Boundaries/Boundaries_Manual/Grading_1/AMD Part1/AMD (3).E2E/2- 25- 2017 9- 13- 55 PM/Image 45.csv,AMD Part1,AMD (3).E2E,Image 45
AMD (3).E2E_Image 46,Images/Images_Manual/AMD Part1/AMD (3).E2E/2- 25- 2017 9- 13- 55 PM/Image 46.png,Masks/Masks_Manual/Grading_1/AMD Part1/AMD (3).E2E/2- 25- 2017 9- 13- 55 PM/Image 46.png,Boundaries/Boundaries_Manual/Grading_1/AMD Part1/AMD (3).E2E/2- 25- 2017 9- 13- 55 PM/Image 46.csv,AMD Part1,AMD (3).E2E,Image 46
AMD (3).E2E_Image 47,Images/Images_Manual/AMD Part1/AMD (3).E2E/2- 25- 2017 9- 13- 55 PM/Image 47.png,Masks/Masks_Manual/Grading_1/AMD Part1/AMD (3).E2E/2- 25- 2017 9- 13- 55 PM/Image 47.png,Boundaries/Boundaries_Manual/Grading_1/AMD Part1/AMD (3).E2E/2- 25- 2017 9- 13- 55 PM/Image 47.csv,AMD Part1,AMD (3).E2E,Image 47
AMD (3).E2E_Image 48,Images/Images_Manual/AMD Part1/AMD (3).E2E/2- 25- 2017 9- 13- 55 PM/Image 48.png,Masks/Masks_Manual/Grading_1/AMD Part1/AMD (3).E2E/2- 25- 2017 9- 13- 55 PM/Image 48.png,Boundaries/Boundaries_Manual/Grading_1/AMD Part1/AMD (3).E2E/2- 25- 2017 9- 13- 55 PM/Image 48.csv,AMD Part1,AMD (3).E2E,Image 48
AMD (3).E2E_Image 49,Images/Images_Manual/AMD Part1/AMD (3).E2E/2- 25- 2017 9- 13- 55 PM/Image 49.png,Masks/Masks_Manual/Grading_1/AMD Part1/AMD (3).E2E/2- 25- 2017 9- 13- 55 PM/Image 49.png,Boundaries/Boundaries_Manual/Grading_1/AMD Part1/AMD (3).E2E/2- 25- 2017 9- 13- 55 PM/Image 49.csv,AMD Part1,AMD (3).E2E,Image 49
AMD (3).E2E_Image 5,Images/Images_Manual/AMD Part1/AMD (3).E2E/2- 25- 2017 9- 13- 55 PM/Image 5.png,Masks/Masks_Manual/Grading_1/AMD Part1/AMD (3).E2E/2- 25- 2017 9- 13- 55 PM/Image 5.png,Boundaries/Boundaries_Manual/Grading_1/AMD Part1/AMD (3).E2E/2- 25- 2017 9- 13- 55 PM/Image 5.csv,AMD Part1,AMD (3).E2E,Image 5
AMD (3).E2E_Image 50,Images/Images_Manual/AMD Part1/AMD (3).E2E/2- 25- 2017 9- 13- 55 PM/Image 50.png,Masks/Masks_Manual/Grading_1/AMD Part1/AMD (3).E2E/2- 25- 2017 9- 13- 55 PM/Image 50.png,Boundaries/Boundaries_Manual/Grading_1/AMD Part1/AMD (3).E2E/2- 25- 2017 9- 13- 55 PM/Image 50.csv,AMD Part1,AMD (3).E2E,Image 50
AMD (3).E2E_Image 51,Images/Images_Manual/AMD Part1/AMD (3).E2E/2- 25- 2017 9- 13- 55 PM/Image 51.png,Masks/Masks_Manual/Grading_1/AMD Part1/AMD (3).E2E/2- 25- 2017 9- 13- 55 PM/Image 51.png,Boundaries/Boundaries_Manual/Grading_1/AMD Part1/AMD (3).E2E/2- 25- 2017 9- 13- 55 PM/Image 51.csv,AMD Part1,AMD (3).E2E,Image 51
AMD (3).E2E_Image 52,Images/Images_Manual/AMD Part1/AMD (3).E2E/2- 25- 2017 9- 13- 55 PM/Image 52.png,Masks/Masks_Manual/Grading_1/AMD Part1/AMD (3).E2E/2- 25- 2017 9- 13- 55 PM/Image 52.png,Boundaries/Boundaries_Manual/Grading_1/AMD Part1/AMD (3).E2E/2- 25- 2017 9- 13- 55 PM/Image 52.csv,AMD Part1,AMD (3).E2E,Image 52
AMD (3).E2E_Image 53,Images/Images_Manual/AMD Part1/AMD (3).E2E/2- 25- 2017 9- 13- 55 PM/Image 53.png,Masks/Masks_Manual/Grading_1/AMD Part1/AMD (3).E2E/2- 25- 2017 9- 13- 55 PM/Image 53.png,Boundaries/Boundaries_Manual/Grading_1/AMD Part1/AMD (3).E2E/2- 25- 2017 9- 13- 55 PM/Image 53.csv,AMD Part1,AMD (3).E2E,Image 53
AMD (3).E2E_Image 54,Images/Images_Manual/AMD Part1/AMD (3).E2E/2- 25- 2017 9- 13- 55 PM/Image 54.png,Masks/Masks_Manual/Grading_1/AMD Part1/AMD (3).E2E/2- 25- 2017 9- 13- 55 PM/Image 54.png,Boundaries/Boundaries_Manual/Grading_1/AMD Part1/AMD (3).E2E/2- 25- 2017 9- 13- 55 PM/Image 54.csv,AMD Part1,AMD (3).E2E,Image 54
AMD (3).E2E_Image 55,Images/Images_Manual/AMD Part1/AMD (3).E2E/2- 25- 2017 9- 13- 55 PM/Image 55.png,Masks/Masks_Manual/Grading_1/AMD Part1/AMD (3).E2E/2- 25- 2017 9- 13- 55 PM/Image 55.png,Boundaries/Boundaries_Manual/Grading_1/AMD Part1/AMD (3).E2E/2- 25- 2017 9- 13- 55 PM/Image 55.csv,AMD Part1,AMD (3).E2E,Image 55
AMD (3).E2E_Image 56,Images/Images_Manual/AMD Part1/AMD (3).E2E/2- 25- 2017 9- 13- 55 PM/Image 56.png,Masks/Masks_Manual/Grading_1/AMD Part1/AMD (3).E2E/2- 25- 2017 9- 13- 55 PM/Image 56.png,Boundaries/Boundaries_Manual/Grading_1/AMD Part1/AMD (3).E2E/2- 25- 2017 9- 13- 55 PM/Image 56.csv,AMD Part1,AMD (3).E2E,Image 56
AMD (3).E2E_Image 57,Images/Images_Manual/AMD Part1/AMD (3).E2E/2- 25- 2017 9- 13- 55 PM/Image 57.png,Masks/Masks_Manual/Grading_1/AMD Part1/AMD (3).E2E/2- 25- 2017 9- 13- 55 PM/Image 57.png,Boundaries/Boundaries_Manual/Grading_1/AMD Part1/AMD (3).E2E/2- 25- 2017 9- 13- 55 PM/Image 57.csv,AMD Part1,AMD (3).E2E,Image 57
AMD (3).E2E_Image 58,Images/Images_Manual/AMD Part1/AMD (3).E2E/2- 25- 2017 9- 13- 55 PM/Image 58.png,Masks/Masks_Manual/Grading_1/AMD Part1/AMD (3).E2E/2- 25- 2017 9- 13- 55 PM/Image 58.png,Boundaries/Boundaries_Manual/Grading_1/AMD Part1/AMD (3).E2E/2- 25- 2017 9- 13- 55 PM/Image 58.csv,AMD Part1,AMD (3).E2E,Image 58
AMD (3).E2E_Image 59,Images/Images_Manual/AMD Part1/AMD (3).E2E/2- 25- 2017 9- 13- 55 PM/Image 59.png,Masks/Masks_Manual/Grading_1/AMD Part1/AMD (3).E2E/2- 25- 2017 9- 13- 55 PM/Image 59.png,Boundaries/Boundaries_Manual/Grading_1/AMD Part1/AMD (3).E2E/2- 25- 2017 9- 13- 55 PM/Image 59.csv,AMD Part1,AMD (3).E2E,Image 59
AMD (3).E2E_Image 6,Images/Images_Manual/AMD Part1/AMD (3).E2E/2- 25- 2017 9- 13- 55 PM/Image 6.png,Masks/Masks_Manual/Grading_1/AMD Part1/AMD (3).E2E/2- 25- 2017 9- 13- 55 PM/Image 6.png,Boundaries/Boundaries_Manual/Grading_1/AMD Part1/AMD (3).E2E/2- 25- 2017 9- 13- 55 PM/Image 6.csv,AMD Part1,AMD (3).E2E,Image 6
AMD (3).E2E_Image 60,Images/Images_Manual/AMD Part1/AMD (3).E2E/2- 25- 2017 9- 13- 55 PM/Image 60.png,Masks/Masks_Manual/Grading_1/AMD Part1/AMD (3).E2E/2- 25- 2017 9- 13- 55 PM/Image 60.png,Boundaries/Boundaries_Manual/Grading_1/AMD Part1/AMD (3).E2E/2- 25- 2017 9- 13- 55 PM/Image 60.csv,AMD Part1,AMD (3).E2E,Image 60
AMD (3).E2E_Image 61,Images/Images_Manual/AMD Part1/AMD (3).E2E/2- 25- 2017 9- 13- 55 PM/Image 61.png,Masks/Masks_Manual/Grading_1/AMD Part1/AMD (3).E2E/2- 25- 2017 9- 13- 55 PM/Image 61.png,Boundaries/Boundaries_Manual/Grading_1/AMD Part1/AMD (3).E2E/2- 25- 2017 9- 13- 55 PM/Image 61.csv,AMD Part1,AMD (3).E2E,Image 61
AMD (3).E2E_Image 7,Images/Images_Manual/AMD Part1/AMD (3).E2E/2- 25- 2017 9- 13- 55 PM/Image 7.png,Masks/Masks_Manual/Grading_1/AMD Part1/AMD (3).E2E/2- 25- 2017 9- 13- 55 PM/Image 7.png,Boundaries/Boundaries_Manual/Grading_1/AMD Part1/AMD (3).E2E/2- 25- 2017 9- 13- 55 PM/Image 7.csv,AMD Part1,AMD (3).E2E,Image 7
AMD (3).E2E_Image 8,Images/Images_Manual/AMD Part1/AMD (3).E2E/2- 25- 2017 9- 13- 55 PM/Image 8.png,Masks/Masks_Manual/Grading_1/AMD Part1/AMD (3).E2E/2- 25- 2017 9- 13- 55 PM/Image 8.png,Boundaries/Boundaries_Manual/Grading_1/AMD Part1/AMD (3).E2E/2- 25- 2017 9- 13- 55 PM/Image 8.csv,AMD Part1,AMD (3).E2E,Image 8
AMD (3).E2E_Image 9,Images/Images_Manual/AMD Part1/AMD (3).E2E/2- 25- 2017 9- 13- 55 PM/Image 9.png,Masks/Masks_Manual/Grading_1/AMD Part1/AMD (3).E2E/2- 25- 2017 9- 13- 55 PM/Image 9.png,Boundaries/Boundaries_Manual/Grading_1/AMD Part1/AMD (3).E2E/2- 25- 2017 9- 13- 55 PM/Image 9.csv,AMD Part1,AMD (3).E2E,Image 9
AMD (31).E2E_Image 1,Images/Images_Manual/AMD Part1/AMD (31).E2E/2- 25- 2017 8- 43- 15 PM/Image 1.png,Masks/Masks_Manual/Grading_1/AMD Part1/AMD (31).E2E/2- 25- 2017 8- 43- 15 PM/Image 1.png,Boundaries/Boundaries_Manual/Grading_1/AMD Part1/AMD (31).E2E/2- 25- 2017 8- 43- 15 PM/Image 1.csv,AMD Part1,AMD (31).E2E,Image 1
AMD (31).E2E_Image 10,Images/Images_Manual/AMD Part1/AMD (31).E2E/2- 25- 2017 8- 43- 15 PM/Image 10.png,Masks/Masks_Manual/Grading_1/AMD Part1/AMD (31).E2E/2- 25- 2017 8- 43- 15 PM/Image 10.png,Boundaries/Boundaries_Manual/Grading_1/AMD Part1/AMD (31).E2E/2- 25- 2017 8- 43- 15 PM/Image 10.csv,AMD Part1,AMD (31).E2E,Image 10
AMD (31).E2E_Image 11,Images/Images_Manual/AMD Part1/AMD (31).E2E/2- 25- 2017 8- 43- 15 PM/Image 11.png,Masks/Masks_Manual/Grading_1/AMD Part1/AMD (31).E2E/2- 25- 2017 8- 43- 15 PM/Image 11.png,Boundaries/Boundaries_Manual/Grading_1/AMD Part1/AMD (31).E2E/2- 25- 2017 8- 43- 15 PM/Image 11.csv,AMD Part1,AMD (31).E2E,Image 11
AMD (31).E2E_Image 12,Images/Images_Manual/AMD Part1/AMD (31).E2E/2- 25- 2017 8- 43- 15 PM/Image 12.png,Masks/Masks_Manual/Grading_1/AMD Part1/AMD (31).E2E/2- 25- 2017 8- 43- 15 PM/Image 12.png,Boundaries/Boundaries_Manual/Grading_1/AMD Part1/AMD (31).E2E/2- 25- 2017 8- 43- 15 PM/Image 12.csv,AMD Part1,AMD (31).E2E,Image 12
AMD (31).E2E_Image 13,Images/Images_Manual/AMD Part1/AMD (31).E2E/2- 25- 2017 8- 43- 15 PM/Image 13.png,Masks/Masks_Manual/Grading_1/AMD Part1/AMD (31).E2E/2- 25- 2017 8- 43- 15 PM/Image 13.png,Boundaries/Boundaries_Manual/Grading_1/AMD Part1/AMD (31).E2E/2- 25- 2017 8- 43- 15 PM/Image 13.csv,AMD Part1,AMD (31).E2E,Image 13
AMD (31).E2E_Image 14,Images/Images_Manual/AMD Part1/AMD (31).E2E/2- 25- 2017 8- 43- 15 PM/Image 14.png,Masks/Masks_Manual/Grading_1/AMD Part1/AMD (31).E2E/2- 25- 2017 8- 43- 15 PM/Image 14.png,Boundaries/Boundaries_Manual/Grading_1/AMD Part1/AMD (31).E2E/2- 25- 2017 8- 43- 15 PM/Image 14.csv,AMD Part1,AMD (31).E2E,Image 14
AMD (31).E2E_Image 15,Images/Images_Manual/AMD Part1/AMD (31).E2E/2- 25- 2017 8- 43- 15 PM/Image 15.png,Masks/Masks_Manual/Grading_1/AMD Part1/AMD (31).E2E/2- 25- 2017 8- 43- 15 PM/Image 15.png,Boundaries/Boundaries_Manual/Grading_1/AMD Part1/AMD (31).E2E/2- 25- 2017 8- 43- 15 PM/Image 15.csv,AMD Part1,AMD (31).E2E,Image 15
AMD (31).E2E_Image 16,Images/Images_Manual/AMD Part1/AMD (31).E2E/2- 25- 2017 8- 43- 15 PM/Image 16.png,Masks/Masks_Manual/Grading_1/AMD Part1/AMD (31).E2E/2- 25- 2017 8- 43- 15 PM/Image 16.png,Boundaries/Boundaries_Manual/Grading_1/AMD Part1/AMD (31).E2E/2- 25- 2017 8- 43- 15 PM/Image 16.csv,AMD Part1,AMD (31).E2E,Image 16
AMD (31).E2E_Image 17,Images/Images_Manual/AMD Part1/AMD (31).E2E/2- 25- 2017 8- 43- 15 PM/Image 17.png,Masks/Masks_Manual/Grading_1/AMD Part1/AMD (31).E2E/2- 25- 2017 8- 43- 15 PM/Image 17.png,Boundaries/Boundaries_Manual/Grading_1/AMD Part1/AMD (31).E2E/2- 25- 2017 8- 43- 15 PM/Image 17.csv,AMD Part1,AMD (31).E2E,Image 17
AMD (31).E2E_Image 18,Images/Images_Manual/AMD Part1/AMD (31).E2E/2- 25- 2017 8- 43- 15 PM/Image 18.png,Masks/Masks_Manual/Grading_1/AMD Part1/AMD (31).E2E/2- 25- 2017 8- 43- 15 PM/Image 18.png,Boundaries/Boundaries_Manual/Grading_1/AMD Part1/AMD (31).E2E/2- 25- 2017 8- 43- 15 PM/Image 18.csv,AMD Part1,AMD (31).E2E,Image 18
AMD (31).E2E_Image 19,Images/Images_Manual/AMD Part1/AMD (31).E2E/2- 25- 2017 8- 43- 15 PM/Image 19.png,Masks/Masks_Manual/Grading_1/AMD Part1/AMD (31).E2E/2- 25- 2017 8- 43- 15 PM/Image 19.png,Boundaries/Boundaries_Manual/Grading_1/AMD Part1/AMD (31).E2E/2- 25- 2017 8- 43- 15 PM/Image 19.csv,AMD Part1,AMD (31).E2E,Image 19
AMD (31).E2E_Image 2,Images/Images_Manual/AMD Part1/AMD (31).E2E/2- 25- 2017 8- 43- 15 PM/Image 2.png,Masks/Masks_Manual/Grading_1/AMD Part1/AMD (31).E2E/2- 25- 2017 8- 43- 15 PM/Image 2.png,Boundaries/Boundaries_Manual/Grading_1/AMD Part1/AMD (31).E2E/2- 25- 2017 8- 43- 15 PM/Image 2.csv,AMD Part1,AMD (31).E2E,Image 2
AMD (31).E2E_Image 3,Images/Images_Manual/AMD Part1/AMD (31).E2E/2- 25- 2017 8- 43- 15 PM/Image 3.png,Masks/Masks_Manual/Grading_1/AMD Part1/AMD (31).E2E/2- 25- 2017 8- 43- 15 PM/Image 3.png,Boundaries/Boundaries_Manual/Grading_1/AMD Part1/AMD (31).E2E/2- 25- 2017 8- 43- 15 PM/Image 3.csv,AMD Part1,AMD (31).E2E,Image 3
AMD (31).E2E_Image 4,Images/Images_Manual/AMD Part1/AMD (31).E2E/2- 25- 2017 8- 43- 15 PM/Image 4.png,Masks/Masks_Manual/Grading_1/AMD Part1/AMD (31).E2E/2- 25- 2017 8- 43- 15 PM/Image 4.png,Boundaries/Boundaries_Manual/Grading_1/AMD Part1/AMD (31).E2E/2- 25- 2017 8- 43- 15 PM/Image 4.csv,AMD Part1,AMD (31).E2E,Image 4
AMD (31).E2E_Image 5,Images/Images_Manual/AMD Part1/AMD (31).E2E/2- 25- 2017 8- 43- 15 PM/Image 5.png,Masks/Masks_Manual/Grading_1/AMD Part1/AMD (31).E2E/2- 25- 2017 8- 43- 15 PM/Image 5.png,Boundaries/Boundaries_Manual/Grading_1/AMD Part1/AMD (31).E2E/2- 25- 2017 8- 43- 15 PM/Image 5.csv,AMD Part1,AMD (31).E2E,Image 5
AMD (31).E2E_Image 6,Images/Images_Manual/AMD Part1/AMD (31).E2E/2- 25- 2017 8- 43- 15 PM/Image 6.png,Masks/Masks_Manual/Grading_1/AMD Part1/AMD (31).E2E/2- 25- 2017 8- 43- 15 PM/Image 6.png,Boundaries/Boundaries_Manual/Grading_1/AMD Part1/AMD (31).E2E/2- 25- 2017 8- 43- 15 PM/Image 6.csv,AMD Part1,AMD (31).E2E,Image 6
AMD (31).E2E_Image 7,Images/Images_Manual/AMD Part1/AMD (31).E2E/2- 25- 2017 8- 43- 15 PM/Image 7.png,Masks/Masks_Manual/Grading_1/AMD Part1/AMD (31).E2E/2- 25- 2017 8- 43- 15 PM/Image 7.png,Boundaries/Boundaries_Manual/Grading_1/AMD Part1/AMD (31).E2E/2- 25- 2017 8- 43- 15 PM/Image 7.csv,AMD Part1,AMD (31).E2E,Image 7
AMD (31).E2E_Image 8,Images/Images_Manual/AMD Part1/AMD (31).E2E/2- 25- 2017 8- 43- 15 PM/Image 8.png,Masks/Masks_Manual/Grading_1/AMD Part1/AMD (31).E2E/2- 25- 2017 8- 43- 15 PM/Image 8.png,Boundaries/Boundaries_Manual/Grading_1/AMD Part1/AMD (31).E2E/2- 25- 2017 8- 43- 15 PM/Image 8.csv,AMD Part1,AMD (31).E2E,Image 8
AMD (31).E2E_Image 9,Images/Images_Manual/AMD Part1/AMD (31).E2E/2- 25- 2017 8- 43- 15 PM/Image 9.png,Masks/Masks_Manual/Grading_1/AMD Part1/AMD (31).E2E/2- 25- 2017 8- 43- 15 PM/Image 9.png,Boundaries/Boundaries_Manual/Grading_1/AMD Part1/AMD (31).E2E/2- 25- 2017 8- 43- 15 PM/Image 9.csv,AMD Part1,AMD (31).E2E,Image 9
AMD (34).E2E_Image 1,Images/Images_Manual/AMD Part1/AMD (34).E2E/2- 25- 2017 8- 59- 29 PM/Image 1.png,Masks/Masks_Manual/Grading_1/AMD Part1/AMD (34).E2E/2- 25- 2017 8- 59- 29 PM/Image 1.png,Boundaries/Boundaries_Manual/Grading_1/AMD Part1/AMD (34).E2E/2- 25- 2017 8- 59- 29 PM/Image 1.csv,AMD Part1,AMD (34).E2E,Image 1
AMD (34).E2E_Image 10,Images/Images_Manual/AMD Part1/AMD (34).E2E/2- 25- 2017 8- 59- 29 PM/Image 10.png,Masks/Masks_Manual/Grading_1/AMD Part1/AMD (34).E2E/2- 25- 2017 8- 59- 29 PM/Image 10.png,Boundaries/Boundaries_Manual/Grading_1/AMD Part1/AMD (34).E2E/2- 25- 2017 8- 59- 29 PM/Image 10.csv,AMD Part1,AMD (34).E2E,Image 10
AMD (34).E2E_Image 11,Images/Images_Manual/AMD Part1/AMD (34).E2E/2- 25- 2017 8- 59- 29 PM/Image 11.png,Masks/Masks_Manual/Grading_1/AMD Part1/AMD (34).E2E/2- 25- 2017 8- 59- 29 PM/Image 11.png,Boundaries/Boundaries_Manual/Grading_1/AMD Part1/AMD (34).E2E/2- 25- 2017 8- 59- 29 PM/Image 11.csv,AMD Part1,AMD (34).E2E,Image 11
AMD (34).E2E_Image 12,Images/Images_Manual/AMD Part1/AMD (34).E2E/2- 25- 2017 8- 59- 29 PM/Image 12.png,Masks/Masks_Manual/Grading_1/AMD Part1/AMD (34).E2E/2- 25- 2017 8- 59- 29 PM/Image 12.png,Boundaries/Boundaries_Manual/Grading_1/AMD Part1/AMD (34).E2E/2- 25- 2017 8- 59- 29 PM/Image 12.csv,AMD Part1,AMD (34).E2E,Image 12
AMD (34).E2E_Image 13,Images/Images_Manual/AMD Part1/AMD (34).E2E/2- 25- 2017 8- 59- 29 PM/Image 13.png,Masks/Masks_Manual/Grading_1/AMD Part1/AMD (34).E2E/2- 25- 2017 8- 59- 29 PM/Image 13.png,Boundaries/Boundaries_Manual/Grading_1/AMD Part1/AMD (34).E2E/2- 25- 2017 8- 59- 29 PM/Image 13.csv,AMD Part1,AMD (34).E2E,Image 13
AMD (34).E2E_Image 14,Images/Images_Manual/AMD Part1/AMD (34).E2E/2- 25- 2017 8- 59- 29 PM/Image 14.png,Masks/Masks_Manual/Grading_1/AMD Part1/AMD (34).E2E/2- 25- 2017 8- 59- 29 PM/Image 14.png,Boundaries/Boundaries_Manual/Grading_1/AMD Part1/AMD (34).E2E/2- 25- 2017 8- 59- 29 PM/Image 14.csv,AMD Part1,AMD (34).E2E,Image 14
AMD (34).E2E_Image 15,Images/Images_Manual/AMD Part1/AMD (34).E2E/2- 25- 2017 8- 59- 29 PM/Image 15.png,Masks/Masks_Manual/Grading_1/AMD Part1/AMD (34).E2E/2- 25- 2017 8- 59- 29 PM/Image 15.png,Boundaries/Boundaries_Manual/Grading_1/AMD Part1/AMD (34).E2E/2- 25- 2017 8- 59- 29 PM/Image 15.csv,AMD Part1,AMD (34).E2E,Image 15
AMD (34).E2E_Image 16,Images/Images_Manual/AMD Part1/AMD (34).E2E/2- 25- 2017 8- 59- 29 PM/Image 16.png,Masks/Masks_Manual/Grading_1/AMD Part1/AMD (34).E2E/2- 25- 2017 8- 59- 29 PM/Image 16.png,Boundaries/Boundaries_Manual/Grading_1/AMD Part1/AMD (34).E2E/2- 25- 2017 8- 59- 29 PM/Image 16.csv,AMD Part1,AMD (34).E2E,Image 16
AMD (34).E2E_Image 17,Images/Images_Manual/AMD Part1/AMD (34).E2E/2- 25- 2017 8- 59- 29 PM/Image 17.png,Masks/Masks_Manual/Grading_1/AMD Part1/AMD (34).E2E/2- 25- 2017 8- 59- 29 PM/Image 17.png,Boundaries/Boundaries_Manual/Grading_1/AMD Part1/AMD (34).E2E/2- 25- 2017 8- 59- 29 PM/Image 17.csv,AMD Part1,AMD (34).E2E,Image 17
AMD (34).E2E_Image 18,Images/Images_Manual/AMD Part1/AMD (34).E2E/2- 25- 2017 8- 59- 29 PM/Image 18.png,Masks/Masks_Manual/Grading_1/AMD Part1/AMD (34).E2E/2- 25- 2017 8- 59- 29 PM/Image 18.png,Boundaries/Boundaries_Manual/Grading_1/AMD Part1/AMD (34).E2E/2- 25- 2017 8- 59- 29 PM/Image 18.csv,AMD Part1,AMD (34).E2E,Image 18
AMD (34).E2E_Image 19,Images/Images_Manual/AMD Part1/AMD (34).E2E/2- 25- 2017 8- 59- 29 PM/Image 19.png,Masks/Masks_Manual/Grading_1/AMD Part1/AMD (34).E2E/2- 25- 2017 8- 59- 29 PM/Image 19.png,Boundaries/Boundaries_Manual/Grading_1/AMD Part1/AMD (34).E2E/2- 25- 2017 8- 59- 29 PM/Image 19.csv,AMD Part1,AMD (34).E2E,Image 19
AMD (34).E2E_Image 2,Images/Images_Manual/AMD Part1/AMD (34).E2E/2- 25- 2017 8- 59- 29 PM/Image 2.png,Masks/Masks_Manual/Grading_1/AMD Part1/AMD (34).E2E/2- 25- 2017 8- 59- 29 PM/Image 2.png,Boundaries/Boundaries_Manual/Grading_1/AMD Part1/AMD (34).E2E/2- 25- 2017 8- 59- 29 PM/Image 2.csv,AMD Part1,AMD (34).E2E,Image 2
AMD (34).E2E_Image 20,Images/Images_Manual/AMD Part1/AMD (34).E2E/2- 25- 2017 8- 59- 29 PM/Image 20.png,Masks/Masks_Manual/Grading_1/AMD Part1/AMD (34).E2E/2- 25- 2017 8- 59- 29 PM/Image 20.png,Boundaries/Boundaries_Manual/Grading_1/AMD Part1/AMD (34).E2E/2- 25- 2017 8- 59- 29 PM/Image 20.csv,AMD Part1,AMD (34).E2E,Image 20
AMD (34).E2E_Image 21,Images/Images_Manual/AMD Part1/AMD (34).E2E/2- 25- 2017 8- 59- 29 PM/Image 21.png,Masks/Masks_Manual/Grading_1/AMD Part1/AMD (34).E2E/2- 25- 2017 8- 59- 29 PM/Image 21.png,Boundaries/Boundaries_Manual/Grading_1/AMD Part1/AMD (34).E2E/2- 25- 2017 8- 59- 29 PM/Image 21.csv,AMD Part1,AMD (34).E2E,Image 21
AMD (34).E2E_Image 22,Images/Images_Manual/AMD Part1/AMD (34).E2E/2- 25- 2017 8- 59- 29 PM/Image 22.png,Masks/Masks_Manual/Grading_1/AMD Part1/AMD (34).E2E/2- 25- 2017 8- 59- 29 PM/Image 22.png,Boundaries/Boundaries_Manual/Grading_1/AMD Part1/AMD (34).E2E/2- 25- 2017 8- 59- 29 PM/Image 22.csv,AMD Part1,AMD (34).E2E,Image 22
AMD (34).E2E_Image 23,Images/Images_Manual/AMD Part1/AMD (34).E2E/2- 25- 2017 8- 59- 29 PM/Image 23.png,Masks/Masks_Manual/Grading_1/AMD Part1/AMD (34).E2E/2- 25- 2017 8- 59- 29 PM/Image 23.png,Boundaries/Boundaries_Manual/Grading_1/AMD Part1/AMD (34).E2E/2- 25- 2017 8- 59- 29 PM/Image 23.csv,AMD Part1,AMD (34).E2E,Image 23
AMD (34).E2E_Image 24,Images/Images_Manual/AMD Part1/AMD (34).E2E/2- 25- 2017 8- 59- 29 PM/Image 24.png,Masks/Masks_Manual/Grading_1/AMD Part1/AMD (34).E2E/2- 25- 2017 8- 59- 29 PM/Image 24.png,Boundaries/Boundaries_Manual/Grading_1/AMD Part1/AMD (34).E2E/2- 25- 2017 8- 59- 29 PM/Image 24.csv,AMD Part1,AMD (34).E2E,Image 24
AMD (34).E2E_Image 25,Images/Images_Manual/AMD Part1/AMD (34).E2E/2- 25- 2017 8- 59- 29 PM/Image 25.png,Masks/Masks_Manual/Grading_1/AMD Part1/AMD (34).E2E/2- 25- 2017 8- 59- 29 PM/Image 25.png,Boundaries/Boundaries_Manual/Grading_1/AMD Part1/AMD (34).E2E/2- 25- 2017 8- 59- 29 PM/Image 25.csv,AMD Part1,AMD (34).E2E,Image 25
AMD (34).E2E_Image 26,Images/Images_Manual/AMD Part1/AMD (34).E2E/2- 25- 2017 8- 59- 29 PM/Image 26.png,Masks/Masks_Manual/Grading_1/AMD Part1/AMD (34).E2E/2- 25- 2017 8- 59- 29 PM/Image 26.png,Boundaries/Boundaries_Manual/Grading_1/AMD Part1/AMD (34).E2E/2- 25- 2017 8- 59- 29 PM/Image 26.csv,AMD Part1,AMD (34).E2E,Image 26
AMD (34).E2E_Image 27,Images/Images_Manual/AMD Part1/AMD (34).E2E/2- 25- 2017 8- 59- 29 PM/Image 27.png,Masks/Masks_Manual/Grading_1/AMD Part1/AMD (34).E2E/2- 25- 2017 8- 59- 29 PM/Image 27.png,Boundaries/Boundaries_Manual/Grading_1/AMD Part1/AMD (34).E2E/2- 25- 2017 8- 59- 29 PM/Image 27.csv,AMD Part1,AMD (34).E2E,Image 27
AMD (34).E2E_Image 28,Images/Images_Manual/AMD Part1/AMD (34).E2E/2- 25- 2017 8- 59- 29 PM/Image 28.png,Masks/Masks_Manual/Grading_1/AMD Part1/AMD (34).E2E/2- 25- 2017 8- 59- 29 PM/Image 28.png,Boundaries/Boundaries_Manual/Grading_1/AMD Part1/AMD (34).E2E/2- 25- 2017 8- 59- 29 PM/Image 28.csv,AMD Part1,AMD (34).E2E,Image 28
AMD (34).E2E_Image 29,Images/Images_Manual/AMD Part1/AMD (34).E2E/2- 25- 2017 8- 59- 29 PM/Image 29.png,Masks/Masks_Manual/Grading_1/AMD Part1/AMD (34).E2E/2- 25- 2017 8- 59- 29 PM/Image 29.png,Boundaries/Boundaries_Manual/Grading_1/AMD Part1/AMD (34).E2E/2- 25- 2017 8- 59- 29 PM/Image 29.csv,AMD Part1,AMD (34).E2E,Image 29
AMD (34).E2E_Image 3,Images/Images_Manual/AMD Part1/AMD (34).E2E/2- 25- 2017 8- 59- 29 PM/Image 3.png,Masks/Masks_Manual/Grading_1/AMD Part1/AMD (34).E2E/2- 25- 2017 8- 59- 29 PM/Image 3.png,Boundaries/Boundaries_Manual/Grading_1/AMD Part1/AMD (34).E2E/2- 25- 2017 8- 59- 29 PM/Image 3.csv,AMD Part1,AMD (34).E2E,Image 3
AMD (34).E2E_Image 30,Images/Images_Manual/AMD Part1/AMD (34).E2E/2- 25- 2017 8- 59- 29 PM/Image 30.png,Masks/Masks_Manual/Grading_1/AMD Part1/AMD (34).E2E/2- 25- 2017 8- 59- 29 PM/Image 30.png,Boundaries/Boundaries_Manual/Grading_1/AMD Part1/AMD (34).E2E/2- 25- 2017 8- 59- 29 PM/Image 30.csv,AMD Part1,AMD (34).E2E,Image 30
AMD (34).E2E_Image 31,Images/Images_Manual/AMD Part1/AMD (34).E2E/2- 25- 2017 8- 59- 29 PM/Image 31.png,Masks/Masks_Manual/Grading_1/AMD Part1/AMD (34).E2E/2- 25- 2017 8- 59- 29 PM/Image 31.png,Boundaries/Boundaries_Manual/Grading_1/AMD Part1/AMD (34).E2E/2- 25- 2017 8- 59- 29 PM/Image 31.csv,AMD Part1,AMD (34).E2E,Image 31
AMD (34).E2E_Image 4,Images/Images_Manual/AMD Part1/AMD (34).E2E/2- 25- 2017 8- 59- 29 PM/Image 4.png,Masks/Masks_Manual/Grading_1/AMD Part1/AMD (34).E2E/2- 25- 2017 8- 59- 29 PM/Image 4.png,Boundaries/Boundaries_Manual/Grading_1/AMD Part1/AMD (34).E2E/2- 25- 2017 8- 59- 29 PM/Image 4.csv,AMD Part1,AMD (34).E2E,Image 4
AMD (34).E2E_Image 5,Images/Images_Manual/AMD Part1/AMD (34).E2E/2- 25- 2017 8- 59- 29 PM/Image 5.png,Masks/Masks_Manual/Grading_1/AMD Part1/AMD (34).E2E/2- 25- 2017 8- 59- 29 PM/Image 5.png,Boundaries/Boundaries_Manual/Grading_1/AMD Part1/AMD (34).E2E/2- 25- 2017 8- 59- 29 PM/Image 5.csv,AMD Part1,AMD (34).E2E,Image 5
AMD (34).E2E_Image 6,Images/Images_Manual/AMD Part1/AMD (34).E2E/2- 25- 2017 8- 59- 29 PM/Image 6.png,Masks/Masks_Manual/Grading_1/AMD Part1/AMD (34).E2E/2- 25- 2017 8- 59- 29 PM/Image 6.png,Boundaries/Boundaries_Manual/Grading_1/AMD Part1/AMD (34).E2E/2- 25- 2017 8- 59- 29 PM/Image 6.csv,AMD Part1,AMD (34).E2E,Image 6
AMD (34).E2E_Image 7,Images/Images_Manual/AMD Part1/AMD (34).E2E/2- 25- 2017 8- 59- 29 PM/Image 7.png,Masks/Masks_Manual/Grading_1/AMD Part1/AMD (34).E2E/2- 25- 2017 8- 59- 29 PM/Image 7.png,Boundaries/Boundaries_Manual/Grading_1/AMD Part1/AMD (34).E2E/2- 25- 2017 8- 59- 29 PM/Image 7.csv,AMD Part1,AMD (34).E2E,Image 7
AMD (34).E2E_Image 8,Images/Images_Manual/AMD Part1/AMD (34).E2E/2- 25- 2017 8- 59- 29 PM/Image 8.png,Masks/Masks_Manual/Grading_1/AMD Part1/AMD (34).E2E/2- 25- 2017 8- 59- 29 PM/Image 8.png,Boundaries/Boundaries_Manual/Grading_1/AMD Part1/AMD (34).E2E/2- 25- 2017 8- 59- 29 PM/Image 8.csv,AMD Part1,AMD (34).E2E,Image 8
AMD (34).E2E_Image 9,Images/Images_Manual/AMD Part1/AMD (34).E2E/2- 25- 2017 8- 59- 29 PM/Image 9.png,Masks/Masks_Manual/Grading_1/AMD Part1/AMD (34).E2E/2- 25- 2017 8- 59- 29 PM/Image 9.png,Boundaries/Boundaries_Manual/Grading_1/AMD Part1/AMD (34).E2E/2- 25- 2017 8- 59- 29 PM/Image 9.csv,AMD Part1,AMD (34).E2E,Image 9
AMD (35).E2E_Image 1,Images/Images_Manual/AMD Part1/AMD (35).E2E/2- 25- 2017 9- 00- 52 PM/Image 1.png,Masks/Masks_Manual/Grading_1/AMD Part1/AMD (35).E2E/2- 25- 2017 9- 00- 52 PM/Image 1.png,Boundaries/Boundaries_Manual/Grading_1/AMD Part1/AMD (35).E2E/2- 25- 2017 9- 00- 52 PM/Image 1.csv,AMD Part1,AMD (35).E2E,Image 1
AMD (35).E2E_Image 10,Images/Images_Manual/AMD Part1/AMD (35).E2E/2- 25- 2017 9- 00- 52 PM/Image 10.png,Masks/Masks_Manual/Grading_1/AMD Part1/AMD (35).E2E/2- 25- 2017 9- 00- 52 PM/Image 10.png,Boundaries/Boundaries_Manual/Grading_1/AMD Part1/AMD (35).E2E/2- 25- 2017 9- 00- 52 PM/Image 10.csv,AMD Part1,AMD (35).E2E,Image 10
AMD (35).E2E_Image 11,Images/Images_Manual/AMD Part1/AMD (35).E2E/2- 25- 2017 9- 00- 52 PM/Image 11.png,Masks/Masks_Manual/Grading_1/AMD Part1/AMD (35).E2E/2- 25- 2017 9- 00- 52 PM/Image 11.png,Boundaries/Boundaries_Manual/Grading_1/AMD Part1/AMD (35).E2E/2- 25- 2017 9- 00- 52 PM/Image 11.csv,AMD Part1,AMD (35).E2E,Image 11
AMD (35).E2E_Image 12,Images/Images_Manual/AMD Part1/AMD (35).E2E/2- 25- 2017 9- 00- 52 PM/Image 12.png,Masks/Masks_Manual/Grading_1/AMD Part1/AMD (35).E2E/2- 25- 2017 9- 00- 52 PM/Image 12.png,Boundaries/Boundaries_Manual/Grading_1/AMD Part1/AMD (35).E2E/2- 25- 2017 9- 00- 52 PM/Image 12.csv,AMD Part1,AMD (35).E2E,Image 12
AMD (35).E2E_Image 13,Images/Images_Manual/AMD Part1/AMD (35).E2E/2- 25- 2017 9- 00- 52 PM/Image 13.png,Masks/Masks_Manual/Grading_1/AMD Part1/AMD (35).E2E/2- 25- 2017 9- 00- 52 PM/Image 13.png,Boundaries/Boundaries_Manual/Grading_1/AMD Part1/AMD (35).E2E/2- 25- 2017 9- 00- 52 PM/Image 13.csv,AMD Part1,AMD (35).E2E,Image 13
AMD (35).E2E_Image 14,Images/Images_Manual/AMD Part1/AMD (35).E2E/2- 25- 2017 9- 00- 52 PM/Image 14.png,Masks/Masks_Manual/Grading_1/AMD Part1/AMD (35).E2E/2- 25- 2017 9- 00- 52 PM/Image 14.png,Boundaries/Boundaries_Manual/Grading_1/AMD Part1/AMD (35).E2E/2- 25- 2017 9- 00- 52 PM/Image 14.csv,AMD Part1,AMD (35).E2E,Image 14
AMD (35).E2E_Image 15,Images/Images_Manual/AMD Part1/AMD (35).E2E/2- 25- 2017 9- 00- 52 PM/Image 15.png,Masks/Masks_Manual/Grading_1/AMD Part1/AMD (35).E2E/2- 25- 2017 9- 00- 52 PM/Image 15.png,Boundaries/Boundaries_Manual/Grading_1/AMD Part1/AMD (35).E2E/2- 25- 2017 9- 00- 52 PM/Image 15.csv,AMD Part1,AMD (35).E2E,Image 15
AMD (35).E2E_Image 16,Images/Images_Manual/AMD Part1/AMD (35).E2E/2- 25- 2017 9- 00- 52 PM/Image 16.png,Masks/Masks_Manual/Grading_1/AMD Part1/AMD (35).E2E/2- 25- 2017 9- 00- 52 PM/Image 16.png,Boundaries/Boundaries_Manual/Grading_1/AMD Part1/AMD (35).E2E/2- 25- 2017 9- 00- 52 PM/Image 16.csv,AMD Part1,AMD (35).E2E,Image 16
AMD (35).E2E_Image 17,Images/Images_Manual/AMD Part1/AMD (35).E2E/2- 25- 2017 9- 00- 52 PM/Image 17.png,Masks/Masks_Manual/Grading_1/AMD Part1/AMD (35).E2E/2- 25- 2017 9- 00- 52 PM/Image 17.png,Boundaries/Boundaries_Manual/Grading_1/AMD Part1/AMD (35).E2E/2- 25- 2017 9- 00- 52 PM/Image 17.csv,AMD Part1,AMD (35).E2E,Image 17
AMD (35).E2E_Image 18,Images/Images_Manual/AMD Part1/AMD (35).E2E/2- 25- 2017 9- 00- 52 PM/Image 18.png,Masks/Masks_Manual/Grading_1/AMD Part1/AMD (35).E2E/2- 25- 2017 9- 00- 52 PM/Image 18.png,Boundaries/Boundaries_Manual/Grading_1/AMD Part1/AMD (35).E2E/2- 25- 2017 9- 00- 52 PM/Image 18.csv,AMD Part1,AMD (35).E2E,Image 18
AMD (35).E2E_Image 19,Images/Images_Manual/AMD Part1/AMD (35).E2E/2- 25- 2017 9- 00- 52 PM/Image 19.png,Masks/Masks_Manual/Grading_1/AMD Part1/AMD (35).E2E/2- 25- 2017 9- 00- 52 PM/Image 19.png,Boundaries/Boundaries_Manual/Grading_1/AMD Part1/AMD (35).E2E/2- 25- 2017 9- 00- 52 PM/Image 19.csv,AMD Part1,AMD (35).E2E,Image 19
AMD (35).E2E_Image 2,Images/Images_Manual/AMD Part1/AMD (35).E2E/2- 25- 2017 9- 00- 52 PM/Image 2.png,Masks/Masks_Manual/Grading_1/AMD Part1/AMD (35).E2E/2- 25- 2017 9- 00- 52 PM/Image 2.png,Boundaries/Boundaries_Manual/Grading_1/AMD Part1/AMD (35).E2E/2- 25- 2017 9- 00- 52 PM/Image 2.csv,AMD Part1,AMD (35).E2E,Image 2
AMD (35).E2E_Image 20,Images/Images_Manual/AMD Part1/AMD (35).E2E/2- 25- 2017 9- 00- 52 PM/Image 20.png,Masks/Masks_Manual/Grading_1/AMD Part1/AMD (35).E2E/2- 25- 2017 9- 00- 52 PM/Image 20.png,Boundaries/Boundaries_Manual/Grading_1/AMD Part1/AMD (35).E2E/2- 25- 2017 9- 00- 52 PM/Image 20.csv,AMD Part1,AMD (35).E2E,Image 20
AMD (35).E2E_Image 21,Images/Images_Manual/AMD Part1/AMD (35).E2E/2- 25- 2017 9- 00- 52 PM/Image 21.png,Masks/Masks_Manual/Grading_1/AMD Part1/AMD (35).E2E/2- 25- 2017 9- 00- 52 PM/Image 21.png,Boundaries/Boundaries_Manual/Grading_1/AMD Part1/AMD (35).E2E/2- 25- 2017 9- 00- 52 PM/Image 21.csv,AMD Part1,AMD (35).E2E,Image 21
AMD (35).E2E_Image 22,Images/Images_Manual/AMD Part1/AMD (35).E2E/2- 25- 2017 9- 00- 52 PM/Image 22.png,Masks/Masks_Manual/Grading_1/AMD Part1/AMD (35).E2E/2- 25- 2017 9- 00- 52 PM/Image 22.png,Boundaries/Boundaries_Manual/Grading_1/AMD Part1/AMD (35).E2E/2- 25- 2017 9- 00- 52 PM/Image 22.csv,AMD Part1,AMD (35).E2E,Image 22
AMD (35).E2E_Image 23,Images/Images_Manual/AMD Part1/AMD (35).E2E/2- 25- 2017 9- 00- 52 PM/Image 23.png,Masks/Masks_Manual/Grading_1/AMD Part1/AMD (35).E2E/2- 25- 2017 9- 00- 52 PM/Image 23.png,Boundaries/Boundaries_Manual/Grading_1/AMD Part1/AMD (35).E2E/2- 25- 2017 9- 00- 52 PM/Image 23.csv,AMD Part1,AMD (35).E2E,Image 23
AMD (35).E2E_Image 24,Images/Images_Manual/AMD Part1/AMD (35).E2E/2- 25- 2017 9- 00- 52 PM/Image 24.png,Masks/Masks_Manual/Grading_1/AMD Part1/AMD (35).E2E/2- 25- 2017 9- 00- 52 PM/Image 24.png,Boundaries/Boundaries_Manual/Grading_1/AMD Part1/AMD (35).E2E/2- 25- 2017 9- 00- 52 PM/Image 24.csv,AMD Part1,AMD (35).E2E,Image 24
AMD (35).E2E_Image 25,Images/Images_Manual/AMD Part1/AMD (35).E2E/2- 25- 2017 9- 00- 52 PM/Image 25.png,Masks/Masks_Manual/Grading_1/AMD Part1/AMD (35).E2E/2- 25- 2017 9- 00- 52 PM/Image 25.png,Boundaries/Boundaries_Manual/Grading_1/AMD Part1/AMD (35).E2E/2- 25- 2017 9- 00- 52 PM/Image 25.csv,AMD Part1,AMD (35).E2E,Image 25
AMD (35).E2E_Image 26,Images/Images_Manual/AMD Part1/AMD (35).E2E/2- 25- 2017 9- 00- 52 PM/Image 26.png,Masks/Masks_Manual/Grading_1/AMD Part1/AMD (35).E2E/2- 25- 2017 9- 00- 52 PM/Image 26.png,Boundaries/Boundaries_Manual/Grading_1/AMD Part1/AMD (35).E2E/2- 25- 2017 9- 00- 52 PM/Image 26.csv,AMD Part1,AMD (35).E2E,Image 26
AMD (35).E2E_Image 27,Images/Images_Manual/AMD Part1/AMD (35).E2E/2- 25- 2017 9- 00- 52 PM/Image 27.png,Masks/Masks_Manual/Grading_1/AMD Part1/AMD (35).E2E/2- 25- 2017 9- 00- 52 PM/Image 27.png,Boundaries/Boundaries_Manual/Grading_1/AMD Part1/AMD (35).E2E/2- 25- 2017 9- 00- 52 PM/Image 27.csv,AMD Part1,AMD (35).E2E,Image 27
AMD (35).E2E_Image 28,Images/Images_Manual/AMD Part1/AMD (35).E2E/2- 25- 2017 9- 00- 52 PM/Image 28.png,Masks/Masks_Manual/Grading_1/AMD Part1/AMD (35).E2E/2- 25- 2017 9- 00- 52 PM/Image 28.png,Boundaries/Boundaries_Manual/Grading_1/AMD Part1/AMD (35).E2E/2- 25- 2017 9- 00- 52 PM/Image 28.csv,AMD Part1,AMD (35).E2E,Image 28
AMD (35).E2E_Image 29,Images/Images_Manual/AMD Part1/AMD (35).E2E/2- 25- 2017 9- 00- 52 PM/Image 29.png,Masks/Masks_Manual/Grading_1/AMD Part1/AMD (35).E2E/2- 25- 2017 9- 00- 52 PM/Image 29.png,Boundaries/Boundaries_Manual/Grading_1/AMD Part1/AMD (35).E2E/2- 25- 2017 9- 00- 52 PM/Image 29.csv,AMD Part1,AMD (35).E2E,Image 29
AMD (35).E2E_Image 3,Images/Images_Manual/AMD Part1/AMD (35).E2E/2- 25- 2017 9- 00- 52 PM/Image 3.png,Masks/Masks_Manual/Grading_1/AMD Part1/AMD (35).E2E/2- 25- 2017 9- 00- 52 PM/Image 3.png,Boundaries/Boundaries_Manual/Grading_1/AMD Part1/AMD (35).E2E/2- 25- 2017 9- 00- 52 PM/Image 3.csv,AMD Part1,AMD (35).E2E,Image 3
AMD (35).E2E_Image 30,Images/Images_Manual/AMD Part1/AMD (35).E2E/2- 25- 2017 9- 00- 52 PM/Image 30.png,Masks/Masks_Manual/Grading_1/AMD Part1/AMD (35).E2E/2- 25- 2017 9- 00- 52 PM/Image 30.png,Boundaries/Boundaries_Manual/Grading_1/AMD Part1/AMD (35).E2E/2- 25- 2017 9- 00- 52 PM/Image 30.csv,AMD Part1,AMD (35).E2E,Image 30
AMD (35).E2E_Image 31,Images/Images_Manual/AMD Part1/AMD (35).E2E/2- 25- 2017 9- 00- 52 PM/Image 31.png,Masks/Masks_Manual/Grading_1/AMD Part1/AMD (35).E2E/2- 25- 2017 9- 00- 52 PM/Image 31.png,Boundaries/Boundaries_Manual/Grading_1/AMD Part1/AMD (35).E2E/2- 25- 2017 9- 00- 52 PM/Image 31.csv,AMD Part1,AMD (35).E2E,Image 31
AMD (35).E2E_Image 4,Images/Images_Manual/AMD Part1/AMD (35).E2E/2- 25- 2017 9- 00- 52 PM/Image 4.png,Masks/Masks_Manual/Grading_1/AMD Part1/AMD (35).E2E/2- 25- 2017 9- 00- 52 PM/Image 4.png,Boundaries/Boundaries_Manual/Grading_1/AMD Part1/AMD (35).E2E/2- 25- 2017 9- 00- 52 PM/Image 4.csv,AMD Part1,AMD (35).E2E,Image 4
AMD (35).E2E_Image 5,Images/Images_Manual/AMD Part1/AMD (35).E2E/2- 25- 2017 9- 00- 52 PM/Image 5.png,Masks/Masks_Manual/Grading_1/AMD Part1/AMD (35).E2E/2- 25- 2017 9- 00- 52 PM/Image 5.png,Boundaries/Boundaries_Manual/Grading_1/AMD Part1/AMD (35).E2E/2- 25- 2017 9- 00- 52 PM/Image 5.csv,AMD Part1,AMD (35).E2E,Image 5
AMD (35).E2E_Image 6,Images/Images_Manual/AMD Part1/AMD (35).E2E/2- 25- 2017 9- 00- 52 PM/Image 6.png,Masks/Masks_Manual/Grading_1/AMD Part1/AMD (35).E2E/2- 25- 2017 9- 00- 52 PM/Image 6.png,Boundaries/Boundaries_Manual/Grading_1/AMD Part1/AMD (35).E2E/2- 25- 2017 9- 00- 52 PM/Image 6.csv,AMD Part1,AMD (35).E2E,Image 6
AMD (35).E2E_Image 7,Images/Images_Manual/AMD Part1/AMD (35).E2E/2- 25- 2017 9- 00- 52 PM/Image 7.png,Masks/Masks_Manual/Grading_1/AMD Part1/AMD (35).E2E/2- 25- 2017 9- 00- 52 PM/Image 7.png,Boundaries/Boundaries_Manual/Grading_1/AMD Part1/AMD (35).E2E/2- 25- 2017 9- 00- 52 PM/Image 7.csv,AMD Part1,AMD (35).E2E,Image 7
AMD (35).E2E_Image 8,Images/Images_Manual/AMD Part1/AMD (35).E2E/2- 25- 2017 9- 00- 52 PM/Image 8.png,Masks/Masks_Manual/Grading_1/AMD Part1/AMD (35).E2E/2- 25- 2017 9- 00- 52 PM/Image 8.png,Boundaries/Boundaries_Manual/Grading_1/AMD Part1/AMD (35).E2E/2- 25- 2017 9- 00- 52 PM/Image 8.csv,AMD Part1,AMD (35).E2E,Image 8
AMD (35).E2E_Image 9,Images/Images_Manual/AMD Part1/AMD (35).E2E/2- 25- 2017 9- 00- 52 PM/Image 9.png,Masks/Masks_Manual/Grading_1/AMD Part1/AMD (35).E2E/2- 25- 2017 9- 00- 52 PM/Image 9.png,Boundaries/Boundaries_Manual/Grading_1/AMD Part1/AMD (35).E2E/2- 25- 2017 9- 00- 52 PM/Image 9.csv,AMD Part1,AMD (35).E2E,Image 9
AMD (8).E2E_Image 1,Images/Images_Manual/AMD Part1/AMD (8).E2E/2- 25- 2017 9- 21- 50 PM/Image 1.png,Masks/Masks_Manual/Grading_1/AMD Part1/AMD (8).E2E/2- 25- 2017 9- 21- 50 PM/Image 1.png,Boundaries/Boundaries_Manual/Grading_1/AMD Part1/AMD (8).E2E/2- 25- 2017 9- 21- 50 PM/Image 1.csv,AMD Part1,AMD (8).E2E,Image 1
AMD (8).E2E_Image 10,Images/Images_Manual/AMD Part1/AMD (8).E2E/2- 25- 2017 9- 21- 50 PM/Image 10.png,Masks/Masks_Manual/Grading_1/AMD Part1/AMD (8).E2E/2- 25- 2017 9- 21- 50 PM/Image 10.png,Boundaries/Boundaries_Manual/Grading_1/AMD Part1/AMD (8).E2E/2- 25- 2017 9- 21- 50 PM/Image 10.csv,AMD Part1,AMD (8).E2E,Image 10
AMD (8).E2E_Image 11,Images/Images_Manual/AMD Part1/AMD (8).E2E/2- 25- 2017 9- 21- 50 PM/Image 11.png,Masks/Masks_Manual/Grading_1/AMD Part1/AMD (8).E2E/2- 25- 2017 9- 21- 50 PM/Image 11.png,Boundaries/Boundaries_Manual/Grading_1/AMD Part1/AMD (8).E2E/2- 25- 2017 9- 21- 50 PM/Image 11.csv,AMD Part1,AMD (8).E2E,Image 11
AMD (8).E2E_Image 12,Images/Images_Manual/AMD Part1/AMD (8).E2E/2- 25- 2017 9- 21- 50 PM/Image 12.png,Masks/Masks_Manual/Grading_1/AMD Part1/AMD (8).E2E/2- 25- 2017 9- 21- 50 PM/Image 12.png,Boundaries/Boundaries_Manual/Grading_1/AMD Part1/AMD (8).E2E/2- 25- 2017 9- 21- 50 PM/Image 12.csv,AMD Part1,AMD (8).E2E,Image 12
AMD (8).E2E_Image 13,Images/Images_Manual/AMD Part1/AMD (8).E2E/2- 25- 2017 9- 21- 50 PM/Image 13.png,Masks/Masks_Manual/Grading_1/AMD Part1/AMD (8).E2E/2- 25- 2017 9- 21- 50 PM/Image 13.png,Boundaries/Boundaries_Manual/Grading_1/AMD Part1/AMD (8).E2E/2- 25- 2017 9- 21- 50 PM/Image 13.csv,AMD Part1,AMD (8).E2E,Image 13
AMD (8).E2E_Image 14,Images/Images_Manual/AMD Part1/AMD (8).E2E/2- 25- 2017 9- 21- 50 PM/Image 14.png,Masks/Masks_Manual/Grading_1/AMD Part1/AMD (8).E2E/2- 25- 2017 9- 21- 50 PM/Image 14.png,Boundaries/Boundaries_Manual/Grading_1/AMD Part1/AMD (8).E2E/2- 25- 2017 9- 21- 50 PM/Image 14.csv,AMD Part1,AMD (8).E2E,Image 14
AMD (8).E2E_Image 15,Images/Images_Manual/AMD Part1/AMD (8).E2E/2- 25- 2017 9- 21- 50 PM/Image 15.png,Masks/Masks_Manual/Grading_1/AMD Part1/AMD (8).E2E/2- 25- 2017 9- 21- 50 PM/Image 15.png,Boundaries/Boundaries_Manual/Grading_1/AMD Part1/AMD (8).E2E/2- 25- 2017 9- 21- 50 PM/Image 15.csv,AMD Part1,AMD (8).E2E,Image 15
AMD (8).E2E_Image 16,Images/Images_Manual/AMD Part1/AMD (8).E2E/2- 25- 2017 9- 21- 50 PM/Image 16.png,Masks/Masks_Manual/Grading_1/AMD Part1/AMD (8).E2E/2- 25- 2017 9- 21- 50 PM/Image 16.png,Boundaries/Boundaries_Manual/Grading_1/AMD Part1/AMD (8).E2E/2- 25- 2017 9- 21- 50 PM/Image 16.csv,AMD Part1,AMD (8).E2E,Image 16
AMD (8).E2E_Image 17,Images/Images_Manual/AMD Part1/AMD (8).E2E/2- 25- 2017 9- 21- 50 PM/Image 17.png,Masks/Masks_Manual/Grading_1/AMD Part1/AMD (8).E2E/2- 25- 2017 9- 21- 50 PM/Image 17.png,Boundaries/Boundaries_Manual/Grading_1/AMD Part1/AMD (8).E2E/2- 25- 2017 9- 21- 50 PM/Image 17.csv,AMD Part1,AMD (8).E2E,Image 17
AMD (8).E2E_Image 18,Images/Images_Manual/AMD Part1/AMD (8).E2E/2- 25- 2017 9- 21- 50 PM/Image 18.png,Masks/Masks_Manual/Grading_1/AMD Part1/AMD (8).E2E/2- 25- 2017 9- 21- 50 PM/Image 18.png,Boundaries/Boundaries_Manual/Grading_1/AMD Part1/AMD (8).E2E/2- 25- 2017 9- 21- 50 PM/Image 18.csv,AMD Part1,AMD (8).E2E,Image 18
AMD (8).E2E_Image 19,Images/Images_Manual/AMD Part1/AMD (8).E2E/2- 25- 2017 9- 21- 50 PM/Image 19.png,Masks/Masks_Manual/Grading_1/AMD Part1/AMD (8).E2E/2- 25- 2017 9- 21- 50 PM/Image 19.png,Boundaries/Boundaries_Manual/Grading_1/AMD Part1/AMD (8).E2E/2- 25- 2017 9- 21- 50 PM/Image 19.csv,AMD Part1,AMD (8).E2E,Image 19
AMD (8).E2E_Image 2,Images/Images_Manual/AMD Part1/AMD (8).E2E/2- 25- 2017 9- 21- 50 PM/Image 2.png,Masks/Masks_Manual/Grading_1/AMD Part1/AMD (8).E2E/2- 25- 2017 9- 21- 50 PM/Image 2.png,Boundaries/Boundaries_Manual/Grading_1/AMD Part1/AMD (8).E2E/2- 25- 2017 9- 21- 50 PM/Image 2.csv,AMD Part1,AMD (8).E2E,Image 2
AMD (8).E2E_Image 3,Images/Images_Manual/AMD Part1/AMD (8).E2E/2- 25- 2017 9- 21- 50 PM/Image 3.png,Masks/Masks_Manual/Grading_1/AMD Part1/AMD (8).E2E/2- 25- 2017 9- 21- 50 PM/Image 3.png,Boundaries/Boundaries_Manual/Grading_1/AMD Part1/AMD (8).E2E/2- 25- 2017 9- 21- 50 PM/Image 3.csv,AMD Part1,AMD (8).E2E,Image 3
AMD (8).E2E_Image 4,Images/Images_Manual/AMD Part1/AMD (8).E2E/2- 25- 2017 9- 21- 50 PM/Image 4.png,Masks/Masks_Manual/Grading_1/AMD Part1/AMD (8).E2E/2- 25- 2017 9- 21- 50 PM/Image 4.png,Boundaries/Boundaries_Manual/Grading_1/AMD Part1/AMD (8).E2E/2- 25- 2017 9- 21- 50 PM/Image 4.csv,AMD Part1,AMD (8).E2E,Image 4
AMD (8).E2E_Image 5,Images/Images_Manual/AMD Part1/AMD (8).E2E/2- 25- 2017 9- 21- 50 PM/Image 5.png,Masks/Masks_Manual/Grading_1/AMD Part1/AMD (8).E2E/2- 25- 2017 9- 21- 50 PM/Image 5.png,Boundaries/Boundaries_Manual/Grading_1/AMD Part1/AMD (8).E2E/2- 25- 2017 9- 21- 50 PM/Image 5.csv,AMD Part1,AMD (8).E2E,Image 5
AMD (8).E2E_Image 6,Images/Images_Manual/AMD Part1/AMD (8).E2E/2- 25- 2017 9- 21- 50 PM/Image 6.png,Masks/Masks_Manual/Grading_1/AMD Part1/AMD (8).E2E/2- 25- 2017 9- 21- 50 PM/Image 6.png,Boundaries/Boundaries_Manual/Grading_1/AMD Part1/AMD (8).E2E/2- 25- 2017 9- 21- 50 PM/Image 6.csv,AMD Part1,AMD (8).E2E,Image 6
AMD (8).E2E_Image 7,Images/Images_Manual/AMD Part1/AMD (8).E2E/2- 25- 2017 9- 21- 50 PM/Image 7.png,Masks/Masks_Manual/Grading_1/AMD Part1/AMD (8).E2E/2- 25- 2017 9- 21- 50 PM/Image 7.png,Boundaries/Boundaries_Manual/Grading_1/AMD Part1/AMD (8).E2E/2- 25- 2017 9- 21- 50 PM/Image 7.csv,AMD Part1,AMD (8).E2E,Image 7
AMD (8).E2E_Image 8,Images/Images_Manual/AMD Part1/AMD (8).E2E/2- 25- 2017 9- 21- 50 PM/Image 8.png,Masks/Masks_Manual/Grading_1/AMD Part1/AMD (8).E2E/2- 25- 2017 9- 21- 50 PM/Image 8.png,Boundaries/Boundaries_Manual/Grading_1/AMD Part1/AMD (8).E2E/2- 25- 2017 9- 21- 50 PM/Image 8.csv,AMD Part1,AMD (8).E2E,Image 8
AMD (8).E2E_Image 9,Images/Images_Manual/AMD Part1/AMD (8).E2E/2- 25- 2017 9- 21- 50 PM/Image 9.png,Masks/Masks_Manual/Grading_1/AMD Part1/AMD (8).E2E/2- 25- 2017 9- 21- 50 PM/Image 9.png,Boundaries/Boundaries_Manual/Grading_1/AMD Part1/AMD (8).E2E/2- 25- 2017 9- 21- 50 PM/Image 9.csv,AMD Part1,AMD (8).E2E,Image 9
AMD (48).E2E_Image 1,Images/Images_Manual/AMD Part2/AMD (48).E2E/2- 25- 2017 4- 42- 21 PM/Image 1.png,Masks/Masks_Manual/Grading_1/AMD Part2/AMD (48).E2E/2- 25- 2017 4- 42- 21 PM/Image 1.png,Boundaries/Boundaries_Manual/Grading_1/AMD Part2/AMD (48).E2E/2- 25- 2017 4- 42- 21 PM/Image 1.csv,AMD Part2,AMD (48).E2E,Image 1
AMD (48).E2E_Image 10,Images/Images_Manual/AMD Part2/AMD (48).E2E/2- 25- 2017 4- 42- 21 PM/Image 10.png,Masks/Masks_Manual/Grading_1/AMD Part2/AMD (48).E2E/2- 25- 2017 4- 42- 21 PM/Image 10.png,Boundaries/Boundaries_Manual/Grading_1/AMD Part2/AMD (48).E2E/2- 25- 2017 4- 42- 21 PM/Image 10.csv,AMD Part2,AMD (48).E2E,Image 10
AMD (48).E2E_Image 11,Images/Images_Manual/AMD Part2/AMD (48).E2E/2- 25- 2017 4- 42- 21 PM/Image 11.png,Masks/Masks_Manual/Grading_1/AMD Part2/AMD (48).E2E/2- 25- 2017 4- 42- 21 PM/Image 11.png,Boundaries/Boundaries_Manual/Grading_1/AMD Part2/AMD (48).E2E/2- 25- 2017 4- 42- 21 PM/Image 11.csv,AMD Part2,AMD (48).E2E,Image 11
AMD (48).E2E_Image 12,Images/Images_Manual/AMD Part2/AMD (48).E2E/2- 25- 2017 4- 42- 21 PM/Image 12.png,Masks/Masks_Manual/Grading_1/AMD Part2/AMD (48).E2E/2- 25- 2017 4- 42- 21 PM/Image 12.png,Boundaries/Boundaries_Manual/Grading_1/AMD Part2/AMD (48).E2E/2- 25- 2017 4- 42- 21 PM/Image 12.csv,AMD Part2,AMD (48).E2E,Image 12
AMD (48).E2E_Image 13,Images/Images_Manual/AMD Part2/AMD (48).E2E/2- 25- 2017 4- 42- 21 PM/Image 13.png,Masks/Masks_Manual/Grading_1/AMD Part2/AMD (48).E2E/2- 25- 2017 4- 42- 21 PM/Image 13.png,Boundaries/Boundaries_Manual/Grading_1/AMD Part2/AMD (48).E2E/2- 25- 2017 4- 42- 21 PM/Image 13.csv,AMD Part2,AMD (48).E2E,Image 13
AMD (48).E2E_Image 14,Images/Images_Manual/AMD Part2/AMD (48).E2E/2- 25- 2017 4- 42- 21 PM/Image 14.png,Masks/Masks_Manual/Grading_1/AMD Part2/AMD (48).E2E/2- 25- 2017 4- 42- 21 PM/Image 14.png,Boundaries/Boundaries_Manual/Grading_1/AMD Part2/AMD (48).E2E/2- 25- 2017 4- 42- 21 PM/Image 14.csv,AMD Part2,AMD (48).E2E,Image 14
AMD (48).E2E_Image 15,Images/Images_Manual/AMD Part2/AMD (48).E2E/2- 25- 2017 4- 42- 21 PM/Image 15.png,Masks/Masks_Manual/Grading_1/AMD Part2/AMD (48).E2E/2- 25- 2017 4- 42- 21 PM/Image 15.png,Boundaries/Boundaries_Manual/Grading_1/AMD Part2/AMD (48).E2E/2- 25- 2017 4- 42- 21 PM/Image 15.csv,AMD Part2,AMD (48).E2E,Image 15
AMD (48).E2E_Image 16,Images/Images_Manual/AMD Part2/AMD (48).E2E/2- 25- 2017 4- 42- 21 PM/Image 16.png,Masks/Masks_Manual/Grading_1/AMD Part2/AMD (48).E2E/2- 25- 2017 4- 42- 21 PM/Image 16.png,Boundaries/Boundaries_Manual/Grading_1/AMD Part2/AMD (48).E2E/2- 25- 2017 4- 42- 21 PM/Image 16.csv,AMD Part2,AMD (48).E2E,Image 16
AMD (48).E2E_Image 17,Images/Images_Manual/AMD Part2/AMD (48).E2E/2- 25- 2017 4- 42- 21 PM/Image 17.png,Masks/Masks_Manual/Grading_1/AMD Part2/AMD (48).E2E/2- 25- 2017 4- 42- 21 PM/Image 17.png,Boundaries/Boundaries_Manual/Grading_1/AMD Part2/AMD (48).E2E/2- 25- 2017 4- 42- 21 PM/Image 17.csv,AMD Part2,AMD (48).E2E,Image 17
AMD (48).E2E_Image 18,Images/Images_Manual/AMD Part2/AMD (48).E2E/2- 25- 2017 4- 42- 21 PM/Image 18.png,Masks/Masks_Manual/Grading_1/AMD Part2/AMD (48).E2E/2- 25- 2017 4- 42- 21 PM/Image 18.png,Boundaries/Boundaries_Manual/Grading_1/AMD Part2/AMD (48).E2E/2- 25- 2017 4- 42- 21 PM/Image 18.csv,AMD Part2,AMD (48).E2E,Image 18
AMD (48).E2E_Image 19,Images/Images_Manual/AMD Part2/AMD (48).E2E/2- 25- 2017 4- 42- 21 PM/Image 19.png,Masks/Masks_Manual/Grading_1/AMD Part2/AMD (48).E2E/2- 25- 2017 4- 42- 21 PM/Image 19.png,Boundaries/Boundaries_Manual/Grading_1/AMD Part2/AMD (48).E2E/2- 25- 2017 4- 42- 21 PM/Image 19.csv,AMD Part2,AMD (48).E2E,Image 19
AMD (48).E2E_Image 2,Images/Images_Manual/AMD Part2/AMD (48).E2E/2- 25- 2017 4- 42- 21 PM/Image 2.png,Masks/Masks_Manual/Grading_1/AMD Part2/AMD (48).E2E/2- 25- 2017 4- 42- 21 PM/Image 2.png,Boundaries/Boundaries_Manual/Grading_1/AMD Part2/AMD (48).E2E/2- 25- 2017 4- 42- 21 PM/Image 2.csv,AMD Part2,AMD (48).E2E,Image 2
AMD (48).E2E_Image 3,Images/Images_Manual/AMD Part2/AMD (48).E2E/2- 25- 2017 4- 42- 21 PM/Image 3.png,Masks/Masks_Manual/Grading_1/AMD Part2/AMD (48).E2E/2- 25- 2017 4- 42- 21 PM/Image 3.png,Boundaries/Boundaries_Manual/Grading_1/AMD Part2/AMD (48).E2E/2- 25- 2017 4- 42- 21 PM/Image 3.csv,AMD Part2,AMD (48).E2E,Image 3
AMD (48).E2E_Image 4,Images/Images_Manual/AMD Part2/AMD (48).E2E/2- 25- 2017 4- 42- 21 PM/Image 4.png,Masks/Masks_Manual/Grading_1/AMD Part2/AMD (48).E2E/2- 25- 2017 4- 42- 21 PM/Image 4.png,Boundaries/Boundaries_Manual/Grading_1/AMD Part2/AMD (48).E2E/2- 25- 2017 4- 42- 21 PM/Image 4.csv,AMD Part2,AMD (48).E2E,Image 4
AMD (48).E2E_Image 5,Images/Images_Manual/AMD Part2/AMD (48).E2E/2- 25- 2017 4- 42- 21 PM/Image 5.png,Masks/Masks_Manual/Grading_1/AMD Part2/AMD (48).E2E/2- 25- 2017 4- 42- 21 PM/Image 5.png,Boundaries/Boundaries_Manual/Grading_1/AMD Part2/AMD (48).E2E/2- 25- 2017 4- 42- 21 PM/Image 5.csv,AMD Part2,AMD (48).E2E,Image 5
AMD (48).E2E_Image 6,Images/Images_Manual/AMD Part2/AMD (48).E2E/2- 25- 2017 4- 42- 21 PM/Image 6.png,Masks/Masks_Manual/Grading_1/AMD Part2/AMD (48).E2E/2- 25- 2017 4- 42- 21 PM/Image 6.png,Boundaries/Boundaries_Manual/Grading_1/AMD Part2/AMD (48).E2E/2- 25- 2017 4- 42- 21 PM/Image 6.csv,AMD Part2,AMD (48).E2E,Image 6
AMD (48).E2E_Image 7,Images/Images_Manual/AMD Part2/AMD (48).E2E/2- 25- 2017 4- 42- 21 PM/Image 7.png,Masks/Masks_Manual/Grading_1/AMD Part2/AMD (48).E2E/2- 25- 2017 4- 42- 21 PM/Image 7.png,Boundaries/Boundaries_Manual/Grading_1/AMD Part2/AMD (48).E2E/2- 25- 2017 4- 42- 21 PM/Image 7.csv,AMD Part2,AMD (48).E2E,Image 7
AMD (48).E2E_Image 8,Images/Images_Manual/AMD Part2/AMD (48).E2E/2- 25- 2017 4- 42- 21 PM/Image 8.png,Masks/Masks_Manual/Grading_1/AMD Part2/AMD (48).E2E/2- 25- 2017 4- 42- 21 PM/Image 8.png,Boundaries/Boundaries_Manual/Grading_1/AMD Part2/AMD (48).E2E/2- 25- 2017 4- 42- 21 PM/Image 8.csv,AMD Part2,AMD (48).E2E,Image 8
AMD (48).E2E_Image 9,Images/Images_Manual/AMD Part2/AMD (48).E2E/2- 25- 2017 4- 42- 21 PM/Image 9.png,Masks/Masks_Manual/Grading_1/AMD Part2/AMD (48).E2E/2- 25- 2017 4- 42- 21 PM/Image 9.png,Boundaries/Boundaries_Manual/Grading_1/AMD Part2/AMD (48).E2E/2- 25- 2017 4- 42- 21 PM/Image 9.csv,AMD Part2,AMD (48).E2E,Image 9
DME (11).E2E_Image 1,Images/Images_Manual/DME/DME (11).E2E/2- 25- 2017 9- 47- 31 PM/Image 1.png,Masks/Masks_Manual/Grading_1/DME/DME (11).E2E/2- 25- 2017 9- 47- 31 PM/Image 1.png,Boundaries/Boundaries_Manual/Grading_1/DME/DME (11).E2E/2- 25- 2017 9- 47- 31 PM/Image 1.csv,DME,DME (11).E2E,Image 1
DME (11).E2E_Image 10,Images/Images_Manual/DME/DME (11).E2E/2- 25- 2017 9- 47- 31 PM/Image 10.png,Masks/Masks_Manual/Grading_1/DME/DME (11).E2E/2- 25- 2017 9- 47- 31 PM/Image 10.png,Boundaries/Boundaries_Manual/Grading_1/DME/DME (11).E2E/2- 25- 2017 9- 47- 31 PM/Image 10.csv,DME,DME (11).E2E,Image 10
DME (11).E2E_Image 11,Images/Images_Manual/DME/DME (11).E2E/2- 25- 2017 9- 47- 31 PM/Image 11.png,Masks/Masks_Manual/Grading_1/DME/DME (11).E2E/2- 25- 2017 9- 47- 31 PM/Image 11.png,Boundaries/Boundaries_Manual/Grading_1/DME/DME (11).E2E/2- 25- 2017 9- 47- 31 PM/Image 11.csv,DME,DME (11).E2E,Image 11
DME (11).E2E_Image 12,Images/Images_Manual/DME/DME (11).E2E/2- 25- 2017 9- 47- 31 PM/Image 12.png,Masks/Masks_Manual/Grading_1/DME/DME (11).E2E/2- 25- 2017 9- 47- 31 PM/Image 12.png,Boundaries/Boundaries_Manual/Grading_1/DME/DME (11).E2E/2- 25- 2017 9- 47- 31 PM/Image 12.csv,DME,DME (11).E2E,Image 12
DME (11).E2E_Image 13,Images/Images_Manual/DME/DME (11).E2E/2- 25- 2017 9- 47- 31 PM/Image 13.png,Masks/Masks_Manual/Grading_1/DME/DME (11).E2E/2- 25- 2017 9- 47- 31 PM/Image 13.png,Boundaries/Boundaries_Manual/Grading_1/DME/DME (11).E2E/2- 25- 2017 9- 47- 31 PM/Image 13.csv,DME,DME (11).E2E,Image 13
DME (11).E2E_Image 14,Images/Images_Manual/DME/DME (11).E2E/2- 25- 2017 9- 47- 31 PM/Image 14.png,Masks/Masks_Manual/Grading_1/DME/DME (11).E2E/2- 25- 2017 9- 47- 31 PM/Image 14.png,Boundaries/Boundaries_Manual/Grading_1/DME/DME (11).E2E/2- 25- 2017 9- 47- 31 PM/Image 14.csv,DME,DME (11).E2E,Image 14
DME (11).E2E_Image 15,Images/Images_Manual/DME/DME (11).E2E/2- 25- 2017 9- 47- 31 PM/Image 15.png,Masks/Masks_Manual/Grading_1/DME/DME (11).E2E/2- 25- 2017 9- 47- 31 PM/Image 15.png,Boundaries/Boundaries_Manual/Grading_1/DME/DME (11).E2E/2- 25- 2017 9- 47- 31 PM/Image 15.csv,DME,DME (11).E2E,Image 15
DME (11).E2E_Image 16,Images/Images_Manual/DME/DME (11).E2E/2- 25- 2017 9- 47- 31 PM/Image 16.png,Masks/Masks_Manual/Grading_1/DME/DME (11).E2E/2- 25- 2017 9- 47- 31 PM/Image 16.png,Boundaries/Boundaries_Manual/Grading_1/DME/DME (11).E2E/2- 25- 2017 9- 47- 31 PM/Image 16.csv,DME,DME (11).E2E,Image 16
DME (11).E2E_Image 17,Images/Images_Manual/DME/DME (11).E2E/2- 25- 2017 9- 47- 31 PM/Image 17.png,Masks/Masks_Manual/Grading_1/DME/DME (11).E2E/2- 25- 2017 9- 47- 31 PM/Image 17.png,Boundaries/Boundaries_Manual/Grading_1/DME/DME (11).E2E/2- 25- 2017 9- 47- 31 PM/Image 17.csv,DME,DME (11).E2E,Image 17
DME (11).E2E_Image 18,Images/Images_Manual/DME/DME (11).E2E/2- 25- 2017 9- 47- 31 PM/Image 18.png,Masks/Masks_Manual/Grading_1/DME/DME (11).E2E/2- 25- 2017 9- 47- 31 PM/Image 18.png,Boundaries/Boundaries_Manual/Grading_1/DME/DME (11).E2E/2- 25- 2017 9- 47- 31 PM/Image 18.csv,DME,DME (11).E2E,Image 18
DME (11).E2E_Image 19,Images/Images_Manual/DME/DME (11).E2E/2- 25- 2017 9- 47- 31 PM/Image 19.png,Masks/Masks_Manual/Grading_1/DME/DME (11).E2E/2- 25- 2017 9- 47- 31 PM/Image 19.png,Boundaries/Boundaries_Manual/Grading_1/DME/DME (11).E2E/2- 25- 2017 9- 47- 31 PM/Image 19.csv,DME,DME (11).E2E,Image 19
DME (11).E2E_Image 2,Images/Images_Manual/DME/DME (11).E2E/2- 25- 2017 9- 47- 31 PM/Image 2.png,Masks/Masks_Manual/Grading_1/DME/DME (11).E2E/2- 25- 2017 9- 47- 31 PM/Image 2.png,Boundaries/Boundaries_Manual/Grading_1/DME/DME (11).E2E/2- 25- 2017 9- 47- 31 PM/Image 2.csv,DME,DME (11).E2E,Image 2
DME (11).E2E_Image 3,Images/Images_Manual/DME/DME (11).E2E/2- 25- 2017 9- 47- 31 PM/Image 3.png,Masks/Masks_Manual/Grading_1/DME/DME (11).E2E/2- 25- 2017 9- 47- 31 PM/Image 3.png,Boundaries/Boundaries_Manual/Grading_1/DME/DME (11).E2E/2- 25- 2017 9- 47- 31 PM/Image 3.csv,DME,DME (11).E2E,Image 3
DME (11).E2E_Image 4,Images/Images_Manual/DME/DME (11).E2E/2- 25- 2017 9- 47- 31 PM/Image 4.png,Masks/Masks_Manual/Grading_1/DME/DME (11).E2E/2- 25- 2017 9- 47- 31 PM/Image 4.png,Boundaries/Boundaries_Manual/Grading_1/DME/DME (11).E2E/2- 25- 2017 9- 47- 31 PM/Image 4.csv,DME,DME (11).E2E,Image 4
DME (11).E2E_Image 5,Images/Images_Manual/DME/DME (11).E2E/2- 25- 2017 9- 47- 31 PM/Image 5.png,Masks/Masks_Manual/Grading_1/DME/DME (11).E2E/2- 25- 2017 9- 47- 31 PM/Image 5.png,Boundaries/Boundaries_Manual/Grading_1/DME/DME (11).E2E/2- 25- 2017 9- 47- 31 PM/Image 5.csv,DME,DME (11).E2E,Image 5
DME (11).E2E_Image 6,Images/Images_Manual/DME/DME (11).E2E/2- 25- 2017 9- 47- 31 PM/Image 6.png,Masks/Masks_Manual/Grading_1/DME/DME (11).E2E/2- 25- 2017 9- 47- 31 PM/Image 6.png,Boundaries/Boundaries_Manual/Grading_1/DME/DME (11).E2E/2- 25- 2017 9- 47- 31 PM/Image 6.csv,DME,DME (11).E2E,Image 6
DME (11).E2E_Image 7,Images/Images_Manual/DME/DME (11).E2E/2- 25- 2017 9- 47- 31 PM/Image 7.png,Masks/Masks_Manual/Grading_1/DME/DME (11).E2E/2- 25- 2017 9- 47- 31 PM/Image 7.png,Boundaries/Boundaries_Manual/Grading_1/DME/DME (11).E2E/2- 25- 2017 9- 47- 31 PM/Image 7.csv,DME,DME (11).E2E,Image 7
DME (11).E2E_Image 8,Images/Images_Manual/DME/DME (11).E2E/2- 25- 2017 9- 47- 31 PM/Image 8.png,Masks/Masks_Manual/Grading_1/DME/DME (11).E2E/2- 25- 2017 9- 47- 31 PM/Image 8.png,Boundaries/Boundaries_Manual/Grading_1/DME/DME (11).E2E/2- 25- 2017 9- 47- 31 PM/Image 8.csv,DME,DME (11).E2E,Image 8
DME (11).E2E_Image 9,Images/Images_Manual/DME/DME (11).E2E/2- 25- 2017 9- 47- 31 PM/Image 9.png,Masks/Masks_Manual/Grading_1/DME/DME (11).E2E/2- 25- 2017 9- 47- 31 PM/Image 9.png,Boundaries/Boundaries_Manual/Grading_1/DME/DME (11).E2E/2- 25- 2017 9- 47- 31 PM/Image 9.csv,DME,DME (11).E2E,Image 9
DME (14).E2E_Image 1,Images/Images_Manual/DME/DME (14).E2E/2- 25- 2017 9- 51- 49 PM/Image 1.png,Masks/Masks_Manual/Grading_1/DME/DME (14).E2E/2- 25- 2017 9- 51- 49 PM/Image 1.png,Boundaries/Boundaries_Manual/Grading_1/DME/DME (14).E2E/2- 25- 2017 9- 51- 49 PM/Image 1.csv,DME,DME (14).E2E,Image 1
DME (14).E2E_Image 10,Images/Images_Manual/DME/DME (14).E2E/2- 25- 2017 9- 51- 49 PM/Image 10.png,Masks/Masks_Manual/Grading_1/DME/DME (14).E2E/2- 25- 2017 9- 51- 49 PM/Image 10.png,Boundaries/Boundaries_Manual/Grading_1/DME/DME (14).E2E/2- 25- 2017 9- 51- 49 PM/Image 10.csv,DME,DME (14).E2E,Image 10
DME (14).E2E_Image 11,Images/Images_Manual/DME/DME (14).E2E/2- 25- 2017 9- 51- 49 PM/Image 11.png,Masks/Masks_Manual/Grading_1/DME/DME (14).E2E/2- 25- 2017 9- 51- 49 PM/Image 11.png,Boundaries/Boundaries_Manual/Grading_1/DME/DME (14).E2E/2- 25- 2017 9- 51- 49 PM/Image 11.csv,DME,DME (14).E2E,Image 11
DME (14).E2E_Image 12,Images/Images_Manual/DME/DME (14).E2E/2- 25- 2017 9- 51- 49 PM/Image 12.png,Masks/Masks_Manual/Grading_1/DME/DME (14).E2E/2- 25- 2017 9- 51- 49 PM/Image 12.png,Boundaries/Boundaries_Manual/Grading_1/DME/DME (14).E2E/2- 25- 2017 9- 51- 49 PM/Image 12.csv,DME,DME (14).E2E,Image 12
DME (14).E2E_Image 13,Images/Images_Manual/DME/DME (14).E2E/2- 25- 2017 9- 51- 49 PM/Image 13.png,Masks/Masks_Manual/Grading_1/DME/DME (14).E2E/2- 25- 2017 9- 51- 49 PM/Image 13.png,Boundaries/Boundaries_Manual/Grading_1/DME/DME (14).E2E/2- 25- 2017 9- 51- 49 PM/Image 13.csv,DME,DME (14).E2E,Image 13
DME (14).E2E_Image 14,Images/Images_Manual/DME/DME (14).E2E/2- 25- 2017 9- 51- 49 PM/Image 14.png,Masks/Masks_Manual/Grading_1/DME/DME (14).E2E/2- 25- 2017 9- 51- 49 PM/Image 14.png,Boundaries/Boundaries_Manual/Grading_1/DME/DME (14).E2E/2- 25- 2017 9- 51- 49 PM/Image 14.csv,DME,DME (14).E2E,Image 14
DME (14).E2E_Image 15,Images/Images_Manual/DME/DME (14).E2E/2- 25- 2017 9- 51- 49 PM/Image 15.png,Masks/Masks_Manual/Grading_1/DME/DME (14).E2E/2- 25- 2017 9- 51- 49 PM/Image 15.png,Boundaries/Boundaries_Manual/Grading_1/DME/DME (14).E2E/2- 25- 2017 9- 51- 49 PM/Image 15.csv,DME,DME (14).E2E,Image 15
DME (14).E2E_Image 16,Images/Images_Manual/DME/DME (14).E2E/2- 25- 2017 9- 51- 49 PM/Image 16.png,Masks/Masks_Manual/Grading_1/DME/DME (14).E2E/2- 25- 2017 9- 51- 49 PM/Image 16.png,Boundaries/Boundaries_Manual/Grading_1/DME/DME (14).E2E/2- 25- 2017 9- 51- 49 PM/Image 16.csv,DME,DME (14).E2E,Image 16
DME (14).E2E_Image 17,Images/Images_Manual/DME/DME (14).E2E/2- 25- 2017 9- 51- 49 PM/Image 17.png,Masks/Masks_Manual/Grading_1/DME/DME (14).E2E/2- 25- 2017 9- 51- 49 PM/Image 17.png,Boundaries/Boundaries_Manual/Grading_1/DME/DME (14).E2E/2- 25- 2017 9- 51- 49 PM/Image 17.csv,DME,DME (14).E2E,Image 17
DME (14).E2E_Image 18,Images/Images_Manual/DME/DME (14).E2E/2- 25- 2017 9- 51- 49 PM/Image 18.png,Masks/Masks_Manual/Grading_1/DME/DME (14).E2E/2- 25- 2017 9- 51- 49 PM/Image 18.png,Boundaries/Boundaries_Manual/Grading_1/DME/DME (14).E2E/2- 25- 2017 9- 51- 49 PM/Image 18.csv,DME,DME (14).E2E,Image 18
DME (14).E2E_Image 19,Images/Images_Manual/DME/DME (14).E2E/2- 25- 2017 9- 51- 49 PM/Image 19.png,Masks/Masks_Manual/Grading_1/DME/DME (14).E2E/2- 25- 2017 9- 51- 49 PM/Image 19.png,Boundaries/Boundaries_Manual/Grading_1/DME/DME (14).E2E/2- 25- 2017 9- 51- 49 PM/Image 19.csv,DME,DME (14).E2E,Image 19
DME (14).E2E_Image 2,Images/Images_Manual/DME/DME (14).E2E/2- 25- 2017 9- 51- 49 PM/Image 2.png,Masks/Masks_Manual/Grading_1/DME/DME (14).E2E/2- 25- 2017 9- 51- 49 PM/Image 2.png,Boundaries/Boundaries_Manual/Grading_1/DME/DME (14).E2E/2- 25- 2017 9- 51- 49 PM/Image 2.csv,DME,DME (14).E2E,Image 2
DME (14).E2E_Image 3,Images/Images_Manual/DME/DME (14).E2E/2- 25- 2017 9- 51- 49 PM/Image 3.png,Masks/Masks_Manual/Grading_1/DME/DME (14).E2E/2- 25- 2017 9- 51- 49 PM/Image 3.png,Boundaries/Boundaries_Manual/Grading_1/DME/DME (14).E2E/2- 25- 2017 9- 51- 49 PM/Image 3.csv,DME,DME (14).E2E,Image 3
DME (14).E2E_Image 4,Images/Images_Manual/DME/DME (14).E2E/2- 25- 2017 9- 51- 49 PM/Image 4.png,Masks/Masks_Manual/Grading_1/DME/DME (14).E2E/2- 25- 2017 9- 51- 49 PM/Image 4.png,Boundaries/Boundaries_Manual/Grading_1/DME/DME (14).E2E/2- 25- 2017 9- 51- 49 PM/Image 4.csv,DME,DME (14).E2E,Image 4
DME (14).E2E_Image 5,Images/Images_Manual/DME/DME (14).E2E/2- 25- 2017 9- 51- 49 PM/Image 5.png,Masks/Masks_Manual/Grading_1/DME/DME (14).E2E/2- 25- 2017 9- 51- 49 PM/Image 5.png,Boundaries/Boundaries_Manual/Grading_1/DME/DME (14).E2E/2- 25- 2017 9- 51- 49 PM/Image 5.csv,DME,DME (14).E2E,Image 5
DME (14).E2E_Image 6,Images/Images_Manual/DME/DME (14).E2E/2- 25- 2017 9- 51- 49 PM/Image 6.png,Masks/Masks_Manual/Grading_1/DME/DME (14).E2E/2- 25- 2017 9- 51- 49 PM/Image 6.png,Boundaries/Boundaries_Manual/Grading_1/DME/DME (14).E2E/2- 25- 2017 9- 51- 49 PM/Image 6.csv,DME,DME (14).E2E,Image 6
DME (14).E2E_Image 7,Images/Images_Manual/DME/DME (14).E2E/2- 25- 2017 9- 51- 49 PM/Image 7.png,Masks/Masks_Manual/Grading_1/DME/DME (14).E2E/2- 25- 2017 9- 51- 49 PM/Image 7.png,Boundaries/Boundaries_Manual/Grading_1/DME/DME (14).E2E/2- 25- 2017 9- 51- 49 PM/Image 7.csv,DME,DME (14).E2E,Image 7
DME (14).E2E_Image 8,Images/Images_Manual/DME/DME (14).E2E/2- 25- 2017 9- 51- 49 PM/Image 8.png,Masks/Masks_Manual/Grading_1/DME/DME (14).E2E/2- 25- 2017 9- 51- 49 PM/Image 8.png,Boundaries/Boundaries_Manual/Grading_1/DME/DME (14).E2E/2- 25- 2017 9- 51- 49 PM/Image 8.csv,DME,DME (14).E2E,Image 8
DME (14).E2E_Image 9,Images/Images_Manual/DME/DME (14).E2E/2- 25- 2017 9- 51- 49 PM/Image 9.png,Masks/Masks_Manual/Grading_1/DME/DME (14).E2E/2- 25- 2017 9- 51- 49 PM/Image 9.png,Boundaries/Boundaries_Manual/Grading_1/DME/DME (14).E2E/2- 25- 2017 9- 51- 49 PM/Image 9.csv,DME,DME (14).E2E,Image 9
DME (15).E2E_Image 1,Images/Images_Manual/DME/DME (15).E2E/2- 25- 2017 9- 53- 19 PM/Image 1.png,Masks/Masks_Manual/Grading_1/DME/DME (15).E2E/2- 25- 2017 9- 53- 19 PM/Image 1.png,Boundaries/Boundaries_Manual/Grading_1/DME/DME (15).E2E/2- 25- 2017 9- 53- 19 PM/Image 1.csv,DME,DME (15).E2E,Image 1
DME (15).E2E_Image 10,Images/Images_Manual/DME/DME (15).E2E/2- 25- 2017 9- 53- 19 PM/Image 10.png,Masks/Masks_Manual/Grading_1/DME/DME (15).E2E/2- 25- 2017 9- 53- 19 PM/Image 10.png,Boundaries/Boundaries_Manual/Grading_1/DME/DME (15).E2E/2- 25- 2017 9- 53- 19 PM/Image 10.csv,DME,DME (15).E2E,Image 10
DME (15).E2E_Image 11,Images/Images_Manual/DME/DME (15).E2E/2- 25- 2017 9- 53- 19 PM/Image 11.png,Masks/Masks_Manual/Grading_1/DME/DME (15).E2E/2- 25- 2017 9- 53- 19 PM/Image 11.png,Boundaries/Boundaries_Manual/Grading_1/DME/DME (15).E2E/2- 25- 2017 9- 53- 19 PM/Image 11.csv,DME,DME (15).E2E,Image 11
DME (15).E2E_Image 12,Images/Images_Manual/DME/DME (15).E2E/2- 25- 2017 9- 53- 19 PM/Image 12.png,Masks/Masks_Manual/Grading_1/DME/DME (15).E2E/2- 25- 2017 9- 53- 19 PM/Image 12.png,Boundaries/Boundaries_Manual/Grading_1/DME/DME (15).E2E/2- 25- 2017 9- 53- 19 PM/Image 12.csv,DME,DME (15).E2E,Image 12
DME (15).E2E_Image 13,Images/Images_Manual/DME/DME (15).E2E/2- 25- 2017 9- 53- 19 PM/Image 13.png,Masks/Masks_Manual/Grading_1/DME/DME (15).E2E/2- 25- 2017 9- 53- 19 PM/Image 13.png,Boundaries/Boundaries_Manual/Grading_1/DME/DME (15).E2E/2- 25- 2017 9- 53- 19 PM/Image 13.csv,DME,DME (15).E2E,Image 13
DME (15).E2E_Image 14,Images/Images_Manual/DME/DME (15).E2E/2- 25- 2017 9- 53- 19 PM/Image 14.png,Masks/Masks_Manual/Grading_1/DME/DME (15).E2E/2- 25- 2017 9- 53- 19 PM/Image 14.png,Boundaries/Boundaries_Manual/Grading_1/DME/DME (15).E2E/2- 25- 2017 9- 53- 19 PM/Image 14.csv,DME,DME (15).E2E,Image 14
DME (15).E2E_Image 15,Images/Images_Manual/DME/DME (15).E2E/2- 25- 2017 9- 53- 19 PM/Image 15.png,Masks/Masks_Manual/Grading_1/DME/DME (15).E2E/2- 25- 2017 9- 53- 19 PM/Image 15.png,Boundaries/Boundaries_Manual/Grading_1/DME/DME (15).E2E/2- 25- 2017 9- 53- 19 PM/Image 15.csv,DME,DME (15).E2E,Image 15
DME (15).E2E_Image 16,Images/Images_Manual/DME/DME (15).E2E/2- 25- 2017 9- 53- 19 PM/Image 16.png,Masks/Masks_Manual/Grading_1/DME/DME (15).E2E/2- 25- 2017 9- 53- 19 PM/Image 16.png,Boundaries/Boundaries_Manual/Grading_1/DME/DME (15).E2E/2- 25- 2017 9- 53- 19 PM/Image 16.csv,DME,DME (15).E2E,Image 16
DME (15).E2E_Image 17,Images/Images_Manual/DME/DME (15).E2E/2- 25- 2017 9- 53- 19 PM/Image 17.png,Masks/Masks_Manual/Grading_1/DME/DME (15).E2E/2- 25- 2017 9- 53- 19 PM/Image 17.png,Boundaries/Boundaries_Manual/Grading_1/DME/DME (15).E2E/2- 25- 2017 9- 53- 19 PM/Image 17.csv,DME,DME (15).E2E,Image 17
DME (15).E2E_Image 18,Images/Images_Manual/DME/DME (15).E2E/2- 25- 2017 9- 53- 19 PM/Image 18.png,Masks/Masks_Manual/Grading_1/DME/DME (15).E2E/2- 25- 2017 9- 53- 19 PM/Image 18.png,Boundaries/Boundaries_Manual/Grading_1/DME/DME (15).E2E/2- 25- 2017 9- 53- 19 PM/Image 18.csv,DME,DME (15).E2E,Image 18
DME (15).E2E_Image 19,Images/Images_Manual/DME/DME (15).E2E/2- 25- 2017 9- 53- 19 PM/Image 19.png,Masks/Masks_Manual/Grading_1/DME/DME (15).E2E/2- 25- 2017 9- 53- 19 PM/Image 19.png,Boundaries/Boundaries_Manual/Grading_1/DME/DME (15).E2E/2- 25- 2017 9- 53- 19 PM/Image 19.csv,DME,DME (15).E2E,Image 19
DME (15).E2E_Image 2,Images/Images_Manual/DME/DME (15).E2E/2- 25- 2017 9- 53- 19 PM/Image 2.png,Masks/Masks_Manual/Grading_1/DME/DME (15).E2E/2- 25- 2017 9- 53- 19 PM/Image 2.png,Boundaries/Boundaries_Manual/Grading_1/DME/DME (15).E2E/2- 25- 2017 9- 53- 19 PM/Image 2.csv,DME,DME (15).E2E,Image 2
DME (15).E2E_Image 3,Images/Images_Manual/DME/DME (15).E2E/2- 25- 2017 9- 53- 19 PM/Image 3.png,Masks/Masks_Manual/Grading_1/DME/DME (15).E2E/2- 25- 2017 9- 53- 19 PM/Image 3.png,Boundaries/Boundaries_Manual/Grading_1/DME/DME (15).E2E/2- 25- 2017 9- 53- 19 PM/Image 3.csv,DME,DME (15).E2E,Image 3
DME (15).E2E_Image 4,Images/Images_Manual/DME/DME (15).E2E/2- 25- 2017 9- 53- 19 PM/Image 4.png,Masks/Masks_Manual/Grading_1/DME/DME (15).E2E/2- 25- 2017 9- 53- 19 PM/Image 4.png,Boundaries/Boundaries_Manual/Grading_1/DME/DME (15).E2E/2- 25- 2017 9- 53- 19 PM/Image 4.csv,DME,DME (15).E2E,Image 4
DME (15).E2E_Image 5,Images/Images_Manual/DME/DME (15).E2E/2- 25- 2017 9- 53- 19 PM/Image 5.png,Masks/Masks_Manual/Grading_1/DME/DME (15).E2E/2- 25- 2017 9- 53- 19 PM/Image 5.png,Boundaries/Boundaries_Manual/Grading_1/DME/DME (15).E2E/2- 25- 2017 9- 53- 19 PM/Image 5.csv,DME,DME (15).E2E,Image 5
DME (15).E2E_Image 6,Images/Images_Manual/DME/DME (15).E2E/2- 25- 2017 9- 53- 19 PM/Image 6.png,Masks/Masks_Manual/Grading_1/DME/DME (15).E2E/2- 25- 2017 9- 53- 19 PM/Image 6.png,Boundaries/Boundaries_Manual/Grading_1/DME/DME (15).E2E/2- 25- 2017 9- 53- 19 PM/Image 6.csv,DME,DME (15).E2E,Image 6
DME (15).E2E_Image 7,Images/Images_Manual/DME/DME (15).E2E/2- 25- 2017 9- 53- 19 PM/Image 7.png,Masks/Masks_Manual/Grading_1/DME/DME (15).E2E/2- 25- 2017 9- 53- 19 PM/Image 7.png,Boundaries/Boundaries_Manual/Grading_1/DME/DME (15).E2E/2- 25- 2017 9- 53- 19 PM/Image 7.csv,DME,DME (15).E2E,Image 7
DME (15).E2E_Image 8,Images/Images_Manual/DME/DME (15).E2E/2- 25- 2017 9- 53- 19 PM/Image 8.png,Masks/Masks_Manual/Grading_1/DME/DME (15).E2E/2- 25- 2017 9- 53- 19 PM/Image 8.png,Boundaries/Boundaries_Manual/Grading_1/DME/DME (15).E2E/2- 25- 2017 9- 53- 19 PM/Image 8.csv,DME,DME (15).E2E,Image 8
DME (15).E2E_Image 9,Images/Images_Manual/DME/DME (15).E2E/2- 25- 2017 9- 53- 19 PM/Image 9.png,Masks/Masks_Manual/Grading_1/DME/DME (15).E2E/2- 25- 2017 9- 53- 19 PM/Image 9.png,Boundaries/Boundaries_Manual/Grading_1/DME/DME (15).E2E/2- 25- 2017 9- 53- 19 PM/Image 9.csv,DME,DME (15).E2E,Image 9
DME (17).E2E_Image 1,Images/Images_Manual/DME/DME (17).E2E/2- 25- 2017 9- 55- 34 PM/Image 1.png,Masks/Masks_Manual/Grading_1/DME/DME (17).E2E/2- 25- 2017 9- 55- 34 PM/Image 1.png,Boundaries/Boundaries_Manual/Grading_1/DME/DME (17).E2E/2- 25- 2017 9- 55- 34 PM/Image 1.csv,DME,DME (17).E2E,Image 1
DME (17).E2E_Image 10,Images/Images_Manual/DME/DME (17).E2E/2- 25- 2017 9- 55- 34 PM/Image 10.png,Masks/Masks_Manual/Grading_1/DME/DME (17).E2E/2- 25- 2017 9- 55- 34 PM/Image 10.png,Boundaries/Boundaries_Manual/Grading_1/DME/DME (17).E2E/2- 25- 2017 9- 55- 34 PM/Image 10.csv,DME,DME (17).E2E,Image 10
DME (17).E2E_Image 11,Images/Images_Manual/DME/DME (17).E2E/2- 25- 2017 9- 55- 34 PM/Image 11.png,Masks/Masks_Manual/Grading_1/DME/DME (17).E2E/2- 25- 2017 9- 55- 34 PM/Image 11.png,Boundaries/Boundaries_Manual/Grading_1/DME/DME (17).E2E/2- 25- 2017 9- 55- 34 PM/Image 11.csv,DME,DME (17).E2E,Image 11
DME (17).E2E_Image 12,Images/Images_Manual/DME/DME (17).E2E/2- 25- 2017 9- 55- 34 PM/Image 12.png,Masks/Masks_Manual/Grading_1/DME/DME (17).E2E/2- 25- 2017 9- 55- 34 PM/Image 12.png,Boundaries/Boundaries_Manual/Grading_1/DME/DME (17).E2E/2- 25- 2017 9- 55- 34 PM/Image 12.csv,DME,DME (17).E2E,Image 12
DME (17).E2E_Image 13,Images/Images_Manual/DME/DME (17).E2E/2- 25- 2017 9- 55- 34 PM/Image 13.png,Masks/Masks_Manual/Grading_1/DME/DME (17).E2E/2- 25- 2017 9- 55- 34 PM/Image 13.png,Boundaries/Boundaries_Manual/Grading_1/DME/DME (17).E2E/2- 25- 2017 9- 55- 34 PM/Image 13.csv,DME,DME (17).E2E,Image 13
DME (17).E2E_Image 14,Images/Images_Manual/DME/DME (17).E2E/2- 25- 2017 9- 55- 34 PM/Image 14.png,Masks/Masks_Manual/Grading_1/DME/DME (17).E2E/2- 25- 2017 9- 55- 34 PM/Image 14.png,Boundaries/Boundaries_Manual/Grading_1/DME/DME (17).E2E/2- 25- 2017 9- 55- 34 PM/Image 14.csv,DME,DME (17).E2E,Image 14
DME (17).E2E_Image 15,Images/Images_Manual/DME/DME (17).E2E/2- 25- 2017 9- 55- 34 PM/Image 15.png,Masks/Masks_Manual/Grading_1/DME/DME (17).E2E/2- 25- 2017 9- 55- 34 PM/Image 15.png,Boundaries/Boundaries_Manual/Grading_1/DME/DME (17).E2E/2- 25- 2017 9- 55- 34 PM/Image 15.csv,DME,DME (17).E2E,Image 15
DME (17).E2E_Image 16,Images/Images_Manual/DME/DME (17).E2E/2- 25- 2017 9- 55- 34 PM/Image 16.png,Masks/Masks_Manual/Grading_1/DME/DME (17).E2E/2- 25- 2017 9- 55- 34 PM/Image 16.png,Boundaries/Boundaries_Manual/Grading_1/DME/DME (17).E2E/2- 25- 2017 9- 55- 34 PM/Image 16.csv,DME,DME (17).E2E,Image 16
DME (17).E2E_Image 17,Images/Images_Manual/DME/DME (17).E2E/2- 25- 2017 9- 55- 34 PM/Image 17.png,Masks/Masks_Manual/Grading_1/DME/DME (17).E2E/2- 25- 2017 9- 55- 34 PM/Image 17.png,Boundaries/Boundaries_Manual/Grading_1/DME/DME (17).E2E/2- 25- 2017 9- 55- 34 PM/Image 17.csv,DME,DME (17).E2E,Image 17
DME (17).E2E_Image 18,Images/Images_Manual/DME/DME (17).E2E/2- 25- 2017 9- 55- 34 PM/Image 18.png,Masks/Masks_Manual/Grading_1/DME/DME (17).E2E/2- 25- 2017 9- 55- 34 PM/Image 18.png,Boundaries/Boundaries_Manual/Grading_1/DME/DME (17).E2E/2- 25- 2017 9- 55- 34 PM/Image 18.csv,DME,DME (17).E2E,Image 18
DME (17).E2E_Image 19,Images/Images_Manual/DME/DME (17).E2E/2- 25- 2017 9- 55- 34 PM/Image 19.png,Masks/Masks_Manual/Grading_1/DME/DME (17).E2E/2- 25- 2017 9- 55- 34 PM/Image 19.png,Boundaries/Boundaries_Manual/Grading_1/DME/DME (17).E2E/2- 25- 2017 9- 55- 34 PM/Image 19.csv,DME,DME (17).E2E,Image 19
DME (17).E2E_Image 2,Images/Images_Manual/DME/DME (17).E2E/2- 25- 2017 9- 55- 34 PM/Image 2.png,Masks/Masks_Manual/Grading_1/DME/DME (17).E2E/2- 25- 2017 9- 55- 34 PM/Image 2.png,Boundaries/Boundaries_Manual/Grading_1/DME/DME (17).E2E/2- 25- 2017 9- 55- 34 PM/Image 2.csv,DME,DME (17).E2E,Image 2
DME (17).E2E_Image 3,Images/Images_Manual/DME/DME (17).E2E/2- 25- 2017 9- 55- 34 PM/Image 3.png,Masks/Masks_Manual/Grading_1/DME/DME (17).E2E/2- 25- 2017 9- 55- 34 PM/Image 3.png,Boundaries/Boundaries_Manual/Grading_1/DME/DME (17).E2E/2- 25- 2017 9- 55- 34 PM/Image 3.csv,DME,DME (17).E2E,Image 3
DME (17).E2E_Image 4,Images/Images_Manual/DME/DME (17).E2E/2- 25- 2017 9- 55- 34 PM/Image 4.png,Masks/Masks_Manual/Grading_1/DME/DME (17).E2E/2- 25- 2017 9- 55- 34 PM/Image 4.png,Boundaries/Boundaries_Manual/Grading_1/DME/DME (17).E2E/2- 25- 2017 9- 55- 34 PM/Image 4.csv,DME,DME (17).E2E,Image 4
DME (17).E2E_Image 5,Images/Images_Manual/DME/DME (17).E2E/2- 25- 2017 9- 55- 34 PM/Image 5.png,Masks/Masks_Manual/Grading_1/DME/DME (17).E2E/2- 25- 2017 9- 55- 34 PM/Image 5.png,Boundaries/Boundaries_Manual/Grading_1/DME/DME (17).E2E/2- 25- 2017 9- 55- 34 PM/Image 5.csv,DME,DME (17).E2E,Image 5
DME (17).E2E_Image 6,Images/Images_Manual/DME/DME (17).E2E/2- 25- 2017 9- 55- 34 PM/Image 6.png,Masks/Masks_Manual/Grading_1/DME/DME (17).E2E/2- 25- 2017 9- 55- 34 PM/Image 6.png,Boundaries/Boundaries_Manual/Grading_1/DME/DME (17).E2E/2- 25- 2017 9- 55- 34 PM/Image 6.csv,DME,DME (17).E2E,Image 6
DME (17).E2E_Image 7,Images/Images_Manual/DME/DME (17).E2E/2- 25- 2017 9- 55- 34 PM/Image 7.png,Masks/Masks_Manual/Grading_1/DME/DME (17).E2E/2- 25- 2017 9- 55- 34 PM/Image 7.png,Boundaries/Boundaries_Manual/Grading_1/DME/DME (17).E2E/2- 25- 2017 9- 55- 34 PM/Image 7.csv,DME,DME (17).E2E,Image 7
DME (17).E2E_Image 8,Images/Images_Manual/DME/DME (17).E2E/2- 25- 2017 9- 55- 34 PM/Image 8.png,Masks/Masks_Manual/Grading_1/DME/DME (17).E2E/2- 25- 2017 9- 55- 34 PM/Image 8.png,Boundaries/Boundaries_Manual/Grading_1/DME/DME (17).E2E/2- 25- 2017 9- 55- 34 PM/Image 8.csv,DME,DME (17).E2E,Image 8
DME (17).E2E_Image 9,Images/Images_Manual/DME/DME (17).E2E/2- 25- 2017 9- 55- 34 PM/Image 9.png,Masks/Masks_Manual/Grading_1/DME/DME (17).E2E/2- 25- 2017 9- 55- 34 PM/Image 9.png,Boundaries/Boundaries_Manual/Grading_1/DME/DME (17).E2E/2- 25- 2017 9- 55- 34 PM/Image 9.csv,DME,DME (17).E2E,Image 9
DME (21).E2E_Image 1,Images/Images_Manual/DME/DME (21).E2E/2- 25- 2017 10- 01- 34 PM/Image 1.png,Masks/Masks_Manual/Grading_1/DME/DME (21).E2E/2- 25- 2017 10- 01- 34 PM/Image 1.png,Boundaries/Boundaries_Manual/Grading_1/DME/DME (21).E2E/2- 25- 2017 10- 01- 34 PM/Image 1.csv,DME,DME (21).E2E,Image 1
DME (21).E2E_Image 10,Images/Images_Manual/DME/DME (21).E2E/2- 25- 2017 10- 01- 34 PM/Image 10.png,Masks/Masks_Manual/Grading_1/DME/DME (21).E2E/2- 25- 2017 10- 01- 34 PM/Image 10.png,Boundaries/Boundaries_Manual/Grading_1/DME/DME (21).E2E/2- 25- 2017 10- 01- 34 PM/Image 10.csv,DME,DME (21).E2E,Image 10
DME (21).E2E_Image 11,Images/Images_Manual/DME/DME (21).E2E/2- 25- 2017 10- 01- 34 PM/Image 11.png,Masks/Masks_Manual/Grading_1/DME/DME (21).E2E/2- 25- 2017 10- 01- 34 PM/Image 11.png,Boundaries/Boundaries_Manual/Grading_1/DME/DME (21).E2E/2- 25- 2017 10- 01- 34 PM/Image 11.csv,DME,DME (21).E2E,Image 11
DME (21).E2E_Image 12,Images/Images_Manual/DME/DME (21).E2E/2- 25- 2017 10- 01- 34 PM/Image 12.png,Masks/Masks_Manual/Grading_1/DME/DME (21).E2E/2- 25- 2017 10- 01- 34 PM/Image 12.png,Boundaries/Boundaries_Manual/Grading_1/DME/DME (21).E2E/2- 25- 2017 10- 01- 34 PM/Image 12.csv,DME,DME (21).E2E,Image 12
DME (21).E2E_Image 13,Images/Images_Manual/DME/DME (21).E2E/2- 25- 2017 10- 01- 34 PM/Image 13.png,Masks/Masks_Manual/Grading_1/DME/DME (21).E2E/2- 25- 2017 10- 01- 34 PM/Image 13.png,Boundaries/Boundaries_Manual/Grading_1/DME/DME (21).E2E/2- 25- 2017 10- 01- 34 PM/Image 13.csv,DME,DME (21).E2E,Image 13
DME (21).E2E_Image 14,Images/Images_Manual/DME/DME (21).E2E/2- 25- 2017 10- 01- 34 PM/Image 14.png,Masks/Masks_Manual/Grading_1/DME/DME (21).E2E/2- 25- 2017 10- 01- 34 PM/Image 14.png,Boundaries/Boundaries_Manual/Grading_1/DME/DME (21).E2E/2- 25- 2017 10- 01- 34 PM/Image 14.csv,DME,DME (21).E2E,Image 14
DME (21).E2E_Image 15,Images/Images_Manual/DME/DME (21).E2E/2- 25- 2017 10- 01- 34 PM/Image 15.png,Masks/Masks_Manual/Grading_1/DME/DME (21).E2E/2- 25- 2017 10- 01- 34 PM/Image 15.png,Boundaries/Boundaries_Manual/Grading_1/DME/DME (21).E2E/2- 25- 2017 10- 01- 34 PM/Image 15.csv,DME,DME (21).E2E,Image 15
DME (21).E2E_Image 16,Images/Images_Manual/DME/DME (21).E2E/2- 25- 2017 10- 01- 34 PM/Image 16.png,Masks/Masks_Manual/Grading_1/DME/DME (21).E2E/2- 25- 2017 10- 01- 34 PM/Image 16.png,Boundaries/Boundaries_Manual/Grading_1/DME/DME (21).E2E/2- 25- 2017 10- 01- 34 PM/Image 16.csv,DME,DME (21).E2E,Image 16
DME (21).E2E_Image 17,Images/Images_Manual/DME/DME (21).E2E/2- 25- 2017 10- 01- 34 PM/Image 17.png,Masks/Masks_Manual/Grading_1/DME/DME (21).E2E/2- 25- 2017 10- 01- 34 PM/Image 17.png,Boundaries/Boundaries_Manual/Grading_1/DME/DME (21).E2E/2- 25- 2017 10- 01- 34 PM/Image 17.csv,DME,DME (21).E2E,Image 17
DME (21).E2E_Image 18,Images/Images_Manual/DME/DME (21).E2E/2- 25- 2017 10- 01- 34 PM/Image 18.png,Masks/Masks_Manual/Grading_1/DME/DME (21).E2E/2- 25- 2017 10- 01- 34 PM/Image 18.png,Boundaries/Boundaries_Manual/Grading_1/DME/DME (21).E2E/2- 25- 2017 10- 01- 34 PM/Image 18.csv,DME,DME (21).E2E,Image 18
DME (21).E2E_Image 19,Images/Images_Manual/DME/DME (21).E2E/2- 25- 2017 10- 01- 34 PM/Image 19.png,Masks/Masks_Manual/Grading_1/DME/DME (21).E2E/2- 25- 2017 10- 01- 34 PM/Image 19.png,Boundaries/Boundaries_Manual/Grading_1/DME/DME (21).E2E/2- 25- 2017 10- 01- 34 PM/Image 19.csv,DME,DME (21).E2E,Image 19
DME (21).E2E_Image 2,Images/Images_Manual/DME/DME (21).E2E/2- 25- 2017 10- 01- 34 PM/Image 2.png,Masks/Masks_Manual/Grading_1/DME/DME (21).E2E/2- 25- 2017 10- 01- 34 PM/Image 2.png,Boundaries/Boundaries_Manual/Grading_1/DME/DME (21).E2E/2- 25- 2017 10- 01- 34 PM/Image 2.csv,DME,DME (21).E2E,Image 2
DME (21).E2E_Image 3,Images/Images_Manual/DME/DME (21).E2E/2- 25- 2017 10- 01- 34 PM/Image 3.png,Masks/Masks_Manual/Grading_1/DME/DME (21).E2E/2- 25- 2017 10- 01- 34 PM/Image 3.png,Boundaries/Boundaries_Manual/Grading_1/DME/DME (21).E2E/2- 25- 2017 10- 01- 34 PM/Image 3.csv,DME,DME (21).E2E,Image 3
DME (21).E2E_Image 4,Images/Images_Manual/DME/DME (21).E2E/2- 25- 2017 10- 01- 34 PM/Image 4.png,Masks/Masks_Manual/Grading_1/DME/DME (21).E2E/2- 25- 2017 10- 01- 34 PM/Image 4.png,Boundaries/Boundaries_Manual/Grading_1/DME/DME (21).E2E/2- 25- 2017 10- 01- 34 PM/Image 4.csv,DME,DME (21).E2E,Image 4
DME (21).E2E_Image 5,Images/Images_Manual/DME/DME (21).E2E/2- 25- 2017 10- 01- 34 PM/Image 5.png,Masks/Masks_Manual/Grading_1/DME/DME (21).E2E/2- 25- 2017 10- 01- 34 PM/Image 5.png,Boundaries/Boundaries_Manual/Grading_1/DME/DME (21).E2E/2- 25- 2017 10- 01- 34 PM/Image 5.csv,DME,DME (21).E2E,Image 5
DME (21).E2E_Image 6,Images/Images_Manual/DME/DME (21).E2E/2- 25- 2017 10- 01- 34 PM/Image 6.png,Masks/Masks_Manual/Grading_1/DME/DME (21).E2E/2- 25- 2017 10- 01- 34 PM/Image 6.png,Boundaries/Boundaries_Manual/Grading_1/DME/DME (21).E2E/2- 25- 2017 10- 01- 34 PM/Image 6.csv,DME,DME (21).E2E,Image 6
DME (21).E2E_Image 7,Images/Images_Manual/DME/DME (21).E2E/2- 25- 2017 10- 01- 34 PM/Image 7.png,Masks/Masks_Manual/Grading_1/DME/DME (21).E2E/2- 25- 2017 10- 01- 34 PM/Image 7.png,Boundaries/Boundaries_Manual/Grading_1/DME/DME (21).E2E/2- 25- 2017 10- 01- 34 PM/Image 7.csv,DME,DME (21).E2E,Image 7
DME (21).E2E_Image 8,Images/Images_Manual/DME/DME (21).E2E/2- 25- 2017 10- 01- 34 PM/Image 8.png,Masks/Masks_Manual/Grading_1/DME/DME (21).E2E/2- 25- 2017 10- 01- 34 PM/Image 8.png,Boundaries/Boundaries_Manual/Grading_1/DME/DME (21).E2E/2- 25- 2017 10- 01- 34 PM/Image 8.csv,DME,DME (21).E2E,Image 8
DME (21).E2E_Image 9,Images/Images_Manual/DME/DME (21).E2E/2- 25- 2017 10- 01- 34 PM/Image 9.png,Masks/Masks_Manual/Grading_1/DME/DME (21).E2E/2- 25- 2017 10- 01- 34 PM/Image 9.png,Boundaries/Boundaries_Manual/Grading_1/DME/DME (21).E2E/2- 25- 2017 10- 01- 34 PM/Image 9.csv,DME,DME (21).E2E,Image 9
DME (22).E2E_Image 1,Images/Images_Manual/DME/DME (22).E2E/2- 25- 2017 10- 03- 04 PM/Image 1.png,Masks/Masks_Manual/Grading_1/DME/DME (22).E2E/2- 25- 2017 10- 03- 04 PM/Image 1.png,Boundaries/Boundaries_Manual/Grading_1/DME/DME (22).E2E/2- 25- 2017 10- 03- 04 PM/Image 1.csv,DME,DME (22).E2E,Image 1
DME (22).E2E_Image 10,Images/Images_Manual/DME/DME (22).E2E/2- 25- 2017 10- 03- 04 PM/Image 10.png,Masks/Masks_Manual/Grading_1/DME/DME (22).E2E/2- 25- 2017 10- 03- 04 PM/Image 10.png,Boundaries/Boundaries_Manual/Grading_1/DME/DME (22).E2E/2- 25- 2017 10- 03- 04 PM/Image 10.csv,DME,DME (22).E2E,Image 10
DME (22).E2E_Image 11,Images/Images_Manual/DME/DME (22).E2E/2- 25- 2017 10- 03- 04 PM/Image 11.png,Masks/Masks_Manual/Grading_1/DME/DME (22).E2E/2- 25- 2017 10- 03- 04 PM/Image 11.png,Boundaries/Boundaries_Manual/Grading_1/DME/DME (22).E2E/2- 25- 2017 10- 03- 04 PM/Image 11.csv,DME,DME (22).E2E,Image 11
DME (22).E2E_Image 12,Images/Images_Manual/DME/DME (22).E2E/2- 25- 2017 10- 03- 04 PM/Image 12.png,Masks/Masks_Manual/Grading_1/DME/DME (22).E2E/2- 25- 2017 10- 03- 04 PM/Image 12.png,Boundaries/Boundaries_Manual/Grading_1/DME/DME (22).E2E/2- 25- 2017 10- 03- 04 PM/Image 12.csv,DME,DME (22).E2E,Image 12
DME (22).E2E_Image 13,Images/Images_Manual/DME/DME (22).E2E/2- 25- 2017 10- 03- 04 PM/Image 13.png,Masks/Masks_Manual/Grading_1/DME/DME (22).E2E/2- 25- 2017 10- 03- 04 PM/Image 13.png,Boundaries/Boundaries_Manual/Grading_1/DME/DME (22).E2E/2- 25- 2017 10- 03- 04 PM/Image 13.csv,DME,DME (22).E2E,Image 13
DME (22).E2E_Image 14,Images/Images_Manual/DME/DME (22).E2E/2- 25- 2017 10- 03- 04 PM/Image 14.png,Masks/Masks_Manual/Grading_1/DME/DME (22).E2E/2- 25- 2017 10- 03- 04 PM/Image 14.png,Boundaries/Boundaries_Manual/Grading_1/DME/DME (22).E2E/2- 25- 2017 10- 03- 04 PM/Image 14.csv,DME,DME (22).E2E,Image 14
DME (22).E2E_Image 15,Images/Images_Manual/DME/DME (22).E2E/2- 25- 2017 10- 03- 04 PM/Image 15.png,Masks/Masks_Manual/Grading_1/DME/DME (22).E2E/2- 25- 2017 10- 03- 04 PM/Image 15.png,Boundaries/Boundaries_Manual/Grading_1/DME/DME (22).E2E/2- 25- 2017 10- 03- 04 PM/Image 15.csv,DME,DME (22).E2E,Image 15
DME (22).E2E_Image 16,Images/Images_Manual/DME/DME (22).E2E/2- 25- 2017 10- 03- 04 PM/Image 16.png,Masks/Masks_Manual/Grading_1/DME/DME (22).E2E/2- 25- 2017 10- 03- 04 PM/Image 16.png,Boundaries/Boundaries_Manual/Grading_1/DME/DME (22).E2E/2- 25- 2017 10- 03- 04 PM/Image 16.csv,DME,DME (22).E2E,Image 16
DME (22).E2E_Image 17,Images/Images_Manual/DME/DME (22).E2E/2- 25- 2017 10- 03- 04 PM/Image 17.png,Masks/Masks_Manual/Grading_1/DME/DME (22).E2E/2- 25- 2017 10- 03- 04 PM/Image 17.png,Boundaries/Boundaries_Manual/Grading_1/DME/DME (22).E2E/2- 25- 2017 10- 03- 04 PM/Image 17.csv,DME,DME (22).E2E,Image 17
DME (22).E2E_Image 18,Images/Images_Manual/DME/DME (22).E2E/2- 25- 2017 10- 03- 04 PM/Image 18.png,Masks/Masks_Manual/Grading_1/DME/DME (22).E2E/2- 25- 2017 10- 03- 04 PM/Image 18.png,Boundaries/Boundaries_Manual/Grading_1/DME/DME (22).E2E/2- 25- 2017 10- 03- 04 PM/Image 18.csv,DME,DME (22).E2E,Image 18
DME (22).E2E_Image 19,Images/Images_Manual/DME/DME (22).E2E/2- 25- 2017 10- 03- 04 PM/Image 19.png,Masks/Masks_Manual/Grading_1/DME/DME (22).E2E/2- 25- 2017 10- 03- 04 PM/Image 19.png,Boundaries/Boundaries_Manual/Grading_1/DME/DME (22).E2E/2- 25- 2017 10- 03- 04 PM/Image 19.csv,DME,DME (22).E2E,Image 19
DME (22).E2E_Image 2,Images/Images_Manual/DME/DME (22).E2E/2- 25- 2017 10- 03- 04 PM/Image 2.png,Masks/Masks_Manual/Grading_1/DME/DME (22).E2E/2- 25- 2017 10- 03- 04 PM/Image 2.png,Boundaries/Boundaries_Manual/Grading_1/DME/DME (22).E2E/2- 25- 2017 10- 03- 04 PM/Image 2.csv,DME,DME (22).E2E,Image 2
DME (22).E2E_Image 3,Images/Images_Manual/DME/DME (22).E2E/2- 25- 2017 10- 03- 04 PM/Image 3.png,Masks/Masks_Manual/Grading_1/DME/DME (22).E2E/2- 25- 2017 10- 03- 04 PM/Image 3.png,Boundaries/Boundaries_Manual/Grading_1/DME/DME (22).E2E/2- 25- 2017 10- 03- 04 PM/Image 3.csv,DME,DME (22).E2E,Image 3
DME (22).E2E_Image 4,Images/Images_Manual/DME/DME (22).E2E/2- 25- 2017 10- 03- 04 PM/Image 4.png,Masks/Masks_Manual/Grading_1/DME/DME (22).E2E/2- 25- 2017 10- 03- 04 PM/Image 4.png,Boundaries/Boundaries_Manual/Grading_1/DME/DME (22).E2E/2- 25- 2017 10- 03- 04 PM/Image 4.csv,DME,DME (22).E2E,Image 4
DME (22).E2E_Image 5,Images/Images_Manual/DME/DME (22).E2E/2- 25- 2017 10- 03- 04 PM/Image 5.png,Masks/Masks_Manual/Grading_1/DME/DME (22).E2E/2- 25- 2017 10- 03- 04 PM/Image 5.png,Boundaries/Boundaries_Manual/Grading_1/DME/DME (22).E2E/2- 25- 2017 10- 03- 04 PM/Image 5.csv,DME,DME (22).E2E,Image 5
DME (22).E2E_Image 6,Images/Images_Manual/DME/DME (22).E2E/2- 25- 2017 10- 03- 04 PM/Image 6.png,Masks/Masks_Manual/Grading_1/DME/DME (22).E2E/2- 25- 2017 10- 03- 04 PM/Image 6.png,Boundaries/Boundaries_Manual/Grading_1/DME/DME (22).E2E/2- 25- 2017 10- 03- 04 PM/Image 6.csv,DME,DME (22).E2E,Image 6
DME (22).E2E_Image 7,Images/Images_Manual/DME/DME (22).E2E/2- 25- 2017 10- 03- 04 PM/Image 7.png,Masks/Masks_Manual/Grading_1/DME/DME (22).E2E/2- 25- 2017 10- 03- 04 PM/Image 7.png,Boundaries/Boundaries_Manual/Grading_1/DME/DME (22).E2E/2- 25- 2017 10- 03- 04 PM/Image 7.csv,DME,DME (22).E2E,Image 7
DME (22).E2E_Image 8,Images/Images_Manual/DME/DME (22).E2E/2- 25- 2017 10- 03- 04 PM/Image 8.png,Masks/Masks_Manual/Grading_1/DME/DME (22).E2E/2- 25- 2017 10- 03- 04 PM/Image 8.png,Boundaries/Boundaries_Manual/Grading_1/DME/DME (22).E2E/2- 25- 2017 10- 03- 04 PM/Image 8.csv,DME,DME (22).E2E,Image 8
DME (22).E2E_Image 9,Images/Images_Manual/DME/DME (22).E2E/2- 25- 2017 10- 03- 04 PM/Image 9.png,Masks/Masks_Manual/Grading_1/DME/DME (22).E2E/2- 25- 2017 10- 03- 04 PM/Image 9.png,Boundaries/Boundaries_Manual/Grading_1/DME/DME (22).E2E/2- 25- 2017 10- 03- 04 PM/Image 9.csv,DME,DME (22).E2E,Image 9
DME (28).E2E_Image 1,Images/Images_Manual/DME/DME (28).E2E/2- 25- 2017 10- 12- 57 PM/Image 1.png,Masks/Masks_Manual/Grading_1/DME/DME (28).E2E/2- 25- 2017 10- 12- 57 PM/Image 1.png,Boundaries/Boundaries_Manual/Grading_1/DME/DME (28).E2E/2- 25- 2017 10- 12- 57 PM/Image 1.csv,DME,DME (28).E2E,Image 1
DME (28).E2E_Image 10,Images/Images_Manual/DME/DME (28).E2E/2- 25- 2017 10- 12- 57 PM/Image 10.png,Masks/Masks_Manual/Grading_1/DME/DME (28).E2E/2- 25- 2017 10- 12- 57 PM/Image 10.png,Boundaries/Boundaries_Manual/Grading_1/DME/DME (28).E2E/2- 25- 2017 10- 12- 57 PM/Image 10.csv,DME,DME (28).E2E,Image 10
DME (28).E2E_Image 11,Images/Images_Manual/DME/DME (28).E2E/2- 25- 2017 10- 12- 57 PM/Image 11.png,Masks/Masks_Manual/Grading_1/DME/DME (28).E2E/2- 25- 2017 10- 12- 57 PM/Image 11.png,Boundaries/Boundaries_Manual/Grading_1/DME/DME (28).E2E/2- 25- 2017 10- 12- 57 PM/Image 11.csv,DME,DME (28).E2E,Image 11
DME (28).E2E_Image 12,Images/Images_Manual/DME/DME (28).E2E/2- 25- 2017 10- 12- 57 PM/Image 12.png,Masks/Masks_Manual/Grading_1/DME/DME (28).E2E/2- 25- 2017 10- 12- 57 PM/Image 12.png,Boundaries/Boundaries_Manual/Grading_1/DME/DME (28).E2E/2- 25- 2017 10- 12- 57 PM/Image 12.csv,DME,DME (28).E2E,Image 12
DME (28).E2E_Image 13,Images/Images_Manual/DME/DME (28).E2E/2- 25- 2017 10- 12- 57 PM/Image 13.png,Masks/Masks_Manual/Grading_1/DME/DME (28).E2E/2- 25- 2017 10- 12- 57 PM/Image 13.png,Boundaries/Boundaries_Manual/Grading_1/DME/DME (28).E2E/2- 25- 2017 10- 12- 57 PM/Image 13.csv,DME,DME (28).E2E,Image 13
DME (28).E2E_Image 14,Images/Images_Manual/DME/DME (28).E2E/2- 25- 2017 10- 12- 57 PM/Image 14.png,Masks/Masks_Manual/Grading_1/DME/DME (28).E2E/2- 25- 2017 10- 12- 57 PM/Image 14.png,Boundaries/Boundaries_Manual/Grading_1/DME/DME (28).E2E/2- 25- 2017 10- 12- 57 PM/Image 14.csv,DME,DME (28).E2E,Image 14
DME (28).E2E_Image 15,Images/Images_Manual/DME/DME (28).E2E/2- 25- 2017 10- 12- 57 PM/Image 15.png,Masks/Masks_Manual/Grading_1/DME/DME (28).E2E/2- 25- 2017 10- 12- 57 PM/Image 15.png,Boundaries/Boundaries_Manual/Grading_1/DME/DME (28).E2E/2- 25- 2017 10- 12- 57 PM/Image 15.csv,DME,DME (28).E2E,Image 15
DME (28).E2E_Image 16,Images/Images_Manual/DME/DME (28).E2E/2- 25- 2017 10- 12- 57 PM/Image 16.png,Masks/Masks_Manual/Grading_1/DME/DME (28).E2E/2- 25- 2017 10- 12- 57 PM/Image 16.png,Boundaries/Boundaries_Manual/Grading_1/DME/DME (28).E2E/2- 25- 2017 10- 12- 57 PM/Image 16.csv,DME,DME (28).E2E,Image 16
DME (28).E2E_Image 17,Images/Images_Manual/DME/DME (28).E2E/2- 25- 2017 10- 12- 57 PM/Image 17.png,Masks/Masks_Manual/Grading_1/DME/DME (28).E2E/2- 25- 2017 10- 12- 57 PM/Image 17.png,Boundaries/Boundaries_Manual/Grading_1/DME/DME (28).E2E/2- 25- 2017 10- 12- 57 PM/Image 17.csv,DME,DME (28).E2E,Image 17
DME (28).E2E_Image 18,Images/Images_Manual/DME/DME (28).E2E/2- 25- 2017 10- 12- 57 PM/Image 18.png,Masks/Masks_Manual/Grading_1/DME/DME (28).E2E/2- 25- 2017 10- 12- 57 PM/Image 18.png,Boundaries/Boundaries_Manual/Grading_1/DME/DME (28).E2E/2- 25- 2017 10- 12- 57 PM/Image 18.csv,DME,DME (28).E2E,Image 18
DME (28).E2E_Image 19,Images/Images_Manual/DME/DME (28).E2E/2- 25- 2017 10- 12- 57 PM/Image 19.png,Masks/Masks_Manual/Grading_1/DME/DME (28).E2E/2- 25- 2017 10- 12- 57 PM/Image 19.png,Boundaries/Boundaries_Manual/Grading_1/DME/DME (28).E2E/2- 25- 2017 10- 12- 57 PM/Image 19.csv,DME,DME (28).E2E,Image 19
DME (28).E2E_Image 2,Images/Images_Manual/DME/DME (28).E2E/2- 25- 2017 10- 12- 57 PM/Image 2.png,Masks/Masks_Manual/Grading_1/DME/DME (28).E2E/2- 25- 2017 10- 12- 57 PM/Image 2.png,Boundaries/Boundaries_Manual/Grading_1/DME/DME (28).E2E/2- 25- 2017 10- 12- 57 PM/Image 2.csv,DME,DME (28).E2E,Image 2
DME (28).E2E_Image 3,Images/Images_Manual/DME/DME (28).E2E/2- 25- 2017 10- 12- 57 PM/Image 3.png,Masks/Masks_Manual/Grading_1/DME/DME (28).E2E/2- 25- 2017 10- 12- 57 PM/Image 3.png,Boundaries/Boundaries_Manual/Grading_1/DME/DME (28).E2E/2- 25- 2017 10- 12- 57 PM/Image 3.csv,DME,DME (28).E2E,Image 3
DME (28).E2E_Image 4,Images/Images_Manual/DME/DME (28).E2E/2- 25- 2017 10- 12- 57 PM/Image 4.png,Masks/Masks_Manual/Grading_1/DME/DME (28).E2E/2- 25- 2017 10- 12- 57 PM/Image 4.png,Boundaries/Boundaries_Manual/Grading_1/DME/DME (28).E2E/2- 25- 2017 10- 12- 57 PM/Image 4.csv,DME,DME (28).E2E,Image 4
DME (28).E2E_Image 5,Images/Images_Manual/DME/DME (28).E2E/2- 25- 2017 10- 12- 57 PM/Image 5.png,Masks/Masks_Manual/Grading_1/DME/DME (28).E2E/2- 25- 2017 10- 12- 57 PM/Image 5.png,Boundaries/Boundaries_Manual/Grading_1/DME/DME (28).E2E/2- 25- 2017 10- 12- 57 PM/Image 5.csv,DME,DME (28).E2E,Image 5
DME (28).E2E_Image 6,Images/Images_Manual/DME/DME (28).E2E/2- 25- 2017 10- 12- 57 PM/Image 6.png,Masks/Masks_Manual/Grading_1/DME/DME (28).E2E/2- 25- 2017 10- 12- 57 PM/Image 6.png,Boundaries/Boundaries_Manual/Grading_1/DME/DME (28).E2E/2- 25- 2017 10- 12- 57 PM/Image 6.csv,DME,DME (28).E2E,Image 6
DME (28).E2E_Image 7,Images/Images_Manual/DME/DME (28).E2E/2- 25- 2017 10- 12- 57 PM/Image 7.png,Masks/Masks_Manual/Grading_1/DME/DME (28).E2E/2- 25- 2017 10- 12- 57 PM/Image 7.png,Boundaries/Boundaries_Manual/Grading_1/DME/DME (28).E2E/2- 25- 2017 10- 12- 57 PM/Image 7.csv,DME,DME (28).E2E,Image 7
DME (28).E2E_Image 8,Images/Images_Manual/DME/DME (28).E2E/2- 25- 2017 10- 12- 57 PM/Image 8.png,Masks/Masks_Manual/Grading_1/DME/DME (28).E2E/2- 25- 2017 10- 12- 57 PM/Image 8.png,Boundaries/Boundaries_Manual/Grading_1/DME/DME (28).E2E/2- 25- 2017 10- 12- 57 PM/Image 8.csv,DME,DME (28).E2E,Image 8
DME (28).E2E_Image 9,Images/Images_Manual/DME/DME (28).E2E/2- 25- 2017 10- 12- 57 PM/Image 9.png,Masks/Masks_Manual/Grading_1/DME/DME (28).E2E/2- 25- 2017 10- 12- 57 PM/Image 9.png,Boundaries/Boundaries_Manual/Grading_1/DME/DME (28).E2E/2- 25- 2017 10- 12- 57 PM/Image 9.csv,DME,DME (28).E2E,Image 9
DME (30).E2E_Image 1,Images/Images_Manual/DME/DME (30).E2E/2- 25- 2017 10- 16- 46 PM/Image 1.png,Masks/Masks_Manual/Grading_1/DME/DME (30).E2E/2- 25- 2017 10- 16- 46 PM/Image 1.png,Boundaries/Boundaries_Manual/Grading_1/DME/DME (30).E2E/2- 25- 2017 10- 16- 46 PM/Image 1.csv,DME,DME (30).E2E,Image 1
DME (30).E2E_Image 10,Images/Images_Manual/DME/DME (30).E2E/2- 25- 2017 10- 16- 46 PM/Image 10.png,Masks/Masks_Manual/Grading_1/DME/DME (30).E2E/2- 25- 2017 10- 16- 46 PM/Image 10.png,Boundaries/Boundaries_Manual/Grading_1/DME/DME (30).E2E/2- 25- 2017 10- 16- 46 PM/Image 10.csv,DME,DME (30).E2E,Image 10
DME (30).E2E_Image 11,Images/Images_Manual/DME/DME (30).E2E/2- 25- 2017 10- 16- 46 PM/Image 11.png,Masks/Masks_Manual/Grading_1/DME/DME (30).E2E/2- 25- 2017 10- 16- 46 PM/Image 11.png,Boundaries/Boundaries_Manual/Grading_1/DME/DME (30).E2E/2- 25- 2017 10- 16- 46 PM/Image 11.csv,DME,DME (30).E2E,Image 11
DME (30).E2E_Image 12,Images/Images_Manual/DME/DME (30).E2E/2- 25- 2017 10- 16- 46 PM/Image 12.png,Masks/Masks_Manual/Grading_1/DME/DME (30).E2E/2- 25- 2017 10- 16- 46 PM/Image 12.png,Boundaries/Boundaries_Manual/Grading_1/DME/DME (30).E2E/2- 25- 2017 10- 16- 46 PM/Image 12.csv,DME,DME (30).E2E,Image 12
DME (30).E2E_Image 13,Images/Images_Manual/DME/DME (30).E2E/2- 25- 2017 10- 16- 46 PM/Image 13.png,Masks/Masks_Manual/Grading_1/DME/DME (30).E2E/2- 25- 2017 10- 16- 46 PM/Image 13.png,Boundaries/Boundaries_Manual/Grading_1/DME/DME (30).E2E/2- 25- 2017 10- 16- 46 PM/Image 13.csv,DME,DME (30).E2E,Image 13
DME (30).E2E_Image 14,Images/Images_Manual/DME/DME (30).E2E/2- 25- 2017 10- 16- 46 PM/Image 14.png,Masks/Masks_Manual/Grading_1/DME/DME (30).E2E/2- 25- 2017 10- 16- 46 PM/Image 14.png,Boundaries/Boundaries_Manual/Grading_1/DME/DME (30).E2E/2- 25- 2017 10- 16- 46 PM/Image 14.csv,DME,DME (30).E2E,Image 14
DME (30).E2E_Image 15,Images/Images_Manual/DME/DME (30).E2E/2- 25- 2017 10- 16- 46 PM/Image 15.png,Masks/Masks_Manual/Grading_1/DME/DME (30).E2E/2- 25- 2017 10- 16- 46 PM/Image 15.png,Boundaries/Boundaries_Manual/Grading_1/DME/DME (30).E2E/2- 25- 2017 10- 16- 46 PM/Image 15.csv,DME,DME (30).E2E,Image 15
DME (30).E2E_Image 16,Images/Images_Manual/DME/DME (30).E2E/2- 25- 2017 10- 16- 46 PM/Image 16.png,Masks/Masks_Manual/Grading_1/DME/DME (30).E2E/2- 25- 2017 10- 16- 46 PM/Image 16.png,Boundaries/Boundaries_Manual/Grading_1/DME/DME (30).E2E/2- 25- 2017 10- 16- 46 PM/Image 16.csv,DME,DME (30).E2E,Image 16
DME (30).E2E_Image 17,Images/Images_Manual/DME/DME (30).E2E/2- 25- 2017 10- 16- 46 PM/Image 17.png,Masks/Masks_Manual/Grading_1/DME/DME (30).E2E/2- 25- 2017 10- 16- 46 PM/Image 17.png,Boundaries/Boundaries_Manual/Grading_1/DME/DME (30).E2E/2- 25- 2017 10- 16- 46 PM/Image 17.csv,DME,DME (30).E2E,Image 17
DME (30).E2E_Image 18,Images/Images_Manual/DME/DME (30).E2E/2- 25- 2017 10- 16- 46 PM/Image 18.png,Masks/Masks_Manual/Grading_1/DME/DME (30).E2E/2- 25- 2017 10- 16- 46 PM/Image 18.png,Boundaries/Boundaries_Manual/Grading_1/DME/DME (30).E2E/2- 25- 2017 10- 16- 46 PM/Image 18.csv,DME,DME (30).E2E,Image 18
DME (30).E2E_Image 19,Images/Images_Manual/DME/DME (30).E2E/2- 25- 2017 10- 16- 46 PM/Image 19.png,Masks/Masks_Manual/Grading_1/DME/DME (30).E2E/2- 25- 2017 10- 16- 46 PM/Image 19.png,Boundaries/Boundaries_Manual/Grading_1/DME/DME (30).E2E/2- 25- 2017 10- 16- 46 PM/Image 19.csv,DME,DME (30).E2E,Image 19
DME (30).E2E_Image 2,Images/Images_Manual/DME/DME (30).E2E/2- 25- 2017 10- 16- 46 PM/Image 2.png,Masks/Masks_Manual/Grading_1/DME/DME (30).E2E/2- 25- 2017 10- 16- 46 PM/Image 2.png,Boundaries/Boundaries_Manual/Grading_1/DME/DME (30).E2E/2- 25- 2017 10- 16- 46 PM/Image 2.csv,DME,DME (30).E2E,Image 2
DME (30).E2E_Image 3,Images/Images_Manual/DME/DME (30).E2E/2- 25- 2017 10- 16- 46 PM/Image 3.png,Masks/Masks_Manual/Grading_1/DME/DME (30).E2E/2- 25- 2017 10- 16- 46 PM/Image 3.png,Boundaries/Boundaries_Manual/Grading_1/DME/DME (30).E2E/2- 25- 2017 10- 16- 46 PM/Image 3.csv,DME,DME (30).E2E,Image 3
DME (30).E2E_Image 4,Images/Images_Manual/DME/DME (30).E2E/2- 25- 2017 10- 16- 46 PM/Image 4.png,Masks/Masks_Manual/Grading_1/DME/DME (30).E2E/2- 25- 2017 10- 16- 46 PM/Image 4.png,Boundaries/Boundaries_Manual/Grading_1/DME/DME (30).E2E/2- 25- 2017 10- 16- 46 PM/Image 4.csv,DME,DME (30).E2E,Image 4
DME (30).E2E_Image 5,Images/Images_Manual/DME/DME (30).E2E/2- 25- 2017 10- 16- 46 PM/Image 5.png,Masks/Masks_Manual/Grading_1/DME/DME (30).E2E/2- 25- 2017 10- 16- 46 PM/Image 5.png,Boundaries/Boundaries_Manual/Grading_1/DME/DME (30).E2E/2- 25- 2017 10- 16- 46 PM/Image 5.csv,DME,DME (30).E2E,Image 5
DME (30).E2E_Image 6,Images/Images_Manual/DME/DME (30).E2E/2- 25- 2017 10- 16- 46 PM/Image 6.png,Masks/Masks_Manual/Grading_1/DME/DME (30).E2E/2- 25- 2017 10- 16- 46 PM/Image 6.png,Boundaries/Boundaries_Manual/Grading_1/DME/DME (30).E2E/2- 25- 2017 10- 16- 46 PM/Image 6.csv,DME,DME (30).E2E,Image 6
DME (30).E2E_Image 7,Images/Images_Manual/DME/DME (30).E2E/2- 25- 2017 10- 16- 46 PM/Image 7.png,Masks/Masks_Manual/Grading_1/DME/DME (30).E2E/2- 25- 2017 10- 16- 46 PM/Image 7.png,Boundaries/Boundaries_Manual/Grading_1/DME/DME (30).E2E/2- 25- 2017 10- 16- 46 PM/Image 7.csv,DME,DME (30).E2E,Image 7
DME (30).E2E_Image 8,Images/Images_Manual/DME/DME (30).E2E/2- 25- 2017 10- 16- 46 PM/Image 8.png,Masks/Masks_Manual/Grading_1/DME/DME (30).E2E/2- 25- 2017 10- 16- 46 PM/Image 8.png,Boundaries/Boundaries_Manual/Grading_1/DME/DME (30).E2E/2- 25- 2017 10- 16- 46 PM/Image 8.csv,DME,DME (30).E2E,Image 8
DME (30).E2E_Image 9,Images/Images_Manual/DME/DME (30).E2E/2- 25- 2017 10- 16- 46 PM/Image 9.png,Masks/Masks_Manual/Grading_1/DME/DME (30).E2E/2- 25- 2017 10- 16- 46 PM/Image 9.png,Boundaries/Boundaries_Manual/Grading_1/DME/DME (30).E2E/2- 25- 2017 10- 16- 46 PM/Image 9.csv,DME,DME (30).E2E,Image 9
DME (31).E2E_Image 1,Images/Images_Manual/DME/DME (31).E2E/2- 25- 2017 10- 17- 51 PM/Image 1.png,Masks/Masks_Manual/Grading_1/DME/DME (31).E2E/2- 25- 2017 10- 17- 51 PM/Image 1.png,Boundaries/Boundaries_Manual/Grading_1/DME/DME (31).E2E/2- 25- 2017 10- 17- 51 PM/Image 1.csv,DME,DME (31).E2E,Image 1
DME (31).E2E_Image 10,Images/Images_Manual/DME/DME (31).E2E/2- 25- 2017 10- 17- 51 PM/Image 10.png,Masks/Masks_Manual/Grading_1/DME/DME (31).E2E/2- 25- 2017 10- 17- 51 PM/Image 10.png,Boundaries/Boundaries_Manual/Grading_1/DME/DME (31).E2E/2- 25- 2017 10- 17- 51 PM/Image 10.csv,DME,DME (31).E2E,Image 10
DME (31).E2E_Image 11,Images/Images_Manual/DME/DME (31).E2E/2- 25- 2017 10- 17- 51 PM/Image 11.png,Masks/Masks_Manual/Grading_1/DME/DME (31).E2E/2- 25- 2017 10- 17- 51 PM/Image 11.png,Boundaries/Boundaries_Manual/Grading_1/DME/DME (31).E2E/2- 25- 2017 10- 17- 51 PM/Image 11.csv,DME,DME (31).E2E,Image 11
DME (31).E2E_Image 12,Images/Images_Manual/DME/DME (31).E2E/2- 25- 2017 10- 17- 51 PM/Image 12.png,Masks/Masks_Manual/Grading_1/DME/DME (31).E2E/2- 25- 2017 10- 17- 51 PM/Image 12.png,Boundaries/Boundaries_Manual/Grading_1/DME/DME (31).E2E/2- 25- 2017 10- 17- 51 PM/Image 12.csv,DME,DME (31).E2E,Image 12
DME (31).E2E_Image 13,Images/Images_Manual/DME/DME (31).E2E/2- 25- 2017 10- 17- 51 PM/Image 13.png,Masks/Masks_Manual/Grading_1/DME/DME (31).E2E/2- 25- 2017 10- 17- 51 PM/Image 13.png,Boundaries/Boundaries_Manual/Grading_1/DME/DME (31).E2E/2- 25- 2017 10- 17- 51 PM/Image 13.csv,DME,DME (31).E2E,Image 13
DME (31).E2E_Image 14,Images/Images_Manual/DME/DME (31).E2E/2- 25- 2017 10- 17- 51 PM/Image 14.png,Masks/Masks_Manual/Grading_1/DME/DME (31).E2E/2- 25- 2017 10- 17- 51 PM/Image 14.png,Boundaries/Boundaries_Manual/Grading_1/DME/DME (31).E2E/2- 25- 2017 10- 17- 51 PM/Image 14.csv,DME,DME (31).E2E,Image 14
DME (31).E2E_Image 15,Images/Images_Manual/DME/DME (31).E2E/2- 25- 2017 10- 17- 51 PM/Image 15.png,Masks/Masks_Manual/Grading_1/DME/DME (31).E2E/2- 25- 2017 10- 17- 51 PM/Image 15.png,Boundaries/Boundaries_Manual/Grading_1/DME/DME (31).E2E/2- 25- 2017 10- 17- 51 PM/Image 15.csv,DME,DME (31).E2E,Image 15
DME (31).E2E_Image 16,Images/Images_Manual/DME/DME (31).E2E/2- 25- 2017 10- 17- 51 PM/Image 16.png,Masks/Masks_Manual/Grading_1/DME/DME (31).E2E/2- 25- 2017 10- 17- 51 PM/Image 16.png,Boundaries/Boundaries_Manual/Grading_1/DME/DME (31).E2E/2- 25- 2017 10- 17- 51 PM/Image 16.csv,DME,DME (31).E2E,Image 16
DME (31).E2E_Image 17,Images/Images_Manual/DME/DME (31).E2E/2- 25- 2017 10- 17- 51 PM/Image 17.png,Masks/Masks_Manual/Grading_1/DME/DME (31).E2E/2- 25- 2017 10- 17- 51 PM/Image 17.png,Boundaries/Boundaries_Manual/Grading_1/DME/DME (31).E2E/2- 25- 2017 10- 17- 51 PM/Image 17.csv,DME,DME (31).E2E,Image 17
DME (31).E2E_Image 18,Images/Images_Manual/DME/DME (31).E2E/2- 25- 2017 10- 17- 51 PM/Image 18.png,Masks/Masks_Manual/Grading_1/DME/DME (31).E2E/2- 25- 2017 10- 17- 51 PM/Image 18.png,Boundaries/Boundaries_Manual/Grading_1/DME/DME (31).E2E/2- 25- 2017 10- 17- 51 PM/Image 18.csv,DME,DME (31).E2E,Image 18
DME (31).E2E_Image 19,Images/Images_Manual/DME/DME (31).E2E/2- 25- 2017 10- 17- 51 PM/Image 19.png,Masks/Masks_Manual/Grading_1/DME/DME (31).E2E/2- 25- 2017 10- 17- 51 PM/Image 19.png,Boundaries/Boundaries_Manual/Grading_1/DME/DME (31).E2E/2- 25- 2017 10- 17- 51 PM/Image 19.csv,DME,DME (31).E2E,Image 19
DME (31).E2E_Image 2,Images/Images_Manual/DME/DME (31).E2E/2- 25- 2017 10- 17- 51 PM/Image 2.png,Masks/Masks_Manual/Grading_1/DME/DME (31).E2E/2- 25- 2017 10- 17- 51 PM/Image 2.png,Boundaries/Boundaries_Manual/Grading_1/DME/DME (31).E2E/2- 25- 2017 10- 17- 51 PM/Image 2.csv,DME,DME (31).E2E,Image 2
DME (31).E2E_Image 3,Images/Images_Manual/DME/DME (31).E2E/2- 25- 2017 10- 17- 51 PM/Image 3.png,Masks/Masks_Manual/Grading_1/DME/DME (31).E2E/2- 25- 2017 10- 17- 51 PM/Image 3.png,Boundaries/Boundaries_Manual/Grading_1/DME/DME (31).E2E/2- 25- 2017 10- 17- 51 PM/Image 3.csv,DME,DME (31).E2E,Image 3
DME (31).E2E_Image 4,Images/Images_Manual/DME/DME (31).E2E/2- 25- 2017 10- 17- 51 PM/Image 4.png,Masks/Masks_Manual/Grading_1/DME/DME (31).E2E/2- 25- 2017 10- 17- 51 PM/Image 4.png,Boundaries/Boundaries_Manual/Grading_1/DME/DME (31).E2E/2- 25- 2017 10- 17- 51 PM/Image 4.csv,DME,DME (31).E2E,Image 4
DME (31).E2E_Image 5,Images/Images_Manual/DME/DME (31).E2E/2- 25- 2017 10- 17- 51 PM/Image 5.png,Masks/Masks_Manual/Grading_1/DME/DME (31).E2E/2- 25- 2017 10- 17- 51 PM/Image 5.png,Boundaries/Boundaries_Manual/Grading_1/DME/DME (31).E2E/2- 25- 2017 10- 17- 51 PM/Image 5.csv,DME,DME (31).E2E,Image 5
DME (31).E2E_Image 6,Images/Images_Manual/DME/DME (31).E2E/2- 25- 2017 10- 17- 51 PM/Image 6.png,Masks/Masks_Manual/Grading_1/DME/DME (31).E2E/2- 25- 2017 10- 17- 51 PM/Image 6.png,Boundaries/Boundaries_Manual/Grading_1/DME/DME (31).E2E/2- 25- 2017 10- 17- 51 PM/Image 6.csv,DME,DME (31).E2E,Image 6
DME (31).E2E_Image 7,Images/Images_Manual/DME/DME (31).E2E/2- 25- 2017 10- 17- 51 PM/Image 7.png,Masks/Masks_Manual/Grading_1/DME/DME (31).E2E/2- 25- 2017 10- 17- 51 PM/Image 7.png,Boundaries/Boundaries_Manual/Grading_1/DME/DME (31).E2E/2- 25- 2017 10- 17- 51 PM/Image 7.csv,DME,DME (31).E2E,Image 7
DME (31).E2E_Image 8,Images/Images_Manual/DME/DME (31).E2E/2- 25- 2017 10- 17- 51 PM/Image 8.png,Masks/Masks_Manual/Grading_1/DME/DME (31).E2E/2- 25- 2017 10- 17- 51 PM/Image 8.png,Boundaries/Boundaries_Manual/Grading_1/DME/DME (31).E2E/2- 25- 2017 10- 17- 51 PM/Image 8.csv,DME,DME (31).E2E,Image 8
DME (31).E2E_Image 9,Images/Images_Manual/DME/DME (31).E2E/2- 25- 2017 10- 17- 51 PM/Image 9.png,Masks/Masks_Manual/Grading_1/DME/DME (31).E2E/2- 25- 2017 10- 17- 51 PM/Image 9.png,Boundaries/Boundaries_Manual/Grading_1/DME/DME (31).E2E/2- 25- 2017 10- 17- 51 PM/Image 9.csv,DME,DME (31).E2E,Image 9
DME (33).E2E_Image 1,Images/Images_Manual/DME/DME (33).E2E/2- 25- 2017 10- 21- 00 PM/Image 1.png,Masks/Masks_Manual/Grading_1/DME/DME (33).E2E/2- 25- 2017 10- 21- 00 PM/Image 1.png,Boundaries/Boundaries_Manual/Grading_1/DME/DME (33).E2E/2- 25- 2017 10- 21- 00 PM/Image 1.csv,DME,DME (33).E2E,Image 1
DME (33).E2E_Image 10,Images/Images_Manual/DME/DME (33).E2E/2- 25- 2017 10- 21- 00 PM/Image 10.png,Masks/Masks_Manual/Grading_1/DME/DME (33).E2E/2- 25- 2017 10- 21- 00 PM/Image 10.png,Boundaries/Boundaries_Manual/Grading_1/DME/DME (33).E2E/2- 25- 2017 10- 21- 00 PM/Image 10.csv,DME,DME (33).E2E,Image 10
DME (33).E2E_Image 11,Images/Images_Manual/DME/DME (33).E2E/2- 25- 2017 10- 21- 00 PM/Image 11.png,Masks/Masks_Manual/Grading_1/DME/DME (33).E2E/2- 25- 2017 10- 21- 00 PM/Image 11.png,Boundaries/Boundaries_Manual/Grading_1/DME/DME (33).E2E/2- 25- 2017 10- 21- 00 PM/Image 11.csv,DME,DME (33).E2E,Image 11
DME (33).E2E_Image 12,Images/Images_Manual/DME/DME (33).E2E/2- 25- 2017 10- 21- 00 PM/Image 12.png,Masks/Masks_Manual/Grading_1/DME/DME (33).E2E/2- 25- 2017 10- 21- 00 PM/Image 12.png,Boundaries/Boundaries_Manual/Grading_1/DME/DME (33).E2E/2- 25- 2017 10- 21- 00 PM/Image 12.csv,DME,DME (33).E2E,Image 12
DME (33).E2E_Image 13,Images/Images_Manual/DME/DME (33).E2E/2- 25- 2017 10- 21- 00 PM/Image 13.png,Masks/Masks_Manual/Grading_1/DME/DME (33).E2E/2- 25- 2017 10- 21- 00 PM/Image 13.png,Boundaries/Boundaries_Manual/Grading_1/DME/DME (33).E2E/2- 25- 2017 10- 21- 00 PM/Image 13.csv,DME,DME (33).E2E,Image 13
DME (33).E2E_Image 14,Images/Images_Manual/DME/DME (33).E2E/2- 25- 2017 10- 21- 00 PM/Image 14.png,Masks/Masks_Manual/Grading_1/DME/DME (33).E2E/2- 25- 2017 10- 21- 00 PM/Image 14.png,Boundaries/Boundaries_Manual/Grading_1/DME/DME (33).E2E/2- 25- 2017 10- 21- 00 PM/Image 14.csv,DME,DME (33).E2E,Image 14
DME (33).E2E_Image 15,Images/Images_Manual/DME/DME (33).E2E/2- 25- 2017 10- 21- 00 PM/Image 15.png,Masks/Masks_Manual/Grading_1/DME/DME (33).E2E/2- 25- 2017 10- 21- 00 PM/Image 15.png,Boundaries/Boundaries_Manual/Grading_1/DME/DME (33).E2E/2- 25- 2017 10- 21- 00 PM/Image 15.csv,DME,DME (33).E2E,Image 15
DME (33).E2E_Image 16,Images/Images_Manual/DME/DME (33).E2E/2- 25- 2017 10- 21- 00 PM/Image 16.png,Masks/Masks_Manual/Grading_1/DME/DME (33).E2E/2- 25- 2017 10- 21- 00 PM/Image 16.png,Boundaries/Boundaries_Manual/Grading_1/DME/DME (33).E2E/2- 25- 2017 10- 21- 00 PM/Image 16.csv,DME,DME (33).E2E,Image 16
DME (33).E2E_Image 17,Images/Images_Manual/DME/DME (33).E2E/2- 25- 2017 10- 21- 00 PM/Image 17.png,Masks/Masks_Manual/Grading_1/DME/DME (33).E2E/2- 25- 2017 10- 21- 00 PM/Image 17.png,Boundaries/Boundaries_Manual/Grading_1/DME/DME (33).E2E/2- 25- 2017 10- 21- 00 PM/Image 17.csv,DME,DME (33).E2E,Image 17
DME (33).E2E_Image 18,Images/Images_Manual/DME/DME (33).E2E/2- 25- 2017 10- 21- 00 PM/Image 18.png,Masks/Masks_Manual/Grading_1/DME/DME (33).E2E/2- 25- 2017 10- 21- 00 PM/Image 18.png,Boundaries/Boundaries_Manual/Grading_1/DME/DME (33).E2E/2- 25- 2017 10- 21- 00 PM/Image 18.csv,DME,DME (33).E2E,Image 18
DME (33).E2E_Image 19,Images/Images_Manual/DME/DME (33).E2E/2- 25- 2017 10- 21- 00 PM/Image 19.png,Masks/Masks_Manual/Grading_1/DME/DME (33).E2E/2- 25- 2017 10- 21- 00 PM/Image 19.png,Boundaries/Boundaries_Manual/Grading_1/DME/DME (33).E2E/2- 25- 2017 10- 21- 00 PM/Image 19.csv,DME,DME (33).E2E,Image 19
DME (33).E2E_Image 2,Images/Images_Manual/DME/DME (33).E2E/2- 25- 2017 10- 21- 00 PM/Image 2.png,Masks/Masks_Manual/Grading_1/DME/DME (33).E2E/2- 25- 2017 10- 21- 00 PM/Image 2.png,Boundaries/Boundaries_Manual/Grading_1/DME/DME (33).E2E/2- 25- 2017 10- 21- 00 PM/Image 2.csv,DME,DME (33).E2E,Image 2
DME (33).E2E_Image 3,Images/Images_Manual/DME/DME (33).E2E/2- 25- 2017 10- 21- 00 PM/Image 3.png,Masks/Masks_Manual/Grading_1/DME/DME (33).E2E/2- 25- 2017 10- 21- 00 PM/Image 3.png,Boundaries/Boundaries_Manual/Grading_1/DME/DME (33).E2E/2- 25- 2017 10- 21- 00 PM/Image 3.csv,DME,DME (33).E2E,Image 3
DME (33).E2E_Image 4,Images/Images_Manual/DME/DME (33).E2E/2- 25- 2017 10- 21- 00 PM/Image 4.png,Masks/Masks_Manual/Grading_1/DME/DME (33).E2E/2- 25- 2017 10- 21- 00 PM/Image 4.png,Boundaries/Boundaries_Manual/Grading_1/DME/DME (33).E2E/2- 25- 2017 10- 21- 00 PM/Image 4.csv,DME,DME (33).E2E,Image 4
DME (33).E2E_Image 5,Images/Images_Manual/DME/DME (33).E2E/2- 25- 2017 10- 21- 00 PM/Image 5.png,Masks/Masks_Manual/Grading_1/DME/DME (33).E2E/2- 25- 2017 10- 21- 00 PM/Image 5.png,Boundaries/Boundaries_Manual/Grading_1/DME/DME (33).E2E/2- 25- 2017 10- 21- 00 PM/Image 5.csv,DME,DME (33).E2E,Image 5
DME (33).E2E_Image 6,Images/Images_Manual/DME/DME (33).E2E/2- 25- 2017 10- 21- 00 PM/Image 6.png,Masks/Masks_Manual/Grading_1/DME/DME (33).E2E/2- 25- 2017 10- 21- 00 PM/Image 6.png,Boundaries/Boundaries_Manual/Grading_1/DME/DME (33).E2E/2- 25- 2017 10- 21- 00 PM/Image 6.csv,DME,DME (33).E2E,Image 6
DME (33).E2E_Image 7,Images/Images_Manual/DME/DME (33).E2E/2- 25- 2017 10- 21- 00 PM/Image 7.png,Masks/Masks_Manual/Grading_1/DME/DME (33).E2E/2- 25- 2017 10- 21- 00 PM/Image 7.png,Boundaries/Boundaries_Manual/Grading_1/DME/DME (33).E2E/2- 25- 2017 10- 21- 00 PM/Image 7.csv,DME,DME (33).E2E,Image 7
DME (33).E2E_Image 8,Images/Images_Manual/DME/DME (33).E2E/2- 25- 2017 10- 21- 00 PM/Image 8.png,Masks/Masks_Manual/Grading_1/DME/DME (33).E2E/2- 25- 2017 10- 21- 00 PM/Image 8.png,Boundaries/Boundaries_Manual/Grading_1/DME/DME (33).E2E/2- 25- 2017 10- 21- 00 PM/Image 8.csv,DME,DME (33).E2E,Image 8
DME (33).E2E_Image 9,Images/Images_Manual/DME/DME (33).E2E/2- 25- 2017 10- 21- 00 PM/Image 9.png,Masks/Masks_Manual/Grading_1/DME/DME (33).E2E/2- 25- 2017 10- 21- 00 PM/Image 9.png,Boundaries/Boundaries_Manual/Grading_1/DME/DME (33).E2E/2- 25- 2017 10- 21- 00 PM/Image 9.csv,DME,DME (33).E2E,Image 9
DME (4).E2E_Image 1,Images/Images_Manual/DME/DME (4).E2E/2- 25- 2017 9- 38- 17 PM/Image 1.png,Masks/Masks_Manual/Grading_1/DME/DME (4).E2E/2- 25- 2017 9- 38- 17 PM/Image 1.png,Boundaries/Boundaries_Manual/Grading_1/DME/DME (4).E2E/2- 25- 2017 9- 38- 17 PM/Image 1.csv,DME,DME (4).E2E,Image 1
DME (4).E2E_Image 10,Images/Images_Manual/DME/DME (4).E2E/2- 25- 2017 9- 38- 17 PM/Image 10.png,Masks/Masks_Manual/Grading_1/DME/DME (4).E2E/2- 25- 2017 9- 38- 17 PM/Image 10.png,Boundaries/Boundaries_Manual/Grading_1/DME/DME (4).E2E/2- 25- 2017 9- 38- 17 PM/Image 10.csv,DME,DME (4).E2E,Image 10
DME (4).E2E_Image 11,Images/Images_Manual/DME/DME (4).E2E/2- 25- 2017 9- 38- 17 PM/Image 11.png,Masks/Masks_Manual/Grading_1/DME/DME (4).E2E/2- 25- 2017 9- 38- 17 PM/Image 11.png,Boundaries/Boundaries_Manual/Grading_1/DME/DME (4).E2E/2- 25- 2017 9- 38- 17 PM/Image 11.csv,DME,DME (4).E2E,Image 11
DME (4).E2E_Image 12,Images/Images_Manual/DME/DME (4).E2E/2- 25- 2017 9- 38- 17 PM/Image 12.png,Masks/Masks_Manual/Grading_1/DME/DME (4).E2E/2- 25- 2017 9- 38- 17 PM/Image 12.png,Boundaries/Boundaries_Manual/Grading_1/DME/DME (4).E2E/2- 25- 2017 9- 38- 17 PM/Image 12.csv,DME,DME (4).E2E,Image 12
DME (4).E2E_Image 13,Images/Images_Manual/DME/DME (4).E2E/2- 25- 2017 9- 38- 17 PM/Image 13.png,Masks/Masks_Manual/Grading_1/DME/DME (4).E2E/2- 25- 2017 9- 38- 17 PM/Image 13.png,Boundaries/Boundaries_Manual/Grading_1/DME/DME (4).E2E/2- 25- 2017 9- 38- 17 PM/Image 13.csv,DME,DME (4).E2E,Image 13
DME (4).E2E_Image 14,Images/Images_Manual/DME/DME (4).E2E/2- 25- 2017 9- 38- 17 PM/Image 14.png,Masks/Masks_Manual/Grading_1/DME/DME (4).E2E/2- 25- 2017 9- 38- 17 PM/Image 14.png,Boundaries/Boundaries_Manual/Grading_1/DME/DME (4).E2E/2- 25- 2017 9- 38- 17 PM/Image 14.csv,DME,DME (4).E2E,Image 14
DME (4).E2E_Image 15,Images/Images_Manual/DME/DME (4).E2E/2- 25- 2017 9- 38- 17 PM/Image 15.png,Masks/Masks_Manual/Grading_1/DME/DME (4).E2E/2- 25- 2017 9- 38- 17 PM/Image 15.png,Boundaries/Boundaries_Manual/Grading_1/DME/DME (4).E2E/2- 25- 2017 9- 38- 17 PM/Image 15.csv,DME,DME (4).E2E,Image 15
DME (4).E2E_Image 16,Images/Images_Manual/DME/DME (4).E2E/2- 25- 2017 9- 38- 17 PM/Image 16.png,Masks/Masks_Manual/Grading_1/DME/DME (4).E2E/2- 25- 2017 9- 38- 17 PM/Image 16.png,Boundaries/Boundaries_Manual/Grading_1/DME/DME (4).E2E/2- 25- 2017 9- 38- 17 PM/Image 16.csv,DME,DME (4).E2E,Image 16
DME (4).E2E_Image 17,Images/Images_Manual/DME/DME (4).E2E/2- 25- 2017 9- 38- 17 PM/Image 17.png,Masks/Masks_Manual/Grading_1/DME/DME (4).E2E/2- 25- 2017 9- 38- 17 PM/Image 17.png,Boundaries/Boundaries_Manual/Grading_1/DME/DME (4).E2E/2- 25- 2017 9- 38- 17 PM/Image 17.csv,DME,DME (4).E2E,Image 17
DME (4).E2E_Image 18,Images/Images_Manual/DME/DME (4).E2E/2- 25- 2017 9- 38- 17 PM/Image 18.png,Masks/Masks_Manual/Grading_1/DME/DME (4).E2E/2- 25- 2017 9- 38- 17 PM/Image 18.png,Boundaries/Boundaries_Manual/Grading_1/DME/DME (4).E2E/2- 25- 2017 9- 38- 17 PM/Image 18.csv,DME,DME (4).E2E,Image 18
DME (4).E2E_Image 19,Images/Images_Manual/DME/DME (4).E2E/2- 25- 2017 9- 38- 17 PM/Image 19.png,Masks/Masks_Manual/Grading_1/DME/DME (4).E2E/2- 25- 2017 9- 38- 17 PM/Image 19.png,Boundaries/Boundaries_Manual/Grading_1/DME/DME (4).E2E/2- 25- 2017 9- 38- 17 PM/Image 19.csv,DME,DME (4).E2E,Image 19
DME (4).E2E_Image 2,Images/Images_Manual/DME/DME (4).E2E/2- 25- 2017 9- 38- 17 PM/Image 2.png,Masks/Masks_Manual/Grading_1/DME/DME (4).E2E/2- 25- 2017 9- 38- 17 PM/Image 2.png,Boundaries/Boundaries_Manual/Grading_1/DME/DME (4).E2E/2- 25- 2017 9- 38- 17 PM/Image 2.csv,DME,DME (4).E2E,Image 2
DME (4).E2E_Image 3,Images/Images_Manual/DME/DME (4).E2E/2- 25- 2017 9- 38- 17 PM/Image 3.png,Masks/Masks_Manual/Grading_1/DME/DME (4).E2E/2- 25- 2017 9- 38- 17 PM/Image 3.png,Boundaries/Boundaries_Manual/Grading_1/DME/DME (4).E2E/2- 25- 2017 9- 38- 17 PM/Image 3.csv,DME,DME (4).E2E,Image 3
DME (4).E2E_Image 4,Images/Images_Manual/DME/DME (4).E2E/2- 25- 2017 9- 38- 17 PM/Image 4.png,Masks/Masks_Manual/Grading_1/DME/DME (4).E2E/2- 25- 2017 9- 38- 17 PM/Image 4.png,Boundaries/Boundaries_Manual/Grading_1/DME/DME (4).E2E/2- 25- 2017 9- 38- 17 PM/Image 4.csv,DME,DME (4).E2E,Image 4
DME (4).E2E_Image 5,Images/Images_Manual/DME/DME (4).E2E/2- 25- 2017 9- 38- 17 PM/Image 5.png,Masks/Masks_Manual/Grading_1/DME/DME (4).E2E/2- 25- 2017 9- 38- 17 PM/Image 5.png,Boundaries/Boundaries_Manual/Grading_1/DME/DME (4).E2E/2- 25- 2017 9- 38- 17 PM/Image 5.csv,DME,DME (4).E2E,Image 5
DME (4).E2E_Image 6,Images/Images_Manual/DME/DME (4).E2E/2- 25- 2017 9- 38- 17 PM/Image 6.png,Masks/Masks_Manual/Grading_1/DME/DME (4).E2E/2- 25- 2017 9- 38- 17 PM/Image 6.png,Boundaries/Boundaries_Manual/Grading_1/DME/DME (4).E2E/2- 25- 2017 9- 38- 17 PM/Image 6.csv,DME,DME (4).E2E,Image 6
DME (4).E2E_Image 7,Images/Images_Manual/DME/DME (4).E2E/2- 25- 2017 9- 38- 17 PM/Image 7.png,Masks/Masks_Manual/Grading_1/DME/DME (4).E2E/2- 25- 2017 9- 38- 17 PM/Image 7.png,Boundaries/Boundaries_Manual/Grading_1/DME/DME (4).E2E/2- 25- 2017 9- 38- 17 PM/Image 7.csv,DME,DME (4).E2E,Image 7
DME (4).E2E_Image 8,Images/Images_Manual/DME/DME (4).E2E/2- 25- 2017 9- 38- 17 PM/Image 8.png,Masks/Masks_Manual/Grading_1/DME/DME (4).E2E/2- 25- 2017 9- 38- 17 PM/Image 8.png,Boundaries/Boundaries_Manual/Grading_1/DME/DME (4).E2E/2- 25- 2017 9- 38- 17 PM/Image 8.csv,DME,DME (4).E2E,Image 8
DME (4).E2E_Image 9,Images/Images_Manual/DME/DME (4).E2E/2- 25- 2017 9- 38- 17 PM/Image 9.png,Masks/Masks_Manual/Grading_1/DME/DME (4).E2E/2- 25- 2017 9- 38- 17 PM/Image 9.png,Boundaries/Boundaries_Manual/Grading_1/DME/DME (4).E2E/2- 25- 2017 9- 38- 17 PM/Image 9.csv,DME,DME (4).E2E,Image 9
DME (6).E2E_Image 1,Images/Images_Manual/DME/DME (6).E2E/2- 25- 2017 9- 40- 56 PM/Image 1.png,Masks/Masks_Manual/Grading_1/DME/DME (6).E2E/2- 25- 2017 9- 40- 56 PM/Image 1.png,Boundaries/Boundaries_Manual/Grading_1/DME/DME (6).E2E/2- 25- 2017 9- 40- 56 PM/Image 1.csv,DME,DME (6).E2E,Image 1
DME (6).E2E_Image 10,Images/Images_Manual/DME/DME (6).E2E/2- 25- 2017 9- 40- 56 PM/Image 10.png,Masks/Masks_Manual/Grading_1/DME/DME (6).E2E/2- 25- 2017 9- 40- 56 PM/Image 10.png,Boundaries/Boundaries_Manual/Grading_1/DME/DME (6).E2E/2- 25- 2017 9- 40- 56 PM/Image 10.csv,DME,DME (6).E2E,Image 10
DME (6).E2E_Image 11,Images/Images_Manual/DME/DME (6).E2E/2- 25- 2017 9- 40- 56 PM/Image 11.png,Masks/Masks_Manual/Grading_1/DME/DME (6).E2E/2- 25- 2017 9- 40- 56 PM/Image 11.png,Boundaries/Boundaries_Manual/Grading_1/DME/DME (6).E2E/2- 25- 2017 9- 40- 56 PM/Image 11.csv,DME,DME (6).E2E,Image 11
DME (6).E2E_Image 12,Images/Images_Manual/DME/DME (6).E2E/2- 25- 2017 9- 40- 56 PM/Image 12.png,Masks/Masks_Manual/Grading_1/DME/DME (6).E2E/2- 25- 2017 9- 40- 56 PM/Image 12.png,Boundaries/Boundaries_Manual/Grading_1/DME/DME (6).E2E/2- 25- 2017 9- 40- 56 PM/Image 12.csv,DME,DME (6).E2E,Image 12
DME (6).E2E_Image 13,Images/Images_Manual/DME/DME (6).E2E/2- 25- 2017 9- 40- 56 PM/Image 13.png,Masks/Masks_Manual/Grading_1/DME/DME (6).E2E/2- 25- 2017 9- 40- 56 PM/Image 13.png,Boundaries/Boundaries_Manual/Grading_1/DME/DME (6).E2E/2- 25- 2017 9- 40- 56 PM/Image 13.csv,DME,DME (6).E2E,Image 13
DME (6).E2E_Image 14,Images/Images_Manual/DME/DME (6).E2E/2- 25- 2017 9- 40- 56 PM/Image 14.png,Masks/Masks_Manual/Grading_1/DME/DME (6).E2E/2- 25- 2017 9- 40- 56 PM/Image 14.png,Boundaries/Boundaries_Manual/Grading_1/DME/DME (6).E2E/2- 25- 2017 9- 40- 56 PM/Image 14.csv,DME,DME (6).E2E,Image 14
DME (6).E2E_Image 15,Images/Images_Manual/DME/DME (6).E2E/2- 25- 2017 9- 40- 56 PM/Image 15.png,Masks/Masks_Manual/Grading_1/DME/DME (6).E2E/2- 25- 2017 9- 40- 56 PM/Image 15.png,Boundaries/Boundaries_Manual/Grading_1/DME/DME (6).E2E/2- 25- 2017 9- 40- 56 PM/Image 15.csv,DME,DME (6).E2E,Image 15
DME (6).E2E_Image 16,Images/Images_Manual/DME/DME (6).E2E/2- 25- 2017 9- 40- 56 PM/Image 16.png,Masks/Masks_Manual/Grading_1/DME/DME (6).E2E/2- 25- 2017 9- 40- 56 PM/Image 16.png,Boundaries/Boundaries_Manual/Grading_1/DME/DME (6).E2E/2- 25- 2017 9- 40- 56 PM/Image 16.csv,DME,DME (6).E2E,Image 16
DME (6).E2E_Image 17,Images/Images_Manual/DME/DME (6).E2E/2- 25- 2017 9- 40- 56 PM/Image 17.png,Masks/Masks_Manual/Grading_1/DME/DME (6).E2E/2- 25- 2017 9- 40- 56 PM/Image 17.png,Boundaries/Boundaries_Manual/Grading_1/DME/DME (6).E2E/2- 25- 2017 9- 40- 56 PM/Image 17.csv,DME,DME (6).E2E,Image 17
DME (6).E2E_Image 18,Images/Images_Manual/DME/DME (6).E2E/2- 25- 2017 9- 40- 56 PM/Image 18.png,Masks/Masks_Manual/Grading_1/DME/DME (6).E2E/2- 25- 2017 9- 40- 56 PM/Image 18.png,Boundaries/Boundaries_Manual/Grading_1/DME/DME (6).E2E/2- 25- 2017 9- 40- 56 PM/Image 18.csv,DME,DME (6).E2E,Image 18
DME (6).E2E_Image 19,Images/Images_Manual/DME/DME (6).E2E/2- 25- 2017 9- 40- 56 PM/Image 19.png,Masks/Masks_Manual/Grading_1/DME/DME (6).E2E/2- 25- 2017 9- 40- 56 PM/Image 19.png,Boundaries/Boundaries_Manual/Grading_1/DME/DME (6).E2E/2- 25- 2017 9- 40- 56 PM/Image 19.csv,DME,DME (6).E2E,Image 19
DME (6).E2E_Image 2,Images/Images_Manual/DME/DME (6).E2E/2- 25- 2017 9- 40- 56 PM/Image 2.png,Masks/Masks_Manual/Grading_1/DME/DME (6).E2E/2- 25- 2017 9- 40- 56 PM/Image 2.png,Boundaries/Boundaries_Manual/Grading_1/DME/DME (6).E2E/2- 25- 2017 9- 40- 56 PM/Image 2.csv,DME,DME (6).E2E,Image 2
DME (6).E2E_Image 3,Images/Images_Manual/DME/DME (6).E2E/2- 25- 2017 9- 40- 56 PM/Image 3.png,Masks/Masks_Manual/Grading_1/DME/DME (6).E2E/2- 25- 2017 9- 40- 56 PM/Image 3.png,Boundaries/Boundaries_Manual/Grading_1/DME/DME (6).E2E/2- 25- 2017 9- 40- 56 PM/Image 3.csv,DME,DME (6).E2E,Image 3
DME (6).E2E_Image 4,Images/Images_Manual/DME/DME (6).E2E/2- 25- 2017 9- 40- 56 PM/Image 4.png,Masks/Masks_Manual/Grading_1/DME/DME (6).E2E/2- 25- 2017 9- 40- 56 PM/Image 4.png,Boundaries/Boundaries_Manual/Grading_1/DME/DME (6).E2E/2- 25- 2017 9- 40- 56 PM/Image 4.csv,DME,DME (6).E2E,Image 4
DME (6).E2E_Image 5,Images/Images_Manual/DME/DME (6).E2E/2- 25- 2017 9- 40- 56 PM/Image 5.png,Masks/Masks_Manual/Grading_1/DME/DME (6).E2E/2- 25- 2017 9- 40- 56 PM/Image 5.png,Boundaries/Boundaries_Manual/Grading_1/DME/DME (6).E2E/2- 25- 2017 9- 40- 56 PM/Image 5.csv,DME,DME (6).E2E,Image 5
DME (6).E2E_Image 6,Images/Images_Manual/DME/DME (6).E2E/2- 25- 2017 9- 40- 56 PM/Image 6.png,Masks/Masks_Manual/Grading_1/DME/DME (6).E2E/2- 25- 2017 9- 40- 56 PM/Image 6.png,Boundaries/Boundaries_Manual/Grading_1/DME/DME (6).E2E/2- 25- 2017 9- 40- 56 PM/Image 6.csv,DME,DME (6).E2E,Image 6
DME (6).E2E_Image 7,Images/Images_Manual/DME/DME (6).E2E/2- 25- 2017 9- 40- 56 PM/Image 7.png,Masks/Masks_Manual/Grading_1/DME/DME (6).E2E/2- 25- 2017 9- 40- 56 PM/Image 7.png,Boundaries/Boundaries_Manual/Grading_1/DME/DME (6).E2E/2- 25- 2017 9- 40- 56 PM/Image 7.csv,DME,DME (6).E2E,Image 7
DME (6).E2E_Image 8,Images/Images_Manual/DME/DME (6).E2E/2- 25- 2017 9- 40- 56 PM/Image 8.png,Masks/Masks_Manual/Grading_1/DME/DME (6).E2E/2- 25- 2017 9- 40- 56 PM/Image 8.png,Boundaries/Boundaries_Manual/Grading_1/DME/DME (6).E2E/2- 25- 2017 9- 40- 56 PM/Image 8.csv,DME,DME (6).E2E,Image 8
DME (6).E2E_Image 9,Images/Images_Manual/DME/DME (6).E2E/2- 25- 2017 9- 40- 56 PM/Image 9.png,Masks/Masks_Manual/Grading_1/DME/DME (6).E2E/2- 25- 2017 9- 40- 56 PM/Image 9.png,Boundaries/Boundaries_Manual/Grading_1/DME/DME (6).E2E/2- 25- 2017 9- 40- 56 PM/Image 9.csv,DME,DME (6).E2E,Image 9
DME (9).E2E_Image 1,Images/Images_Manual/DME/DME (9).E2E/2- 25- 2017 9- 45- 28 PM/Image 1.png,Masks/Masks_Manual/Grading_1/DME/DME (9).E2E/2- 25- 2017 9- 45- 28 PM/Image 1.png,Boundaries/Boundaries_Manual/Grading_1/DME/DME (9).E2E/2- 25- 2017 9- 45- 28 PM/Image 1.csv,DME,DME (9).E2E,Image 1
DME (9).E2E_Image 10,Images/Images_Manual/DME/DME (9).E2E/2- 25- 2017 9- 45- 28 PM/Image 10.png,Masks/Masks_Manual/Grading_1/DME/DME (9).E2E/2- 25- 2017 9- 45- 28 PM/Image 10.png,Boundaries/Boundaries_Manual/Grading_1/DME/DME (9).E2E/2- 25- 2017 9- 45- 28 PM/Image 10.csv,DME,DME (9).E2E,Image 10
DME (9).E2E_Image 11,Images/Images_Manual/DME/DME (9).E2E/2- 25- 2017 9- 45- 28 PM/Image 11.png,Masks/Masks_Manual/Grading_1/DME/DME (9).E2E/2- 25- 2017 9- 45- 28 PM/Image 11.png,Boundaries/Boundaries_Manual/Grading_1/DME/DME (9).E2E/2- 25- 2017 9- 45- 28 PM/Image 11.csv,DME,DME (9).E2E,Image 11
DME (9).E2E_Image 12,Images/Images_Manual/DME/DME (9).E2E/2- 25- 2017 9- 45- 28 PM/Image 12.png,Masks/Masks_Manual/Grading_1/DME/DME (9).E2E/2- 25- 2017 9- 45- 28 PM/Image 12.png,Boundaries/Boundaries_Manual/Grading_1/DME/DME (9).E2E/2- 25- 2017 9- 45- 28 PM/Image 12.csv,DME,DME (9).E2E,Image 12
DME (9).E2E_Image 13,Images/Images_Manual/DME/DME (9).E2E/2- 25- 2017 9- 45- 28 PM/Image 13.png,Masks/Masks_Manual/Grading_1/DME/DME (9).E2E/2- 25- 2017 9- 45- 28 PM/Image 13.png,Boundaries/Boundaries_Manual/Grading_1/DME/DME (9).E2E/2- 25- 2017 9- 45- 28 PM/Image 13.csv,DME,DME (9).E2E,Image 13
DME (9).E2E_Image 14,Images/Images_Manual/DME/DME (9).E2E/2- 25- 2017 9- 45- 28 PM/Image 14.png,Masks/Masks_Manual/Grading_1/DME/DME (9).E2E/2- 25- 2017 9- 45- 28 PM/Image 14.png,Boundaries/Boundaries_Manual/Grading_1/DME/DME (9).E2E/2- 25- 2017 9- 45- 28 PM/Image 14.csv,DME,DME (9).E2E,Image 14
DME (9).E2E_Image 15,Images/Images_Manual/DME/DME (9).E2E/2- 25- 2017 9- 45- 28 PM/Image 15.png,Masks/Masks_Manual/Grading_1/DME/DME (9).E2E/2- 25- 2017 9- 45- 28 PM/Image 15.png,Boundaries/Boundaries_Manual/Grading_1/DME/DME (9).E2E/2- 25- 2017 9- 45- 28 PM/Image 15.csv,DME,DME (9).E2E,Image 15
DME (9).E2E_Image 16,Images/Images_Manual/DME/DME (9).E2E/2- 25- 2017 9- 45- 28 PM/Image 16.png,Masks/Masks_Manual/Grading_1/DME/DME (9).E2E/2- 25- 2017 9- 45- 28 PM/Image 16.png,Boundaries/Boundaries_Manual/Grading_1/DME/DME (9).E2E/2- 25- 2017 9- 45- 28 PM/Image 16.csv,DME,DME (9).E2E,Image 16
DME (9).E2E_Image 17,Images/Images_Manual/DME/DME (9).E2E/2- 25- 2017 9- 45- 28 PM/Image 17.png,Masks/Masks_Manual/Grading_1/DME/DME (9).E2E/2- 25- 2017 9- 45- 28 PM/Image 17.png,Boundaries/Boundaries_Manual/Grading_1/DME/DME (9).E2E/2- 25- 2017 9- 45- 28 PM/Image 17.csv,DME,DME (9).E2E,Image 17
DME (9).E2E_Image 18,Images/Images_Manual/DME/DME (9).E2E/2- 25- 2017 9- 45- 28 PM/Image 18.png,Masks/Masks_Manual/Grading_1/DME/DME (9).E2E/2- 25- 2017 9- 45- 28 PM/Image 18.png,Boundaries/Boundaries_Manual/Grading_1/DME/DME (9).E2E/2- 25- 2017 9- 45- 28 PM/Image 18.csv,DME,DME (9).E2E,Image 18
DME (9).E2E_Image 19,Images/Images_Manual/DME/DME (9).E2E/2- 25- 2017 9- 45- 28 PM/Image 19.png,Masks/Masks_Manual/Grading_1/DME/DME (9).E2E/2- 25- 2017 9- 45- 28 PM/Image 19.png,Boundaries/Boundaries_Manual/Grading_1/DME/DME (9).E2E/2- 25- 2017 9- 45- 28 PM/Image 19.csv,DME,DME (9).E2E,Image 19
DME (9).E2E_Image 2,Images/Images_Manual/DME/DME (9).E2E/2- 25- 2017 9- 45- 28 PM/Image 2.png,Masks/Masks_Manual/Grading_1/DME/DME (9).E2E/2- 25- 2017 9- 45- 28 PM/Image 2.png,Boundaries/Boundaries_Manual/Grading_1/DME/DME (9).E2E/2- 25- 2017 9- 45- 28 PM/Image 2.csv,DME,DME (9).E2E,Image 2
DME (9).E2E_Image 20,Images/Images_Manual/DME/DME (9).E2E/2- 25- 2017 9- 45- 28 PM/Image 20.png,Masks/Masks_Manual/Grading_1/DME/DME (9).E2E/2- 25- 2017 9- 45- 28 PM/Image 20.png,Boundaries/Boundaries_Manual/Grading_1/DME/DME (9).E2E/2- 25- 2017 9- 45- 28 PM/Image 20.csv,DME,DME (9).E2E,Image 20
DME (9).E2E_Image 21,Images/Images_Manual/DME/DME (9).E2E/2- 25- 2017 9- 45- 28 PM/Image 21.png,Masks/Masks_Manual/Grading_1/DME/DME (9).E2E/2- 25- 2017 9- 45- 28 PM/Image 21.png,Boundaries/Boundaries_Manual/Grading_1/DME/DME (9).E2E/2- 25- 2017 9- 45- 28 PM/Image 21.csv,DME,DME (9).E2E,Image 21
DME (9).E2E_Image 22,Images/Images_Manual/DME/DME (9).E2E/2- 25- 2017 9- 45- 28 PM/Image 22.png,Masks/Masks_Manual/Grading_1/DME/DME (9).E2E/2- 25- 2017 9- 45- 28 PM/Image 22.png,Boundaries/Boundaries_Manual/Grading_1/DME/DME (9).E2E/2- 25- 2017 9- 45- 28 PM/Image 22.csv,DME,DME (9).E2E,Image 22
DME (9).E2E_Image 23,Images/Images_Manual/DME/DME (9).E2E/2- 25- 2017 9- 45- 28 PM/Image 23.png,Masks/Masks_Manual/Grading_1/DME/DME (9).E2E/2- 25- 2017 9- 45- 28 PM/Image 23.png,Boundaries/Boundaries_Manual/Grading_1/DME/DME (9).E2E/2- 25- 2017 9- 45- 28 PM/Image 23.csv,DME,DME (9).E2E,Image 23
DME (9).E2E_Image 24,Images/Images_Manual/DME/DME (9).E2E/2- 25- 2017 9- 45- 28 PM/Image 24.png,Masks/Masks_Manual/Grading_1/DME/DME (9).E2E/2- 25- 2017 9- 45- 28 PM/Image 24.png,Boundaries/Boundaries_Manual/Grading_1/DME/DME (9).E2E/2- 25- 2017 9- 45- 28 PM/Image 24.csv,DME,DME (9).E2E,Image 24
DME (9).E2E_Image 25,Images/Images_Manual/DME/DME (9).E2E/2- 25- 2017 9- 45- 28 PM/Image 25.png,Masks/Masks_Manual/Grading_1/DME/DME (9).E2E/2- 25- 2017 9- 45- 28 PM/Image 25.png,Boundaries/Boundaries_Manual/Grading_1/DME/DME (9).E2E/2- 25- 2017 9- 45- 28 PM/Image 25.csv,DME,DME (9).E2E,Image 25
DME (9).E2E_Image 26,Images/Images_Manual/DME/DME (9).E2E/2- 25- 2017 9- 45- 28 PM/Image 26.png,Masks/Masks_Manual/Grading_1/DME/DME (9).E2E/2- 25- 2017 9- 45- 28 PM/Image 26.png,Boundaries/Boundaries_Manual/Grading_1/DME/DME (9).E2E/2- 25- 2017 9- 45- 28 PM/Image 26.csv,DME,DME (9).E2E,Image 26
DME (9).E2E_Image 27,Images/Images_Manual/DME/DME (9).E2E/2- 25- 2017 9- 45- 28 PM/Image 27.png,Masks/Masks_Manual/Grading_1/DME/DME (9).E2E/2- 25- 2017 9- 45- 28 PM/Image 27.png,Boundaries/Boundaries_Manual/Grading_1/DME/DME (9).E2E/2- 25- 2017 9- 45- 28 PM/Image 27.csv,DME,DME (9).E2E,Image 27
DME (9).E2E_Image 28,Images/Images_Manual/DME/DME (9).E2E/2- 25- 2017 9- 45- 28 PM/Image 28.png,Masks/Masks_Manual/Grading_1/DME/DME (9).E2E/2- 25- 2017 9- 45- 28 PM/Image 28.png,Boundaries/Boundaries_Manual/Grading_1/DME/DME (9).E2E/2- 25- 2017 9- 45- 28 PM/Image 28.csv,DME,DME (9).E2E,Image 28
DME (9).E2E_Image 29,Images/Images_Manual/DME/DME (9).E2E/2- 25- 2017 9- 45- 28 PM/Image 29.png,Masks/Masks_Manual/Grading_1/DME/DME (9).E2E/2- 25- 2017 9- 45- 28 PM/Image 29.png,Boundaries/Boundaries_Manual/Grading_1/DME/DME (9).E2E/2- 25- 2017 9- 45- 28 PM/Image 29.csv,DME,DME (9).E2E,Image 29
DME (9).E2E_Image 3,Images/Images_Manual/DME/DME (9).E2E/2- 25- 2017 9- 45- 28 PM/Image 3.png,Masks/Masks_Manual/Grading_1/DME/DME (9).E2E/2- 25- 2017 9- 45- 28 PM/Image 3.png,Boundaries/Boundaries_Manual/Grading_1/DME/DME (9).E2E/2- 25- 2017 9- 45- 28 PM/Image 3.csv,DME,DME (9).E2E,Image 3
DME (9).E2E_Image 30,Images/Images_Manual/DME/DME (9).E2E/2- 25- 2017 9- 45- 28 PM/Image 30.png,Masks/Masks_Manual/Grading_1/DME/DME (9).E2E/2- 25- 2017 9- 45- 28 PM/Image 30.png,Boundaries/Boundaries_Manual/Grading_1/DME/DME (9).E2E/2- 25- 2017 9- 45- 28 PM/Image 30.csv,DME,DME (9).E2E,Image 30
DME (9).E2E_Image 31,Images/Images_Manual/DME/DME (9).E2E/2- 25- 2017 9- 45- 28 PM/Image 31.png,Masks/Masks_Manual/Grading_1/DME/DME (9).E2E/2- 25- 2017 9- 45- 28 PM/Image 31.png,Boundaries/Boundaries_Manual/Grading_1/DME/DME (9).E2E/2- 25- 2017 9- 45- 28 PM/Image 31.csv,DME,DME (9).E2E,Image 31
DME (9).E2E_Image 32,Images/Images_Manual/DME/DME (9).E2E/2- 25- 2017 9- 45- 28 PM/Image 32.png,Masks/Masks_Manual/Grading_1/DME/DME (9).E2E/2- 25- 2017 9- 45- 28 PM/Image 32.png,Boundaries/Boundaries_Manual/Grading_1/DME/DME (9).E2E/2- 25- 2017 9- 45- 28 PM/Image 32.csv,DME,DME (9).E2E,Image 32
DME (9).E2E_Image 33,Images/Images_Manual/DME/DME (9).E2E/2- 25- 2017 9- 45- 28 PM/Image 33.png,Masks/Masks_Manual/Grading_1/DME/DME (9).E2E/2- 25- 2017 9- 45- 28 PM/Image 33.png,Boundaries/Boundaries_Manual/Grading_1/DME/DME (9).E2E/2- 25- 2017 9- 45- 28 PM/Image 33.csv,DME,DME (9).E2E,Image 33
DME (9).E2E_Image 34,Images/Images_Manual/DME/DME (9).E2E/2- 25- 2017 9- 45- 28 PM/Image 34.png,Masks/Masks_Manual/Grading_1/DME/DME (9).E2E/2- 25- 2017 9- 45- 28 PM/Image 34.png,Boundaries/Boundaries_Manual/Grading_1/DME/DME (9).E2E/2- 25- 2017 9- 45- 28 PM/Image 34.csv,DME,DME (9).E2E,Image 34
DME (9).E2E_Image 35,Images/Images_Manual/DME/DME (9).E2E/2- 25- 2017 9- 45- 28 PM/Image 35.png,Masks/Masks_Manual/Grading_1/DME/DME (9).E2E/2- 25- 2017 9- 45- 28 PM/Image 35.png,Boundaries/Boundaries_Manual/Grading_1/DME/DME (9).E2E/2- 25- 2017 9- 45- 28 PM/Image 35.csv,DME,DME (9).E2E,Image 35
DME (9).E2E_Image 36,Images/Images_Manual/DME/DME (9).E2E/2- 25- 2017 9- 45- 28 PM/Image 36.png,Masks/Masks_Manual/Grading_1/DME/DME (9).E2E/2- 25- 2017 9- 45- 28 PM/Image 36.png,Boundaries/Boundaries_Manual/Grading_1/DME/DME (9).E2E/2- 25- 2017 9- 45- 28 PM/Image 36.csv,DME,DME (9).E2E,Image 36
DME (9).E2E_Image 37,Images/Images_Manual/DME/DME (9).E2E/2- 25- 2017 9- 45- 28 PM/Image 37.png,Masks/Masks_Manual/Grading_1/DME/DME (9).E2E/2- 25- 2017 9- 45- 28 PM/Image 37.png,Boundaries/Boundaries_Manual/Grading_1/DME/DME (9).E2E/2- 25- 2017 9- 45- 28 PM/Image 37.csv,DME,DME (9).E2E,Image 37
DME (9).E2E_Image 38,Images/Images_Manual/DME/DME (9).E2E/2- 25- 2017 9- 45- 28 PM/Image 38.png,Masks/Masks_Manual/Grading_1/DME/DME (9).E2E/2- 25- 2017 9- 45- 28 PM/Image 38.png,Boundaries/Boundaries_Manual/Grading_1/DME/DME (9).E2E/2- 25- 2017 9- 45- 28 PM/Image 38.csv,DME,DME (9).E2E,Image 38
DME (9).E2E_Image 39,Images/Images_Manual/DME/DME (9).E2E/2- 25- 2017 9- 45- 28 PM/Image 39.png,Masks/Masks_Manual/Grading_1/DME/DME (9).E2E/2- 25- 2017 9- 45- 28 PM/Image 39.png,Boundaries/Boundaries_Manual/Grading_1/DME/DME (9).E2E/2- 25- 2017 9- 45- 28 PM/Image 39.csv,DME,DME (9).E2E,Image 39
DME (9).E2E_Image 4,Images/Images_Manual/DME/DME (9).E2E/2- 25- 2017 9- 45- 28 PM/Image 4.png,Masks/Masks_Manual/Grading_1/DME/DME (9).E2E/2- 25- 2017 9- 45- 28 PM/Image 4.png,Boundaries/Boundaries_Manual/Grading_1/DME/DME (9).E2E/2- 25- 2017 9- 45- 28 PM/Image 4.csv,DME,DME (9).E2E,Image 4
DME (9).E2E_Image 40,Images/Images_Manual/DME/DME (9).E2E/2- 25- 2017 9- 45- 28 PM/Image 40.png,Masks/Masks_Manual/Grading_1/DME/DME (9).E2E/2- 25- 2017 9- 45- 28 PM/Image 40.png,Boundaries/Boundaries_Manual/Grading_1/DME/DME (9).E2E/2- 25- 2017 9- 45- 28 PM/Image 40.csv,DME,DME (9).E2E,Image 40
DME (9).E2E_Image 41,Images/Images_Manual/DME/DME (9).E2E/2- 25- 2017 9- 45- 28 PM/Image 41.png,Masks/Masks_Manual/Grading_1/DME/DME (9).E2E/2- 25- 2017 9- 45- 28 PM/Image 41.png,Boundaries/Boundaries_Manual/Grading_1/DME/DME (9).E2E/2- 25- 2017 9- 45- 28 PM/Image 41.csv,DME,DME (9).E2E,Image 41
DME (9).E2E_Image 42,Images/Images_Manual/DME/DME (9).E2E/2- 25- 2017 9- 45- 28 PM/Image 42.png,Masks/Masks_Manual/Grading_1/DME/DME (9).E2E/2- 25- 2017 9- 45- 28 PM/Image 42.png,Boundaries/Boundaries_Manual/Grading_1/DME/DME (9).E2E/2- 25- 2017 9- 45- 28 PM/Image 42.csv,DME,DME (9).E2E,Image 42
DME (9).E2E_Image 43,Images/Images_Manual/DME/DME (9).E2E/2- 25- 2017 9- 45- 28 PM/Image 43.png,Masks/Masks_Manual/Grading_1/DME/DME (9).E2E/2- 25- 2017 9- 45- 28 PM/Image 43.png,Boundaries/Boundaries_Manual/Grading_1/DME/DME (9).E2E/2- 25- 2017 9- 45- 28 PM/Image 43.csv,DME,DME (9).E2E,Image 43
DME (9).E2E_Image 44,Images/Images_Manual/DME/DME (9).E2E/2- 25- 2017 9- 45- 28 PM/Image 44.png,Masks/Masks_Manual/Grading_1/DME/DME (9).E2E/2- 25- 2017 9- 45- 28 PM/Image 44.png,Boundaries/Boundaries_Manual/Grading_1/DME/DME (9).E2E/2- 25- 2017 9- 45- 28 PM/Image 44.csv,DME,DME (9).E2E,Image 44
DME (9).E2E_Image 45,Images/Images_Manual/DME/DME (9).E2E/2- 25- 2017 9- 45- 28 PM/Image 45.png,Masks/Masks_Manual/Grading_1/DME/DME (9).E2E/2- 25- 2017 9- 45- 28 PM/Image 45.png,Boundaries/Boundaries_Manual/Grading_1/DME/DME (9).E2E/2- 25- 2017 9- 45- 28 PM/Image 45.csv,DME,DME (9).E2E,Image 45
DME (9).E2E_Image 46,Images/Images_Manual/DME/DME (9).E2E/2- 25- 2017 9- 45- 28 PM/Image 46.png,Masks/Masks_Manual/Grading_1/DME/DME (9).E2E/2- 25- 2017 9- 45- 28 PM/Image 46.png,Boundaries/Boundaries_Manual/Grading_1/DME/DME (9).E2E/2- 25- 2017 9- 45- 28 PM/Image 46.csv,DME,DME (9).E2E,Image 46
DME (9).E2E_Image 47,Images/Images_Manual/DME/DME (9).E2E/2- 25- 2017 9- 45- 28 PM/Image 47.png,Masks/Masks_Manual/Grading_1/DME/DME (9).E2E/2- 25- 2017 9- 45- 28 PM/Image 47.png,Boundaries/Boundaries_Manual/Grading_1/DME/DME (9).E2E/2- 25- 2017 9- 45- 28 PM/Image 47.csv,DME,DME (9).E2E,Image 47
DME (9).E2E_Image 48,Images/Images_Manual/DME/DME (9).E2E/2- 25- 2017 9- 45- 28 PM/Image 48.png,Masks/Masks_Manual/Grading_1/DME/DME (9).E2E/2- 25- 2017 9- 45- 28 PM/Image 48.png,Boundaries/Boundaries_Manual/Grading_1/DME/DME (9).E2E/2- 25- 2017 9- 45- 28 PM/Image 48.csv,DME,DME (9).E2E,Image 48
DME (9).E2E_Image 49,Images/Images_Manual/DME/DME (9).E2E/2- 25- 2017 9- 45- 28 PM/Image 49.png,Masks/Masks_Manual/Grading_1/DME/DME (9).E2E/2- 25- 2017 9- 45- 28 PM/Image 49.png,Boundaries/Boundaries_Manual/Grading_1/DME/DME (9).E2E/2- 25- 2017 9- 45- 28 PM/Image 49.csv,DME,DME (9).E2E,Image 49
DME (9).E2E_Image 5,Images/Images_Manual/DME/DME (9).E2E/2- 25- 2017 9- 45- 28 PM/Image 5.png,Masks/Masks_Manual/Grading_1/DME/DME (9).E2E/2- 25- 2017 9- 45- 28 PM/Image 5.png,Boundaries/Boundaries_Manual/Grading_1/DME/DME (9).E2E/2- 25- 2017 9- 45- 28 PM/Image 5.csv,DME,DME (9).E2E,Image 5
DME (9).E2E_Image 50,Images/Images_Manual/DME/DME (9).E2E/2- 25- 2017 9- 45- 28 PM/Image 50.png,Masks/Masks_Manual/Grading_1/DME/DME (9).E2E/2- 25- 2017 9- 45- 28 PM/Image 50.png,Boundaries/Boundaries_Manual/Grading_1/DME/DME (9).E2E/2- 25- 2017 9- 45- 28 PM/Image 50.csv,DME,DME (9).E2E,Image 50
DME (9).E2E_Image 51,Images/Images_Manual/DME/DME (9).E2E/2- 25- 2017 9- 45- 28 PM/Image 51.png,Masks/Masks_Manual/Grading_1/DME/DME (9).E2E/2- 25- 2017 9- 45- 28 PM/Image 51.png,Boundaries/Boundaries_Manual/Grading_1/DME/DME (9).E2E/2- 25- 2017 9- 45- 28 PM/Image 51.csv,DME,DME (9).E2E,Image 51
DME (9).E2E_Image 52,Images/Images_Manual/DME/DME (9).E2E/2- 25- 2017 9- 45- 28 PM/Image 52.png,Masks/Masks_Manual/Grading_1/DME/DME (9).E2E/2- 25- 2017 9- 45- 28 PM/Image 52.png,Boundaries/Boundaries_Manual/Grading_1/DME/DME (9).E2E/2- 25- 2017 9- 45- 28 PM/Image 52.csv,DME,DME (9).E2E,Image 52
DME (9).E2E_Image 53,Images/Images_Manual/DME/DME (9).E2E/2- 25- 2017 9- 45- 28 PM/Image 53.png,Masks/Masks_Manual/Grading_1/DME/DME (9).E2E/2- 25- 2017 9- 45- 28 PM/Image 53.png,Boundaries/Boundaries_Manual/Grading_1/DME/DME (9).E2E/2- 25- 2017 9- 45- 28 PM/Image 53.csv,DME,DME (9).E2E,Image 53
DME (9).E2E_Image 54,Images/Images_Manual/DME/DME (9).E2E/2- 25- 2017 9- 45- 28 PM/Image 54.png,Masks/Masks_Manual/Grading_1/DME/DME (9).E2E/2- 25- 2017 9- 45- 28 PM/Image 54.png,Boundaries/Boundaries_Manual/Grading_1/DME/DME (9).E2E/2- 25- 2017 9- 45- 28 PM/Image 54.csv,DME,DME (9).E2E,Image 54
DME (9).E2E_Image 55,Images/Images_Manual/DME/DME (9).E2E/2- 25- 2017 9- 45- 28 PM/Image 55.png,Masks/Masks_Manual/Grading_1/DME/DME (9).E2E/2- 25- 2017 9- 45- 28 PM/Image 55.png,Boundaries/Boundaries_Manual/Grading_1/DME/DME (9).E2E/2- 25- 2017 9- 45- 28 PM/Image 55.csv,DME,DME (9).E2E,Image 55
DME (9).E2E_Image 56,Images/Images_Manual/DME/DME (9).E2E/2- 25- 2017 9- 45- 28 PM/Image 56.png,Masks/Masks_Manual/Grading_1/DME/DME (9).E2E/2- 25- 2017 9- 45- 28 PM/Image 56.png,Boundaries/Boundaries_Manual/Grading_1/DME/DME (9).E2E/2- 25- 2017 9- 45- 28 PM/Image 56.csv,DME,DME (9).E2E,Image 56
DME (9).E2E_Image 57,Images/Images_Manual/DME/DME (9).E2E/2- 25- 2017 9- 45- 28 PM/Image 57.png,Masks/Masks_Manual/Grading_1/DME/DME (9).E2E/2- 25- 2017 9- 45- 28 PM/Image 57.png,Boundaries/Boundaries_Manual/Grading_1/DME/DME (9).E2E/2- 25- 2017 9- 45- 28 PM/Image 57.csv,DME,DME (9).E2E,Image 57
DME (9).E2E_Image 58,Images/Images_Manual/DME/DME (9).E2E/2- 25- 2017 9- 45- 28 PM/Image 58.png,Masks/Masks_Manual/Grading_1/DME/DME (9).E2E/2- 25- 2017 9- 45- 28 PM/Image 58.png,Boundaries/Boundaries_Manual/Grading_1/DME/DME (9).E2E/2- 25- 2017 9- 45- 28 PM/Image 58.csv,DME,DME (9).E2E,Image 58
DME (9).E2E_Image 59,Images/Images_Manual/DME/DME (9).E2E/2- 25- 2017 9- 45- 28 PM/Image 59.png,Masks/Masks_Manual/Grading_1/DME/DME (9).E2E/2- 25- 2017 9- 45- 28 PM/Image 59.png,Boundaries/Boundaries_Manual/Grading_1/DME/DME (9).E2E/2- 25- 2017 9- 45- 28 PM/Image 59.csv,DME,DME (9).E2E,Image 59
DME (9).E2E_Image 6,Images/Images_Manual/DME/DME (9).E2E/2- 25- 2017 9- 45- 28 PM/Image 6.png,Masks/Masks_Manual/Grading_1/DME/DME (9).E2E/2- 25- 2017 9- 45- 28 PM/Image 6.png,Boundaries/Boundaries_Manual/Grading_1/DME/DME (9).E2E/2- 25- 2017 9- 45- 28 PM/Image 6.csv,DME,DME (9).E2E,Image 6
DME (9).E2E_Image 60,Images/Images_Manual/DME/DME (9).E2E/2- 25- 2017 9- 45- 28 PM/Image 60.png,Masks/Masks_Manual/Grading_1/DME/DME (9).E2E/2- 25- 2017 9- 45- 28 PM/Image 60.png,Boundaries/Boundaries_Manual/Grading_1/DME/DME (9).E2E/2- 25- 2017 9- 45- 28 PM/Image 60.csv,DME,DME (9).E2E,Image 60
DME (9).E2E_Image 61,Images/Images_Manual/DME/DME (9).E2E/2- 25- 2017 9- 45- 28 PM/Image 61.png,Masks/Masks_Manual/Grading_1/DME/DME (9).E2E/2- 25- 2017 9- 45- 28 PM/Image 61.png,Boundaries/Boundaries_Manual/Grading_1/DME/DME (9).E2E/2- 25- 2017 9- 45- 28 PM/Image 61.csv,DME,DME (9).E2E,Image 61
DME (9).E2E_Image 7,Images/Images_Manual/DME/DME (9).E2E/2- 25- 2017 9- 45- 28 PM/Image 7.png,Masks/Masks_Manual/Grading_1/DME/DME (9).E2E/2- 25- 2017 9- 45- 28 PM/Image 7.png,Boundaries/Boundaries_Manual/Grading_1/DME/DME (9).E2E/2- 25- 2017 9- 45- 28 PM/Image 7.csv,DME,DME (9).E2E,Image 7
DME (9).E2E_Image 8,Images/Images_Manual/DME/DME (9).E2E/2- 25- 2017 9- 45- 28 PM/Image 8.png,Masks/Masks_Manual/Grading_1/DME/DME (9).E2E/2- 25- 2017 9- 45- 28 PM/Image 8.png,Boundaries/Boundaries_Manual/Grading_1/DME/DME (9).E2E/2- 25- 2017 9- 45- 28 PM/Image 8.csv,DME,DME (9).E2E,Image 8
DME (9).E2E_Image 9,Images/Images_Manual/DME/DME (9).E2E/2- 25- 2017 9- 45- 28 PM/Image 9.png,Masks/Masks_Manual/Grading_1/DME/DME (9).E2E/2- 25- 2017 9- 45- 28 PM/Image 9.png,Boundaries/Boundaries_Manual/Grading_1/DME/DME (9).E2E/2- 25- 2017 9- 45- 28 PM/Image 9.csv,DME,DME (9).E2E,Image 9
Normal (10).E2E_Image 1,Images/Images_Manual/Normal Part1/Normal (10).E2E/2- 26- 2017 9- 18- 14 AM/Image 1.png,Masks/Masks_Manual/Grading_1/Normal Part1/Normal (10).E2E/2- 26- 2017 9- 18- 14 AM/Image 1.png,Boundaries/Boundaries_Manual/Grading_1/Normal Part1/Normal (10).E2E/2- 26- 2017 9- 18- 14 AM/Image 1.csv,Normal Part1,Normal (10).E2E,Image 1
Normal (10).E2E_Image 10,Images/Images_Manual/Normal Part1/Normal (10).E2E/2- 26- 2017 9- 18- 14 AM/Image 10.png,Masks/Masks_Manual/Grading_1/Normal Part1/Normal (10).E2E/2- 26- 2017 9- 18- 14 AM/Image 10.png,Boundaries/Boundaries_Manual/Grading_1/Normal Part1/Normal (10).E2E/2- 26- 2017 9- 18- 14 AM/Image 10.csv,Normal Part1,Normal (10).E2E,Image 10
Normal (10).E2E_Image 11,Images/Images_Manual/Normal Part1/Normal (10).E2E/2- 26- 2017 9- 18- 14 AM/Image 11.png,Masks/Masks_Manual/Grading_1/Normal Part1/Normal (10).E2E/2- 26- 2017 9- 18- 14 AM/Image 11.png,Boundaries/Boundaries_Manual/Grading_1/Normal Part1/Normal (10).E2E/2- 26- 2017 9- 18- 14 AM/Image 11.csv,Normal Part1,Normal (10).E2E,Image 11
Normal (10).E2E_Image 12,Images/Images_Manual/Normal Part1/Normal (10).E2E/2- 26- 2017 9- 18- 14 AM/Image 12.png,Masks/Masks_Manual/Grading_1/Normal Part1/Normal (10).E2E/2- 26- 2017 9- 18- 14 AM/Image 12.png,Boundaries/Boundaries_Manual/Grading_1/Normal Part1/Normal (10).E2E/2- 26- 2017 9- 18- 14 AM/Image 12.csv,Normal Part1,Normal (10).E2E,Image 12
Normal (10).E2E_Image 13,Images/Images_Manual/Normal Part1/Normal (10).E2E/2- 26- 2017 9- 18- 14 AM/Image 13.png,Masks/Masks_Manual/Grading_1/Normal Part1/Normal (10).E2E/2- 26- 2017 9- 18- 14 AM/Image 13.png,Boundaries/Boundaries_Manual/Grading_1/Normal Part1/Normal (10).E2E/2- 26- 2017 9- 18- 14 AM/Image 13.csv,Normal Part1,Normal (10).E2E,Image 13
Normal (10).E2E_Image 14,Images/Images_Manual/Normal Part1/Normal (10).E2E/2- 26- 2017 9- 18- 14 AM/Image 14.png,Masks/Masks_Manual/Grading_1/Normal Part1/Normal (10).E2E/2- 26- 2017 9- 18- 14 AM/Image 14.png,Boundaries/Boundaries_Manual/Grading_1/Normal Part1/Normal (10).E2E/2- 26- 2017 9- 18- 14 AM/Image 14.csv,Normal Part1,Normal (10).E2E,Image 14
Normal (10).E2E_Image 15,Images/Images_Manual/Normal Part1/Normal (10).E2E/2- 26- 2017 9- 18- 14 AM/Image 15.png,Masks/Masks_Manual/Grading_1/Normal Part1/Normal (10).E2E/2- 26- 2017 9- 18- 14 AM/Image 15.png,Boundaries/Boundaries_Manual/Grading_1/Normal Part1/Normal (10).E2E/2- 26- 2017 9- 18- 14 AM/Image 15.csv,Normal Part1,Normal (10).E2E,Image 15
Normal (10).E2E_Image 16,Images/Images_Manual/Normal Part1/Normal (10).E2E/2- 26- 2017 9- 18- 14 AM/Image 16.png,Masks/Masks_Manual/Grading_1/Normal Part1/Normal (10).E2E/2- 26- 2017 9- 18- 14 AM/Image 16.png,Boundaries/Boundaries_Manual/Grading_1/Normal Part1/Normal (10).E2E/2- 26- 2017 9- 18- 14 AM/Image 16.csv,Normal Part1,Normal (10).E2E,Image 16
Normal (10).E2E_Image 17,Images/Images_Manual/Normal Part1/Normal (10).E2E/2- 26- 2017 9- 18- 14 AM/Image 17.png,Masks/Masks_Manual/Grading_1/Normal Part1/Normal (10).E2E/2- 26- 2017 9- 18- 14 AM/Image 17.png,Boundaries/Boundaries_Manual/Grading_1/Normal Part1/Normal (10).E2E/2- 26- 2017 9- 18- 14 AM/Image 17.csv,Normal Part1,Normal (10).E2E,Image 17
Normal (10).E2E_Image 18,Images/Images_Manual/Normal Part1/Normal (10).E2E/2- 26- 2017 9- 18- 14 AM/Image 18.png,Masks/Masks_Manual/Grading_1/Normal Part1/Normal (10).E2E/2- 26- 2017 9- 18- 14 AM/Image 18.png,Boundaries/Boundaries_Manual/Grading_1/Normal Part1/Normal (10).E2E/2- 26- 2017 9- 18- 14 AM/Image 18.csv,Normal Part1,Normal (10).E2E,Image 18
Normal (10).E2E_Image 19,Images/Images_Manual/Normal Part1/Normal (10).E2E/2- 26- 2017 9- 18- 14 AM/Image 19.png,Masks/Masks_Manual/Grading_1/Normal Part1/Normal (10).E2E/2- 26- 2017 9- 18- 14 AM/Image 19.png,Boundaries/Boundaries_Manual/Grading_1/Normal Part1/Normal (10).E2E/2- 26- 2017 9- 18- 14 AM/Image 19.csv,Normal Part1,Normal (10).E2E,Image 19
Normal (10).E2E_Image 2,Images/Images_Manual/Normal Part1/Normal (10).E2E/2- 26- 2017 9- 18- 14 AM/Image 2.png,Masks/Masks_Manual/Grading_1/Normal Part1/Normal (10).E2E/2- 26- 2017 9- 18- 14 AM/Image 2.png,Boundaries/Boundaries_Manual/Grading_1/Normal Part1/Normal (10).E2E/2- 26- 2017 9- 18- 14 AM/Image 2.csv,Normal Part1,Normal (10).E2E,Image 2
Normal (10).E2E_Image 3,Images/Images_Manual/Normal Part1/Normal (10).E2E/2- 26- 2017 9- 18- 14 AM/Image 3.png,Masks/Masks_Manual/Grading_1/Normal Part1/Normal (10).E2E/2- 26- 2017 9- 18- 14 AM/Image 3.png,Boundaries/Boundaries_Manual/Grading_1/Normal Part1/Normal (10).E2E/2- 26- 2017 9- 18- 14 AM/Image 3.csv,Normal Part1,Normal (10).E2E,Image 3
Normal (10).E2E_Image 4,Images/Images_Manual/Normal Part1/Normal (10).E2E/2- 26- 2017 9- 18- 14 AM/Image 4.png,Masks/Masks_Manual/Grading_1/Normal Part1/Normal (10).E2E/2- 26- 2017 9- 18- 14 AM/Image 4.png,Boundaries/Boundaries_Manual/Grading_1/Normal Part1/Normal (10).E2E/2- 26- 2017 9- 18- 14 AM/Image 4.csv,Normal Part1,Normal (10).E2E,Image 4
Normal (10).E2E_Image 5,Images/Images_Manual/Normal Part1/Normal (10).E2E/2- 26- 2017 9- 18- 14 AM/Image 5.png,Masks/Masks_Manual/Grading_1/Normal Part1/Normal (10).E2E/2- 26- 2017 9- 18- 14 AM/Image 5.png,Boundaries/Boundaries_Manual/Grading_1/Normal Part1/Normal (10).E2E/2- 26- 2017 9- 18- 14 AM/Image 5.csv,Normal Part1,Normal (10).E2E,Image 5
Normal (10).E2E_Image 6,Images/Images_Manual/Normal Part1/Normal (10).E2E/2- 26- 2017 9- 18- 14 AM/Image 6.png,Masks/Masks_Manual/Grading_1/Normal Part1/Normal (10).E2E/2- 26- 2017 9- 18- 14 AM/Image 6.png,Boundaries/Boundaries_Manual/Grading_1/Normal Part1/Normal (10).E2E/2- 26- 2017 9- 18- 14 AM/Image 6.csv,Normal Part1,Normal (10).E2E,Image 6
Normal (10).E2E_Image 7,Images/Images_Manual/Normal Part1/Normal (10).E2E/2- 26- 2017 9- 18- 14 AM/Image 7.png,Masks/Masks_Manual/Grading_1/Normal Part1/Normal (10).E2E/2- 26- 2017 9- 18- 14 AM/Image 7.png,Boundaries/Boundaries_Manual/Grading_1/Normal Part1/Normal (10).E2E/2- 26- 2017 9- 18- 14 AM/Image 7.csv,Normal Part1,Normal (10).E2E,Image 7
Normal (10).E2E_Image 8,Images/Images_Manual/Normal Part1/Normal (10).E2E/2- 26- 2017 9- 18- 14 AM/Image 8.png,Masks/Masks_Manual/Grading_1/Normal Part1/Normal (10).E2E/2- 26- 2017 9- 18- 14 AM/Image 8.png,Boundaries/Boundaries_Manual/Grading_1/Normal Part1/Normal (10).E2E/2- 26- 2017 9- 18- 14 AM/Image 8.csv,Normal Part1,Normal (10).E2E,Image 8
Normal (10).E2E_Image 9,Images/Images_Manual/Normal Part1/Normal (10).E2E/2- 26- 2017 9- 18- 14 AM/Image 9.png,Masks/Masks_Manual/Grading_1/Normal Part1/Normal (10).E2E/2- 26- 2017 9- 18- 14 AM/Image 9.png,Boundaries/Boundaries_Manual/Grading_1/Normal Part1/Normal (10).E2E/2- 26- 2017 9- 18- 14 AM/Image 9.csv,Normal Part1,Normal (10).E2E,Image 9
Normal (13).E2E_Image 1,Images/Images_Manual/Normal Part1/Normal (13).E2E/2- 26- 2017 9- 25- 04 AM/Image 1.png,Masks/Masks_Manual/Grading_1/Normal Part1/Normal (13).E2E/2- 26- 2017 9- 25- 04 AM/Image 1.png,Boundaries/Boundaries_Manual/Grading_1/Normal Part1/Normal (13).E2E/2- 26- 2017 9- 25- 04 AM/Image 1.csv,Normal Part1,Normal (13).E2E,Image 1
Normal (13).E2E_Image 10,Images/Images_Manual/Normal Part1/Normal (13).E2E/2- 26- 2017 9- 25- 04 AM/Image 10.png,Masks/Masks_Manual/Grading_1/Normal Part1/Normal (13).E2E/2- 26- 2017 9- 25- 04 AM/Image 10.png,Boundaries/Boundaries_Manual/Grading_1/Normal Part1/Normal (13).E2E/2- 26- 2017 9- 25- 04 AM/Image 10.csv,Normal Part1,Normal (13).E2E,Image 10
Normal (13).E2E_Image 11,Images/Images_Manual/Normal Part1/Normal (13).E2E/2- 26- 2017 9- 25- 04 AM/Image 11.png,Masks/Masks_Manual/Grading_1/Normal Part1/Normal (13).E2E/2- 26- 2017 9- 25- 04 AM/Image 11.png,Boundaries/Boundaries_Manual/Grading_1/Normal Part1/Normal (13).E2E/2- 26- 2017 9- 25- 04 AM/Image 11.csv,Normal Part1,Normal (13).E2E,Image 11
Normal (13).E2E_Image 12,Images/Images_Manual/Normal Part1/Normal (13).E2E/2- 26- 2017 9- 25- 04 AM/Image 12.png,Masks/Masks_Manual/Grading_1/Normal Part1/Normal (13).E2E/2- 26- 2017 9- 25- 04 AM/Image 12.png,Boundaries/Boundaries_Manual/Grading_1/Normal Part1/Normal (13).E2E/2- 26- 2017 9- 25- 04 AM/Image 12.csv,Normal Part1,Normal (13).E2E,Image 12
Normal (13).E2E_Image 13,Images/Images_Manual/Normal Part1/Normal (13).E2E/2- 26- 2017 9- 25- 04 AM/Image 13.png,Masks/Masks_Manual/Grading_1/Normal Part1/Normal (13).E2E/2- 26- 2017 9- 25- 04 AM/Image 13.png,Boundaries/Boundaries_Manual/Grading_1/Normal Part1/Normal (13).E2E/2- 26- 2017 9- 25- 04 AM/Image 13.csv,Normal Part1,Normal (13).E2E,Image 13
Normal (13).E2E_Image 14,Images/Images_Manual/Normal Part1/Normal (13).E2E/2- 26- 2017 9- 25- 04 AM/Image 14.png,Masks/Masks_Manual/Grading_1/Normal Part1/Normal (13).E2E/2- 26- 2017 9- 25- 04 AM/Image 14.png,Boundaries/Boundaries_Manual/Grading_1/Normal Part1/Normal (13).E2E/2- 26- 2017 9- 25- 04 AM/Image 14.csv,Normal Part1,Normal (13).E2E,Image 14
Normal (13).E2E_Image 15,Images/Images_Manual/Normal Part1/Normal (13).E2E/2- 26- 2017 9- 25- 04 AM/Image 15.png,Masks/Masks_Manual/Grading_1/Normal Part1/Normal (13).E2E/2- 26- 2017 9- 25- 04 AM/Image 15.png,Boundaries/Boundaries_Manual/Grading_1/Normal Part1/Normal (13).E2E/2- 26- 2017 9- 25- 04 AM/Image 15.csv,Normal Part1,Normal (13).E2E,Image 15
Normal (13).E2E_Image 16,Images/Images_Manual/Normal Part1/Normal (13).E2E/2- 26- 2017 9- 25- 04 AM/Image 16.png,Masks/Masks_Manual/Grading_1/Normal Part1/Normal (13).E2E/2- 26- 2017 9- 25- 04 AM/Image 16.png,Boundaries/Boundaries_Manual/Grading_1/Normal Part1/Normal (13).E2E/2- 26- 2017 9- 25- 04 AM/Image 16.csv,Normal Part1,Normal (13).E2E,Image 16
Normal (13).E2E_Image 17,Images/Images_Manual/Normal Part1/Normal (13).E2E/2- 26- 2017 9- 25- 04 AM/Image 17.png,Masks/Masks_Manual/Grading_1/Normal Part1/Normal (13).E2E/2- 26- 2017 9- 25- 04 AM/Image 17.png,Boundaries/Boundaries_Manual/Grading_1/Normal Part1/Normal (13).E2E/2- 26- 2017 9- 25- 04 AM/Image 17.csv,Normal Part1,Normal (13).E2E,Image 17
Normal (13).E2E_Image 18,Images/Images_Manual/Normal Part1/Normal (13).E2E/2- 26- 2017 9- 25- 04 AM/Image 18.png,Masks/Masks_Manual/Grading_1/Normal Part1/Normal (13).E2E/2- 26- 2017 9- 25- 04 AM/Image 18.png,Boundaries/Boundaries_Manual/Grading_1/Normal Part1/Normal (13).E2E/2- 26- 2017 9- 25- 04 AM/Image 18.csv,Normal Part1,Normal (13).E2E,Image 18
Normal (13).E2E_Image 19,Images/Images_Manual/Normal Part1/Normal (13).E2E/2- 26- 2017 9- 25- 04 AM/Image 19.png,Masks/Masks_Manual/Grading_1/Normal Part1/Normal (13).E2E/2- 26- 2017 9- 25- 04 AM/Image 19.png,Boundaries/Boundaries_Manual/Grading_1/Normal Part1/Normal (13).E2E/2- 26- 2017 9- 25- 04 AM/Image 19.csv,Normal Part1,Normal (13).E2E,Image 19
Normal (13).E2E_Image 2,Images/Images_Manual/Normal Part1/Normal (13).E2E/2- 26- 2017 9- 25- 04 AM/Image 2.png,Masks/Masks_Manual/Grading_1/Normal Part1/Normal (13).E2E/2- 26- 2017 9- 25- 04 AM/Image 2.png,Boundaries/Boundaries_Manual/Grading_1/Normal Part1/Normal (13).E2E/2- 26- 2017 9- 25- 04 AM/Image 2.csv,Normal Part1,Normal (13).E2E,Image 2
Normal (13).E2E_Image 3,Images/Images_Manual/Normal Part1/Normal (13).E2E/2- 26- 2017 9- 25- 04 AM/Image 3.png,Masks/Masks_Manual/Grading_1/Normal Part1/Normal (13).E2E/2- 26- 2017 9- 25- 04 AM/Image 3.png,Boundaries/Boundaries_Manual/Grading_1/Normal Part1/Normal (13).E2E/2- 26- 2017 9- 25- 04 AM/Image 3.csv,Normal Part1,Normal (13).E2E,Image 3
Normal (13).E2E_Image 4,Images/Images_Manual/Normal Part1/Normal (13).E2E/2- 26- 2017 9- 25- 04 AM/Image 4.png,Masks/Masks_Manual/Grading_1/Normal Part1/Normal (13).E2E/2- 26- 2017 9- 25- 04 AM/Image 4.png,Boundaries/Boundaries_Manual/Grading_1/Normal Part1/Normal (13).E2E/2- 26- 2017 9- 25- 04 AM/Image 4.csv,Normal Part1,Normal (13).E2E,Image 4
Normal (13).E2E_Image 5,Images/Images_Manual/Normal Part1/Normal (13).E2E/2- 26- 2017 9- 25- 04 AM/Image 5.png,Masks/Masks_Manual/Grading_1/Normal Part1/Normal (13).E2E/2- 26- 2017 9- 25- 04 AM/Image 5.png,Boundaries/Boundaries_Manual/Grading_1/Normal Part1/Normal (13).E2E/2- 26- 2017 9- 25- 04 AM/Image 5.csv,Normal Part1,Normal (13).E2E,Image 5
Normal (13).E2E_Image 6,Images/Images_Manual/Normal Part1/Normal (13).E2E/2- 26- 2017 9- 25- 04 AM/Image 6.png,Masks/Masks_Manual/Grading_1/Normal Part1/Normal (13).E2E/2- 26- 2017 9- 25- 04 AM/Image 6.png,Boundaries/Boundaries_Manual/Grading_1/Normal Part1/Normal (13).E2E/2- 26- 2017 9- 25- 04 AM/Image 6.csv,Normal Part1,Normal (13).E2E,Image 6
Normal (13).E2E_Image 7,Images/Images_Manual/Normal Part1/Normal (13).E2E/2- 26- 2017 9- 25- 04 AM/Image 7.png,Masks/Masks_Manual/Grading_1/Normal Part1/Normal (13).E2E/2- 26- 2017 9- 25- 04 AM/Image 7.png,Boundaries/Boundaries_Manual/Grading_1/Normal Part1/Normal (13).E2E/2- 26- 2017 9- 25- 04 AM/Image 7.csv,Normal Part1,Normal (13).E2E,Image 7
Normal (13).E2E_Image 8,Images/Images_Manual/Normal Part1/Normal (13).E2E/2- 26- 2017 9- 25- 04 AM/Image 8.png,Masks/Masks_Manual/Grading_1/Normal Part1/Normal (13).E2E/2- 26- 2017 9- 25- 04 AM/Image 8.png,Boundaries/Boundaries_Manual/Grading_1/Normal Part1/Normal (13).E2E/2- 26- 2017 9- 25- 04 AM/Image 8.csv,Normal Part1,Normal (13).E2E,Image 8
Normal (13).E2E_Image 9,Images/Images_Manual/Normal Part1/Normal (13).E2E/2- 26- 2017 9- 25- 04 AM/Image 9.png,Masks/Masks_Manual/Grading_1/Normal Part1/Normal (13).E2E/2- 26- 2017 9- 25- 04 AM/Image 9.png,Boundaries/Boundaries_Manual/Grading_1/Normal Part1/Normal (13).E2E/2- 26- 2017 9- 25- 04 AM/Image 9.csv,Normal Part1,Normal (13).E2E,Image 9
Normal (14).E2E_Image 1,Images/Images_Manual/Normal Part1/Normal (14).E2E/2- 26- 2017 9- 26- 02 AM/Image 1.png,Masks/Masks_Manual/Grading_1/Normal Part1/Normal (14).E2E/2- 26- 2017 9- 26- 02 AM/Image 1.png,Boundaries/Boundaries_Manual/Grading_1/Normal Part1/Normal (14).E2E/2- 26- 2017 9- 26- 02 AM/Image 1.csv,Normal Part1,Normal (14).E2E,Image 1
Normal (14).E2E_Image 10,Images/Images_Manual/Normal Part1/Normal (14).E2E/2- 26- 2017 9- 26- 02 AM/Image 10.png,Masks/Masks_Manual/Grading_1/Normal Part1/Normal (14).E2E/2- 26- 2017 9- 26- 02 AM/Image 10.png,Boundaries/Boundaries_Manual/Grading_1/Normal Part1/Normal (14).E2E/2- 26- 2017 9- 26- 02 AM/Image 10.csv,Normal Part1,Normal (14).E2E,Image 10
Normal (14).E2E_Image 11,Images/Images_Manual/Normal Part1/Normal (14).E2E/2- 26- 2017 9- 26- 02 AM/Image 11.png,Masks/Masks_Manual/Grading_1/Normal Part1/Normal (14).E2E/2- 26- 2017 9- 26- 02 AM/Image 11.png,Boundaries/Boundaries_Manual/Grading_1/Normal Part1/Normal (14).E2E/2- 26- 2017 9- 26- 02 AM/Image 11.csv,Normal Part1,Normal (14).E2E,Image 11
Normal (14).E2E_Image 12,Images/Images_Manual/Normal Part1/Normal (14).E2E/2- 26- 2017 9- 26- 02 AM/Image 12.png,Masks/Masks_Manual/Grading_1/Normal Part1/Normal (14).E2E/2- 26- 2017 9- 26- 02 AM/Image 12.png,Boundaries/Boundaries_Manual/Grading_1/Normal Part1/Normal (14).E2E/2- 26- 2017 9- 26- 02 AM/Image 12.csv,Normal Part1,Normal (14).E2E,Image 12
Normal (14).E2E_Image 13,Images/Images_Manual/Normal Part1/Normal (14).E2E/2- 26- 2017 9- 26- 02 AM/Image 13.png,Masks/Masks_Manual/Grading_1/Normal Part1/Normal (14).E2E/2- 26- 2017 9- 26- 02 AM/Image 13.png,Boundaries/Boundaries_Manual/Grading_1/Normal Part1/Normal (14).E2E/2- 26- 2017 9- 26- 02 AM/Image 13.csv,Normal Part1,Normal (14).E2E,Image 13
Normal (14).E2E_Image 14,Images/Images_Manual/Normal Part1/Normal (14).E2E/2- 26- 2017 9- 26- 02 AM/Image 14.png,Masks/Masks_Manual/Grading_1/Normal Part1/Normal (14).E2E/2- 26- 2017 9- 26- 02 AM/Image 14.png,Boundaries/Boundaries_Manual/Grading_1/Normal Part1/Normal (14).E2E/2- 26- 2017 9- 26- 02 AM/Image 14.csv,Normal Part1,Normal (14).E2E,Image 14
Normal (14).E2E_Image 15,Images/Images_Manual/Normal Part1/Normal (14).E2E/2- 26- 2017 9- 26- 02 AM/Image 15.png,Masks/Masks_Manual/Grading_1/Normal Part1/Normal (14).E2E/2- 26- 2017 9- 26- 02 AM/Image 15.png,Boundaries/Boundaries_Manual/Grading_1/Normal Part1/Normal (14).E2E/2- 26- 2017 9- 26- 02 AM/Image 15.csv,Normal Part1,Normal (14).E2E,Image 15
Normal (14).E2E_Image 16,Images/Images_Manual/Normal Part1/Normal (14).E2E/2- 26- 2017 9- 26- 02 AM/Image 16.png,Masks/Masks_Manual/Grading_1/Normal Part1/Normal (14).E2E/2- 26- 2017 9- 26- 02 AM/Image 16.png,Boundaries/Boundaries_Manual/Grading_1/Normal Part1/Normal (14).E2E/2- 26- 2017 9- 26- 02 AM/Image 16.csv,Normal Part1,Normal (14).E2E,Image 16
Normal (14).E2E_Image 17,Images/Images_Manual/Normal Part1/Normal (14).E2E/2- 26- 2017 9- 26- 02 AM/Image 17.png,Masks/Masks_Manual/Grading_1/Normal Part1/Normal (14).E2E/2- 26- 2017 9- 26- 02 AM/Image 17.png,Boundaries/Boundaries_Manual/Grading_1/Normal Part1/Normal (14).E2E/2- 26- 2017 9- 26- 02 AM/Image 17.csv,Normal Part1,Normal (14).E2E,Image 17
Normal (14).E2E_Image 18,Images/Images_Manual/Normal Part1/Normal (14).E2E/2- 26- 2017 9- 26- 02 AM/Image 18.png,Masks/Masks_Manual/Grading_1/Normal Part1/Normal (14).E2E/2- 26- 2017 9- 26- 02 AM/Image 18.png,Boundaries/Boundaries_Manual/Grading_1/Normal Part1/Normal (14).E2E/2- 26- 2017 9- 26- 02 AM/Image 18.csv,Normal Part1,Normal (14).E2E,Image 18
Normal (14).E2E_Image 19,Images/Images_Manual/Normal Part1/Normal (14).E2E/2- 26- 2017 9- 26- 02 AM/Image 19.png,Masks/Masks_Manual/Grading_1/Normal Part1/Normal (14).E2E/2- 26- 2017 9- 26- 02 AM/Image 19.png,Boundaries/Boundaries_Manual/Grading_1/Normal Part1/Normal (14).E2E/2- 26- 2017 9- 26- 02 AM/Image 19.csv,Normal Part1,Normal (14).E2E,Image 19
Normal (14).E2E_Image 2,Images/Images_Manual/Normal Part1/Normal (14).E2E/2- 26- 2017 9- 26- 02 AM/Image 2.png,Masks/Masks_Manual/Grading_1/Normal Part1/Normal (14).E2E/2- 26- 2017 9- 26- 02 AM/Image 2.png,Boundaries/Boundaries_Manual/Grading_1/Normal Part1/Normal (14).E2E/2- 26- 2017 9- 26- 02 AM/Image 2.csv,Normal Part1,Normal (14).E2E,Image 2
Normal (14).E2E_Image 3,Images/Images_Manual/Normal Part1/Normal (14).E2E/2- 26- 2017 9- 26- 02 AM/Image 3.png,Masks/Masks_Manual/Grading_1/Normal Part1/Normal (14).E2E/2- 26- 2017 9- 26- 02 AM/Image 3.png,Boundaries/Boundaries_Manual/Grading_1/Normal Part1/Normal (14).E2E/2- 26- 2017 9- 26- 02 AM/Image 3.csv,Normal Part1,Normal (14).E2E,Image 3
Normal (14).E2E_Image 4,Images/Images_Manual/Normal Part1/Normal (14).E2E/2- 26- 2017 9- 26- 02 AM/Image 4.png,Masks/Masks_Manual/Grading_1/Normal Part1/Normal (14).E2E/2- 26- 2017 9- 26- 02 AM/Image 4.png,Boundaries/Boundaries_Manual/Grading_1/Normal Part1/Normal (14).E2E/2- 26- 2017 9- 26- 02 AM/Image 4.csv,Normal Part1,Normal (14).E2E,Image 4
Normal (14).E2E_Image 5,Images/Images_Manual/Normal Part1/Normal (14).E2E/2- 26- 2017 9- 26- 02 AM/Image 5.png,Masks/Masks_Manual/Grading_1/Normal Part1/Normal (14).E2E/2- 26- 2017 9- 26- 02 AM/Image 5.png,Boundaries/Boundaries_Manual/Grading_1/Normal Part1/Normal (14).E2E/2- 26- 2017 9- 26- 02 AM/Image 5.csv,Normal Part1,Normal (14).E2E,Image 5
Normal (14).E2E_Image 6,Images/Images_Manual/Normal Part1/Normal (14).E2E/2- 26- 2017 9- 26- 02 AM/Image 6.png,Masks/Masks_Manual/Grading_1/Normal Part1/Normal (14).E2E/2- 26- 2017 9- 26- 02 AM/Image 6.png,Boundaries/Boundaries_Manual/Grading_1/Normal Part1/Normal (14).E2E/2- 26- 2017 9- 26- 02 AM/Image 6.csv,Normal Part1,Normal (14).E2E,Image 6
Normal (14).E2E_Image 7,Images/Images_Manual/Normal Part1/Normal (14).E2E/2- 26- 2017 9- 26- 02 AM/Image 7.png,Masks/Masks_Manual/Grading_1/Normal Part1/Normal (14).E2E/2- 26- 2017 9- 26- 02 AM/Image 7.png,Boundaries/Boundaries_Manual/Grading_1/Normal Part1/Normal (14).E2E/2- 26- 2017 9- 26- 02 AM/Image 7.csv,Normal Part1,Normal (14).E2E,Image 7
Normal (14).E2E_Image 8,Images/Images_Manual/Normal Part1/Normal (14).E2E/2- 26- 2017 9- 26- 02 AM/Image 8.png,Masks/Masks_Manual/Grading_1/Normal Part1/Normal (14).E2E/2- 26- 2017 9- 26- 02 AM/Image 8.png,Boundaries/Boundaries_Manual/Grading_1/Normal Part1/Normal (14).E2E/2- 26- 2017 9- 26- 02 AM/Image 8.csv,Normal Part1,Normal (14).E2E,Image 8
Normal (14).E2E_Image 9,Images/Images_Manual/Normal Part1/Normal (14).E2E/2- 26- 2017 9- 26- 02 AM/Image 9.png,Masks/Masks_Manual/Grading_1/Normal Part1/Normal (14).E2E/2- 26- 2017 9- 26- 02 AM/Image 9.png,Boundaries/Boundaries_Manual/Grading_1/Normal Part1/Normal (14).E2E/2- 26- 2017 9- 26- 02 AM/Image 9.csv,Normal Part1,Normal (14).E2E,Image 9
Normal (15).E2E_Image 1,Images/Images_Manual/Normal Part1/Normal (15).E2E/2- 26- 2017 9- 28- 04 AM/Image 1.png,Masks/Masks_Manual/Grading_1/Normal Part1/Normal (15).E2E/2- 26- 2017 9- 28- 04 AM/Image 1.png,Boundaries/Boundaries_Manual/Grading_1/Normal Part1/Normal (15).E2E/2- 26- 2017 9- 28- 04 AM/Image 1.csv,Normal Part1,Normal (15).E2E,Image 1
Normal (15).E2E_Image 10,Images/Images_Manual/Normal Part1/Normal (15).E2E/2- 26- 2017 9- 28- 04 AM/Image 10.png,Masks/Masks_Manual/Grading_1/Normal Part1/Normal (15).E2E/2- 26- 2017 9- 28- 04 AM/Image 10.png,Boundaries/Boundaries_Manual/Grading_1/Normal Part1/Normal (15).E2E/2- 26- 2017 9- 28- 04 AM/Image 10.csv,Normal Part1,Normal (15).E2E,Image 10
Normal (15).E2E_Image 11,Images/Images_Manual/Normal Part1/Normal (15).E2E/2- 26- 2017 9- 28- 04 AM/Image 11.png,Masks/Masks_Manual/Grading_1/Normal Part1/Normal (15).E2E/2- 26- 2017 9- 28- 04 AM/Image 11.png,Boundaries/Boundaries_Manual/Grading_1/Normal Part1/Normal (15).E2E/2- 26- 2017 9- 28- 04 AM/Image 11.csv,Normal Part1,Normal (15).E2E,Image 11
Normal (15).E2E_Image 12,Images/Images_Manual/Normal Part1/Normal (15).E2E/2- 26- 2017 9- 28- 04 AM/Image 12.png,Masks/Masks_Manual/Grading_1/Normal Part1/Normal (15).E2E/2- 26- 2017 9- 28- 04 AM/Image 12.png,Boundaries/Boundaries_Manual/Grading_1/Normal Part1/Normal (15).E2E/2- 26- 2017 9- 28- 04 AM/Image 12.csv,Normal Part1,Normal (15).E2E,Image 12
Normal (15).E2E_Image 13,Images/Images_Manual/Normal Part1/Normal (15).E2E/2- 26- 2017 9- 28- 04 AM/Image 13.png,Masks/Masks_Manual/Grading_1/Normal Part1/Normal (15).E2E/2- 26- 2017 9- 28- 04 AM/Image 13.png,Boundaries/Boundaries_Manual/Grading_1/Normal Part1/Normal (15).E2E/2- 26- 2017 9- 28- 04 AM/Image 13.csv,Normal Part1,Normal (15).E2E,Image 13
Normal (15).E2E_Image 14,Images/Images_Manual/Normal Part1/Normal (15).E2E/2- 26- 2017 9- 28- 04 AM/Image 14.png,Masks/Masks_Manual/Grading_1/Normal Part1/Normal (15).E2E/2- 26- 2017 9- 28- 04 AM/Image 14.png,Boundaries/Boundaries_Manual/Grading_1/Normal Part1/Normal (15).E2E/2- 26- 2017 9- 28- 04 AM/Image 14.csv,Normal Part1,Normal (15).E2E,Image 14
Normal (15).E2E_Image 15,Images/Images_Manual/Normal Part1/Normal (15).E2E/2- 26- 2017 9- 28- 04 AM/Image 15.png,Masks/Masks_Manual/Grading_1/Normal Part1/Normal (15).E2E/2- 26- 2017 9- 28- 04 AM/Image 15.png,Boundaries/Boundaries_Manual/Grading_1/Normal Part1/Normal (15).E2E/2- 26- 2017 9- 28- 04 AM/Image 15.csv,Normal Part1,Normal (15).E2E,Image 15
Normal (15).E2E_Image 16,Images/Images_Manual/Normal Part1/Normal (15).E2E/2- 26- 2017 9- 28- 04 AM/Image 16.png,Masks/Masks_Manual/Grading_1/Normal Part1/Normal (15).E2E/2- 26- 2017 9- 28- 04 AM/Image 16.png,Boundaries/Boundaries_Manual/Grading_1/Normal Part1/Normal (15).E2E/2- 26- 2017 9- 28- 04 AM/Image 16.csv,Normal Part1,Normal (15).E2E,Image 16
Normal (15).E2E_Image 17,Images/Images_Manual/Normal Part1/Normal (15).E2E/2- 26- 2017 9- 28- 04 AM/Image 17.png,Masks/Masks_Manual/Grading_1/Normal Part1/Normal (15).E2E/2- 26- 2017 9- 28- 04 AM/Image 17.png,Boundaries/Boundaries_Manual/Grading_1/Normal Part1/Normal (15).E2E/2- 26- 2017 9- 28- 04 AM/Image 17.csv,Normal Part1,Normal (15).E2E,Image 17
Normal (15).E2E_Image 18,Images/Images_Manual/Normal Part1/Normal (15).E2E/2- 26- 2017 9- 28- 04 AM/Image 18.png,Masks/Masks_Manual/Grading_1/Normal Part1/Normal (15).E2E/2- 26- 2017 9- 28- 04 AM/Image 18.png,Boundaries/Boundaries_Manual/Grading_1/Normal Part1/Normal (15).E2E/2- 26- 2017 9- 28- 04 AM/Image 18.csv,Normal Part1,Normal (15).E2E,Image 18
Normal (15).E2E_Image 19,Images/Images_Manual/Normal Part1/Normal (15).E2E/2- 26- 2017 9- 28- 04 AM/Image 19.png,Masks/Masks_Manual/Grading_1/Normal Part1/Normal (15).E2E/2- 26- 2017 9- 28- 04 AM/Image 19.png,Boundaries/Boundaries_Manual/Grading_1/Normal Part1/Normal (15).E2E/2- 26- 2017 9- 28- 04 AM/Image 19.csv,Normal Part1,Normal (15).E2E,Image 19
Normal (15).E2E_Image 2,Images/Images_Manual/Normal Part1/Normal (15).E2E/2- 26- 2017 9- 28- 04 AM/Image 2.png,Masks/Masks_Manual/Grading_1/Normal Part1/Normal (15).E2E/2- 26- 2017 9- 28- 04 AM/Image 2.png,Boundaries/Boundaries_Manual/Grading_1/Normal Part1/Normal (15).E2E/2- 26- 2017 9- 28- 04 AM/Image 2.csv,Normal Part1,Normal (15).E2E,Image 2
Normal (15).E2E_Image 3,Images/Images_Manual/Normal Part1/Normal (15).E2E/2- 26- 2017 9- 28- 04 AM/Image 3.png,Masks/Masks_Manual/Grading_1/Normal Part1/Normal (15).E2E/2- 26- 2017 9- 28- 04 AM/Image 3.png,Boundaries/Boundaries_Manual/Grading_1/Normal Part1/Normal (15).E2E/2- 26- 2017 9- 28- 04 AM/Image 3.csv,Normal Part1,Normal (15).E2E,Image 3
Normal (15).E2E_Image 4,Images/Images_Manual/Normal Part1/Normal (15).E2E/2- 26- 2017 9- 28- 04 AM/Image 4.png,Masks/Masks_Manual/Grading_1/Normal Part1/Normal (15).E2E/2- 26- 2017 9- 28- 04 AM/Image 4.png,Boundaries/Boundaries_Manual/Grading_1/Normal Part1/Normal (15).E2E/2- 26- 2017 9- 28- 04 AM/Image 4.csv,Normal Part1,Normal (15).E2E,Image 4
Normal (15).E2E_Image 5,Images/Images_Manual/Normal Part1/Normal (15).E2E/2- 26- 2017 9- 28- 04 AM/Image 5.png,Masks/Masks_Manual/Grading_1/Normal Part1/Normal (15).E2E/2- 26- 2017 9- 28- 04 AM/Image 5.png,Boundaries/Boundaries_Manual/Grading_1/Normal Part1/Normal (15).E2E/2- 26- 2017 9- 28- 04 AM/Image 5.csv,Normal Part1,Normal (15).E2E,Image 5
Normal (15).E2E_Image 6,Images/Images_Manual/Normal Part1/Normal (15).E2E/2- 26- 2017 9- 28- 04 AM/Image 6.png,Masks/Masks_Manual/Grading_1/Normal Part1/Normal (15).E2E/2- 26- 2017 9- 28- 04 AM/Image 6.png,Boundaries/Boundaries_Manual/Grading_1/Normal Part1/Normal (15).E2E/2- 26- 2017 9- 28- 04 AM/Image 6.csv,Normal Part1,Normal (15).E2E,Image 6
Normal (15).E2E_Image 7,Images/Images_Manual/Normal Part1/Normal (15).E2E/2- 26- 2017 9- 28- 04 AM/Image 7.png,Masks/Masks_Manual/Grading_1/Normal Part1/Normal (15).E2E/2- 26- 2017 9- 28- 04 AM/Image 7.png,Boundaries/Boundaries_Manual/Grading_1/Normal Part1/Normal (15).E2E/2- 26- 2017 9- 28- 04 AM/Image 7.csv,Normal Part1,Normal (15).E2E,Image 7
Normal (15).E2E_Image 8,Images/Images_Manual/Normal Part1/Normal (15).E2E/2- 26- 2017 9- 28- 04 AM/Image 8.png,Masks/Masks_Manual/Grading_1/Normal Part1/Normal (15).E2E/2- 26- 2017 9- 28- 04 AM/Image 8.png,Boundaries/Boundaries_Manual/Grading_1/Normal Part1/Normal (15).E2E/2- 26- 2017 9- 28- 04 AM/Image 8.csv,Normal Part1,Normal (15).E2E,Image 8
Normal (15).E2E_Image 9,Images/Images_Manual/Normal Part1/Normal (15).E2E/2- 26- 2017 9- 28- 04 AM/Image 9.png,Masks/Masks_Manual/Grading_1/Normal Part1/Normal (15).E2E/2- 26- 2017 9- 28- 04 AM/Image 9.png,Boundaries/Boundaries_Manual/Grading_1/Normal Part1/Normal (15).E2E/2- 26- 2017 9- 28- 04 AM/Image 9.csv,Normal Part1,Normal (15).E2E,Image 9
Normal (26).E2E_Image 1,Images/Images_Manual/Normal Part1/Normal (26).E2E/2- 26- 2017 9- 44- 13 AM/Image 1.png,Masks/Masks_Manual/Grading_1/Normal Part1/Normal (26).E2E/2- 26- 2017 9- 44- 13 AM/Image 1.png,Boundaries/Boundaries_Manual/Grading_1/Normal Part1/Normal (26).E2E/2- 26- 2017 9- 44- 13 AM/Image 1.csv,Normal Part1,Normal (26).E2E,Image 1
Normal (26).E2E_Image 10,Images/Images_Manual/Normal Part1/Normal (26).E2E/2- 26- 2017 9- 44- 13 AM/Image 10.png,Masks/Masks_Manual/Grading_1/Normal Part1/Normal (26).E2E/2- 26- 2017 9- 44- 13 AM/Image 10.png,Boundaries/Boundaries_Manual/Grading_1/Normal Part1/Normal (26).E2E/2- 26- 2017 9- 44- 13 AM/Image 10.csv,Normal Part1,Normal (26).E2E,Image 10
Normal (26).E2E_Image 11,Images/Images_Manual/Normal Part1/Normal (26).E2E/2- 26- 2017 9- 44- 13 AM/Image 11.png,Masks/Masks_Manual/Grading_1/Normal Part1/Normal (26).E2E/2- 26- 2017 9- 44- 13 AM/Image 11.png,Boundaries/Boundaries_Manual/Grading_1/Normal Part1/Normal (26).E2E/2- 26- 2017 9- 44- 13 AM/Image 11.csv,Normal Part1,Normal (26).E2E,Image 11
Normal (26).E2E_Image 12,Images/Images_Manual/Normal Part1/Normal (26).E2E/2- 26- 2017 9- 44- 13 AM/Image 12.png,Masks/Masks_Manual/Grading_1/Normal Part1/Normal (26).E2E/2- 26- 2017 9- 44- 13 AM/Image 12.png,Boundaries/Boundaries_Manual/Grading_1/Normal Part1/Normal (26).E2E/2- 26- 2017 9- 44- 13 AM/Image 12.csv,Normal Part1,Normal (26).E2E,Image 12
Normal (26).E2E_Image 13,Images/Images_Manual/Normal Part1/Normal (26).E2E/2- 26- 2017 9- 44- 13 AM/Image 13.png,Masks/Masks_Manual/Grading_1/Normal Part1/Normal (26).E2E/2- 26- 2017 9- 44- 13 AM/Image 13.png,Boundaries/Boundaries_Manual/Grading_1/Normal Part1/Normal (26).E2E/2- 26- 2017 9- 44- 13 AM/Image 13.csv,Normal Part1,Normal (26).E2E,Image 13
Normal (26).E2E_Image 14,Images/Images_Manual/Normal Part1/Normal (26).E2E/2- 26- 2017 9- 44- 13 AM/Image 14.png,Masks/Masks_Manual/Grading_1/Normal Part1/Normal (26).E2E/2- 26- 2017 9- 44- 13 AM/Image 14.png,Boundaries/Boundaries_Manual/Grading_1/Normal Part1/Normal (26).E2E/2- 26- 2017 9- 44- 13 AM/Image 14.csv,Normal Part1,Normal (26).E2E,Image 14
Normal (26).E2E_Image 15,Images/Images_Manual/Normal Part1/Normal (26).E2E/2- 26- 2017 9- 44- 13 AM/Image 15.png,Masks/Masks_Manual/Grading_1/Normal Part1/Normal (26).E2E/2- 26- 2017 9- 44- 13 AM/Image 15.png,Boundaries/Boundaries_Manual/Grading_1/Normal Part1/Normal (26).E2E/2- 26- 2017 9- 44- 13 AM/Image 15.csv,Normal Part1,Normal (26).E2E,Image 15
Normal (26).E2E_Image 16,Images/Images_Manual/Normal Part1/Normal (26).E2E/2- 26- 2017 9- 44- 13 AM/Image 16.png,Masks/Masks_Manual/Grading_1/Normal Part1/Normal (26).E2E/2- 26- 2017 9- 44- 13 AM/Image 16.png,Boundaries/Boundaries_Manual/Grading_1/Normal Part1/Normal (26).E2E/2- 26- 2017 9- 44- 13 AM/Image 16.csv,Normal Part1,Normal (26).E2E,Image 16
Normal (26).E2E_Image 17,Images/Images_Manual/Normal Part1/Normal (26).E2E/2- 26- 2017 9- 44- 13 AM/Image 17.png,Masks/Masks_Manual/Grading_1/Normal Part1/Normal (26).E2E/2- 26- 2017 9- 44- 13 AM/Image 17.png,Boundaries/Boundaries_Manual/Grading_1/Normal Part1/Normal (26).E2E/2- 26- 2017 9- 44- 13 AM/Image 17.csv,Normal Part1,Normal (26).E2E,Image 17
Normal (26).E2E_Image 18,Images/Images_Manual/Normal Part1/Normal (26).E2E/2- 26- 2017 9- 44- 13 AM/Image 18.png,Masks/Masks_Manual/Grading_1/Normal Part1/Normal (26).E2E/2- 26- 2017 9- 44- 13 AM/Image 18.png,Boundaries/Boundaries_Manual/Grading_1/Normal Part1/Normal (26).E2E/2- 26- 2017 9- 44- 13 AM/Image 18.csv,Normal Part1,Normal (26).E2E,Image 18
Normal (26).E2E_Image 19,Images/Images_Manual/Normal Part1/Normal (26).E2E/2- 26- 2017 9- 44- 13 AM/Image 19.png,Masks/Masks_Manual/Grading_1/Normal Part1/Normal (26).E2E/2- 26- 2017 9- 44- 13 AM/Image 19.png,Boundaries/Boundaries_Manual/Grading_1/Normal Part1/Normal (26).E2E/2- 26- 2017 9- 44- 13 AM/Image 19.csv,Normal Part1,Normal (26).E2E,Image 19
Normal (26).E2E_Image 2,Images/Images_Manual/Normal Part1/Normal (26).E2E/2- 26- 2017 9- 44- 13 AM/Image 2.png,Masks/Masks_Manual/Grading_1/Normal Part1/Normal (26).E2E/2- 26- 2017 9- 44- 13 AM/Image 2.png,Boundaries/Boundaries_Manual/Grading_1/Normal Part1/Normal (26).E2E/2- 26- 2017 9- 44- 13 AM/Image 2.csv,Normal Part1,Normal (26).E2E,Image 2
Normal (26).E2E_Image 20,Images/Images_Manual/Normal Part1/Normal (26).E2E/2- 26- 2017 9- 44- 13 AM/Image 20.png,Masks/Masks_Manual/Grading_1/Normal Part1/Normal (26).E2E/2- 26- 2017 9- 44- 13 AM/Image 20.png,Boundaries/Boundaries_Manual/Grading_1/Normal Part1/Normal (26).E2E/2- 26- 2017 9- 44- 13 AM/Image 20.csv,Normal Part1,Normal (26).E2E,Image 20
Normal (26).E2E_Image 21,Images/Images_Manual/Normal Part1/Normal (26).E2E/2- 26- 2017 9- 44- 13 AM/Image 21.png,Masks/Masks_Manual/Grading_1/Normal Part1/Normal (26).E2E/2- 26- 2017 9- 44- 13 AM/Image 21.png,Boundaries/Boundaries_Manual/Grading_1/Normal Part1/Normal (26).E2E/2- 26- 2017 9- 44- 13 AM/Image 21.csv,Normal Part1,Normal (26).E2E,Image 21
Normal (26).E2E_Image 22,Images/Images_Manual/Normal Part1/Normal (26).E2E/2- 26- 2017 9- 44- 13 AM/Image 22.png,Masks/Masks_Manual/Grading_1/Normal Part1/Normal (26).E2E/2- 26- 2017 9- 44- 13 AM/Image 22.png,Boundaries/Boundaries_Manual/Grading_1/Normal Part1/Normal (26).E2E/2- 26- 2017 9- 44- 13 AM/Image 22.csv,Normal Part1,Normal (26).E2E,Image 22
Normal (26).E2E_Image 23,Images/Images_Manual/Normal Part1/Normal (26).E2E/2- 26- 2017 9- 44- 13 AM/Image 23.png,Masks/Masks_Manual/Grading_1/Normal Part1/Normal (26).E2E/2- 26- 2017 9- 44- 13 AM/Image 23.png,Boundaries/Boundaries_Manual/Grading_1/Normal Part1/Normal (26).E2E/2- 26- 2017 9- 44- 13 AM/Image 23.csv,Normal Part1,Normal (26).E2E,Image 23
Normal (26).E2E_Image 24,Images/Images_Manual/Normal Part1/Normal (26).E2E/2- 26- 2017 9- 44- 13 AM/Image 24.png,Masks/Masks_Manual/Grading_1/Normal Part1/Normal (26).E2E/2- 26- 2017 9- 44- 13 AM/Image 24.png,Boundaries/Boundaries_Manual/Grading_1/Normal Part1/Normal (26).E2E/2- 26- 2017 9- 44- 13 AM/Image 24.csv,Normal Part1,Normal (26).E2E,Image 24
Normal (26).E2E_Image 25,Images/Images_Manual/Normal Part1/Normal (26).E2E/2- 26- 2017 9- 44- 13 AM/Image 25.png,Masks/Masks_Manual/Grading_1/Normal Part1/Normal (26).E2E/2- 26- 2017 9- 44- 13 AM/Image 25.png,Boundaries/Boundaries_Manual/Grading_1/Normal Part1/Normal (26).E2E/2- 26- 2017 9- 44- 13 AM/Image 25.csv,Normal Part1,Normal (26).E2E,Image 25
Normal (26).E2E_Image 26,Images/Images_Manual/Normal Part1/Normal (26).E2E/2- 26- 2017 9- 44- 13 AM/Image 26.png,Masks/Masks_Manual/Grading_1/Normal Part1/Normal (26).E2E/2- 26- 2017 9- 44- 13 AM/Image 26.png,Boundaries/Boundaries_Manual/Grading_1/Normal Part1/Normal (26).E2E/2- 26- 2017 9- 44- 13 AM/Image 26.csv,Normal Part1,Normal (26).E2E,Image 26
Normal (26).E2E_Image 27,Images/Images_Manual/Normal Part1/Normal (26).E2E/2- 26- 2017 9- 44- 13 AM/Image 27.png,Masks/Masks_Manual/Grading_1/Normal Part1/Normal (26).E2E/2- 26- 2017 9- 44- 13 AM/Image 27.png,Boundaries/Boundaries_Manual/Grading_1/Normal Part1/Normal (26).E2E/2- 26- 2017 9- 44- 13 AM/Image 27.csv,Normal Part1,Normal (26).E2E,Image 27
Normal (26).E2E_Image 28,Images/Images_Manual/Normal Part1/Normal (26).E2E/2- 26- 2017 9- 44- 13 AM/Image 28.png,Masks/Masks_Manual/Grading_1/Normal Part1/Normal (26).E2E/2- 26- 2017 9- 44- 13 AM/Image 28.png,Boundaries/Boundaries_Manual/Grading_1/Normal Part1/Normal (26).E2E/2- 26- 2017 9- 44- 13 AM/Image 28.csv,Normal Part1,Normal (26).E2E,Image 28
Normal (26).E2E_Image 29,Images/Images_Manual/Normal Part1/Normal (26).E2E/2- 26- 2017 9- 44- 13 AM/Image 29.png,Masks/Masks_Manual/Grading_1/Normal Part1/Normal (26).E2E/2- 26- 2017 9- 44- 13 AM/Image 29.png,Boundaries/Boundaries_Manual/Grading_1/Normal Part1/Normal (26).E2E/2- 26- 2017 9- 44- 13 AM/Image 29.csv,Normal Part1,Normal (26).E2E,Image 29
Normal (26).E2E_Image 3,Images/Images_Manual/Normal Part1/Normal (26).E2E/2- 26- 2017 9- 44- 13 AM/Image 3.png,Masks/Masks_Manual/Grading_1/Normal Part1/Normal (26).E2E/2- 26- 2017 9- 44- 13 AM/Image 3.png,Boundaries/Boundaries_Manual/Grading_1/Normal Part1/Normal (26).E2E/2- 26- 2017 9- 44- 13 AM/Image 3.csv,Normal Part1,Normal (26).E2E,Image 3
Normal (26).E2E_Image 30,Images/Images_Manual/Normal Part1/Normal (26).E2E/2- 26- 2017 9- 44- 13 AM/Image 30.png,Masks/Masks_Manual/Grading_1/Normal Part1/Normal (26).E2E/2- 26- 2017 9- 44- 13 AM/Image 30.png,Boundaries/Boundaries_Manual/Grading_1/Normal Part1/Normal (26).E2E/2- 26- 2017 9- 44- 13 AM/Image 30.csv,Normal Part1,Normal (26).E2E,Image 30
Normal (26).E2E_Image 31,Images/Images_Manual/Normal Part1/Normal (26).E2E/2- 26- 2017 9- 44- 13 AM/Image 31.png,Masks/Masks_Manual/Grading_1/Normal Part1/Normal (26).E2E/2- 26- 2017 9- 44- 13 AM/Image 31.png,Boundaries/Boundaries_Manual/Grading_1/Normal Part1/Normal (26).E2E/2- 26- 2017 9- 44- 13 AM/Image 31.csv,Normal Part1,Normal (26).E2E,Image 31
Normal (26).E2E_Image 4,Images/Images_Manual/Normal Part1/Normal (26).E2E/2- 26- 2017 9- 44- 13 AM/Image 4.png,Masks/Masks_Manual/Grading_1/Normal Part1/Normal (26).E2E/2- 26- 2017 9- 44- 13 AM/Image 4.png,Boundaries/Boundaries_Manual/Grading_1/Normal Part1/Normal (26).E2E/2- 26- 2017 9- 44- 13 AM/Image 4.csv,Normal Part1,Normal (26).E2E,Image 4
Normal (26).E2E_Image 5,Images/Images_Manual/Normal Part1/Normal (26).E2E/2- 26- 2017 9- 44- 13 AM/Image 5.png,Masks/Masks_Manual/Grading_1/Normal Part1/Normal (26).E2E/2- 26- 2017 9- 44- 13 AM/Image 5.png,Boundaries/Boundaries_Manual/Grading_1/Normal Part1/Normal (26).E2E/2- 26- 2017 9- 44- 13 AM/Image 5.csv,Normal Part1,Normal (26).E2E,Image 5
Normal (26).E2E_Image 6,Images/Images_Manual/Normal Part1/Normal (26).E2E/2- 26- 2017 9- 44- 13 AM/Image 6.png,Masks/Masks_Manual/Grading_1/Normal Part1/Normal (26).E2E/2- 26- 2017 9- 44- 13 AM/Image 6.png,Boundaries/Boundaries_Manual/Grading_1/Normal Part1/Normal (26).E2E/2- 26- 2017 9- 44- 13 AM/Image 6.csv,Normal Part1,Normal (26).E2E,Image 6
Normal (26).E2E_Image 7,Images/Images_Manual/Normal Part1/Normal (26).E2E/2- 26- 2017 9- 44- 13 AM/Image 7.png,Masks/Masks_Manual/Grading_1/Normal Part1/Normal (26).E2E/2- 26- 2017 9- 44- 13 AM/Image 7.png,Boundaries/Boundaries_Manual/Grading_1/Normal Part1/Normal (26).E2E/2- 26- 2017 9- 44- 13 AM/Image 7.csv,Normal Part1,Normal (26).E2E,Image 7
Normal (26).E2E_Image 8,Images/Images_Manual/Normal Part1/Normal (26).E2E/2- 26- 2017 9- 44- 13 AM/Image 8.png,Masks/Masks_Manual/Grading_1/Normal Part1/Normal (26).E2E/2- 26- 2017 9- 44- 13 AM/Image 8.png,Boundaries/Boundaries_Manual/Grading_1/Normal Part1/Normal (26).E2E/2- 26- 2017 9- 44- 13 AM/Image 8.csv,Normal Part1,Normal (26).E2E,Image 8
Normal (26).E2E_Image 9,Images/Images_Manual/Normal Part1/Normal (26).E2E/2- 26- 2017 9- 44- 13 AM/Image 9.png,Masks/Masks_Manual/Grading_1/Normal Part1/Normal (26).E2E/2- 26- 2017 9- 44- 13 AM/Image 9.png,Boundaries/Boundaries_Manual/Grading_1/Normal Part1/Normal (26).E2E/2- 26- 2017 9- 44- 13 AM/Image 9.csv,Normal Part1,Normal (26).E2E,Image 9
Normal (27).E2E_Image 1,Images/Images_Manual/Normal Part1/Normal (27).E2E/2- 26- 2017 9- 46- 33 AM/Image 1.png,Masks/Masks_Manual/Grading_1/Normal Part1/Normal (27).E2E/2- 26- 2017 9- 46- 33 AM/Image 1.png,Boundaries/Boundaries_Manual/Grading_1/Normal Part1/Normal (27).E2E/2- 26- 2017 9- 46- 33 AM/Image 1.csv,Normal Part1,Normal (27).E2E,Image 1
Normal (27).E2E_Image 10,Images/Images_Manual/Normal Part1/Normal (27).E2E/2- 26- 2017 9- 46- 33 AM/Image 10.png,Masks/Masks_Manual/Grading_1/Normal Part1/Normal (27).E2E/2- 26- 2017 9- 46- 33 AM/Image 10.png,Boundaries/Boundaries_Manual/Grading_1/Normal Part1/Normal (27).E2E/2- 26- 2017 9- 46- 33 AM/Image 10.csv,Normal Part1,Normal (27).E2E,Image 10
Normal (27).E2E_Image 11,Images/Images_Manual/Normal Part1/Normal (27).E2E/2- 26- 2017 9- 46- 33 AM/Image 11.png,Masks/Masks_Manual/Grading_1/Normal Part1/Normal (27).E2E/2- 26- 2017 9- 46- 33 AM/Image 11.png,Boundaries/Boundaries_Manual/Grading_1/Normal Part1/Normal (27).E2E/2- 26- 2017 9- 46- 33 AM/Image 11.csv,Normal Part1,Normal (27).E2E,Image 11
Normal (27).E2E_Image 12,Images/Images_Manual/Normal Part1/Normal (27).E2E/2- 26- 2017 9- 46- 33 AM/Image 12.png,Masks/Masks_Manual/Grading_1/Normal Part1/Normal (27).E2E/2- 26- 2017 9- 46- 33 AM/Image 12.png,Boundaries/Boundaries_Manual/Grading_1/Normal Part1/Normal (27).E2E/2- 26- 2017 9- 46- 33 AM/Image 12.csv,Normal Part1,Normal (27).E2E,Image 12
Normal (27).E2E_Image 13,Images/Images_Manual/Normal Part1/Normal (27).E2E/2- 26- 2017 9- 46- 33 AM/Image 13.png,Masks/Masks_Manual/Grading_1/Normal Part1/Normal (27).E2E/2- 26- 2017 9- 46- 33 AM/Image 13.png,Boundaries/Boundaries_Manual/Grading_1/Normal Part1/Normal (27).E2E/2- 26- 2017 9- 46- 33 AM/Image 13.csv,Normal Part1,Normal (27).E2E,Image 13
Normal (27).E2E_Image 14,Images/Images_Manual/Normal Part1/Normal (27).E2E/2- 26- 2017 9- 46- 33 AM/Image 14.png,Masks/Masks_Manual/Grading_1/Normal Part1/Normal (27).E2E/2- 26- 2017 9- 46- 33 AM/Image 14.png,Boundaries/Boundaries_Manual/Grading_1/Normal Part1/Normal (27).E2E/2- 26- 2017 9- 46- 33 AM/Image 14.csv,Normal Part1,Normal (27).E2E,Image 14
Normal (27).E2E_Image 15,Images/Images_Manual/Normal Part1/Normal (27).E2E/2- 26- 2017 9- 46- 33 AM/Image 15.png,Masks/Masks_Manual/Grading_1/Normal Part1/Normal (27).E2E/2- 26- 2017 9- 46- 33 AM/Image 15.png,Boundaries/Boundaries_Manual/Grading_1/Normal Part1/Normal (27).E2E/2- 26- 2017 9- 46- 33 AM/Image 15.csv,Normal Part1,Normal (27).E2E,Image 15
Normal (27).E2E_Image 16,Images/Images_Manual/Normal Part1/Normal (27).E2E/2- 26- 2017 9- 46- 33 AM/Image 16.png,Masks/Masks_Manual/Grading_1/Normal Part1/Normal (27).E2E/2- 26- 2017 9- 46- 33 AM/Image 16.png,Boundaries/Boundaries_Manual/Grading_1/Normal Part1/Normal (27).E2E/2- 26- 2017 9- 46- 33 AM/Image 16.csv,Normal Part1,Normal (27).E2E,Image 16
Normal (27).E2E_Image 17,Images/Images_Manual/Normal Part1/Normal (27).E2E/2- 26- 2017 9- 46- 33 AM/Image 17.png,Masks/Masks_Manual/Grading_1/Normal Part1/Normal (27).E2E/2- 26- 2017 9- 46- 33 AM/Image 17.png,Boundaries/Boundaries_Manual/Grading_1/Normal Part1/Normal (27).E2E/2- 26- 2017 9- 46- 33 AM/Image 17.csv,Normal Part1,Normal (27).E2E,Image 17
Normal (27).E2E_Image 18,Images/Images_Manual/Normal Part1/Normal (27).E2E/2- 26- 2017 9- 46- 33 AM/Image 18.png,Masks/Masks_Manual/Grading_1/Normal Part1/Normal (27).E2E/2- 26- 2017 9- 46- 33 AM/Image 18.png,Boundaries/Boundaries_Manual/Grading_1/Normal Part1/Normal (27).E2E/2- 26- 2017 9- 46- 33 AM/Image 18.csv,Normal Part1,Normal (27).E2E,Image 18
Normal (27).E2E_Image 19,Images/Images_Manual/Normal Part1/Normal (27).E2E/2- 26- 2017 9- 46- 33 AM/Image 19.png,Masks/Masks_Manual/Grading_1/Normal Part1/Normal (27).E2E/2- 26- 2017 9- 46- 33 AM/Image 19.png,Boundaries/Boundaries_Manual/Grading_1/Normal Part1/Normal (27).E2E/2- 26- 2017 9- 46- 33 AM/Image 19.csv,Normal Part1,Normal (27).E2E,Image 19
Normal (27).E2E_Image 2,Images/Images_Manual/Normal Part1/Normal (27).E2E/2- 26- 2017 9- 46- 33 AM/Image 2.png,Masks/Masks_Manual/Grading_1/Normal Part1/Normal (27).E2E/2- 26- 2017 9- 46- 33 AM/Image 2.png,Boundaries/Boundaries_Manual/Grading_1/Normal Part1/Normal (27).E2E/2- 26- 2017 9- 46- 33 AM/Image 2.csv,Normal Part1,Normal (27).E2E,Image 2
Normal (27).E2E_Image 3,Images/Images_Manual/Normal Part1/Normal (27).E2E/2- 26- 2017 9- 46- 33 AM/Image 3.png,Masks/Masks_Manual/Grading_1/Normal Part1/Normal (27).E2E/2- 26- 2017 9- 46- 33 AM/Image 3.png,Boundaries/Boundaries_Manual/Grading_1/Normal Part1/Normal (27).E2E/2- 26- 2017 9- 46- 33 AM/Image 3.csv,Normal Part1,Normal (27).E2E,Image 3
Normal (27).E2E_Image 4,Images/Images_Manual/Normal Part1/Normal (27).E2E/2- 26- 2017 9- 46- 33 AM/Image 4.png,Masks/Masks_Manual/Grading_1/Normal Part1/Normal (27).E2E/2- 26- 2017 9- 46- 33 AM/Image 4.png,Boundaries/Boundaries_Manual/Grading_1/Normal Part1/Normal (27).E2E/2- 26- 2017 9- 46- 33 AM/Image 4.csv,Normal Part1,Normal (27).E2E,Image 4
Normal (27).E2E_Image 5,Images/Images_Manual/Normal Part1/Normal (27).E2E/2- 26- 2017 9- 46- 33 AM/Image 5.png,Masks/Masks_Manual/Grading_1/Normal Part1/Normal (27).E2E/2- 26- 2017 9- 46- 33 AM/Image 5.png,Boundaries/Boundaries_Manual/Grading_1/Normal Part1/Normal (27).E2E/2- 26- 2017 9- 46- 33 AM/Image 5.csv,Normal Part1,Normal (27).E2E,Image 5
Normal (27).E2E_Image 6,Images/Images_Manual/Normal Part1/Normal (27).E2E/2- 26- 2017 9- 46- 33 AM/Image 6.png,Masks/Masks_Manual/Grading_1/Normal Part1/Normal (27).E2E/2- 26- 2017 9- 46- 33 AM/Image 6.png,Boundaries/Boundaries_Manual/Grading_1/Normal Part1/Normal (27).E2E/2- 26- 2017 9- 46- 33 AM/Image 6.csv,Normal Part1,Normal (27).E2E,Image 6
Normal (27).E2E_Image 7,Images/Images_Manual/Normal Part1/Normal (27).E2E/2- 26- 2017 9- 46- 33 AM/Image 7.png,Masks/Masks_Manual/Grading_1/Normal Part1/Normal (27).E2E/2- 26- 2017 9- 46- 33 AM/Image 7.png,Boundaries/Boundaries_Manual/Grading_1/Normal Part1/Normal (27).E2E/2- 26- 2017 9- 46- 33 AM/Image 7.csv,Normal Part1,Normal (27).E2E,Image 7
Normal (27).E2E_Image 8,Images/Images_Manual/Normal Part1/Normal (27).E2E/2- 26- 2017 9- 46- 33 AM/Image 8.png,Masks/Masks_Manual/Grading_1/Normal Part1/Normal (27).E2E/2- 26- 2017 9- 46- 33 AM/Image 8.png,Boundaries/Boundaries_Manual/Grading_1/Normal Part1/Normal (27).E2E/2- 26- 2017 9- 46- 33 AM/Image 8.csv,Normal Part1,Normal (27).E2E,Image 8
Normal (27).E2E_Image 9,Images/Images_Manual/Normal Part1/Normal (27).E2E/2- 26- 2017 9- 46- 33 AM/Image 9.png,Masks/Masks_Manual/Grading_1/Normal Part1/Normal (27).E2E/2- 26- 2017 9- 46- 33 AM/Image 9.png,Boundaries/Boundaries_Manual/Grading_1/Normal Part1/Normal (27).E2E/2- 26- 2017 9- 46- 33 AM/Image 9.csv,Normal Part1,Normal (27).E2E,Image 9
Normal (6).E2E_Image 1,Images/Images_Manual/Normal Part1/Normal (6).E2E/2- 26- 2017 9- 12- 11 AM/Image 1.png,Masks/Masks_Manual/Grading_1/Normal Part1/Normal (6).E2E/2- 26- 2017 9- 12- 11 AM/Image 1.png,Boundaries/Boundaries_Manual/Grading_1/Normal Part1/Normal (6).E2E/2- 26- 2017 9- 12- 11 AM/Image 1.csv,Normal Part1,Normal (6).E2E,Image 1
Normal (6).E2E_Image 10,Images/Images_Manual/Normal Part1/Normal (6).E2E/2- 26- 2017 9- 12- 11 AM/Image 10.png,Masks/Masks_Manual/Grading_1/Normal Part1/Normal (6).E2E/2- 26- 2017 9- 12- 11 AM/Image 10.png,Boundaries/Boundaries_Manual/Grading_1/Normal Part1/Normal (6).E2E/2- 26- 2017 9- 12- 11 AM/Image 10.csv,Normal Part1,Normal (6).E2E,Image 10
Normal (6).E2E_Image 11,Images/Images_Manual/Normal Part1/Normal (6).E2E/2- 26- 2017 9- 12- 11 AM/Image 11.png,Masks/Masks_Manual/Grading_1/Normal Part1/Normal (6).E2E/2- 26- 2017 9- 12- 11 AM/Image 11.png,Boundaries/Boundaries_Manual/Grading_1/Normal Part1/Normal (6).E2E/2- 26- 2017 9- 12- 11 AM/Image 11.csv,Normal Part1,Normal (6).E2E,Image 11
Normal (6).E2E_Image 12,Images/Images_Manual/Normal Part1/Normal (6).E2E/2- 26- 2017 9- 12- 11 AM/Image 12.png,Masks/Masks_Manual/Grading_1/Normal Part1/Normal (6).E2E/2- 26- 2017 9- 12- 11 AM/Image 12.png,Boundaries/Boundaries_Manual/Grading_1/Normal Part1/Normal (6).E2E/2- 26- 2017 9- 12- 11 AM/Image 12.csv,Normal Part1,Normal (6).E2E,Image 12
Normal (6).E2E_Image 13,Images/Images_Manual/Normal Part1/Normal (6).E2E/2- 26- 2017 9- 12- 11 AM/Image 13.png,Masks/Masks_Manual/Grading_1/Normal Part1/Normal (6).E2E/2- 26- 2017 9- 12- 11 AM/Image 13.png,Boundaries/Boundaries_Manual/Grading_1/Normal Part1/Normal (6).E2E/2- 26- 2017 9- 12- 11 AM/Image 13.csv,Normal Part1,Normal (6).E2E,Image 13
Normal (6).E2E_Image 14,Images/Images_Manual/Normal Part1/Normal (6).E2E/2- 26- 2017 9- 12- 11 AM/Image 14.png,Masks/Masks_Manual/Grading_1/Normal Part1/Normal (6).E2E/2- 26- 2017 9- 12- 11 AM/Image 14.png,Boundaries/Boundaries_Manual/Grading_1/Normal Part1/Normal (6).E2E/2- 26- 2017 9- 12- 11 AM/Image 14.csv,Normal Part1,Normal (6).E2E,Image 14
Normal (6).E2E_Image 15,Images/Images_Manual/Normal Part1/Normal (6).E2E/2- 26- 2017 9- 12- 11 AM/Image 15.png,Masks/Masks_Manual/Grading_1/Normal Part1/Normal (6).E2E/2- 26- 2017 9- 12- 11 AM/Image 15.png,Boundaries/Boundaries_Manual/Grading_1/Normal Part1/Normal (6).E2E/2- 26- 2017 9- 12- 11 AM/Image 15.csv,Normal Part1,Normal (6).E2E,Image 15
Normal (6).E2E_Image 16,Images/Images_Manual/Normal Part1/Normal (6).E2E/2- 26- 2017 9- 12- 11 AM/Image 16.png,Masks/Masks_Manual/Grading_1/Normal Part1/Normal (6).E2E/2- 26- 2017 9- 12- 11 AM/Image 16.png,Boundaries/Boundaries_Manual/Grading_1/Normal Part1/Normal (6).E2E/2- 26- 2017 9- 12- 11 AM/Image 16.csv,Normal Part1,Normal (6).E2E,Image 16
Normal (6).E2E_Image 17,Images/Images_Manual/Normal Part1/Normal (6).E2E/2- 26- 2017 9- 12- 11 AM/Image 17.png,Masks/Masks_Manual/Grading_1/Normal Part1/Normal (6).E2E/2- 26- 2017 9- 12- 11 AM/Image 17.png,Boundaries/Boundaries_Manual/Grading_1/Normal Part1/Normal (6).E2E/2- 26- 2017 9- 12- 11 AM/Image 17.csv,Normal Part1,Normal (6).E2E,Image 17
Normal (6).E2E_Image 18,Images/Images_Manual/Normal Part1/Normal (6).E2E/2- 26- 2017 9- 12- 11 AM/Image 18.png,Masks/Masks_Manual/Grading_1/Normal Part1/Normal (6).E2E/2- 26- 2017 9- 12- 11 AM/Image 18.png,Boundaries/Boundaries_Manual/Grading_1/Normal Part1/Normal (6).E2E/2- 26- 2017 9- 12- 11 AM/Image 18.csv,Normal Part1,Normal (6).E2E,Image 18
Normal (6).E2E_Image 19,Images/Images_Manual/Normal Part1/Normal (6).E2E/2- 26- 2017 9- 12- 11 AM/Image 19.png,Masks/Masks_Manual/Grading_1/Normal Part1/Normal (6).E2E/2- 26- 2017 9- 12- 11 AM/Image 19.png,Boundaries/Boundaries_Manual/Grading_1/Normal Part1/Normal (6).E2E/2- 26- 2017 9- 12- 11 AM/Image 19.csv,Normal Part1,Normal (6).E2E,Image 19
Normal (6).E2E_Image 2,Images/Images_Manual/Normal Part1/Normal (6).E2E/2- 26- 2017 9- 12- 11 AM/Image 2.png,Masks/Masks_Manual/Grading_1/Normal Part1/Normal (6).E2E/2- 26- 2017 9- 12- 11 AM/Image 2.png,Boundaries/Boundaries_Manual/Grading_1/Normal Part1/Normal (6).E2E/2- 26- 2017 9- 12- 11 AM/Image 2.csv,Normal Part1,Normal (6).E2E,Image 2
Normal (6).E2E_Image 3,Images/Images_Manual/Normal Part1/Normal (6).E2E/2- 26- 2017 9- 12- 11 AM/Image 3.png,Masks/Masks_Manual/Grading_1/Normal Part1/Normal (6).E2E/2- 26- 2017 9- 12- 11 AM/Image 3.png,Boundaries/Boundaries_Manual/Grading_1/Normal Part1/Normal (6).E2E/2- 26- 2017 9- 12- 11 AM/Image 3.csv,Normal Part1,Normal (6).E2E,Image 3
Normal (6).E2E_Image 4,Images/Images_Manual/Normal Part1/Normal (6).E2E/2- 26- 2017 9- 12- 11 AM/Image 4.png,Masks/Masks_Manual/Grading_1/Normal Part1/Normal (6).E2E/2- 26- 2017 9- 12- 11 AM/Image 4.png,Boundaries/Boundaries_Manual/Grading_1/Normal Part1/Normal (6).E2E/2- 26- 2017 9- 12- 11 AM/Image 4.csv,Normal Part1,Normal (6).E2E,Image 4
Normal (6).E2E_Image 5,Images/Images_Manual/Normal Part1/Normal (6).E2E/2- 26- 2017 9- 12- 11 AM/Image 5.png,Masks/Masks_Manual/Grading_1/Normal Part1/Normal (6).E2E/2- 26- 2017 9- 12- 11 AM/Image 5.png,Boundaries/Boundaries_Manual/Grading_1/Normal Part1/Normal (6).E2E/2- 26- 2017 9- 12- 11 AM/Image 5.csv,Normal Part1,Normal (6).E2E,Image 5
Normal (6).E2E_Image 6,Images/Images_Manual/Normal Part1/Normal (6).E2E/2- 26- 2017 9- 12- 11 AM/Image 6.png,Masks/Masks_Manual/Grading_1/Normal Part1/Normal (6).E2E/2- 26- 2017 9- 12- 11 AM/Image 6.png,Boundaries/Boundaries_Manual/Grading_1/Normal Part1/Normal (6).E2E/2- 26- 2017 9- 12- 11 AM/Image 6.csv,Normal Part1,Normal (6).E2E,Image 6
Normal (6).E2E_Image 7,Images/Images_Manual/Normal Part1/Normal (6).E2E/2- 26- 2017 9- 12- 11 AM/Image 7.png,Masks/Masks_Manual/Grading_1/Normal Part1/Normal (6).E2E/2- 26- 2017 9- 12- 11 AM/Image 7.png,Boundaries/Boundaries_Manual/Grading_1/Normal Part1/Normal (6).E2E/2- 26- 2017 9- 12- 11 AM/Image 7.csv,Normal Part1,Normal (6).E2E,Image 7
Normal (6).E2E_Image 8,Images/Images_Manual/Normal Part1/Normal (6).E2E/2- 26- 2017 9- 12- 11 AM/Image 8.png,Masks/Masks_Manual/Grading_1/Normal Part1/Normal (6).E2E/2- 26- 2017 9- 12- 11 AM/Image 8.png,Boundaries/Boundaries_Manual/Grading_1/Normal Part1/Normal (6).E2E/2- 26- 2017 9- 12- 11 AM/Image 8.csv,Normal Part1,Normal (6).E2E,Image 8
Normal (6).E2E_Image 9,Images/Images_Manual/Normal Part1/Normal (6).E2E/2- 26- 2017 9- 12- 11 AM/Image 9.png,Masks/Masks_Manual/Grading_1/Normal Part1/Normal (6).E2E/2- 26- 2017 9- 12- 11 AM/Image 9.png,Boundaries/Boundaries_Manual/Grading_1/Normal Part1/Normal (6).E2E/2- 26- 2017 9- 12- 11 AM/Image 9.csv,Normal Part1,Normal (6).E2E,Image 9
Normal (9).E2E_Image 1,Images/Images_Manual/Normal Part1/Normal (9).E2E/2- 26- 2017 9- 15- 48 AM/Image 1.png,Masks/Masks_Manual/Grading_1/Normal Part1/Normal (9).E2E/2- 26- 2017 9- 15- 48 AM/Image 1.png,Boundaries/Boundaries_Manual/Grading_1/Normal Part1/Normal (9).E2E/2- 26- 2017 9- 15- 48 AM/Image 1.csv,Normal Part1,Normal (9).E2E,Image 1
Normal (9).E2E_Image 10,Images/Images_Manual/Normal Part1/Normal (9).E2E/2- 26- 2017 9- 15- 48 AM/Image 10.png,Masks/Masks_Manual/Grading_1/Normal Part1/Normal (9).E2E/2- 26- 2017 9- 15- 48 AM/Image 10.png,Boundaries/Boundaries_Manual/Grading_1/Normal Part1/Normal (9).E2E/2- 26- 2017 9- 15- 48 AM/Image 10.csv,Normal Part1,Normal (9).E2E,Image 10
Normal (9).E2E_Image 11,Images/Images_Manual/Normal Part1/Normal (9).E2E/2- 26- 2017 9- 15- 48 AM/Image 11.png,Masks/Masks_Manual/Grading_1/Normal Part1/Normal (9).E2E/2- 26- 2017 9- 15- 48 AM/Image 11.png,Boundaries/Boundaries_Manual/Grading_1/Normal Part1/Normal (9).E2E/2- 26- 2017 9- 15- 48 AM/Image 11.csv,Normal Part1,Normal (9).E2E,Image 11
Normal (9).E2E_Image 12,Images/Images_Manual/Normal Part1/Normal (9).E2E/2- 26- 2017 9- 15- 48 AM/Image 12.png,Masks/Masks_Manual/Grading_1/Normal Part1/Normal (9).E2E/2- 26- 2017 9- 15- 48 AM/Image 12.png,Boundaries/Boundaries_Manual/Grading_1/Normal Part1/Normal (9).E2E/2- 26- 2017 9- 15- 48 AM/Image 12.csv,Normal Part1,Normal (9).E2E,Image 12
Normal (9).E2E_Image 13,Images/Images_Manual/Normal Part1/Normal (9).E2E/2- 26- 2017 9- 15- 48 AM/Image 13.png,Masks/Masks_Manual/Grading_1/Normal Part1/Normal (9).E2E/2- 26- 2017 9- 15- 48 AM/Image 13.png,Boundaries/Boundaries_Manual/Grading_1/Normal Part1/Normal (9).E2E/2- 26- 2017 9- 15- 48 AM/Image 13.csv,Normal Part1,Normal (9).E2E,Image 13
Normal (9).E2E_Image 14,Images/Images_Manual/Normal Part1/Normal (9).E2E/2- 26- 2017 9- 15- 48 AM/Image 14.png,Masks/Masks_Manual/Grading_1/Normal Part1/Normal (9).E2E/2- 26- 2017 9- 15- 48 AM/Image 14.png,Boundaries/Boundaries_Manual/Grading_1/Normal Part1/Normal (9).E2E/2- 26- 2017 9- 15- 48 AM/Image 14.csv,Normal Part1,Normal (9).E2E,Image 14
Normal (9).E2E_Image 15,Images/Images_Manual/Normal Part1/Normal (9).E2E/2- 26- 2017 9- 15- 48 AM/Image 15.png,Masks/Masks_Manual/Grading_1/Normal Part1/Normal (9).E2E/2- 26- 2017 9- 15- 48 AM/Image 15.png,Boundaries/Boundaries_Manual/Grading_1/Normal Part1/Normal (9).E2E/2- 26- 2017 9- 15- 48 AM/Image 15.csv,Normal Part1,Normal (9).E2E,Image 15
Normal (9).E2E_Image 16,Images/Images_Manual/Normal Part1/Normal (9).E2E/2- 26- 2017 9- 15- 48 AM/Image 16.png,Masks/Masks_Manual/Grading_1/Normal Part1/Normal (9).E2E/2- 26- 2017 9- 15- 48 AM/Image 16.png,Boundaries/Boundaries_Manual/Grading_1/Normal Part1/Normal (9).E2E/2- 26- 2017 9- 15- 48 AM/Image 16.csv,Normal Part1,Normal (9).E2E,Image 16
Normal (9).E2E_Image 17,Images/Images_Manual/Normal Part1/Normal (9).E2E/2- 26- 2017 9- 15- 48 AM/Image 17.png,Masks/Masks_Manual/Grading_1/Normal Part1/Normal (9).E2E/2- 26- 2017 9- 15- 48 AM/Image 17.png,Boundaries/Boundaries_Manual/Grading_1/Normal Part1/Normal (9).E2E/2- 26- 2017 9- 15- 48 AM/Image 17.csv,Normal Part1,Normal (9).E2E,Image 17
Normal (9).E2E_Image 18,Images/Images_Manual/Normal Part1/Normal (9).E2E/2- 26- 2017 9- 15- 48 AM/Image 18.png,Masks/Masks_Manual/Grading_1/Normal Part1/Normal (9).E2E/2- 26- 2017 9- 15- 48 AM/Image 18.png,Boundaries/Boundaries_Manual/Grading_1/Normal Part1/Normal (9).E2E/2- 26- 2017 9- 15- 48 AM/Image 18.csv,Normal Part1,Normal (9).E2E,Image 18
Normal (9).E2E_Image 19,Images/Images_Manual/Normal Part1/Normal (9).E2E/2- 26- 2017 9- 15- 48 AM/Image 19.png,Masks/Masks_Manual/Grading_1/Normal Part1/Normal (9).E2E/2- 26- 2017 9- 15- 48 AM/Image 19.png,Boundaries/Boundaries_Manual/Grading_1/Normal Part1/Normal (9).E2E/2- 26- 2017 9- 15- 48 AM/Image 19.csv,Normal Part1,Normal (9).E2E,Image 19
Normal (9).E2E_Image 2,Images/Images_Manual/Normal Part1/Normal (9).E2E/2- 26- 2017 9- 15- 48 AM/Image 2.png,Masks/Masks_Manual/Grading_1/Normal Part1/Normal (9).E2E/2- 26- 2017 9- 15- 48 AM/Image 2.png,Boundaries/Boundaries_Manual/Grading_1/Normal Part1/Normal (9).E2E/2- 26- 2017 9- 15- 48 AM/Image 2.csv,Normal Part1,Normal (9).E2E,Image 2
Normal (9).E2E_Image 20,Images/Images_Manual/Normal Part1/Normal (9).E2E/2- 26- 2017 9- 15- 48 AM/Image 20.png,Masks/Masks_Manual/Grading_1/Normal Part1/Normal (9).E2E/2- 26- 2017 9- 15- 48 AM/Image 20.png,Boundaries/Boundaries_Manual/Grading_1/Normal Part1/Normal (9).E2E/2- 26- 2017 9- 15- 48 AM/Image 20.csv,Normal Part1,Normal (9).E2E,Image 20
Normal (9).E2E_Image 21,Images/Images_Manual/Normal Part1/Normal (9).E2E/2- 26- 2017 9- 15- 48 AM/Image 21.png,Masks/Masks_Manual/Grading_1/Normal Part1/Normal (9).E2E/2- 26- 2017 9- 15- 48 AM/Image 21.png,Boundaries/Boundaries_Manual/Grading_1/Normal Part1/Normal (9).E2E/2- 26- 2017 9- 15- 48 AM/Image 21.csv,Normal Part1,Normal (9).E2E,Image 21
Normal (9).E2E_Image 22,Images/Images_Manual/Normal Part1/Normal (9).E2E/2- 26- 2017 9- 15- 48 AM/Image 22.png,Masks/Masks_Manual/Grading_1/Normal Part1/Normal (9).E2E/2- 26- 2017 9- 15- 48 AM/Image 22.png,Boundaries/Boundaries_Manual/Grading_1/Normal Part1/Normal (9).E2E/2- 26- 2017 9- 15- 48 AM/Image 22.csv,Normal Part1,Normal (9).E2E,Image 22
Normal (9).E2E_Image 23,Images/Images_Manual/Normal Part1/Normal (9).E2E/2- 26- 2017 9- 15- 48 AM/Image 23.png,Masks/Masks_Manual/Grading_1/Normal Part1/Normal (9).E2E/2- 26- 2017 9- 15- 48 AM/Image 23.png,Boundaries/Boundaries_Manual/Grading_1/Normal Part1/Normal (9).E2E/2- 26- 2017 9- 15- 48 AM/Image 23.csv,Normal Part1,Normal (9).E2E,Image 23
Normal (9).E2E_Image 24,Images/Images_Manual/Normal Part1/Normal (9).E2E/2- 26- 2017 9- 15- 48 AM/Image 24.png,Masks/Masks_Manual/Grading_1/Normal Part1/Normal (9).E2E/2- 26- 2017 9- 15- 48 AM/Image 24.png,Boundaries/Boundaries_Manual/Grading_1/Normal Part1/Normal (9).E2E/2- 26- 2017 9- 15- 48 AM/Image 24.csv,Normal Part1,Normal (9).E2E,Image 24
Normal (9).E2E_Image 25,Images/Images_Manual/Normal Part1/Normal (9).E2E/2- 26- 2017 9- 15- 48 AM/Image 25.png,Masks/Masks_Manual/Grading_1/Normal Part1/Normal (9).E2E/2- 26- 2017 9- 15- 48 AM/Image 25.png,Boundaries/Boundaries_Manual/Grading_1/Normal Part1/Normal (9).E2E/2- 26- 2017 9- 15- 48 AM/Image 25.csv,Normal Part1,Normal (9).E2E,Image 25
Normal (9).E2E_Image 26,Images/Images_Manual/Normal Part1/Normal (9).E2E/2- 26- 2017 9- 15- 48 AM/Image 26.png,Masks/Masks_Manual/Grading_1/Normal Part1/Normal (9).E2E/2- 26- 2017 9- 15- 48 AM/Image 26.png,Boundaries/Boundaries_Manual/Grading_1/Normal Part1/Normal (9).E2E/2- 26- 2017 9- 15- 48 AM/Image 26.csv,Normal Part1,Normal (9).E2E,Image 26
Normal (9).E2E_Image 27,Images/Images_Manual/Normal Part1/Normal (9).E2E/2- 26- 2017 9- 15- 48 AM/Image 27.png,Masks/Masks_Manual/Grading_1/Normal Part1/Normal (9).E2E/2- 26- 2017 9- 15- 48 AM/Image 27.png,Boundaries/Boundaries_Manual/Grading_1/Normal Part1/Normal (9).E2E/2- 26- 2017 9- 15- 48 AM/Image 27.csv,Normal Part1,Normal (9).E2E,Image 27
Normal (9).E2E_Image 28,Images/Images_Manual/Normal Part1/Normal (9).E2E/2- 26- 2017 9- 15- 48 AM/Image 28.png,Masks/Masks_Manual/Grading_1/Normal Part1/Normal (9).E2E/2- 26- 2017 9- 15- 48 AM/Image 28.png,Boundaries/Boundaries_Manual/Grading_1/Normal Part1/Normal (9).E2E/2- 26- 2017 9- 15- 48 AM/Image 28.csv,Normal Part1,Normal (9).E2E,Image 28
Normal (9).E2E_Image 29,Images/Images_Manual/Normal Part1/Normal (9).E2E/2- 26- 2017 9- 15- 48 AM/Image 29.png,Masks/Masks_Manual/Grading_1/Normal Part1/Normal (9).E2E/2- 26- 2017 9- 15- 48 AM/Image 29.png,Boundaries/Boundaries_Manual/Grading_1/Normal Part1/Normal (9).E2E/2- 26- 2017 9- 15- 48 AM/Image 29.csv,Normal Part1,Normal (9).E2E,Image 29
Normal (9).E2E_Image 3,Images/Images_Manual/Normal Part1/Normal (9).E2E/2- 26- 2017 9- 15- 48 AM/Image 3.png,Masks/Masks_Manual/Grading_1/Normal Part1/Normal (9).E2E/2- 26- 2017 9- 15- 48 AM/Image 3.png,Boundaries/Boundaries_Manual/Grading_1/Normal Part1/Normal (9).E2E/2- 26- 2017 9- 15- 48 AM/Image 3.csv,Normal Part1,Normal (9).E2E,Image 3
Normal (9).E2E_Image 30,Images/Images_Manual/Normal Part1/Normal (9).E2E/2- 26- 2017 9- 15- 48 AM/Image 30.png,Masks/Masks_Manual/Grading_1/Normal Part1/Normal (9).E2E/2- 26- 2017 9- 15- 48 AM/Image 30.png,Boundaries/Boundaries_Manual/Grading_1/Normal Part1/Normal (9).E2E/2- 26- 2017 9- 15- 48 AM/Image 30.csv,Normal Part1,Normal (9).E2E,Image 30
Normal (9).E2E_Image 31,Images/Images_Manual/Normal Part1/Normal (9).E2E/2- 26- 2017 9- 15- 48 AM/Image 31.png,Masks/Masks_Manual/Grading_1/Normal Part1/Normal (9).E2E/2- 26- 2017 9- 15- 48 AM/Image 31.png,Boundaries/Boundaries_Manual/Grading_1/Normal Part1/Normal (9).E2E/2- 26- 2017 9- 15- 48 AM/Image 31.csv,Normal Part1,Normal (9).E2E,Image 31
Normal (9).E2E_Image 4,Images/Images_Manual/Normal Part1/Normal (9).E2E/2- 26- 2017 9- 15- 48 AM/Image 4.png,Masks/Masks_Manual/Grading_1/Normal Part1/Normal (9).E2E/2- 26- 2017 9- 15- 48 AM/Image 4.png,Boundaries/Boundaries_Manual/Grading_1/Normal Part1/Normal (9).E2E/2- 26- 2017 9- 15- 48 AM/Image 4.csv,Normal Part1,Normal (9).E2E,Image 4
Normal (9).E2E_Image 5,Images/Images_Manual/Normal Part1/Normal (9).E2E/2- 26- 2017 9- 15- 48 AM/Image 5.png,Masks/Masks_Manual/Grading_1/Normal Part1/Normal (9).E2E/2- 26- 2017 9- 15- 48 AM/Image 5.png,Boundaries/Boundaries_Manual/Grading_1/Normal Part1/Normal (9).E2E/2- 26- 2017 9- 15- 48 AM/Image 5.csv,Normal Part1,Normal (9).E2E,Image 5
Normal (9).E2E_Image 6,Images/Images_Manual/Normal Part1/Normal (9).E2E/2- 26- 2017 9- 15- 48 AM/Image 6.png,Masks/Masks_Manual/Grading_1/Normal Part1/Normal (9).E2E/2- 26- 2017 9- 15- 48 AM/Image 6.png,Boundaries/Boundaries_Manual/Grading_1/Normal Part1/Normal (9).E2E/2- 26- 2017 9- 15- 48 AM/Image 6.csv,Normal Part1,Normal (9).E2E,Image 6
Normal (9).E2E_Image 7,Images/Images_Manual/Normal Part1/Normal (9).E2E/2- 26- 2017 9- 15- 48 AM/Image 7.png,Masks/Masks_Manual/Grading_1/Normal Part1/Normal (9).E2E/2- 26- 2017 9- 15- 48 AM/Image 7.png,Boundaries/Boundaries_Manual/Grading_1/Normal Part1/Normal (9).E2E/2- 26- 2017 9- 15- 48 AM/Image 7.csv,Normal Part1,Normal (9).E2E,Image 7
Normal (9).E2E_Image 8,Images/Images_Manual/Normal Part1/Normal (9).E2E/2- 26- 2017 9- 15- 48 AM/Image 8.png,Masks/Masks_Manual/Grading_1/Normal Part1/Normal (9).E2E/2- 26- 2017 9- 15- 48 AM/Image 8.png,Boundaries/Boundaries_Manual/Grading_1/Normal Part1/Normal (9).E2E/2- 26- 2017 9- 15- 48 AM/Image 8.csv,Normal Part1,Normal (9).E2E,Image 8
Normal (9).E2E_Image 9,Images/Images_Manual/Normal Part1/Normal (9).E2E/2- 26- 2017 9- 15- 48 AM/Image 9.png,Masks/Masks_Manual/Grading_1/Normal Part1/Normal (9).E2E/2- 26- 2017 9- 15- 48 AM/Image 9.png,Boundaries/Boundaries_Manual/Grading_1/Normal Part1/Normal (9).E2E/2- 26- 2017 9- 15- 48 AM/Image 9.csv,Normal Part1,Normal (9).E2E,Image 9
Normal (34).E2E_Image 1,Images/Images_Manual/Normal Part2/Normal (34).E2E/2- 26- 2017 10- 01- 13 AM/Image 1.png,Masks/Masks_Manual/Grading_1/Normal Part2/Normal (34).E2E/2- 26- 2017 10- 01- 13 AM/Image 1.png,Boundaries/Boundaries_Manual/Grading_1/Normal Part2/Normal (34).E2E/2- 26- 2017 10- 01- 13 AM/Image 1.csv,Normal Part2,Normal (34).E2E,Image 1
Normal (34).E2E_Image 10,Images/Images_Manual/Normal Part2/Normal (34).E2E/2- 26- 2017 10- 01- 13 AM/Image 10.png,Masks/Masks_Manual/Grading_1/Normal Part2/Normal (34).E2E/2- 26- 2017 10- 01- 13 AM/Image 10.png,Boundaries/Boundaries_Manual/Grading_1/Normal Part2/Normal (34).E2E/2- 26- 2017 10- 01- 13 AM/Image 10.csv,Normal Part2,Normal (34).E2E,Image 10
Normal (34).E2E_Image 11,Images/Images_Manual/Normal Part2/Normal (34).E2E/2- 26- 2017 10- 01- 13 AM/Image 11.png,Masks/Masks_Manual/Grading_1/Normal Part2/Normal (34).E2E/2- 26- 2017 10- 01- 13 AM/Image 11.png,Boundaries/Boundaries_Manual/Grading_1/Normal Part2/Normal (34).E2E/2- 26- 2017 10- 01- 13 AM/Image 11.csv,Normal Part2,Normal (34).E2E,Image 11
Normal (34).E2E_Image 12,Images/Images_Manual/Normal Part2/Normal (34).E2E/2- 26- 2017 10- 01- 13 AM/Image 12.png,Masks/Masks_Manual/Grading_1/Normal Part2/Normal (34).E2E/2- 26- 2017 10- 01- 13 AM/Image 12.png,Boundaries/Boundaries_Manual/Grading_1/Normal Part2/Normal (34).E2E/2- 26- 2017 10- 01- 13 AM/Image 12.csv,Normal Part2,Normal (34).E2E,Image 12
Normal (34).E2E_Image 13,Images/Images_Manual/Normal Part2/Normal (34).E2E/2- 26- 2017 10- 01- 13 AM/Image 13.png,Masks/Masks_Manual/Grading_1/Normal Part2/Normal (34).E2E/2- 26- 2017 10- 01- 13 AM/Image 13.png,Boundaries/Boundaries_Manual/Grading_1/Normal Part2/Normal (34).E2E/2- 26- 2017 10- 01- 13 AM/Image 13.csv,Normal Part2,Normal (34).E2E,Image 13
Normal (34).E2E_Image 14,Images/Images_Manual/Normal Part2/Normal (34).E2E/2- 26- 2017 10- 01- 13 AM/Image 14.png,Masks/Masks_Manual/Grading_1/Normal Part2/Normal (34).E2E/2- 26- 2017 10- 01- 13 AM/Image 14.png,Boundaries/Boundaries_Manual/Grading_1/Normal Part2/Normal (34).E2E/2- 26- 2017 10- 01- 13 AM/Image 14.csv,Normal Part2,Normal (34).E2E,Image 14
Normal (34).E2E_Image 15,Images/Images_Manual/Normal Part2/Normal (34).E2E/2- 26- 2017 10- 01- 13 AM/Image 15.png,Masks/Masks_Manual/Grading_1/Normal Part2/Normal (34).E2E/2- 26- 2017 10- 01- 13 AM/Image 15.png,Boundaries/Boundaries_Manual/Grading_1/Normal Part2/Normal (34).E2E/2- 26- 2017 10- 01- 13 AM/Image 15.csv,Normal Part2,Normal (34).E2E,Image 15
Normal (34).E2E_Image 16,Images/Images_Manual/Normal Part2/Normal (34).E2E/2- 26- 2017 10- 01- 13 AM/Image 16.png,Masks/Masks_Manual/Grading_1/Normal Part2/Normal (34).E2E/2- 26- 2017 10- 01- 13 AM/Image 16.png,Boundaries/Boundaries_Manual/Grading_1/Normal Part2/Normal (34).E2E/2- 26- 2017 10- 01- 13 AM/Image 16.csv,Normal Part2,Normal (34).E2E,Image 16
Normal (34).E2E_Image 17,Images/Images_Manual/Normal Part2/Normal (34).E2E/2- 26- 2017 10- 01- 13 AM/Image 17.png,Masks/Masks_Manual/Grading_1/Normal Part2/Normal (34).E2E/2- 26- 2017 10- 01- 13 AM/Image 17.png,Boundaries/Boundaries_Manual/Grading_1/Normal Part2/Normal (34).E2E/2- 26- 2017 10- 01- 13 AM/Image 17.csv,Normal Part2,Normal (34).E2E,Image 17
Normal (34).E2E_Image 18,Images/Images_Manual/Normal Part2/Normal (34).E2E/2- 26- 2017 10- 01- 13 AM/Image 18.png,Masks/Masks_Manual/Grading_1/Normal Part2/Normal (34).E2E/2- 26- 2017 10- 01- 13 AM/Image 18.png,Boundaries/Boundaries_Manual/Grading_1/Normal Part2/Normal (34).E2E/2- 26- 2017 10- 01- 13 AM/Image 18.csv,Normal Part2,Normal (34).E2E,Image 18
Normal (34).E2E_Image 19,Images/Images_Manual/Normal Part2/Normal (34).E2E/2- 26- 2017 10- 01- 13 AM/Image 19.png,Masks/Masks_Manual/Grading_1/Normal Part2/Normal (34).E2E/2- 26- 2017 10- 01- 13 AM/Image 19.png,Boundaries/Boundaries_Manual/Grading_1/Normal Part2/Normal (34).E2E/2- 26- 2017 10- 01- 13 AM/Image 19.csv,Normal Part2,Normal (34).E2E,Image 19
Normal (34).E2E_Image 2,Images/Images_Manual/Normal Part2/Normal (34).E2E/2- 26- 2017 10- 01- 13 AM/Image 2.png,Masks/Masks_Manual/Grading_1/Normal Part2/Normal (34).E2E/2- 26- 2017 10- 01- 13 AM/Image 2.png,Boundaries/Boundaries_Manual/Grading_1/Normal Part2/Normal (34).E2E/2- 26- 2017 10- 01- 13 AM/Image 2.csv,Normal Part2,Normal (34).E2E,Image 2
Normal (34).E2E_Image 3,Images/Images_Manual/Normal Part2/Normal (34).E2E/2- 26- 2017 10- 01- 13 AM/Image 3.png,Masks/Masks_Manual/Grading_1/Normal Part2/Normal (34).E2E/2- 26- 2017 10- 01- 13 AM/Image 3.png,Boundaries/Boundaries_Manual/Grading_1/Normal Part2/Normal (34).E2E/2- 26- 2017 10- 01- 13 AM/Image 3.csv,Normal Part2,Normal (34).E2E,Image 3
Normal (34).E2E_Image 4,Images/Images_Manual/Normal Part2/Normal (34).E2E/2- 26- 2017 10- 01- 13 AM/Image 4.png,Masks/Masks_Manual/Grading_1/Normal Part2/Normal (34).E2E/2- 26- 2017 10- 01- 13 AM/Image 4.png,Boundaries/Boundaries_Manual/Grading_1/Normal Part2/Normal (34).E2E/2- 26- 2017 10- 01- 13 AM/Image 4.csv,Normal Part2,Normal (34).E2E,Image 4
Normal (34).E2E_Image 5,Images/Images_Manual/Normal Part2/Normal (34).E2E/2- 26- 2017 10- 01- 13 AM/Image 5.png,Masks/Masks_Manual/Grading_1/Normal Part2/Normal (34).E2E/2- 26- 2017 10- 01- 13 AM/Image 5.png,Boundaries/Boundaries_Manual/Grading_1/Normal Part2/Normal (34).E2E/2- 26- 2017 10- 01- 13 AM/Image 5.csv,Normal Part2,Normal (34).E2E,Image 5
Normal (34).E2E_Image 6,Images/Images_Manual/Normal Part2/Normal (34).E2E/2- 26- 2017 10- 01- 13 AM/Image 6.png,Masks/Masks_Manual/Grading_1/Normal Part2/Normal (34).E2E/2- 26- 2017 10- 01- 13 AM/Image 6.png,Boundaries/Boundaries_Manual/Grading_1/Normal Part2/Normal (34).E2E/2- 26- 2017 10- 01- 13 AM/Image 6.csv,Normal Part2,Normal (34).E2E,Image 6
Normal (34).E2E_Image 7,Images/Images_Manual/Normal Part2/Normal (34).E2E/2- 26- 2017 10- 01- 13 AM/Image 7.png,Masks/Masks_Manual/Grading_1/Normal Part2/Normal (34).E2E/2- 26- 2017 10- 01- 13 AM/Image 7.png,Boundaries/Boundaries_Manual/Grading_1/Normal Part2/Normal (34).E2E/2- 26- 2017 10- 01- 13 AM/Image 7.csv,Normal Part2,Normal (34).E2E,Image 7
Normal (34).E2E_Image 8,Images/Images_Manual/Normal Part2/Normal (34).E2E/2- 26- 2017 10- 01- 13 AM/Image 8.png,Masks/Masks_Manual/Grading_1/Normal Part2/Normal (34).E2E/2- 26- 2017 10- 01- 13 AM/Image 8.png,Boundaries/Boundaries_Manual/Grading_1/Normal Part2/Normal (34).E2E/2- 26- 2017 10- 01- 13 AM/Image 8.csv,Normal Part2,Normal (34).E2E,Image 8
Normal (34).E2E_Image 9,Images/Images_Manual/Normal Part2/Normal (34).E2E/2- 26- 2017 10- 01- 13 AM/Image 9.png,Masks/Masks_Manual/Grading_1/Normal Part2/Normal (34).E2E/2- 26- 2017 10- 01- 13 AM/Image 9.png,Boundaries/Boundaries_Manual/Grading_1/Normal Part2/Normal (34).E2E/2- 26- 2017 10- 01- 13 AM/Image 9.csv,Normal Part2,Normal (34).E2E,Image 9
Normal (35).E2E_Image 1,Images/Images_Manual/Normal Part2/Normal (35).E2E/2- 26- 2017 10- 03- 02 AM/Image 1.png,Masks/Masks_Manual/Grading_1/Normal Part2/Normal (35).E2E/2- 26- 2017 10- 03- 02 AM/Image 1.png,Boundaries/Boundaries_Manual/Grading_1/Normal Part2/Normal (35).E2E/2- 26- 2017 10- 03- 02 AM/Image 1.csv,Normal Part2,Normal (35).E2E,Image 1
Normal (35).E2E_Image 10,Images/Images_Manual/Normal Part2/Normal (35).E2E/2- 26- 2017 10- 03- 02 AM/Image 10.png,Masks/Masks_Manual/Grading_1/Normal Part2/Normal (35).E2E/2- 26- 2017 10- 03- 02 AM/Image 10.png,Boundaries/Boundaries_Manual/Grading_1/Normal Part2/Normal (35).E2E/2- 26- 2017 10- 03- 02 AM/Image 10.csv,Normal Part2,Normal (35).E2E,Image 10
Normal (35).E2E_Image 11,Images/Images_Manual/Normal Part2/Normal (35).E2E/2- 26- 2017 10- 03- 02 AM/Image 11.png,Masks/Masks_Manual/Grading_1/Normal Part2/Normal (35).E2E/2- 26- 2017 10- 03- 02 AM/Image 11.png,Boundaries/Boundaries_Manual/Grading_1/Normal Part2/Normal (35).E2E/2- 26- 2017 10- 03- 02 AM/Image 11.csv,Normal Part2,Normal (35).E2E,Image 11
Normal (35).E2E_Image 12,Images/Images_Manual/Normal Part2/Normal (35).E2E/2- 26- 2017 10- 03- 02 AM/Image 12.png,Masks/Masks_Manual/Grading_1/Normal Part2/Normal (35).E2E/2- 26- 2017 10- 03- 02 AM/Image 12.png,Boundaries/Boundaries_Manual/Grading_1/Normal Part2/Normal (35).E2E/2- 26- 2017 10- 03- 02 AM/Image 12.csv,Normal Part2,Normal (35).E2E,Image 12
Normal (35).E2E_Image 13,Images/Images_Manual/Normal Part2/Normal (35).E2E/2- 26- 2017 10- 03- 02 AM/Image 13.png,Masks/Masks_Manual/Grading_1/Normal Part2/Normal (35).E2E/2- 26- 2017 10- 03- 02 AM/Image 13.png,Boundaries/Boundaries_Manual/Grading_1/Normal Part2/Normal (35).E2E/2- 26- 2017 10- 03- 02 AM/Image 13.csv,Normal Part2,Normal (35).E2E,Image 13
Normal (35).E2E_Image 14,Images/Images_Manual/Normal Part2/Normal (35).E2E/2- 26- 2017 10- 03- 02 AM/Image 14.png,Masks/Masks_Manual/Grading_1/Normal Part2/Normal (35).E2E/2- 26- 2017 10- 03- 02 AM/Image 14.png,Boundaries/Boundaries_Manual/Grading_1/Normal Part2/Normal (35).E2E/2- 26- 2017 10- 03- 02 AM/Image 14.csv,Normal Part2,Normal (35).E2E,Image 14
Normal (35).E2E_Image 15,Images/Images_Manual/Normal Part2/Normal (35).E2E/2- 26- 2017 10- 03- 02 AM/Image 15.png,Masks/Masks_Manual/Grading_1/Normal Part2/Normal (35).E2E/2- 26- 2017 10- 03- 02 AM/Image 15.png,Boundaries/Boundaries_Manual/Grading_1/Normal Part2/Normal (35).E2E/2- 26- 2017 10- 03- 02 AM/Image 15.csv,Normal Part2,Normal (35).E2E,Image 15
Normal (35).E2E_Image 16,Images/Images_Manual/Normal Part2/Normal (35).E2E/2- 26- 2017 10- 03- 02 AM/Image 16.png,Masks/Masks_Manual/Grading_1/Normal Part2/Normal (35).E2E/2- 26- 2017 10- 03- 02 AM/Image 16.png,Boundaries/Boundaries_Manual/Grading_1/Normal Part2/Normal (35).E2E/2- 26- 2017 10- 03- 02 AM/Image 16.csv,Normal Part2,Normal (35).E2E,Image 16
Normal (35).E2E_Image 17,Images/Images_Manual/Normal Part2/Normal (35).E2E/2- 26- 2017 10- 03- 02 AM/Image 17.png,Masks/Masks_Manual/Grading_1/Normal Part2/Normal (35).E2E/2- 26- 2017 10- 03- 02 AM/Image 17.png,Boundaries/Boundaries_Manual/Grading_1/Normal Part2/Normal (35).E2E/2- 26- 2017 10- 03- 02 AM/Image 17.csv,Normal Part2,Normal (35).E2E,Image 17
Normal (35).E2E_Image 18,Images/Images_Manual/Normal Part2/Normal (35).E2E/2- 26- 2017 10- 03- 02 AM/Image 18.png,Masks/Masks_Manual/Grading_1/Normal Part2/Normal (35).E2E/2- 26- 2017 10- 03- 02 AM/Image 18.png,Boundaries/Boundaries_Manual/Grading_1/Normal Part2/Normal (35).E2E/2- 26- 2017 10- 03- 02 AM/Image 18.csv,Normal Part2,Normal (35).E2E,Image 18
Normal (35).E2E_Image 19,Images/Images_Manual/Normal Part2/Normal (35).E2E/2- 26- 2017 10- 03- 02 AM/Image 19.png,Masks/Masks_Manual/Grading_1/Normal Part2/Normal (35).E2E/2- 26- 2017 10- 03- 02 AM/Image 19.png,Boundaries/Boundaries_Manual/Grading_1/Normal Part2/Normal (35).E2E/2- 26- 2017 10- 03- 02 AM/Image 19.csv,Normal Part2,Normal (35).E2E,Image 19
Normal (35).E2E_Image 2,Images/Images_Manual/Normal Part2/Normal (35).E2E/2- 26- 2017 10- 03- 02 AM/Image 2.png,Masks/Masks_Manual/Grading_1/Normal Part2/Normal (35).E2E/2- 26- 2017 10- 03- 02 AM/Image 2.png,Boundaries/Boundaries_Manual/Grading_1/Normal Part2/Normal (35).E2E/2- 26- 2017 10- 03- 02 AM/Image 2.csv,Normal Part2,Normal (35).E2E,Image 2
Normal (35).E2E_Image 3,Images/Images_Manual/Normal Part2/Normal (35).E2E/2- 26- 2017 10- 03- 02 AM/Image 3.png,Masks/Masks_Manual/Grading_1/Normal Part2/Normal (35).E2E/2- 26- 2017 10- 03- 02 AM/Image 3.png,Boundaries/Boundaries_Manual/Grading_1/Normal Part2/Normal (35).E2E/2- 26- 2017 10- 03- 02 AM/Image 3.csv,Normal Part2,Normal (35).E2E,Image 3
Normal (35).E2E_Image 4,Images/Images_Manual/Normal Part2/Normal (35).E2E/2- 26- 2017 10- 03- 02 AM/Image 4.png,Masks/Masks_Manual/Grading_1/Normal Part2/Normal (35).E2E/2- 26- 2017 10- 03- 02 AM/Image 4.png,Boundaries/Boundaries_Manual/Grading_1/Normal Part2/Normal (35).E2E/2- 26- 2017 10- 03- 02 AM/Image 4.csv,Normal Part2,Normal (35).E2E,Image 4
Normal (35).E2E_Image 5,Images/Images_Manual/Normal Part2/Normal (35).E2E/2- 26- 2017 10- 03- 02 AM/Image 5.png,Masks/Masks_Manual/Grading_1/Normal Part2/Normal (35).E2E/2- 26- 2017 10- 03- 02 AM/Image 5.png,Boundaries/Boundaries_Manual/Grading_1/Normal Part2/Normal (35).E2E/2- 26- 2017 10- 03- 02 AM/Image 5.csv,Normal Part2,Normal (35).E2E,Image 5
Normal (35).E2E_Image 6,Images/Images_Manual/Normal Part2/Normal (35).E2E/2- 26- 2017 10- 03- 02 AM/Image 6.png,Masks/Masks_Manual/Grading_1/Normal Part2/Normal (35).E2E/2- 26- 2017 10- 03- 02 AM/Image 6.png,Boundaries/Boundaries_Manual/Grading_1/Normal Part2/Normal (35).E2E/2- 26- 2017 10- 03- 02 AM/Image 6.csv,Normal Part2,Normal (35).E2E,Image 6
Normal (35).E2E_Image 7,Images/Images_Manual/Normal Part2/Normal (35).E2E/2- 26- 2017 10- 03- 02 AM/Image 7.png,Masks/Masks_Manual/Grading_1/Normal Part2/Normal (35).E2E/2- 26- 2017 10- 03- 02 AM/Image 7.png,Boundaries/Boundaries_Manual/Grading_1/Normal Part2/Normal (35).E2E/2- 26- 2017 10- 03- 02 AM/Image 7.csv,Normal Part2,Normal (35).E2E,Image 7
Normal (35).E2E_Image 8,Images/Images_Manual/Normal Part2/Normal (35).E2E/2- 26- 2017 10- 03- 02 AM/Image 8.png,Masks/Masks_Manual/Grading_1/Normal Part2/Normal (35).E2E/2- 26- 2017 10- 03- 02 AM/Image 8.png,Boundaries/Boundaries_Manual/Grading_1/Normal Part2/Normal (35).E2E/2- 26- 2017 10- 03- 02 AM/Image 8.csv,Normal Part2,Normal (35).E2E,Image 8
Normal (35).E2E_Image 9,Images/Images_Manual/Normal Part2/Normal (35).E2E/2- 26- 2017 10- 03- 02 AM/Image 9.png,Masks/Masks_Manual/Grading_1/Normal Part2/Normal (35).E2E/2- 26- 2017 10- 03- 02 AM/Image 9.png,Boundaries/Boundaries_Manual/Grading_1/Normal Part2/Normal (35).E2E/2- 26- 2017 10- 03- 02 AM/Image 9.csv,Normal Part2,Normal (35).E2E,Image 9
Normal (36).E2E_Image 1,Images/Images_Manual/Normal Part2/Normal (36).E2E/2- 26- 2017 10- 04- 18 AM/Image 1.png,Masks/Masks_Manual/Grading_1/Normal Part2/Normal (36).E2E/2- 26- 2017 10- 04- 18 AM/Image 1.png,Boundaries/Boundaries_Manual/Grading_1/Normal Part2/Normal (36).E2E/2- 26- 2017 10- 04- 18 AM/Image 1.csv,Normal Part2,Normal (36).E2E,Image 1
Normal (36).E2E_Image 10,Images/Images_Manual/Normal Part2/Normal (36).E2E/2- 26- 2017 10- 04- 18 AM/Image 10.png,Masks/Masks_Manual/Grading_1/Normal Part2/Normal (36).E2E/2- 26- 2017 10- 04- 18 AM/Image 10.png,Boundaries/Boundaries_Manual/Grading_1/Normal Part2/Normal (36).E2E/2- 26- 2017 10- 04- 18 AM/Image 10.csv,Normal Part2,Normal (36).E2E,Image 10
Normal (36).E2E_Image 11,Images/Images_Manual/Normal Part2/Normal (36).E2E/2- 26- 2017 10- 04- 18 AM/Image 11.png,Masks/Masks_Manual/Grading_1/Normal Part2/Normal (36).E2E/2- 26- 2017 10- 04- 18 AM/Image 11.png,Boundaries/Boundaries_Manual/Grading_1/Normal Part2/Normal (36).E2E/2- 26- 2017 10- 04- 18 AM/Image 11.csv,Normal Part2,Normal (36).E2E,Image 11
Normal (36).E2E_Image 12,Images/Images_Manual/Normal Part2/Normal (36).E2E/2- 26- 2017 10- 04- 18 AM/Image 12.png,Masks/Masks_Manual/Grading_1/Normal Part2/Normal (36).E2E/2- 26- 2017 10- 04- 18 AM/Image 12.png,Boundaries/Boundaries_Manual/Grading_1/Normal Part2/Normal (36).E2E/2- 26- 2017 10- 04- 18 AM/Image 12.csv,Normal Part2,Normal (36).E2E,Image 12
Normal (36).E2E_Image 13,Images/Images_Manual/Normal Part2/Normal (36).E2E/2- 26- 2017 10- 04- 18 AM/Image 13.png,Masks/Masks_Manual/Grading_1/Normal Part2/Normal (36).E2E/2- 26- 2017 10- 04- 18 AM/Image 13.png,Boundaries/Boundaries_Manual/Grading_1/Normal Part2/Normal (36).E2E/2- 26- 2017 10- 04- 18 AM/Image 13.csv,Normal Part2,Normal (36).E2E,Image 13
Normal (36).E2E_Image 14,Images/Images_Manual/Normal Part2/Normal (36).E2E/2- 26- 2017 10- 04- 18 AM/Image 14.png,Masks/Masks_Manual/Grading_1/Normal Part2/Normal (36).E2E/2- 26- 2017 10- 04- 18 AM/Image 14.png,Boundaries/Boundaries_Manual/Grading_1/Normal Part2/Normal (36).E2E/2- 26- 2017 10- 04- 18 AM/Image 14.csv,Normal Part2,Normal (36).E2E,Image 14
Normal (36).E2E_Image 15,Images/Images_Manual/Normal Part2/Normal (36).E2E/2- 26- 2017 10- 04- 18 AM/Image 15.png,Masks/Masks_Manual/Grading_1/Normal Part2/Normal (36).E2E/2- 26- 2017 10- 04- 18 AM/Image 15.png,Boundaries/Boundaries_Manual/Grading_1/Normal Part2/Normal (36).E2E/2- 26- 2017 10- 04- 18 AM/Image 15.csv,Normal Part2,Normal (36).E2E,Image 15
Normal (36).E2E_Image 16,Images/Images_Manual/Normal Part2/Normal (36).E2E/2- 26- 2017 10- 04- 18 AM/Image 16.png,Masks/Masks_Manual/Grading_1/Normal Part2/Normal (36).E2E/2- 26- 2017 10- 04- 18 AM/Image 16.png,Boundaries/Boundaries_Manual/Grading_1/Normal Part2/Normal (36).E2E/2- 26- 2017 10- 04- 18 AM/Image 16.csv,Normal Part2,Normal (36).E2E,Image 16
Normal (36).E2E_Image 17,Images/Images_Manual/Normal Part2/Normal (36).E2E/2- 26- 2017 10- 04- 18 AM/Image 17.png,Masks/Masks_Manual/Grading_1/Normal Part2/Normal (36).E2E/2- 26- 2017 10- 04- 18 AM/Image 17.png,Boundaries/Boundaries_Manual/Grading_1/Normal Part2/Normal (36).E2E/2- 26- 2017 10- 04- 18 AM/Image 17.csv,Normal Part2,Normal (36).E2E,Image 17
Normal (36).E2E_Image 18,Images/Images_Manual/Normal Part2/Normal (36).E2E/2- 26- 2017 10- 04- 18 AM/Image 18.png,Masks/Masks_Manual/Grading_1/Normal Part2/Normal (36).E2E/2- 26- 2017 10- 04- 18 AM/Image 18.png,Boundaries/Boundaries_Manual/Grading_1/Normal Part2/Normal (36).E2E/2- 26- 2017 10- 04- 18 AM/Image 18.csv,Normal Part2,Normal (36).E2E,Image 18
Normal (36).E2E_Image 19,Images/Images_Manual/Normal Part2/Normal (36).E2E/2- 26- 2017 10- 04- 18 AM/Image 19.png,Masks/Masks_Manual/Grading_1/Normal Part2/Normal (36).E2E/2- 26- 2017 10- 04- 18 AM/Image 19.png,Boundaries/Boundaries_Manual/Grading_1/Normal Part2/Normal (36).E2E/2- 26- 2017 10- 04- 18 AM/Image 19.csv,Normal Part2,Normal (36).E2E,Image 19
Normal (36).E2E_Image 2,Images/Images_Manual/Normal Part2/Normal (36).E2E/2- 26- 2017 10- 04- 18 AM/Image 2.png,Masks/Masks_Manual/Grading_1/Normal Part2/Normal (36).E2E/2- 26- 2017 10- 04- 18 AM/Image 2.png,Boundaries/Boundaries_Manual/Grading_1/Normal Part2/Normal (36).E2E/2- 26- 2017 10- 04- 18 AM/Image 2.csv,Normal Part2,Normal (36).E2E,Image 2
Normal (36).E2E_Image 3,Images/Images_Manual/Normal Part2/Normal (36).E2E/2- 26- 2017 10- 04- 18 AM/Image 3.png,Masks/Masks_Manual/Grading_1/Normal Part2/Normal (36).E2E/2- 26- 2017 10- 04- 18 AM/Image 3.png,Boundaries/Boundaries_Manual/Grading_1/Normal Part2/Normal (36).E2E/2- 26- 2017 10- 04- 18 AM/Image 3.csv,Normal Part2,Normal (36).E2E,Image 3
Normal (36).E2E_Image 4,Images/Images_Manual/Normal Part2/Normal (36).E2E/2- 26- 2017 10- 04- 18 AM/Image 4.png,Masks/Masks_Manual/Grading_1/Normal Part2/Normal (36).E2E/2- 26- 2017 10- 04- 18 AM/Image 4.png,Boundaries/Boundaries_Manual/Grading_1/Normal Part2/Normal (36).E2E/2- 26- 2017 10- 04- 18 AM/Image 4.csv,Normal Part2,Normal (36).E2E,Image 4
Normal (36).E2E_Image 5,Images/Images_Manual/Normal Part2/Normal (36).E2E/2- 26- 2017 10- 04- 18 AM/Image 5.png,Masks/Masks_Manual/Grading_1/Normal Part2/Normal (36).E2E/2- 26- 2017 10- 04- 18 AM/Image 5.png,Boundaries/Boundaries_Manual/Grading_1/Normal Part2/Normal (36).E2E/2- 26- 2017 10- 04- 18 AM/Image 5.csv,Normal Part2,Normal (36).E2E,Image 5
Normal (36).E2E_Image 6,Images/Images_Manual/Normal Part2/Normal (36).E2E/2- 26- 2017 10- 04- 18 AM/Image 6.png,Masks/Masks_Manual/Grading_1/Normal Part2/Normal (36).E2E/2- 26- 2017 10- 04- 18 AM/Image 6.png,Boundaries/Boundaries_Manual/Grading_1/Normal Part2/Normal (36).E2E/2- 26- 2017 10- 04- 18 AM/Image 6.csv,Normal Part2,Normal (36).E2E,Image 6
Normal (36).E2E_Image 7,Images/Images_Manual/Normal Part2/Normal (36).E2E/2- 26- 2017 10- 04- 18 AM/Image 7.png,Masks/Masks_Manual/Grading_1/Normal Part2/Normal (36).E2E/2- 26- 2017 10- 04- 18 AM/Image 7.png,Boundaries/Boundaries_Manual/Grading_1/Normal Part2/Normal (36).E2E/2- 26- 2017 10- 04- 18 AM/Image 7.csv,Normal Part2,Normal (36).E2E,Image 7
Normal (36).E2E_Image 8,Images/Images_Manual/Normal Part2/Normal (36).E2E/2- 26- 2017 10- 04- 18 AM/Image 8.png,Masks/Masks_Manual/Grading_1/Normal Part2/Normal (36).E2E/2- 26- 2017 10- 04- 18 AM/Image 8.png,Boundaries/Boundaries_Manual/Grading_1/Normal Part2/Normal (36).E2E/2- 26- 2017 10- 04- 18 AM/Image 8.csv,Normal Part2,Normal (36).E2E,Image 8
Normal (36).E2E_Image 9,Images/Images_Manual/Normal Part2/Normal (36).E2E/2- 26- 2017 10- 04- 18 AM/Image 9.png,Masks/Masks_Manual/Grading_1/Normal Part2/Normal (36).E2E/2- 26- 2017 10- 04- 18 AM/Image 9.png,Boundaries/Boundaries_Manual/Grading_1/Normal Part2/Normal (36).E2E/2- 26- 2017 10- 04- 18 AM/Image 9.csv,Normal Part2,Normal (36).E2E,Image 9
Normal (37).E2E_Image 1,Images/Images_Manual/Normal Part2/Normal (37).E2E/2- 26- 2017 10- 05- 11 AM/Image 1.png,Masks/Masks_Manual/Grading_1/Normal Part2/Normal (37).E2E/2- 26- 2017 10- 05- 11 AM/Image 1.png,Boundaries/Boundaries_Manual/Grading_1/Normal Part2/Normal (37).E2E/2- 26- 2017 10- 05- 11 AM/Image 1.csv,Normal Part2,Normal (37).E2E,Image 1
Normal (37).E2E_Image 10,Images/Images_Manual/Normal Part2/Normal (37).E2E/2- 26- 2017 10- 05- 11 AM/Image 10.png,Masks/Masks_Manual/Grading_1/Normal Part2/Normal (37).E2E/2- 26- 2017 10- 05- 11 AM/Image 10.png,Boundaries/Boundaries_Manual/Grading_1/Normal Part2/Normal (37).E2E/2- 26- 2017 10- 05- 11 AM/Image 10.csv,Normal Part2,Normal (37).E2E,Image 10
Normal (37).E2E_Image 11,Images/Images_Manual/Normal Part2/Normal (37).E2E/2- 26- 2017 10- 05- 11 AM/Image 11.png,Masks/Masks_Manual/Grading_1/Normal Part2/Normal (37).E2E/2- 26- 2017 10- 05- 11 AM/Image 11.png,Boundaries/Boundaries_Manual/Grading_1/Normal Part2/Normal (37).E2E/2- 26- 2017 10- 05- 11 AM/Image 11.csv,Normal Part2,Normal (37).E2E,Image 11
Normal (37).E2E_Image 12,Images/Images_Manual/Normal Part2/Normal (37).E2E/2- 26- 2017 10- 05- 11 AM/Image 12.png,Masks/Masks_Manual/Grading_1/Normal Part2/Normal (37).E2E/2- 26- 2017 10- 05- 11 AM/Image 12.png,Boundaries/Boundaries_Manual/Grading_1/Normal Part2/Normal (37).E2E/2- 26- 2017 10- 05- 11 AM/Image 12.csv,Normal Part2,Normal (37).E2E,Image 12
Normal (37).E2E_Image 13,Images/Images_Manual/Normal Part2/Normal (37).E2E/2- 26- 2017 10- 05- 11 AM/Image 13.png,Masks/Masks_Manual/Grading_1/Normal Part2/Normal (37).E2E/2- 26- 2017 10- 05- 11 AM/Image 13.png,Boundaries/Boundaries_Manual/Grading_1/Normal Part2/Normal (37).E2E/2- 26- 2017 10- 05- 11 AM/Image 13.csv,Normal Part2,Normal (37).E2E,Image 13
Normal (37).E2E_Image 14,Images/Images_Manual/Normal Part2/Normal (37).E2E/2- 26- 2017 10- 05- 11 AM/Image 14.png,Masks/Masks_Manual/Grading_1/Normal Part2/Normal (37).E2E/2- 26- 2017 10- 05- 11 AM/Image 14.png,Boundaries/Boundaries_Manual/Grading_1/Normal Part2/Normal (37).E2E/2- 26- 2017 10- 05- 11 AM/Image 14.csv,Normal Part2,Normal (37).E2E,Image 14
Normal (37).E2E_Image 15,Images/Images_Manual/Normal Part2/Normal (37).E2E/2- 26- 2017 10- 05- 11 AM/Image 15.png,Masks/Masks_Manual/Grading_1/Normal Part2/Normal (37).E2E/2- 26- 2017 10- 05- 11 AM/Image 15.png,Boundaries/Boundaries_Manual/Grading_1/Normal Part2/Normal (37).E2E/2- 26- 2017 10- 05- 11 AM/Image 15.csv,Normal Part2,Normal (37).E2E,Image 15
Normal (37).E2E_Image 16,Images/Images_Manual/Normal Part2/Normal (37).E2E/2- 26- 2017 10- 05- 11 AM/Image 16.png,Masks/Masks_Manual/Grading_1/Normal Part2/Normal (37).E2E/2- 26- 2017 10- 05- 11 AM/Image 16.png,Boundaries/Boundaries_Manual/Grading_1/Normal Part2/Normal (37).E2E/2- 26- 2017 10- 05- 11 AM/Image 16.csv,Normal Part2,Normal (37).E2E,Image 16
Normal (37).E2E_Image 17,Images/Images_Manual/Normal Part2/Normal (37).E2E/2- 26- 2017 10- 05- 11 AM/Image 17.png,Masks/Masks_Manual/Grading_1/Normal Part2/Normal (37).E2E/2- 26- 2017 10- 05- 11 AM/Image 17.png,Boundaries/Boundaries_Manual/Grading_1/Normal Part2/Normal (37).E2E/2- 26- 2017 10- 05- 11 AM/Image 17.csv,Normal Part2,Normal (37).E2E,Image 17
Normal (37).E2E_Image 18,Images/Images_Manual/Normal Part2/Normal (37).E2E/2- 26- 2017 10- 05- 11 AM/Image 18.png,Masks/Masks_Manual/Grading_1/Normal Part2/Normal (37).E2E/2- 26- 2017 10- 05- 11 AM/Image 18.png,Boundaries/Boundaries_Manual/Grading_1/Normal Part2/Normal (37).E2E/2- 26- 2017 10- 05- 11 AM/Image 18.csv,Normal Part2,Normal (37).E2E,Image 18
Normal (37).E2E_Image 19,Images/Images_Manual/Normal Part2/Normal (37).E2E/2- 26- 2017 10- 05- 11 AM/Image 19.png,Masks/Masks_Manual/Grading_1/Normal Part2/Normal (37).E2E/2- 26- 2017 10- 05- 11 AM/Image 19.png,Boundaries/Boundaries_Manual/Grading_1/Normal Part2/Normal (37).E2E/2- 26- 2017 10- 05- 11 AM/Image 19.csv,Normal Part2,Normal (37).E2E,Image 19
Normal (37).E2E_Image 2,Images/Images_Manual/Normal Part2/Normal (37).E2E/2- 26- 2017 10- 05- 11 AM/Image 2.png,Masks/Masks_Manual/Grading_1/Normal Part2/Normal (37).E2E/2- 26- 2017 10- 05- 11 AM/Image 2.png,Boundaries/Boundaries_Manual/Grading_1/Normal Part2/Normal (37).E2E/2- 26- 2017 10- 05- 11 AM/Image 2.csv,Normal Part2,Normal (37).E2E,Image 2
Normal (37).E2E_Image 20,Images/Images_Manual/Normal Part2/Normal (37).E2E/2- 26- 2017 10- 05- 11 AM/Image 20.png,Masks/Masks_Manual/Grading_1/Normal Part2/Normal (37).E2E/2- 26- 2017 10- 05- 11 AM/Image 20.png,Boundaries/Boundaries_Manual/Grading_1/Normal Part2/Normal (37).E2E/2- 26- 2017 10- 05- 11 AM/Image 20.csv,Normal Part2,Normal (37).E2E,Image 20
Normal (37).E2E_Image 21,Images/Images_Manual/Normal Part2/Normal (37).E2E/2- 26- 2017 10- 05- 11 AM/Image 21.png,Masks/Masks_Manual/Grading_1/Normal Part2/Normal (37).E2E/2- 26- 2017 10- 05- 11 AM/Image 21.png,Boundaries/Boundaries_Manual/Grading_1/Normal Part2/Normal (37).E2E/2- 26- 2017 10- 05- 11 AM/Image 21.csv,Normal Part2,Normal (37).E2E,Image 21
Normal (37).E2E_Image 22,Images/Images_Manual/Normal Part2/Normal (37).E2E/2- 26- 2017 10- 05- 11 AM/Image 22.png,Masks/Masks_Manual/Grading_1/Normal Part2/Normal (37).E2E/2- 26- 2017 10- 05- 11 AM/Image 22.png,Boundaries/Boundaries_Manual/Grading_1/Normal Part2/Normal (37).E2E/2- 26- 2017 10- 05- 11 AM/Image 22.csv,Normal Part2,Normal (37).E2E,Image 22
Normal (37).E2E_Image 23,Images/Images_Manual/Normal Part2/Normal (37).E2E/2- 26- 2017 10- 05- 11 AM/Image 23.png,Masks/Masks_Manual/Grading_1/Normal Part2/Normal (37).E2E/2- 26- 2017 10- 05- 11 AM/Image 23.png,Boundaries/Boundaries_Manual/Grading_1/Normal Part2/Normal (37).E2E/2- 26- 2017 10- 05- 11 AM/Image 23.csv,Normal Part2,Normal (37).E2E,Image 23
Normal (37).E2E_Image 24,Images/Images_Manual/Normal Part2/Normal (37).E2E/2- 26- 2017 10- 05- 11 AM/Image 24.png,Masks/Masks_Manual/Grading_1/Normal Part2/Normal (37).E2E/2- 26- 2017 10- 05- 11 AM/Image 24.png,Boundaries/Boundaries_Manual/Grading_1/Normal Part2/Normal (37).E2E/2- 26- 2017 10- 05- 11 AM/Image 24.csv,Normal Part2,Normal (37).E2E,Image 24
Normal (37).E2E_Image 25,Images/Images_Manual/Normal Part2/Normal (37).E2E/2- 26- 2017 10- 05- 11 AM/Image 25.png,Masks/Masks_Manual/Grading_1/Normal Part2/Normal (37).E2E/2- 26- 2017 10- 05- 11 AM/Image 25.png,Boundaries/Boundaries_Manual/Grading_1/Normal Part2/Normal (37).E2E/2- 26- 2017 10- 05- 11 AM/Image 25.csv,Normal Part2,Normal (37).E2E,Image 25
Normal (37).E2E_Image 3,Images/Images_Manual/Normal Part2/Normal (37).E2E/2- 26- 2017 10- 05- 11 AM/Image 3.png,Masks/Masks_Manual/Grading_1/Normal Part2/Normal (37).E2E/2- 26- 2017 10- 05- 11 AM/Image 3.png,Boundaries/Boundaries_Manual/Grading_1/Normal Part2/Normal (37).E2E/2- 26- 2017 10- 05- 11 AM/Image 3.csv,Normal Part2,Normal (37).E2E,Image 3
Normal (37).E2E_Image 4,Images/Images_Manual/Normal Part2/Normal (37).E2E/2- 26- 2017 10- 05- 11 AM/Image 4.png,Masks/Masks_Manual/Grading_1/Normal Part2/Normal (37).E2E/2- 26- 2017 10- 05- 11 AM/Image 4.png,Boundaries/Boundaries_Manual/Grading_1/Normal Part2/Normal (37).E2E/2- 26- 2017 10- 05- 11 AM/Image 4.csv,Normal Part2,Normal (37).E2E,Image 4
Normal (37).E2E_Image 5,Images/Images_Manual/Normal Part2/Normal (37).E2E/2- 26- 2017 10- 05- 11 AM/Image 5.png,Masks/Masks_Manual/Grading_1/Normal Part2/Normal (37).E2E/2- 26- 2017 10- 05- 11 AM/Image 5.png,Boundaries/Boundaries_Manual/Grading_1/Normal Part2/Normal (37).E2E/2- 26- 2017 10- 05- 11 AM/Image 5.csv,Normal Part2,Normal (37).E2E,Image 5
Normal (37).E2E_Image 6,Images/Images_Manual/Normal Part2/Normal (37).E2E/2- 26- 2017 10- 05- 11 AM/Image 6.png,Masks/Masks_Manual/Grading_1/Normal Part2/Normal (37).E2E/2- 26- 2017 10- 05- 11 AM/Image 6.png,Boundaries/Boundaries_Manual/Grading_1/Normal Part2/Normal (37).E2E/2- 26- 2017 10- 05- 11 AM/Image 6.csv,Normal Part2,Normal (37).E2E,Image 6
Normal (37).E2E_Image 7,Images/Images_Manual/Normal Part2/Normal (37).E2E/2- 26- 2017 10- 05- 11 AM/Image 7.png,Masks/Masks_Manual/Grading_1/Normal Part2/Normal (37).E2E/2- 26- 2017 10- 05- 11 AM/Image 7.png,Boundaries/Boundaries_Manual/Grading_1/Normal Part2/Normal (37).E2E/2- 26- 2017 10- 05- 11 AM/Image 7.csv,Normal Part2,Normal (37).E2E,Image 7
Normal (37).E2E_Image 8,Images/Images_Manual/Normal Part2/Normal (37).E2E/2- 26- 2017 10- 05- 11 AM/Image 8.png,Masks/Masks_Manual/Grading_1/Normal Part2/Normal (37).E2E/2- 26- 2017 10- 05- 11 AM/Image 8.png,Boundaries/Boundaries_Manual/Grading_1/Normal Part2/Normal (37).E2E/2- 26- 2017 10- 05- 11 AM/Image 8.csv,Normal Part2,Normal (37).E2E,Image 8
Normal (37).E2E_Image 9,Images/Images_Manual/Normal Part2/Normal (37).E2E/2- 26- 2017 10- 05- 11 AM/Image 9.png,Masks/Masks_Manual/Grading_1/Normal Part2/Normal (37).E2E/2- 26- 2017 10- 05- 11 AM/Image 9.png,Boundaries/Boundaries_Manual/Grading_1/Normal Part2/Normal (37).E2E/2- 26- 2017 10- 05- 11 AM/Image 9.csv,Normal Part2,Normal (37).E2E,Image 9
Normal (39).E2E_Image 1,Images/Images_Manual/Normal Part2/Normal (39).E2E/2- 26- 2017 10- 08- 18 AM/Image 1.png,Masks/Masks_Manual/Grading_1/Normal Part2/Normal (39).E2E/2- 26- 2017 10- 08- 18 AM/Image 1.png,Boundaries/Boundaries_Manual/Grading_1/Normal Part2/Normal (39).E2E/2- 26- 2017 10- 08- 18 AM/Image 1.csv,Normal Part2,Normal (39).E2E,Image 1
Normal (39).E2E_Image 10,Images/Images_Manual/Normal Part2/Normal (39).E2E/2- 26- 2017 10- 08- 18 AM/Image 10.png,Masks/Masks_Manual/Grading_1/Normal Part2/Normal (39).E2E/2- 26- 2017 10- 08- 18 AM/Image 10.png,Boundaries/Boundaries_Manual/Grading_1/Normal Part2/Normal (39).E2E/2- 26- 2017 10- 08- 18 AM/Image 10.csv,Normal Part2,Normal (39).E2E,Image 10
Normal (39).E2E_Image 11,Images/Images_Manual/Normal Part2/Normal (39).E2E/2- 26- 2017 10- 08- 18 AM/Image 11.png,Masks/Masks_Manual/Grading_1/Normal Part2/Normal (39).E2E/2- 26- 2017 10- 08- 18 AM/Image 11.png,Boundaries/Boundaries_Manual/Grading_1/Normal Part2/Normal (39).E2E/2- 26- 2017 10- 08- 18 AM/Image 11.csv,Normal Part2,Normal (39).E2E,Image 11
Normal (39).E2E_Image 12,Images/Images_Manual/Normal Part2/Normal (39).E2E/2- 26- 2017 10- 08- 18 AM/Image 12.png,Masks/Masks_Manual/Grading_1/Normal Part2/Normal (39).E2E/2- 26- 2017 10- 08- 18 AM/Image 12.png,Boundaries/Boundaries_Manual/Grading_1/Normal Part2/Normal (39).E2E/2- 26- 2017 10- 08- 18 AM/Image 12.csv,Normal Part2,Normal (39).E2E,Image 12
Normal (39).E2E_Image 13,Images/Images_Manual/Normal Part2/Normal (39).E2E/2- 26- 2017 10- 08- 18 AM/Image 13.png,Masks/Masks_Manual/Grading_1/Normal Part2/Normal (39).E2E/2- 26- 2017 10- 08- 18 AM/Image 13.png,Boundaries/Boundaries_Manual/Grading_1/Normal Part2/Normal (39).E2E/2- 26- 2017 10- 08- 18 AM/Image 13.csv,Normal Part2,Normal (39).E2E,Image 13
Normal (39).E2E_Image 14,Images/Images_Manual/Normal Part2/Normal (39).E2E/2- 26- 2017 10- 08- 18 AM/Image 14.png,Masks/Masks_Manual/Grading_1/Normal Part2/Normal (39).E2E/2- 26- 2017 10- 08- 18 AM/Image 14.png,Boundaries/Boundaries_Manual/Grading_1/Normal Part2/Normal (39).E2E/2- 26- 2017 10- 08- 18 AM/Image 14.csv,Normal Part2,Normal (39).E2E,Image 14
Normal (39).E2E_Image 15,Images/Images_Manual/Normal Part2/Normal (39).E2E/2- 26- 2017 10- 08- 18 AM/Image 15.png,Masks/Masks_Manual/Grading_1/Normal Part2/Normal (39).E2E/2- 26- 2017 10- 08- 18 AM/Image 15.png,Boundaries/Boundaries_Manual/Grading_1/Normal Part2/Normal (39).E2E/2- 26- 2017 10- 08- 18 AM/Image 15.csv,Normal Part2,Normal (39).E2E,Image 15
Normal (39).E2E_Image 16,Images/Images_Manual/Normal Part2/Normal (39).E2E/2- 26- 2017 10- 08- 18 AM/Image 16.png,Masks/Masks_Manual/Grading_1/Normal Part2/Normal (39).E2E/2- 26- 2017 10- 08- 18 AM/Image 16.png,Boundaries/Boundaries_Manual/Grading_1/Normal Part2/Normal (39).E2E/2- 26- 2017 10- 08- 18 AM/Image 16.csv,Normal Part2,Normal (39).E2E,Image 16
Normal (39).E2E_Image 17,Images/Images_Manual/Normal Part2/Normal (39).E2E/2- 26- 2017 10- 08- 18 AM/Image 17.png,Masks/Masks_Manual/Grading_1/Normal Part2/Normal (39).E2E/2- 26- 2017 10- 08- 18 AM/Image 17.png,Boundaries/Boundaries_Manual/Grading_1/Normal Part2/Normal (39).E2E/2- 26- 2017 10- 08- 18 AM/Image 17.csv,Normal Part2,Normal (39).E2E,Image 17
Normal (39).E2E_Image 18,Images/Images_Manual/Normal Part2/Normal (39).E2E/2- 26- 2017 10- 08- 18 AM/Image 18.png,Masks/Masks_Manual/Grading_1/Normal Part2/Normal (39).E2E/2- 26- 2017 10- 08- 18 AM/Image 18.png,Boundaries/Boundaries_Manual/Grading_1/Normal Part2/Normal (39).E2E/2- 26- 2017 10- 08- 18 AM/Image 18.csv,Normal Part2,Normal (39).E2E,Image 18
Normal (39).E2E_Image 19,Images/Images_Manual/Normal Part2/Normal (39).E2E/2- 26- 2017 10- 08- 18 AM/Image 19.png,Masks/Masks_Manual/Grading_1/Normal Part2/Normal (39).E2E/2- 26- 2017 10- 08- 18 AM/Image 19.png,Boundaries/Boundaries_Manual/Grading_1/Normal Part2/Normal (39).E2E/2- 26- 2017 10- 08- 18 AM/Image 19.csv,Normal Part2,Normal (39).E2E,Image 19
Normal (39).E2E_Image 2,Images/Images_Manual/Normal Part2/Normal (39).E2E/2- 26- 2017 10- 08- 18 AM/Image 2.png,Masks/Masks_Manual/Grading_1/Normal Part2/Normal (39).E2E/2- 26- 2017 10- 08- 18 AM/Image 2.png,Boundaries/Boundaries_Manual/Grading_1/Normal Part2/Normal (39).E2E/2- 26- 2017 10- 08- 18 AM/Image 2.csv,Normal Part2,Normal (39).E2E,Image 2
Normal (39).E2E_Image 3,Images/Images_Manual/Normal Part2/Normal (39).E2E/2- 26- 2017 10- 08- 18 AM/Image 3.png,Masks/Masks_Manual/Grading_1/Normal Part2/Normal (39).E2E/2- 26- 2017 10- 08- 18 AM/Image 3.png,Boundaries/Boundaries_Manual/Grading_1/Normal Part2/Normal (39).E2E/2- 26- 2017 10- 08- 18 AM/Image 3.csv,Normal Part2,Normal (39).E2E,Image 3
Normal (39).E2E_Image 4,Images/Images_Manual/Normal Part2/Normal (39).E2E/2- 26- 2017 10- 08- 18 AM/Image 4.png,Masks/Masks_Manual/Grading_1/Normal Part2/Normal (39).E2E/2- 26- 2017 10- 08- 18 AM/Image 4.png,Boundaries/Boundaries_Manual/Grading_1/Normal Part2/Normal (39).E2E/2- 26- 2017 10- 08- 18 AM/Image 4.csv,Normal Part2,Normal (39).E2E,Image 4
Normal (39).E2E_Image 5,Images/Images_Manual/Normal Part2/Normal (39).E2E/2- 26- 2017 10- 08- 18 AM/Image 5.png,Masks/Masks_Manual/Grading_1/Normal Part2/Normal (39).E2E/2- 26- 2017 10- 08- 18 AM/Image 5.png,Boundaries/Boundaries_Manual/Grading_1/Normal Part2/Normal (39).E2E/2- 26- 2017 10- 08- 18 AM/Image 5.csv,Normal Part2,Normal (39).E2E,Image 5
Normal (39).E2E_Image 6,Images/Images_Manual/Normal Part2/Normal (39).E2E/2- 26- 2017 10- 08- 18 AM/Image 6.png,Masks/Masks_Manual/Grading_1/Normal Part2/Normal (39).E2E/2- 26- 2017 10- 08- 18 AM/Image 6.png,Boundaries/Boundaries_Manual/Grading_1/Normal Part2/Normal (39).E2E/2- 26- 2017 10- 08- 18 AM/Image 6.csv,Normal Part2,Normal (39).E2E,Image 6
Normal (39).E2E_Image 7,Images/Images_Manual/Normal Part2/Normal (39).E2E/2- 26- 2017 10- 08- 18 AM/Image 7.png,Masks/Masks_Manual/Grading_1/Normal Part2/Normal (39).E2E/2- 26- 2017 10- 08- 18 AM/Image 7.png,Boundaries/Boundaries_Manual/Grading_1/Normal Part2/Normal (39).E2E/2- 26- 2017 10- 08- 18 AM/Image 7.csv,Normal Part2,Normal (39).E2E,Image 7
Normal (39).E2E_Image 8,Images/Images_Manual/Normal Part2/Normal (39).E2E/2- 26- 2017 10- 08- 18 AM/Image 8.png,Masks/Masks_Manual/Grading_1/Normal Part2/Normal (39).E2E/2- 26- 2017 10- 08- 18 AM/Image 8.png,Boundaries/Boundaries_Manual/Grading_1/Normal Part2/Normal (39).E2E/2- 26- 2017 10- 08- 18 AM/Image 8.csv,Normal Part2,Normal (39).E2E,Image 8
Normal (39).E2E_Image 9,Images/Images_Manual/Normal Part2/Normal (39).E2E/2- 26- 2017 10- 08- 18 AM/Image 9.png,Masks/Masks_Manual/Grading_1/Normal Part2/Normal (39).E2E/2- 26- 2017 10- 08- 18 AM/Image 9.png,Boundaries/Boundaries_Manual/Grading_1/Normal Part2/Normal (39).E2E/2- 26- 2017 10- 08- 18 AM/Image 9.csv,Normal Part2,Normal (39).E2E,Image 9
Normal (47).E2E_Image 1,Images/Images_Manual/Normal Part2/Normal (47).E2E/2- 26- 2017 10- 21- 43 AM/Image 1.png,Masks/Masks_Manual/Grading_1/Normal Part2/Normal (47).E2E/2- 26- 2017 10- 21- 43 AM/Image 1.png,Boundaries/Boundaries_Manual/Grading_1/Normal Part2/Normal (47).E2E/2- 26- 2017 10- 21- 43 AM/Image 1.csv,Normal Part2,Normal (47).E2E,Image 1
Normal (47).E2E_Image 10,Images/Images_Manual/Normal Part2/Normal (47).E2E/2- 26- 2017 10- 21- 43 AM/Image 10.png,Masks/Masks_Manual/Grading_1/Normal Part2/Normal (47).E2E/2- 26- 2017 10- 21- 43 AM/Image 10.png,Boundaries/Boundaries_Manual/Grading_1/Normal Part2/Normal (47).E2E/2- 26- 2017 10- 21- 43 AM/Image 10.csv,Normal Part2,Normal (47).E2E,Image 10
Normal (47).E2E_Image 11,Images/Images_Manual/Normal Part2/Normal (47).E2E/2- 26- 2017 10- 21- 43 AM/Image 11.png,Masks/Masks_Manual/Grading_1/Normal Part2/Normal (47).E2E/2- 26- 2017 10- 21- 43 AM/Image 11.png,Boundaries/Boundaries_Manual/Grading_1/Normal Part2/Normal (47).E2E/2- 26- 2017 10- 21- 43 AM/Image 11.csv,Normal Part2,Normal (47).E2E,Image 11
Normal (47).E2E_Image 12,Images/Images_Manual/Normal Part2/Normal (47).E2E/2- 26- 2017 10- 21- 43 AM/Image 12.png,Masks/Masks_Manual/Grading_1/Normal Part2/Normal (47).E2E/2- 26- 2017 10- 21- 43 AM/Image 12.png,Boundaries/Boundaries_Manual/Grading_1/Normal Part2/Normal (47).E2E/2- 26- 2017 10- 21- 43 AM/Image 12.csv,Normal Part2,Normal (47).E2E,Image 12
Normal (47).E2E_Image 13,Images/Images_Manual/Normal Part2/Normal (47).E2E/2- 26- 2017 10- 21- 43 AM/Image 13.png,Masks/Masks_Manual/Grading_1/Normal Part2/Normal (47).E2E/2- 26- 2017 10- 21- 43 AM/Image 13.png,Boundaries/Boundaries_Manual/Grading_1/Normal Part2/Normal (47).E2E/2- 26- 2017 10- 21- 43 AM/Image 13.csv,Normal Part2,Normal (47).E2E,Image 13
Normal (47).E2E_Image 14,Images/Images_Manual/Normal Part2/Normal (47).E2E/2- 26- 2017 10- 21- 43 AM/Image 14.png,Masks/Masks_Manual/Grading_1/Normal Part2/Normal (47).E2E/2- 26- 2017 10- 21- 43 AM/Image 14.png,Boundaries/Boundaries_Manual/Grading_1/Normal Part2/Normal (47).E2E/2- 26- 2017 10- 21- 43 AM/Image 14.csv,Normal Part2,Normal (47).E2E,Image 14
Normal (47).E2E_Image 15,Images/Images_Manual/Normal Part2/Normal (47).E2E/2- 26- 2017 10- 21- 43 AM/Image 15.png,Masks/Masks_Manual/Grading_1/Normal Part2/Normal (47).E2E/2- 26- 2017 10- 21- 43 AM/Image 15.png,Boundaries/Boundaries_Manual/Grading_1/Normal Part2/Normal (47).E2E/2- 26- 2017 10- 21- 43 AM/Image 15.csv,Normal Part2,Normal (47).E2E,Image 15
Normal (47).E2E_Image 16,Images/Images_Manual/Normal Part2/Normal (47).E2E/2- 26- 2017 10- 21- 43 AM/Image 16.png,Masks/Masks_Manual/Grading_1/Normal Part2/Normal (47).E2E/2- 26- 2017 10- 21- 43 AM/Image 16.png,Boundaries/Boundaries_Manual/Grading_1/Normal Part2/Normal (47).E2E/2- 26- 2017 10- 21- 43 AM/Image 16.csv,Normal Part2,Normal (47).E2E,Image 16
Normal (47).E2E_Image 17,Images/Images_Manual/Normal Part2/Normal (47).E2E/2- 26- 2017 10- 21- 43 AM/Image 17.png,Masks/Masks_Manual/Grading_1/Normal Part2/Normal (47).E2E/2- 26- 2017 10- 21- 43 AM/Image 17.png,Boundaries/Boundaries_Manual/Grading_1/Normal Part2/Normal (47).E2E/2- 26- 2017 10- 21- 43 AM/Image 17.csv,Normal Part2,Normal (47).E2E,Image 17
Normal (47).E2E_Image 18,Images/Images_Manual/Normal Part2/Normal (47).E2E/2- 26- 2017 10- 21- 43 AM/Image 18.png,Masks/Masks_Manual/Grading_1/Normal Part2/Normal (47).E2E/2- 26- 2017 10- 21- 43 AM/Image 18.png,Boundaries/Boundaries_Manual/Grading_1/Normal Part2/Normal (47).E2E/2- 26- 2017 10- 21- 43 AM/Image 18.csv,Normal Part2,Normal (47).E2E,Image 18
Normal (47).E2E_Image 19,Images/Images_Manual/Normal Part2/Normal (47).E2E/2- 26- 2017 10- 21- 43 AM/Image 19.png,Masks/Masks_Manual/Grading_1/Normal Part2/Normal (47).E2E/2- 26- 2017 10- 21- 43 AM/Image 19.png,Boundaries/Boundaries_Manual/Grading_1/Normal Part2/Normal (47).E2E/2- 26- 2017 10- 21- 43 AM/Image 19.csv,Normal Part2,Normal (47).E2E,Image 19
Normal (47).E2E_Image 2,Images/Images_Manual/Normal Part2/Normal (47).E2E/2- 26- 2017 10- 21- 43 AM/Image 2.png,Masks/Masks_Manual/Grading_1/Normal Part2/Normal (47).E2E/2- 26- 2017 10- 21- 43 AM/Image 2.png,Boundaries/Boundaries_Manual/Grading_1/Normal Part2/Normal (47).E2E/2- 26- 2017 10- 21- 43 AM/Image 2.csv,Normal Part2,Normal (47).E2E,Image 2
Normal (47).E2E_Image 20,Images/Images_Manual/Normal Part2/Normal (47).E2E/2- 26- 2017 10- 21- 43 AM/Image 20.png,Masks/Masks_Manual/Grading_1/Normal Part2/Normal (47).E2E/2- 26- 2017 10- 21- 43 AM/Image 20.png,Boundaries/Boundaries_Manual/Grading_1/Normal Part2/Normal (47).E2E/2- 26- 2017 10- 21- 43 AM/Image 20.csv,Normal Part2,Normal (47).E2E,Image 20
Normal (47).E2E_Image 21,Images/Images_Manual/Normal Part2/Normal (47).E2E/2- 26- 2017 10- 21- 43 AM/Image 21.png,Masks/Masks_Manual/Grading_1/Normal Part2/Normal (47).E2E/2- 26- 2017 10- 21- 43 AM/Image 21.png,Boundaries/Boundaries_Manual/Grading_1/Normal Part2/Normal (47).E2E/2- 26- 2017 10- 21- 43 AM/Image 21.csv,Normal Part2,Normal (47).E2E,Image 21
Normal (47).E2E_Image 22,Images/Images_Manual/Normal Part2/Normal (47).E2E/2- 26- 2017 10- 21- 43 AM/Image 22.png,Masks/Masks_Manual/Grading_1/Normal Part2/Normal (47).E2E/2- 26- 2017 10- 21- 43 AM/Image 22.png,Boundaries/Boundaries_Manual/Grading_1/Normal Part2/Normal (47).E2E/2- 26- 2017 10- 21- 43 AM/Image 22.csv,Normal Part2,Normal (47).E2E,Image 22
Normal (47).E2E_Image 23,Images/Images_Manual/Normal Part2/Normal (47).E2E/2- 26- 2017 10- 21- 43 AM/Image 23.png,Masks/Masks_Manual/Grading_1/Normal Part2/Normal (47).E2E/2- 26- 2017 10- 21- 43 AM/Image 23.png,Boundaries/Boundaries_Manual/Grading_1/Normal Part2/Normal (47).E2E/2- 26- 2017 10- 21- 43 AM/Image 23.csv,Normal Part2,Normal (47).E2E,Image 23
Normal (47).E2E_Image 24,Images/Images_Manual/Normal Part2/Normal (47).E2E/2- 26- 2017 10- 21- 43 AM/Image 24.png,Masks/Masks_Manual/Grading_1/Normal Part2/Normal (47).E2E/2- 26- 2017 10- 21- 43 AM/Image 24.png,Boundaries/Boundaries_Manual/Grading_1/Normal Part2/Normal (47).E2E/2- 26- 2017 10- 21- 43 AM/Image 24.csv,Normal Part2,Normal (47).E2E,Image 24
Normal (47).E2E_Image 25,Images/Images_Manual/Normal Part2/Normal (47).E2E/2- 26- 2017 10- 21- 43 AM/Image 25.png,Masks/Masks_Manual/Grading_1/Normal Part2/Normal (47).E2E/2- 26- 2017 10- 21- 43 AM/Image 25.png,Boundaries/Boundaries_Manual/Grading_1/Normal Part2/Normal (47).E2E/2- 26- 2017 10- 21- 43 AM/Image 25.csv,Normal Part2,Normal (47).E2E,Image 25
Normal (47).E2E_Image 26,Images/Images_Manual/Normal Part2/Normal (47).E2E/2- 26- 2017 10- 21- 43 AM/Image 26.png,Masks/Masks_Manual/Grading_1/Normal Part2/Normal (47).E2E/2- 26- 2017 10- 21- 43 AM/Image 26.png,Boundaries/Boundaries_Manual/Grading_1/Normal Part2/Normal (47).E2E/2- 26- 2017 10- 21- 43 AM/Image 26.csv,Normal Part2,Normal (47).E2E,Image 26
Normal (47).E2E_Image 27,Images/Images_Manual/Normal Part2/Normal (47).E2E/2- 26- 2017 10- 21- 43 AM/Image 27.png,Masks/Masks_Manual/Grading_1/Normal Part2/Normal (47).E2E/2- 26- 2017 10- 21- 43 AM/Image 27.png,Boundaries/Boundaries_Manual/Grading_1/Normal Part2/Normal (47).E2E/2- 26- 2017 10- 21- 43 AM/Image 27.csv,Normal Part2,Normal (47).E2E,Image 27
Normal (47).E2E_Image 28,Images/Images_Manual/Normal Part2/Normal (47).E2E/2- 26- 2017 10- 21- 43 AM/Image 28.png,Masks/Masks_Manual/Grading_1/Normal Part2/Normal (47).E2E/2- 26- 2017 10- 21- 43 AM/Image 28.png,Boundaries/Boundaries_Manual/Grading_1/Normal Part2/Normal (47).E2E/2- 26- 2017 10- 21- 43 AM/Image 28.csv,Normal Part2,Normal (47).E2E,Image 28
Normal (47).E2E_Image 29,Images/Images_Manual/Normal Part2/Normal (47).E2E/2- 26- 2017 10- 21- 43 AM/Image 29.png,Masks/Masks_Manual/Grading_1/Normal Part2/Normal (47).E2E/2- 26- 2017 10- 21- 43 AM/Image 29.png,Boundaries/Boundaries_Manual/Grading_1/Normal Part2/Normal (47).E2E/2- 26- 2017 10- 21- 43 AM/Image 29.csv,Normal Part2,Normal (47).E2E,Image 29
Normal (47).E2E_Image 3,Images/Images_Manual/Normal Part2/Normal (47).E2E/2- 26- 2017 10- 21- 43 AM/Image 3.png,Masks/Masks_Manual/Grading_1/Normal Part2/Normal (47).E2E/2- 26- 2017 10- 21- 43 AM/Image 3.png,Boundaries/Boundaries_Manual/Grading_1/Normal Part2/Normal (47).E2E/2- 26- 2017 10- 21- 43 AM/Image 3.csv,Normal Part2,Normal (47).E2E,Image 3
Normal (47).E2E_Image 30,Images/Images_Manual/Normal Part2/Normal (47).E2E/2- 26- 2017 10- 21- 43 AM/Image 30.png,Masks/Masks_Manual/Grading_1/Normal Part2/Normal (47).E2E/2- 26- 2017 10- 21- 43 AM/Image 30.png,Boundaries/Boundaries_Manual/Grading_1/Normal Part2/Normal (47).E2E/2- 26- 2017 10- 21- 43 AM/Image 30.csv,Normal Part2,Normal (47).E2E,Image 30
Normal (47).E2E_Image 31,Images/Images_Manual/Normal Part2/Normal (47).E2E/2- 26- 2017 10- 21- 43 AM/Image 31.png,Masks/Masks_Manual/Grading_1/Normal Part2/Normal (47).E2E/2- 26- 2017 10- 21- 43 AM/Image 31.png,Boundaries/Boundaries_Manual/Grading_1/Normal Part2/Normal (47).E2E/2- 26- 2017 10- 21- 43 AM/Image 31.csv,Normal Part2,Normal (47).E2E,Image 31
Normal (47).E2E_Image 32,Images/Images_Manual/Normal Part2/Normal (47).E2E/2- 26- 2017 10- 21- 43 AM/Image 32.png,Masks/Masks_Manual/Grading_1/Normal Part2/Normal (47).E2E/2- 26- 2017 10- 21- 43 AM/Image 32.png,Boundaries/Boundaries_Manual/Grading_1/Normal Part2/Normal (47).E2E/2- 26- 2017 10- 21- 43 AM/Image 32.csv,Normal Part2,Normal (47).E2E,Image 32
Normal (47).E2E_Image 33,Images/Images_Manual/Normal Part2/Normal (47).E2E/2- 26- 2017 10- 21- 43 AM/Image 33.png,Masks/Masks_Manual/Grading_1/Normal Part2/Normal (47).E2E/2- 26- 2017 10- 21- 43 AM/Image 33.png,Boundaries/Boundaries_Manual/Grading_1/Normal Part2/Normal (47).E2E/2- 26- 2017 10- 21- 43 AM/Image 33.csv,Normal Part2,Normal (47).E2E,Image 33
Normal (47).E2E_Image 34,Images/Images_Manual/Normal Part2/Normal (47).E2E/2- 26- 2017 10- 21- 43 AM/Image 34.png,Masks/Masks_Manual/Grading_1/Normal Part2/Normal (47).E2E/2- 26- 2017 10- 21- 43 AM/Image 34.png,Boundaries/Boundaries_Manual/Grading_1/Normal Part2/Normal (47).E2E/2- 26- 2017 10- 21- 43 AM/Image 34.csv,Normal Part2,Normal (47).E2E,Image 34
Normal (47).E2E_Image 35,Images/Images_Manual/Normal Part2/Normal (47).E2E/2- 26- 2017 10- 21- 43 AM/Image 35.png,Masks/Masks_Manual/Grading_1/Normal Part2/Normal (47).E2E/2- 26- 2017 10- 21- 43 AM/Image 35.png,Boundaries/Boundaries_Manual/Grading_1/Normal Part2/Normal (47).E2E/2- 26- 2017 10- 21- 43 AM/Image 35.csv,Normal Part2,Normal (47).E2E,Image 35
Normal (47).E2E_Image 36,Images/Images_Manual/Normal Part2/Normal (47).E2E/2- 26- 2017 10- 21- 43 AM/Image 36.png,Masks/Masks_Manual/Grading_1/Normal Part2/Normal (47).E2E/2- 26- 2017 10- 21- 43 AM/Image 36.png,Boundaries/Boundaries_Manual/Grading_1/Normal Part2/Normal (47).E2E/2- 26- 2017 10- 21- 43 AM/Image 36.csv,Normal Part2,Normal (47).E2E,Image 36
Normal (47).E2E_Image 37,Images/Images_Manual/Normal Part2/Normal (47).E2E/2- 26- 2017 10- 21- 43 AM/Image 37.png,Masks/Masks_Manual/Grading_1/Normal Part2/Normal (47).E2E/2- 26- 2017 10- 21- 43 AM/Image 37.png,Boundaries/Boundaries_Manual/Grading_1/Normal Part2/Normal (47).E2E/2- 26- 2017 10- 21- 43 AM/Image 37.csv,Normal Part2,Normal (47).E2E,Image 37
Normal (47).E2E_Image 38,Images/Images_Manual/Normal Part2/Normal (47).E2E/2- 26- 2017 10- 21- 43 AM/Image 38.png,Masks/Masks_Manual/Grading_1/Normal Part2/Normal (47).E2E/2- 26- 2017 10- 21- 43 AM/Image 38.png,Boundaries/Boundaries_Manual/Grading_1/Normal Part2/Normal (47).E2E/2- 26- 2017 10- 21- 43 AM/Image 38.csv,Normal Part2,Normal (47).E2E,Image 38
Normal (47).E2E_Image 39,Images/Images_Manual/Normal Part2/Normal (47).E2E/2- 26- 2017 10- 21- 43 AM/Image 39.png,Masks/Masks_Manual/Grading_1/Normal Part2/Normal (47).E2E/2- 26- 2017 10- 21- 43 AM/Image 39.png,Boundaries/Boundaries_Manual/Grading_1/Normal Part2/Normal (47).E2E/2- 26- 2017 10- 21- 43 AM/Image 39.csv,Normal Part2,Normal (47).E2E,Image 39
Normal (47).E2E_Image 4,Images/Images_Manual/Normal Part2/Normal (47).E2E/2- 26- 2017 10- 21- 43 AM/Image 4.png,Masks/Masks_Manual/Grading_1/Normal Part2/Normal (47).E2E/2- 26- 2017 10- 21- 43 AM/Image 4.png,Boundaries/Boundaries_Manual/Grading_1/Normal Part2/Normal (47).E2E/2- 26- 2017 10- 21- 43 AM/Image 4.csv,Normal Part2,Normal (47).E2E,Image 4
Normal (47).E2E_Image 40,Images/Images_Manual/Normal Part2/Normal (47).E2E/2- 26- 2017 10- 21- 43 AM/Image 40.png,Masks/Masks_Manual/Grading_1/Normal Part2/Normal (47).E2E/2- 26- 2017 10- 21- 43 AM/Image 40.png,Boundaries/Boundaries_Manual/Grading_1/Normal Part2/Normal (47).E2E/2- 26- 2017 10- 21- 43 AM/Image 40.csv,Normal Part2,Normal (47).E2E,Image 40
Normal (47).E2E_Image 41,Images/Images_Manual/Normal Part2/Normal (47).E2E/2- 26- 2017 10- 21- 43 AM/Image 41.png,Masks/Masks_Manual/Grading_1/Normal Part2/Normal (47).E2E/2- 26- 2017 10- 21- 43 AM/Image 41.png,Boundaries/Boundaries_Manual/Grading_1/Normal Part2/Normal (47).E2E/2- 26- 2017 10- 21- 43 AM/Image 41.csv,Normal Part2,Normal (47).E2E,Image 41
Normal (47).E2E_Image 42,Images/Images_Manual/Normal Part2/Normal (47).E2E/2- 26- 2017 10- 21- 43 AM/Image 42.png,Masks/Masks_Manual/Grading_1/Normal Part2/Normal (47).E2E/2- 26- 2017 10- 21- 43 AM/Image 42.png,Boundaries/Boundaries_Manual/Grading_1/Normal Part2/Normal (47).E2E/2- 26- 2017 10- 21- 43 AM/Image 42.csv,Normal Part2,Normal (47).E2E,Image 42
Normal (47).E2E_Image 43,Images/Images_Manual/Normal Part2/Normal (47).E2E/2- 26- 2017 10- 21- 43 AM/Image 43.png,Masks/Masks_Manual/Grading_1/Normal Part2/Normal (47).E2E/2- 26- 2017 10- 21- 43 AM/Image 43.png,Boundaries/Boundaries_Manual/Grading_1/Normal Part2/Normal (47).E2E/2- 26- 2017 10- 21- 43 AM/Image 43.csv,Normal Part2,Normal (47).E2E,Image 43
Normal (47).E2E_Image 44,Images/Images_Manual/Normal Part2/Normal (47).E2E/2- 26- 2017 10- 21- 43 AM/Image 44.png,Masks/Masks_Manual/Grading_1/Normal Part2/Normal (47).E2E/2- 26- 2017 10- 21- 43 AM/Image 44.png,Boundaries/Boundaries_Manual/Grading_1/Normal Part2/Normal (47).E2E/2- 26- 2017 10- 21- 43 AM/Image 44.csv,Normal Part2,Normal (47).E2E,Image 44
Normal (47).E2E_Image 45,Images/Images_Manual/Normal Part2/Normal (47).E2E/2- 26- 2017 10- 21- 43 AM/Image 45.png,Masks/Masks_Manual/Grading_1/Normal Part2/Normal (47).E2E/2- 26- 2017 10- 21- 43 AM/Image 45.png,Boundaries/Boundaries_Manual/Grading_1/Normal Part2/Normal (47).E2E/2- 26- 2017 10- 21- 43 AM/Image 45.csv,Normal Part2,Normal (47).E2E,Image 45
Normal (47).E2E_Image 46,Images/Images_Manual/Normal Part2/Normal (47).E2E/2- 26- 2017 10- 21- 43 AM/Image 46.png,Masks/Masks_Manual/Grading_1/Normal Part2/Normal (47).E2E/2- 26- 2017 10- 21- 43 AM/Image 46.png,Boundaries/Boundaries_Manual/Grading_1/Normal Part2/Normal (47).E2E/2- 26- 2017 10- 21- 43 AM/Image 46.csv,Normal Part2,Normal (47).E2E,Image 46
Normal (47).E2E_Image 47,Images/Images_Manual/Normal Part2/Normal (47).E2E/2- 26- 2017 10- 21- 43 AM/Image 47.png,Masks/Masks_Manual/Grading_1/Normal Part2/Normal (47).E2E/2- 26- 2017 10- 21- 43 AM/Image 47.png,Boundaries/Boundaries_Manual/Grading_1/Normal Part2/Normal (47).E2E/2- 26- 2017 10- 21- 43 AM/Image 47.csv,Normal Part2,Normal (47).E2E,Image 47
Normal (47).E2E_Image 48,Images/Images_Manual/Normal Part2/Normal (47).E2E/2- 26- 2017 10- 21- 43 AM/Image 48.png,Masks/Masks_Manual/Grading_1/Normal Part2/Normal (47).E2E/2- 26- 2017 10- 21- 43 AM/Image 48.png,Boundaries/Boundaries_Manual/Grading_1/Normal Part2/Normal (47).E2E/2- 26- 2017 10- 21- 43 AM/Image 48.csv,Normal Part2,Normal (47).E2E,Image 48
Normal (47).E2E_Image 49,Images/Images_Manual/Normal Part2/Normal (47).E2E/2- 26- 2017 10- 21- 43 AM/Image 49.png,Masks/Masks_Manual/Grading_1/Normal Part2/Normal (47).E2E/2- 26- 2017 10- 21- 43 AM/Image 49.png,Boundaries/Boundaries_Manual/Grading_1/Normal Part2/Normal (47).E2E/2- 26- 2017 10- 21- 43 AM/Image 49.csv,Normal Part2,Normal (47).E2E,Image 49
Normal (47).E2E_Image 5,Images/Images_Manual/Normal Part2/Normal (47).E2E/2- 26- 2017 10- 21- 43 AM/Image 5.png,Masks/Masks_Manual/Grading_1/Normal Part2/Normal (47).E2E/2- 26- 2017 10- 21- 43 AM/Image 5.png,Boundaries/Boundaries_Manual/Grading_1/Normal Part2/Normal (47).E2E/2- 26- 2017 10- 21- 43 AM/Image 5.csv,Normal Part2,Normal (47).E2E,Image 5
Normal (47).E2E_Image 50,Images/Images_Manual/Normal Part2/Normal (47).E2E/2- 26- 2017 10- 21- 43 AM/Image 50.png,Masks/Masks_Manual/Grading_1/Normal Part2/Normal (47).E2E/2- 26- 2017 10- 21- 43 AM/Image 50.png,Boundaries/Boundaries_Manual/Grading_1/Normal Part2/Normal (47).E2E/2- 26- 2017 10- 21- 43 AM/Image 50.csv,Normal Part2,Normal (47).E2E,Image 50
Normal (47).E2E_Image 51,Images/Images_Manual/Normal Part2/Normal (47).E2E/2- 26- 2017 10- 21- 43 AM/Image 51.png,Masks/Masks_Manual/Grading_1/Normal Part2/Normal (47).E2E/2- 26- 2017 10- 21- 43 AM/Image 51.png,Boundaries/Boundaries_Manual/Grading_1/Normal Part2/Normal (47).E2E/2- 26- 2017 10- 21- 43 AM/Image 51.csv,Normal Part2,Normal (47).E2E,Image 51
Normal (47).E2E_Image 52,Images/Images_Manual/Normal Part2/Normal (47).E2E/2- 26- 2017 10- 21- 43 AM/Image 52.png,Masks/Masks_Manual/Grading_1/Normal Part2/Normal (47).E2E/2- 26- 2017 10- 21- 43 AM/Image 52.png,Boundaries/Boundaries_Manual/Grading_1/Normal Part2/Normal (47).E2E/2- 26- 2017 10- 21- 43 AM/Image 52.csv,Normal Part2,Normal (47).E2E,Image 52
Normal (47).E2E_Image 53,Images/Images_Manual/Normal Part2/Normal (47).E2E/2- 26- 2017 10- 21- 43 AM/Image 53.png,Masks/Masks_Manual/Grading_1/Normal Part2/Normal (47).E2E/2- 26- 2017 10- 21- 43 AM/Image 53.png,Boundaries/Boundaries_Manual/Grading_1/Normal Part2/Normal (47).E2E/2- 26- 2017 10- 21- 43 AM/Image 53.csv,Normal Part2,Normal (47).E2E,Image 53
Normal (47).E2E_Image 54,Images/Images_Manual/Normal Part2/Normal (47).E2E/2- 26- 2017 10- 21- 43 AM/Image 54.png,Masks/Masks_Manual/Grading_1/Normal Part2/Normal (47).E2E/2- 26- 2017 10- 21- 43 AM/Image 54.png,Boundaries/Boundaries_Manual/Grading_1/Normal Part2/Normal (47).E2E/2- 26- 2017 10- 21- 43 AM/Image 54.csv,Normal Part2,Normal (47).E2E,Image 54
Normal (47).E2E_Image 55,Images/Images_Manual/Normal Part2/Normal (47).E2E/2- 26- 2017 10- 21- 43 AM/Image 55.png,Masks/Masks_Manual/Grading_1/Normal Part2/Normal (47).E2E/2- 26- 2017 10- 21- 43 AM/Image 55.png,Boundaries/Boundaries_Manual/Grading_1/Normal Part2/Normal (47).E2E/2- 26- 2017 10- 21- 43 AM/Image 55.csv,Normal Part2,Normal (47).E2E,Image 55
Normal (47).E2E_Image 56,Images/Images_Manual/Normal Part2/Normal (47).E2E/2- 26- 2017 10- 21- 43 AM/Image 56.png,Masks/Masks_Manual/Grading_1/Normal Part2/Normal (47).E2E/2- 26- 2017 10- 21- 43 AM/Image 56.png,Boundaries/Boundaries_Manual/Grading_1/Normal Part2/Normal (47).E2E/2- 26- 2017 10- 21- 43 AM/Image 56.csv,Normal Part2,Normal (47).E2E,Image 56
Normal (47).E2E_Image 57,Images/Images_Manual/Normal Part2/Normal (47).E2E/2- 26- 2017 10- 21- 43 AM/Image 57.png,Masks/Masks_Manual/Grading_1/Normal Part2/Normal (47).E2E/2- 26- 2017 10- 21- 43 AM/Image 57.png,Boundaries/Boundaries_Manual/Grading_1/Normal Part2/Normal (47).E2E/2- 26- 2017 10- 21- 43 AM/Image 57.csv,Normal Part2,Normal (47).E2E,Image 57
Normal (47).E2E_Image 58,Images/Images_Manual/Normal Part2/Normal (47).E2E/2- 26- 2017 10- 21- 43 AM/Image 58.png,Masks/Masks_Manual/Grading_1/Normal Part2/Normal (47).E2E/2- 26- 2017 10- 21- 43 AM/Image 58.png,Boundaries/Boundaries_Manual/Grading_1/Normal Part2/Normal (47).E2E/2- 26- 2017 10- 21- 43 AM/Image 58.csv,Normal Part2,Normal (47).E2E,Image 58
Normal (47).E2E_Image 59,Images/Images_Manual/Normal Part2/Normal (47).E2E/2- 26- 2017 10- 21- 43 AM/Image 59.png,Masks/Masks_Manual/Grading_1/Normal Part2/Normal (47).E2E/2- 26- 2017 10- 21- 43 AM/Image 59.png,Boundaries/Boundaries_Manual/Grading_1/Normal Part2/Normal (47).E2E/2- 26- 2017 10- 21- 43 AM/Image 59.csv,Normal Part2,Normal (47).E2E,Image 59
Normal (47).E2E_Image 6,Images/Images_Manual/Normal Part2/Normal (47).E2E/2- 26- 2017 10- 21- 43 AM/Image 6.png,Masks/Masks_Manual/Grading_1/Normal Part2/Normal (47).E2E/2- 26- 2017 10- 21- 43 AM/Image 6.png,Boundaries/Boundaries_Manual/Grading_1/Normal Part2/Normal (47).E2E/2- 26- 2017 10- 21- 43 AM/Image 6.csv,Normal Part2,Normal (47).E2E,Image 6
Normal (47).E2E_Image 60,Images/Images_Manual/Normal Part2/Normal (47).E2E/2- 26- 2017 10- 21- 43 AM/Image 60.png,Masks/Masks_Manual/Grading_1/Normal Part2/Normal (47).E2E/2- 26- 2017 10- 21- 43 AM/Image 60.png,Boundaries/Boundaries_Manual/Grading_1/Normal Part2/Normal (47).E2E/2- 26- 2017 10- 21- 43 AM/Image 60.csv,Normal Part2,Normal (47).E2E,Image 60
Normal (47).E2E_Image 61,Images/Images_Manual/Normal Part2/Normal (47).E2E/2- 26- 2017 10- 21- 43 AM/Image 61.png,Masks/Masks_Manual/Grading_1/Normal Part2/Normal (47).E2E/2- 26- 2017 10- 21- 43 AM/Image 61.png,Boundaries/Boundaries_Manual/Grading_1/Normal Part2/Normal (47).E2E/2- 26- 2017 10- 21- 43 AM/Image 61.csv,Normal Part2,Normal (47).E2E,Image 61
Normal (47).E2E_Image 7,Images/Images_Manual/Normal Part2/Normal (47).E2E/2- 26- 2017 10- 21- 43 AM/Image 7.png,Masks/Masks_Manual/Grading_1/Normal Part2/Normal (47).E2E/2- 26- 2017 10- 21- 43 AM/Image 7.png,Boundaries/Boundaries_Manual/Grading_1/Normal Part2/Normal (47).E2E/2- 26- 2017 10- 21- 43 AM/Image 7.csv,Normal Part2,Normal (47).E2E,Image 7
Normal (47).E2E_Image 8,Images/Images_Manual/Normal Part2/Normal (47).E2E/2- 26- 2017 10- 21- 43 AM/Image 8.png,Masks/Masks_Manual/Grading_1/Normal Part2/Normal (47).E2E/2- 26- 2017 10- 21- 43 AM/Image 8.png,Boundaries/Boundaries_Manual/Grading_1/Normal Part2/Normal (47).E2E/2- 26- 2017 10- 21- 43 AM/Image 8.csv,Normal Part2,Normal (47).E2E,Image 8
Normal (47).E2E_Image 9,Images/Images_Manual/Normal Part2/Normal (47).E2E/2- 26- 2017 10- 21- 43 AM/Image 9.png,Masks/Masks_Manual/Grading_1/Normal Part2/Normal (47).E2E/2- 26- 2017 10- 21- 43 AM/Image 9.png,Boundaries/Boundaries_Manual/Grading_1/Normal Part2/Normal (47).E2E/2- 26- 2017 10- 21- 43 AM/Image 9.csv,Normal Part2,Normal (47).E2E,Image 9
